import os
import sys

# Read the current file and the kernels file code ASAP, for logging
with open(sys.argv[0], 'r') as f:
    code = f.read()
with open(os.path.join(os.path.dirname(sys.argv[0]), 'triton_kernels.py'), 'r') as f:
    code += f"\n\n{'-'*40}\n# triton_kernels.py\n{'-'*40}\n\n"
    code += f.read()

import copy
import glob
import math
import threading
import time
import uuid
from dataclasses import dataclass
from itertools import accumulate, pairwise
from pathlib import Path
import gc

os.environ["PYTORCH_ALLOC_CONF"] = "expandable_segments:True"
import torch
torch.autograd.set_detect_anomaly(True)
import triton

torch.empty(
    1, device=f"cuda:{os.environ['LOCAL_RANK']}", requires_grad=True
).backward()  # prevents a bug on some systems
import torch._dynamo as dynamo
import torch.distributed as dist
import torch.nn.functional as F

# torch._inductor.config.coordinate_descent_tuning = True # we have banned this flag for new records because it causes compilation to take 30min
from kernels import get_kernel
from torch import Tensor, nn

from triton_kernels import XXT, ba_plus_cAA, FusedLinearReLUSquareFunction, FusedSoftcappedCrossEntropy

dynamo.config.recompile_limit = 64

# -----------------------------------------------------------------------------
# Distributed training setup
rank = int(os.environ["RANK"])
world_size = int(os.environ["WORLD_SIZE"])
assert 8 % world_size == 0, "world_size must be a divisor of 8"
grad_accum_steps = 8 // world_size
grad_scale = 2 / grad_accum_steps # consistent grad magnitudes between different num_devices
assert torch.cuda.is_available()
device = torch.device("cuda", int(os.environ["LOCAL_RANK"]))
torch.cuda.set_device(device)
dist.init_process_group(backend="nccl", device_id=device)
dist.barrier()
master_process = (rank == 0) # this process will do logging, checkpointing etc.

# -----------------------------------------------------------------------------
# Custom operators: FP8 matmul by @YouJiacheng
# Transposed layout by @ChrisJMcCormick allows for faster gradient accumulation.

@torch.library.custom_op("nanogpt::mm_t", mutates_args=())
def mm_t_op(x: Tensor, w: Tensor, x_s: float, w_s: float, grad_s: float) -> tuple[Tensor, Tensor, Tensor]:
    """Computes y = x @ w with F8 weights stored as (in_features, out_features)."""
    @torch.compile
    def impl(x: Tensor, w: Tensor):
        assert x.is_contiguous() and w.is_contiguous()
        assert x.shape[1] == w.shape[0]  # x: (batch, in), w: (in, out)

        x_f8 = x.div(x_s).to(torch.float8_e4m3fn)
        w_f8 = w.div(w_s).to(torch.float8_e4m3fn)

        # _scaled_mm requires column-major B. w_f8 is row-major (in, out).
        # .T.contiguous().T creates a column-major view without changing logical shape.
        w_f8_col_major = w_f8.T.contiguous().T

        out = torch._scaled_mm(
            x_f8,
            w_f8_col_major,
            out_dtype=torch.bfloat16,
            scale_a=x.new_tensor(x_s, dtype=torch.float32),
            scale_b=x.new_tensor(w_s, dtype=torch.float32),
            use_fast_accum=True,
        )
        return out, x_f8, w_f8

    return impl(x, w)

@mm_t_op.register_fake
def _(x: Tensor, w: Tensor, *_):
    assert x.ndim == w.ndim == 2
    assert x.shape[1] == w.shape[0]
    assert x.device == w.device
    assert x.is_contiguous() and w.is_contiguous()
    return x @ w, x.to(torch.float8_e4m3fn), w.to(torch.float8_e4m3fn)

@torch.library.custom_op("nanogpt::mm_t_backward", mutates_args=())
def mm_t_backward_op(g: Tensor, x_f8: Tensor, w_f8: Tensor, x_s: float, w_s: float, grad_s: float) -> tuple[Tensor, Tensor]:
    @torch.compile
    def impl(grad: Tensor, x_f8: Tensor, w_f8: Tensor):
        assert grad.is_contiguous()

        x_scale = grad.new_tensor(x_s, dtype=torch.float32)
        w_scale = grad.new_tensor(w_s, dtype=torch.float32)
        grad_scale = grad.new_tensor(grad_s, dtype=torch.float32)
        grad_f8 = grad.div(grad_s).to(torch.float8_e5m2)

        # grad_x = grad @ w.T
        grad_x = torch._scaled_mm(
            grad_f8,
            w_f8.T,
            out_dtype=torch.bfloat16,
            scale_a=grad_scale,
            scale_b=w_scale,
            use_fast_accum=False,
        )

        # grad_w = x.T @ grad
        # Result is (in, out), naturally matching weight storage. No final .T needed.
        grad_w = torch._scaled_mm(
            x_f8.T.contiguous(),
            grad_f8.T.contiguous().T,
            out_dtype=torch.float32,
            scale_a=x_scale,
            scale_b=grad_scale,
            use_fast_accum=False,
        )

        return grad_x, grad_w

    grad_x, grad_w = impl(g, x_f8, w_f8)

    return grad_x, grad_w

@mm_t_backward_op.register_fake
def _(g: Tensor, x_f8: Tensor, w_f8: Tensor, *_):
    return x_f8.to(torch.bfloat16), w_f8.to(torch.float32)

def backward_t(ctx, grad_out: Tensor, *_):
    x_f8, w_f8 = ctx.saved_tensors
    x_s, w_s, grad_s = ctx.scales
    grad_x, grad_w = torch.ops.nanogpt.mm_t_backward(
        grad_out, x_f8, w_f8, x_s, w_s, grad_s
    )
    return grad_x, grad_w, None, None, None

def setup_context_t(ctx: torch.autograd.function.FunctionCtx, inputs, output):
    *_, x_s, w_s, grad_s = inputs
    _, x_f8, w_f8 = output
    ctx.save_for_backward(x_f8, w_f8)
    ctx.scales = x_s, w_s, grad_s
    ctx.set_materialize_grads(False)

mm_t_op.register_autograd(backward_t, setup_context=setup_context_t)

# -----------------------------------------------------------------------------
# Polar Express

# Computed for num_iters=5, safety_factor=2e-2, cushion=2
polar_express_coeffs = [
    (8.156554524902461, -22.48329292557795, 15.878769915207462),
    (4.042929935166739, -2.808917465908714, 0.5000178451051316),
    (3.8916678022926607, -2.772484153217685, 0.5060648178503393),
    (3.285753657755655, -2.3681294933425376, 0.46449024233003106),
    (2.3465413258596377, -1.7097828382687081, 0.42323551169305323)
]

@torch.compile(dynamic=False, fullgraph=True) # Must use dynamic=False or else it's much slower
def polar_express(G: torch.Tensor, split_baddbmm: bool = False):
    """
    Polar Express Sign Method: https://arxiv.org/pdf/2505.16932
    by Noah Amsel, David Persson, Christopher Musco, Robert M. Gower.
    """
    X = G.bfloat16()
    if G.size(-2) > G.size(-1):
        X = X.mT

    # Ensure spectral norm is at most 1
    X = X / (X.norm(dim=(-2, -1), keepdim=True) * (1 + 2e-2) + 1e-6)

    # Allocate buffers
    X = X.contiguous()
    A = torch.empty((*X.shape[:-1], X.size(-2)), device=X.device, dtype=X.dtype)
    B = torch.empty_like(A)
    C = torch.empty_like(X)

    # Select batched vs unbatched
    if split_baddbmm:
        BX_matmul = torch.bmm if X.ndim > 2 else torch.mm
    else:
        aX_plus_BX = torch.baddbmm if X.ndim > 2 else torch.addmm

    # Perform the iterations
    for a, b, c in polar_express_coeffs:
        XXT(X, out=A)  # A = X @ X.mT
        ba_plus_cAA(A, alpha=c, beta=b, out=B)  # B = b * A + c * A @ A

        # Referencing X twice causes pytorch to make a defensive copy,
        # resulting in a cudaMemcpyAsync in baddbmm.
        # For large matrices (i.e., the mlp weights), it's faster to split
        # the operation into two kernels to avoid this.
        if split_baddbmm:
            BX_matmul(B, X, out=C)  # C = B @ X
            C.add_(X, alpha=a)      # C = C + a*X  (in-place, X only read)
        else:
            aX_plus_BX(X, B, X, beta=a, out=C)  # C = a * X + B @ X

        X, C = C, X  # Swap references to avoid unnecessary copies

    if G.size(-2) > G.size(-1):
        X = X.mT
    return X


# -----------------------------------------------------------------------------
# Combined NorMuon + Adam Optimizer

@dataclass
class ParamConfig:
    """Per-parameter configuration for NorMuonAndAdam optimizer."""
    label: str
    optim: str  # "adam" or "normuon"
    comms: str  # "none", "replicated", or "sharded"
    adam_betas: tuple[float, float] | None
    lr_mul: float
    wd_mul: float
    lr: float
    initial_lr: float
    weight_decay: float
    # Adam-specific
    eps: float | None = None
    # NorMuon-specific
    reshape: tuple | None = None
    chunk_size: int | None = None
    momentum: float | None = None
    beta2: float | None = None
    per_matrix_lr_mul: list[float] | None = None


class NorMuonAndAdam:
    """
    Combined optimizer that handles both NorMuon (for projection matrices) and
    Adam (for embeddings/scalars/gate weights).

    Muon - MomentUm Orthogonalized by Newton-schulz

    https://kellerjordan.github.io/posts/muon/

    Muon internally runs standard SGD-momentum, and then performs an orthogonalization post-
    processing step, in which each 2D parameter's update is replaced with the nearest orthogonal
    matrix. To efficiently orthogonalize each update, Muon uses a Newton-Schulz iteration (replaced
    here with Polar Express), which has the advantage that it can be stably run in bfloat16 on the GPU.

    Muon is applied only to the projection matrices in the attention and MLP layers, and is not recommended
    for embeddings, scalars, or individual weight vectors (e.g., bias terms or gate weights).

    Differences from standard Muon:
    - Newton-Shulz is replaced with Polar Express for the orthogonalization step
    - NorMuon adds a low-rank variance estimator similar to Adafactor. https://arxiv.org/pdf/2510.05491
    - Cautious weight decay, a gated version of decoupled weight decay
    - Mantissa tracking for precision

    Adam (for embeddings/scalars/gates):
    - Standard Adam with bias correction
    - Cautious weight decay

    Configuration:
    Unlike torch.optim.Optimizer, this class uses per-parameter configs from a `param_table` dict
    and does not include parameter "groups". All parameters require a .label attribute, and a
    corresponding entry in the param_table to specify their hyperparameters (lr_mul, wd_mul, adam_betas, etc.).

    Communication and ordering:
    Gradient communication is explicitly scheduled rather than hook-driven.
    Reductions are launched in `scatter_order`, while update math and final
    gathers are executed in `work_order`. These orders are independent and
    must each contain every parameter label exactly once.

    Two communication modes are supported per parameter:
    - 'replicated': Gradients are all-reduced and each rank computes the full update.
    - 'sharded': Gradients are reduce-scattered, each rank updates its shard,
      and results are all-gathered.

    Adam parameters may be freely sharded. NorMuon operates on full matrices; sharding is
    supported by grouping matrices into parameter banks. NorMuon parameters must have a
    `.reshape` attribute that reshapes the bank so that the leading dimension is divisible
    by world_size.

    # Contributors include @YouJiacheng, @KonstantinWilleke, @alexrgilbert, @adricarda,
    # @tuttyfrutyee, @vdlad, @ryanyang0, @vagrawal, @varunneal, @chrisjmccormick
    """
    def __init__(self, named_params, param_table: dict, scatter_order: list, work_order: list,
                 adam_defaults: dict, normuon_defaults: dict):
        self.world_size = dist.get_world_size() if dist.is_initialized() else 1

        # Store defaults for each optimizer type
        self.adam_defaults = adam_defaults
        self.normuon_defaults = normuon_defaults
        self.param_table = param_table
        self.scatter_order = scatter_order
        self.work_order = work_order

        # Collect params by label and build config
        self.param_cfgs: dict[nn.Parameter, ParamConfig] = {}
        self.param_states: dict[nn.Parameter, dict] = {}
        self._param_by_label: dict[str, nn.Parameter] = {}
        for name, param in named_params:
            label = getattr(param, "label", None)
            assert label is not None and label in param_table  # all params must have valid label
            assert label not in self._param_by_label  # exactly one param per label
            self._param_by_label[label] = param
            self._build_param_cfg(param, label)

        # Assert scatter_order and work_order match present labels exactly
        present = set(self._param_by_label.keys())
        assert set(scatter_order) == present and set(work_order) == present

        # Handle world_size=1: overwrite comms to "none"
        if self.world_size == 1:
            for p_cfg in self.param_cfgs.values():
                p_cfg.comms = "none"

        # Initialize state for all params
        self._init_state()

        # 0-D CPU tensors to avoid recompilation
        self._step_size_t = torch.tensor(0.0, dtype=torch.float32, device="cpu")
        self._eff_wd_t = torch.tensor(0.0, dtype=torch.float32, device="cpu")
        self._eff_lr_t = torch.tensor(0.0, dtype=torch.float32, device="cpu")

        # Track async operations
        self._reduce_futures: dict[nn.Parameter, tuple] = {}

        # Embed/lm_head tying state
        self.split_embed = False
        self._lm_head_param = self._param_by_label.get("lm_head")
        self._embed_param = self._param_by_label.get("embed")

    def _build_param_cfg(self, param: nn.Parameter, label: str):
        """Build config for a single parameter from param_table."""
        table_entry = self.param_table[label]
        optim = table_entry["optim"]
        comms = table_entry["comms"]
        adam_betas = table_entry.get("adam_betas")
        lr_mul = table_entry.get("lr_mul", 1.0)
        wd_mul = table_entry.get("wd_mul", 1.0)

        if optim == "adam":
            chunk_size = param.shape[0] // self.world_size if comms == "sharded" else None
            p_cfg = ParamConfig(
                label=label,
                optim=optim,
                comms=comms,
                adam_betas=tuple(adam_betas) if adam_betas else None,
                lr_mul=lr_mul,
                wd_mul=wd_mul,
                lr=self.adam_defaults["lr"],
                initial_lr=self.adam_defaults["lr"],
                weight_decay=self.adam_defaults["weight_decay"],
                eps=self.adam_defaults["eps"],
                chunk_size=chunk_size,
            )
        elif optim == "normuon":
            reshape = getattr(param, "reshape", None)
            if reshape is None:
                raise ValueError(f"NorMuon param {label} must have .reshape attribute")
            if reshape[0] % self.world_size != 0:
                raise ValueError(f"reshape[0]={reshape[0]} must be divisible by world_size")

            chunk_size = reshape[0] // self.world_size
            chunk_shape = (chunk_size, *reshape[1:])
            # Shape-based LR multiplier for NorMuon
            shape_mult = max(1.0, chunk_shape[-2] / chunk_shape[-1]) ** 0.5 if len(chunk_shape) >= 2 else 1.0
            lr_mul = shape_mult * lr_mul

            # Per-matrix LR multipliers for MLP c_proj (2x LR on odd indices)
            per_matrix_lr_mul = None
            if label == "mlp":
                rank = dist.get_rank() if dist.is_initialized() else 0
                start_idx = rank * chunk_size
                per_matrix_lr_mul = []
                for i in range(chunk_size):
                    global_idx = start_idx + i
                    is_c_proj = (global_idx % 2 == 1)
                    per_matrix_lr_mul.append(2.0 if is_c_proj else 1.0)

            p_cfg = ParamConfig(
                label=label,
                optim=optim,
                comms=comms,
                adam_betas=tuple(adam_betas) if adam_betas else None,
                lr_mul=lr_mul,
                wd_mul=wd_mul,
                lr=self.normuon_defaults["lr"],
                initial_lr=self.normuon_defaults["lr"],
                weight_decay=self.normuon_defaults["weight_decay"],
                reshape=reshape,
                chunk_size=chunk_size,
                momentum=self.normuon_defaults["momentum"],
                beta2=self.normuon_defaults["beta2"],
                per_matrix_lr_mul=per_matrix_lr_mul,
            )
        else:
            raise ValueError(f"Unknown optim type: {optim}")

        self.param_cfgs[param] = p_cfg

    def _init_state(self):
        """Initialize optimizer state for all parameters."""
        for param, p_cfg in self.param_cfgs.items():
            if p_cfg.optim == "adam":
                # Sharded params use chunk state, replicated use full state
                if p_cfg.comms == "sharded":
                    chunk = param[:p_cfg.chunk_size]
                else:
                    chunk = param
                exp_avg = torch.zeros_like(chunk, dtype=torch.float32, device=param.device)
                self.param_states[param] = dict(step=0, exp_avg=exp_avg, exp_avg_sq=torch.zeros_like(exp_avg))

            elif p_cfg.optim == "normuon":
                chunk_shape = (p_cfg.chunk_size, *p_cfg.reshape[1:])

                # Momentum buffer (FP32 for precision)
                momentum_buffer = torch.zeros(
                    chunk_shape, dtype=torch.float32, device=param.device
                )

                # Second momentum buffer - reduced along one dimension
                if chunk_shape[-2] >= chunk_shape[-1]:
                    second_mom_shape = (*chunk_shape[:-1], 1)
                else:
                    second_mom_shape = (*chunk_shape[:-2], 1, chunk_shape[-1])
                second_momentum_buffer = torch.zeros(
                    second_mom_shape, dtype=torch.float32, device=param.device
                )

                # Mantissa buffer for precision tracking
                mantissa = torch.zeros(
                    chunk_shape, dtype=torch.uint16, device=param.device
                )

                self.param_states[param] = dict(
                    momentum_buffer=momentum_buffer,
                    second_momentum_buffer=second_momentum_buffer,
                    mantissa=mantissa,
                )

    # -----------------------------------
    # Reduce/Gather operations

    def _launch_reduce(self, param: nn.Parameter, grad: Tensor):
        """Launch async reduce for a parameter based on its comms policy."""
        p_cfg = self.param_cfgs[param]

        if p_cfg.comms == "none":
            if p_cfg.optim == "normuon":
                # NorMuon needs reshaped gradient even without communication
                grad = grad.view(p_cfg.reshape)
            self._reduce_futures[param] = (None, grad)
        elif p_cfg.comms == "replicated":
            future = dist.all_reduce(grad, op=dist.ReduceOp.AVG, async_op=True).get_future()
            self._reduce_futures[param] = (future, grad)
        elif p_cfg.comms == "sharded":
            if p_cfg.optim == "normuon":
                # NorMuon: reshape before reduce_scatter
                grad_reshaped = grad.view(p_cfg.reshape)
                grad_chunk = torch.empty(
                    (p_cfg.chunk_size, *grad_reshaped.shape[1:]),
                    dtype=grad.dtype,
                    device=grad.device
                )
                future = dist.reduce_scatter_tensor(
                    grad_chunk, grad_reshaped.contiguous(), op=dist.ReduceOp.AVG, async_op=True
                ).get_future()
                self._reduce_futures[param] = (future, grad_chunk)
            else:
                # Adam: simple reduce_scatter
                grad_chunk = torch.empty_like(grad[:p_cfg.chunk_size])
                future = dist.reduce_scatter_tensor(
                    grad_chunk, grad, op=dist.ReduceOp.AVG, async_op=True
                ).get_future()
                self._reduce_futures[param] = (future, grad_chunk)

    def _launch_gather(self, param: nn.Parameter, p_slice: Tensor) -> "torch.futures.Future":
        """Launch async all_gather for a sharded parameter."""
        p_cfg = self.param_cfgs[param]
        if p_cfg.optim == "normuon":
            full_param = param.data.view(p_cfg.reshape)
            assert full_param.is_contiguous()
            return dist.all_gather_into_tensor(
                full_param, p_slice.contiguous(), async_op=True
            ).get_future()
        else:
            return dist.all_gather_into_tensor(
                param, p_slice.contiguous(), async_op=True
            ).get_future()

    # -----------------------------------
    # State management

    def reset(self):
        """Reset NorMuon momentum buffers and split_embed state (called on training reset)."""
        self.split_embed = False
        for param, p_cfg in self.param_cfgs.items():
            if p_cfg.optim == "normuon":
                p_state = self.param_states[param]
                p_state["momentum_buffer"].zero_()
                p_state["mantissa"].zero_()
                p_state["second_momentum_buffer"].zero_()

    def copy_lm_state_to_embed(self):
        """
        Copy the optimizer state from the lm_head to the embed at the untie point.
        This requires an all-gather + reshard because of different sharding:
        - lm_head (768, 50304) is sharded to (96, 50304) per rank (along model_dim)
        - embed (50304, 768) is sharded to (6288, 768) per rank (along vocab_size)

        We all-gather the lm_head momentum, transpose it, then each rank takes their
        embed shard to get the correct momentum state.
        """
        lm_head = self._lm_head_param
        embed = self._embed_param
        lm_state = self.param_states[lm_head]
        embed_state = self.param_states[embed]
        lm_cfg = self.param_cfgs[lm_head]
        embed_cfg = self.param_cfgs[embed]

        embed_state['step'] = lm_state['step'] # Preserve step count for bias correction

        # Copy optimizer state with all-gather + transpose + reshard
        if self.world_size > 1:
            rank = dist.get_rank()
            lm_chunk_size = lm_cfg.chunk_size  # 96
            embed_chunk_size = embed_cfg.chunk_size  # 6288

            # All-gather lm_head momentum to get full (768, 50304) tensor
            for key in ["exp_avg", "exp_avg_sq"]:
                lm_chunk = lm_state[key]  # (96, 50304)
                full_lm = torch.empty(lm_head.shape[0], lm_head.shape[1], dtype=lm_chunk.dtype, device=lm_chunk.device)
                dist.all_gather_into_tensor(full_lm, lm_chunk.contiguous())
                embed_state[key].copy_(full_lm.T[rank * embed_chunk_size:(rank + 1) * embed_chunk_size])
        else:
            # Single GPU: simple transpose
            for key in ["exp_avg", "exp_avg_sq"]:
                embed_state[key].copy_(lm_state[key].T)

        # Mark as split
        self.split_embed = True

    def state_dict(self):
        """Return the optimizer state as a dict."""
        return {
            "param_states": {id(p): s for p, s in self.param_states.items()},
            "param_cfgs": {id(p): s for p, s in self.param_cfgs.items()},
        }

    def load_state_dict(self, state_dict):
        """Load optimizer state from a dict."""
        # Build id->param mapping
        id_to_param = {id(p): p for p in self.param_cfgs.keys()}

        # Load state, preserving dtypes
        for param_id, saved_p_state in state_dict["param_states"].items():
            if param_id in id_to_param:
                param = id_to_param[param_id]
                p_state = self.param_states[param]
                for k, v in saved_p_state.items():
                    if isinstance(v, torch.Tensor) and k in p_state:
                        target_dtype = p_state[k].dtype
                        p_state[k] = v.to(dtype=target_dtype, device=p_state[k].device)
                    else:
                        p_state[k] = v

    # -----------------------------------
    # Unified optimizer step with explicit ordering

    @torch.no_grad()
    def step(self, do_adam: bool = True):
        """
        Combined optimizer step with explicit ordering.

        Args:
            do_adam: If True, update Adam params. NorMuon params always updated.

        Flow:
        1. Scatter phase: Launch reduces in scatter_order
        2. Work phase: Process updates in work_order
           - Wait for reduce, compute update, launch gather
        3. Finalize phase: Wait for gathers

        While the embeddings are tied:
        - Comms and update math are only done on lm_head.
        - We add embed.grad.T into lm_head.grad before comms.
        - After lm_head gather, we copy lm_head.data.T --> embed.data
        """
        rank = dist.get_rank() if dist.is_initialized() else 0
        lm_param, embed_param = self._lm_head_param, self._embed_param

        # ===== Phase 1: Launch reduces in scatter_order =====
        for label in self.scatter_order:
            param = self._param_by_label[label]
            p_cfg = self.param_cfgs[param]

            if p_cfg.optim == "adam" and not do_adam:
                continue
            if param.grad is None:
                continue

            # lm_head when tied: aggregate embed.grad.T (transposed shapes)
            if label == "lm_head" and do_adam and not self.split_embed:
                if embed_param is not None and embed_param.grad is not None:
                    param.grad.add_(embed_param.grad.T)

            # Skip embed when tied (copied from lm_head after gather)
            if label == "embed" and not self.split_embed:
                continue

            self._launch_reduce(param, param.grad)

        # ===== Phase 2: Process updates in work_order =====
        gather_futures = []
        lm_head_gather_future = None

        for label in self.work_order:
            param = self._param_by_label[label]
            if param not in self._reduce_futures:
                continue

            p_cfg = self.param_cfgs[param]
            if p_cfg.optim == "adam" and not do_adam:
                continue
            # Wait for reduce
            future, grad_chunk = self._reduce_futures[param]
            if future is not None:
                future.wait()
            # Apply update based on optim type
            if p_cfg.optim == "adam":
                p_slice = self._adam_update(param, grad_chunk, p_cfg, rank)
            else:
                p_slice = self._normuon_update(param, grad_chunk, p_cfg, rank)
            # Launch gather for sharded params
            if p_cfg.comms == "sharded" and self.world_size > 1:
                gather_fut = self._launch_gather(param, p_slice)
                if label == "lm_head":
                    lm_head_gather_future = gather_fut
                else:
                    gather_futures.append(gather_fut)

        # ===== Phase 3: Wait for gathers, sync embed if tied =====
        # Wait for lm_head gather first so we can copy to embed while other gathers complete
        if lm_head_gather_future is not None:
            lm_head_gather_future.wait()

        # When tied: copy lm_head.T to embed
        if do_adam and not self.split_embed and embed_param is not None and lm_param is not None:
            embed_param.data.copy_(lm_param.data.T)

        # Wait for remaining gathers
        for fut in gather_futures:
            fut.wait()

        self._reduce_futures.clear()

        # Clear grads for updated params
        for param, p_cfg in self.param_cfgs.items():
            if p_cfg.optim == "adam" and not do_adam:
                continue  # Don't clear Adam grads on even steps
            param.grad = None

    # -----------------------------------
    # Adam update

    def _adam_update(self, param: nn.Parameter, grad_chunk: Tensor, p_cfg: ParamConfig, rank: int) -> Tensor:
        """Apply Adam update to a parameter. Returns the updated p_slice."""
        beta1, beta2 = p_cfg.adam_betas
        lr = p_cfg.lr * p_cfg.lr_mul

        # Get parameter slice
        if p_cfg.comms == "sharded":
            p_slice = param[rank * p_cfg.chunk_size:(rank + 1) * p_cfg.chunk_size]
        else:
            p_slice = param

        p_state = self.param_states[param]
        p_state["step"] += 1
        t = p_state["step"]

        bias1, bias2 = 1 - beta1 ** t, 1 - beta2 ** t
        self._step_size_t.fill_(lr * (bias2 ** 0.5 / bias1))
        self._eff_wd_t.fill_(lr * lr * p_cfg.weight_decay * p_cfg.wd_mul)

        NorMuonAndAdam._adam_update_step(
            p_slice, grad_chunk, p_state["exp_avg"], p_state["exp_avg_sq"],
            beta1, beta2, p_cfg.eps, self._step_size_t, self._eff_wd_t
        )

        return p_slice

    @staticmethod
    @torch.compile(dynamic=False, fullgraph=True)
    def _adam_update_step(p_slice, g_slice, exp_avg, exp_avg_sq, beta1, beta2, eps, step_size_t, eff_wd_t):
        """Compiled Adam update step."""
        exp_avg.mul_(beta1).add_(g_slice, alpha=1 - beta1)
        exp_avg_sq.mul_(beta2).addcmul_(g_slice, g_slice, value=1 - beta2)
        update = exp_avg.div(exp_avg_sq.sqrt().add_(eps)).mul_(step_size_t)
        # Cautious weight decay
        mask = (update * p_slice) > 0
        update.addcmul_(p_slice, mask, value=eff_wd_t)
        p_slice.add_(other=update, alpha=-1.0)

    # -----------------------------------
    # NorMuon update

    def _normuon_update(self, param: nn.Parameter, grad_chunk: Tensor, p_cfg: ParamConfig, rank: int) -> Tensor:
        """Apply NorMuon update to a parameter. Returns the updated p_slice."""
        chunk_shape = grad_chunk.shape

        p_state = self.param_states[param]
        grad_chunk = grad_chunk.float()  # FP32 for momentum

        # Momentum update
        momentum_buffer = p_state["momentum_buffer"]
        momentum_buffer.lerp_(grad_chunk, 1 - p_cfg.momentum)
        updated_grads = grad_chunk.lerp_(momentum_buffer, p_cfg.momentum)

        self._eff_lr_t.fill_(p_cfg.lr_mul * p_cfg.lr)
        self._eff_wd_t.fill_(p_cfg.wd_mul * p_cfg.weight_decay * p_cfg.lr)

        # Polar Express orthogonalization
        is_large_matrix = chunk_shape[-2] > 1024
        v_chunk = polar_express(updated_grads, split_baddbmm=is_large_matrix)

        # Variance reduction
        red_dim = -1 if chunk_shape[-2] >= chunk_shape[-1] else -2
        v_chunk = NorMuonAndAdam._apply_normuon_variance_reduction(
            v_chunk, p_state["second_momentum_buffer"], p_cfg.beta2, red_dim
        )

        # Update parameter, in place, with cautious weight decay
        param_view = param.data.view(p_cfg.reshape)
        p_slice = param_view[rank * p_cfg.chunk_size:(rank + 1) * p_cfg.chunk_size]

        # MLP has per-matrix LR multipliers (c_proj gets 2x LR)
        if p_cfg.per_matrix_lr_mul is not None:
            for mat_idx in range(p_cfg.chunk_size):
                self._eff_lr_t.fill_(p_cfg.lr_mul * p_cfg.per_matrix_lr_mul[mat_idx] * p_cfg.lr)
                self._eff_wd_t.fill_(p_cfg.wd_mul * p_cfg.weight_decay * p_cfg.lr)
                NorMuonAndAdam._cautious_wd_and_update_inplace(
                    p_slice[mat_idx].view(torch.uint16), p_state["mantissa"][mat_idx], v_chunk[mat_idx],
                    self._eff_wd_t, self._eff_lr_t
                )
        else:
            NorMuonAndAdam._cautious_wd_and_update_inplace(
                p_slice.view(torch.uint16), p_state["mantissa"], v_chunk,
                self._eff_wd_t, self._eff_lr_t
            )

        return p_slice

    @staticmethod
    @torch.compile(dynamic=False, fullgraph=True)
    def _cautious_wd_and_update_inplace(p, mantissa, grad, wd_tensor, lr_tensor):
        """
        Cautious weight decay + parameter update. wd_tensor and lr_tensor are 0-D CPU tensors.
        Mantissa is tracked to enable higher precision updates on bfloat16 parameters.
        bfloat16 format: 1 sign bit + 8 exponent bits + 7 mantissa bits = 16 bits total
        float32 format: 1 sign bit + 8 exponent bits + 23 mantissa bits = 32 bits total
        """
        assert p.dtype == mantissa.dtype == torch.uint16
        grad = grad.float()
        wd_factor = wd_tensor.to(torch.float32)
        lr_factor = lr_tensor.to(torch.float32)
        p_precise_raw = (p.to(torch.uint32) << 16) | mantissa.to(torch.uint32)
        p_precise = p_precise_raw.view(torch.float32)
        mask = (grad * p_precise) >= 0
        p_precise.copy_(p_precise - (p_precise * mask * wd_factor * lr_factor) - (grad * lr_factor))
        p.copy_((p_precise_raw >> 16).to(torch.uint16))
        mantissa.copy_(p_precise_raw.to(torch.uint16))

    @staticmethod
    @torch.compile(dynamic=False, fullgraph=True)
    def _apply_normuon_variance_reduction(v_chunk, second_momentum_buffer, beta2, red_dim):
        """NorMuon variance reduction. Algebraically fuses the normalization steps to minimize memory ops."""
        v_mean = v_chunk.float().square().mean(dim=red_dim, keepdim=True)
        red_dim_size = v_chunk.size(red_dim)
        v_norm_sq = v_mean.sum(dim=(-2, -1), keepdim=True).mul_(red_dim_size)
        v_norm = v_norm_sq.sqrt_()
        second_momentum_buffer.lerp_(v_mean.to(dtype=second_momentum_buffer.dtype), 1 - beta2)
        step_size = second_momentum_buffer.clamp_min(1e-10).rsqrt_()
        scaled_sq_sum = (v_mean * red_dim_size) * step_size.float().square()
        v_norm_new = scaled_sq_sum.sum(dim=(-2, -1), keepdim=True).sqrt_()
        final_scale = step_size * (v_norm / v_norm_new.clamp_min_(1e-10))
        return v_chunk.mul_(final_scale.type_as(v_chunk))

# -----------------------------------------------------------------------------
# PyTorch nn.Module definitions for the model

def norm(x: Tensor):
    return F.rms_norm(x, (x.size(-1),))


class CastedLinearT(nn.Module):
    """
    Linear layer with transposed weight storage (in_features, out_features) which
    addresses the slow kernel that was used for gradient accumulation. @chrisjmccormick
    """
    def __init__(self, in_features: int, out_features: int, use_fp8=False, x_s=1.0, w_s=1.0, grad_s=1.0):
        super().__init__()
        self.in_features = in_features
        self.out_features = out_features
        self.use_fp8 = use_fp8
        self.x_s = x_s
        self.w_s = w_s
        self.grad_s = grad_s

        self.weight = nn.Parameter(torch.empty(in_features, out_features, dtype=torch.bfloat16))
        self.reset_parameters()

    def reset_parameters(self) -> None:
        with torch.no_grad():
            nn.init.zeros_(self.weight) # @Grad62304977 and others

    def forward(self, x: Tensor):
        if self.use_fp8 and self.training:
            _x = x.flatten(0, -2)
            out = torch.ops.nanogpt.mm_t(_x, self.weight, x_s=self.x_s, w_s=self.w_s, grad_s=self.grad_s)[0]
            return out.reshape(*x.shape[:-1], -1)
        else:
            return x @ self.weight.type_as(x)

# -----------------------------------------------------------------------------
# PyTorch nn.Module definitions for the model

class Yarn(nn.Module):
    def __init__(self, head_dim, max_seq_len, paired=False):
        super().__init__()
        self.head_dim = head_dim
        self.max_seq_len = max_seq_len
        self.paired = paired
        self.reset()

    def rotary(self, x_BTHD):
        assert self.factor1.size(0) >= x_BTHD.size(-3)
        factor1, factor2 = (
            self.factor1[None, : x_BTHD.size(-3), None, :],
            self.factor2[None, : x_BTHD.size(-3), None, :],
        )
        x_flip = x_BTHD.view(*x_BTHD.shape[:-1], x_BTHD.shape[-1] // 2, 2).flip(-1).view(x_BTHD.shape)
        return factor1 * x_BTHD + factor2 * x_flip

    def reset(self):
        angular_freq = (1 / 1024) ** torch.linspace(0, 1, steps=self.head_dim//4, dtype=torch.float32, device=device)
        angular_freq = angular_freq.repeat_interleave(2)
        # half-truncate RoPE by @YouJiacheng (w/ base freq tuning)
        angular_freq = torch.cat([angular_freq, angular_freq.new_zeros(self.head_dim//2)])
        t = torch.arange(2*self.max_seq_len, dtype=torch.float32, device=device)
        if not self.paired:
            theta = torch.outer(t, angular_freq)
            self.factor1 = nn.Buffer(
                theta.cos().to(torch.bfloat16), persistent=False
            )
            self.factor2 = nn.Buffer(
                theta.sin().to(torch.bfloat16), persistent=False
            )
        else:
            t_even = 2 * t
            t_odd = 2 * t + 1
            theta1 = torch.outer(t_even, angular_freq)
            theta2 = torch.outer(t_odd, angular_freq)
            self.factor1 = nn.Buffer(
                torch.cat((theta1.cos(), theta2.cos()), dim=-1).to(torch.bfloat16),
                persistent=False
            )
            self.factor2 = nn.Buffer(
                torch.cat((theta1.sin(), theta2.sin()), dim=-1).to(torch.bfloat16),
                persistent=False
            )
        self.factor2[..., 1::2] *= -1
        self.angular_freq = angular_freq
        # start with 0.1, inspired by 0.12 from @leloykun and learnable scalars used by @brendanh0gan https://x.com/hi_tysam/status/1879693583898591283
        self.attn_scale = 0.1

    def apply(self, old_window: int, new_window: int, alpha: int=1, beta: int=32):
        rotations = old_window * self.angular_freq / (2 * torch.pi)
        scaling_factor = old_window / new_window
        interpolation_weight = torch.clamp((rotations - alpha) / (beta - alpha), 0, 1)
        self.angular_freq *= scaling_factor + interpolation_weight * (1 - scaling_factor)
        t = torch.arange(2*self.max_seq_len, dtype=torch.float32, device=self.angular_freq.device)
        if not self.paired:
            theta = torch.outer(t, self.angular_freq)
            self.factor1.copy_(theta.cos())
            self.factor2.copy_(theta.sin())
        else:
            t_even = 2 * t
            t_odd = 2 * t + 1
            theta1 = torch.outer(t_even, self.angular_freq)
            theta2 = torch.outer(t_odd, self.angular_freq)
            self.factor1.copy_(torch.cat((theta1.cos(), theta2.cos()), dim=-1))
            self.factor2.copy_(torch.cat((theta1.sin(), theta2.sin()), dim=-1))
        self.factor2[..., 1::2] *= -1
        self.attn_scale *= 0.2 * math.log(new_window / old_window) + 1

@dataclass
class AttnArgs:
    ve: torch.Tensor
    sa_lambdas: torch.Tensor
    seqlens: torch.Tensor
    bm_size: int
    yarn: Yarn
    key_offset: bool
    attn_gate_w: torch.Tensor
    ve_gate_w: torch.Tensor

flash_attn_interface = get_kernel('varunneal/flash-attention-3').flash_attn_interface

class CausalSelfAttention(nn.Module):
    def __init__(self, dim: int, head_dim: int, num_heads: int, paired: bool = False):
        super().__init__()
        self.num_heads = num_heads
        self.head_dim = head_dim
        self.dim = dim
        self.hdim = num_heads * head_dim
        self.paired = paired
        assert self.hdim == self.dim, "num_heads * head_dim must equal model_dim"
        # Weights are stored in parameter banks and passed via forward()

    def forward(self, x: Tensor, attn_args: AttnArgs, qkvo_w: Tensor):
        B, T = x.size(0), x.size(1) # batch size, sequence length
        assert B == 1, "varlen sequences requires B == 1"
        assert T % 16 == 0
        # unpack attention args
        yarn = attn_args.yarn
        ve, sa_lambdas, key_offset = attn_args.ve, attn_args.sa_lambdas, attn_args.key_offset
        seqlens, bm_size = attn_args.seqlens, attn_args.bm_size
        # sparse gated attention to enable context based no-op by @classiclarryd
        # only include gates on layers with value embeds used on forward pass
        attn_gate_w, ve_gate_w = attn_args.attn_gate_w, attn_args.ve_gate_w

        q, k, v = F.linear(x, sa_lambdas[0] * qkvo_w[:self.dim * 3].type_as(x)).view(B, T, 3 * self.num_heads, self.head_dim).chunk(3, dim=-2)
        max_len = args.train_max_seq_len if self.training else (args.val_batch_size // (grad_accum_steps * world_size))

        q, k = norm(q), norm(k) # QK norm @Grad62304977

        if not self.paired:
            q, k = yarn.rotary(q), yarn.rotary(k)

            if key_offset:
                # shift keys forward for the stationary head dims. Enables 1-layer induction.
                k[:, 1:, :, self.head_dim // 2:] = k[:, :-1, :, self.head_dim // 2:]

            if ve is not None:
                ve_gate_out = 2 * torch.sigmoid(F.linear(x[..., :12], ve_gate_w)).view(B, T, self.num_heads, 1)
                v = v + ve_gate_out * ve.view_as(v) # @ KoszarskyB & @Grad62304977

        else:
            # Paired heads: adjacent heads' queries attend to each other's keys.
            # Two copies of the input stream are interleaved to achieve this, which:
            # - doubles the length of each sequence
            # - halves the effective window size
            q = q.view(B, T, self.num_heads // 2, self.head_dim * 2)
            k = k.view(B, T, self.num_heads // 2, self.head_dim * 2)
            v = v.reshape(B, T * 2, self.num_heads // 2, self.head_dim)

            q, k = yarn.rotary(q), yarn.rotary(k)

            q = q.view(B, T * 2, self.num_heads // 2, self.head_dim)
            k = k.view(B, T * 2, self.num_heads // 2, self.head_dim)

            if ve is not None:
                ve_gate_out = 2 * torch.sigmoid(F.linear(x[..., :12], ve_gate_w)).view(B, T * 2, self.num_heads // 2, 1)
                v = v + ve_gate_out * ve.view_as(v)

            seqlens = 2 * seqlens
            max_len = 2 * max_len

        # use flash_attn over flex_attn @varunneal. flash_attn_varlen suggested by @YouJiacheng
        y = flash_attn_interface.flash_attn_varlen_func(q[0], k[0], v[0], cu_seqlens_q=seqlens, cu_seqlens_k=seqlens,
                                                        max_seqlen_q=max_len, max_seqlen_k=max_len,
                                                        causal=True, softmax_scale=yarn.attn_scale, window_size=(bm_size, 0))
        y = y.view(B, T, self.num_heads, self.head_dim)
        y = y * torch.sigmoid(F.linear(x[..., :12], attn_gate_w)).view(B, T, self.num_heads, 1)
        y = y.contiguous().view(B, T, self.num_heads * self.head_dim) # re-assemble all head outputs side by side
        y = F.linear(y, sa_lambdas[1] * qkvo_w[self.dim * 3:].type_as(y))  # sa_lambdas[1] pre-multiplied to O @shenberg
        return y

class MLP(nn.Module):
    def __init__(self):
        super().__init__()
        # Weights are stored in parameter banks and passed via forward()

    def forward(self, x: Tensor, c_fc: Tensor, c_proj: Tensor):
        # relu(x)^2:
        # https://arxiv.org/abs/2109.08668v2; ~1-2% better than GELU; suggested by @SKYLINEZ007 and @Grad62304977
        # Fused triton kernel for relu(x @ W1.T)^2 @ W2.T
        return FusedLinearReLUSquareFunction.apply(x, c_fc, c_proj)

class Block(nn.Module):
    def __init__(self, dim: int, head_dim: int, num_heads: int, has_attn: bool, has_mlp: bool, use_paired_head: bool):
        super().__init__()
        # skip attention of blocks.6 (the 7th layer) by @YouJiacheng
        self.attn = CausalSelfAttention(dim, head_dim, num_heads, paired=use_paired_head) if has_attn else None
        # skip MLP blocks for first MLP layer by @EmelyanenkoK
        self.mlp = MLP() if has_mlp else None

    def forward(self, x: Tensor, attn_args: AttnArgs, qkvo_w: Tensor = None, c_fc: Tensor = None, c_proj: Tensor = None):
        if self.attn is not None:
            x = x + self.attn(norm(x), attn_args, qkvo_w)
        if self.mlp is not None:
            x = x + self.mlp(norm(x), c_fc, c_proj)
        return x

# -----------------------------------------------------------------------------
# The main model

def next_multiple_of_n(v: float | int, *, n: int):
    return next(x for x in range(n, int(v) + 1 + n, n) if x >= v)

@dataclass
class ForwardScheduleConfig:
    mtp_weights: torch.Tensor
    ws_short: int
    ws_long: int

class GPT(nn.Module):
    def __init__(self, vocab_size: int, num_layers: int, num_heads: int, head_dim: int, model_dim: int, max_seq_len: int):
        super().__init__()
        self.num_layers = num_layers
        self.vocab_size = next_multiple_of_n(vocab_size, n=128)

        self.smear_gate = nn.Linear(12, 1, bias=False)
        nn.init.zeros_(self.smear_gate.weight)
        self.smear_gate.weight.label = 'smear_gate'

        self.skip_gate = nn.Linear(12, 1, bias=False)
        nn.init.zeros_(self.skip_gate.weight)
        self.skip_gate.weight.label = 'skip_gate'

        # token value embeddings by @KoszarskyB - inspired by @Grad62304977's value residual implementation following https://arxiv.org/abs/2410.17897
        # value embedding code simplification inspired by @ragulpr https://github.com/KellerJordan/modded-nanogpt/pull/78
        self.value_embeds = nn.Parameter(torch.zeros(5 * self.vocab_size, model_dim, dtype=torch.bfloat16))
        self.value_embeds.label = 'value_embed'

        # parameter banks for attention and value embedding gate weights
        self.attn_gate_bank = nn.Parameter(torch.zeros(10, num_heads, 12)) # 10 layers
        self.attn_gate_bank.label = 'attn_gate_bank'
        self.ve_gate_bank = nn.Parameter(torch.zeros(5, num_heads, 12)) # 5 unique gates
        self.ve_gate_bank.label = 've_gate_bank'

        # -----------------------------------
        # Parameter banks for sharded optimization, by @chrisjmccormick

        # Identify which layers have attention/MLP
        # Attention is skipped in layer 6 by @YouJiacheng
        self.attn_layer_indices = [i for i in range(num_layers) if i != 6]
        # All layers have MLP (At 11 layers--dropped first layer @EmelyanenkoK)
        self.mlp_layer_indices = list(range(num_layers))

        hdim = num_heads * head_dim
        mlp_hdim = 4 * model_dim

        # Create index mappings: layer_idx -> bank_idx
        self.layer_to_attn_idx = {layer_idx: bank_idx for bank_idx, layer_idx in enumerate(self.attn_layer_indices)}
        self.layer_to_mlp_idx = {layer_idx: bank_idx for bank_idx, layer_idx in enumerate(self.mlp_layer_indices)}

        # Attention bank: stores QKVO weights for all attention layers
        # merged QKVO weights: suggested by many, implemented by @fernbear.bsky.social, and further improved by @YouJiacheng
        # https://x.com/hi_tysam/status/1879699187107033311
        # Simplified layout by @chrisjmccormick
        # Shape: (num_attn_layers, 4*model_dim, hdim) = (10, 3072, 768)
        # Reshape for sharding: (40, 768, 768) for even distribution across 8 GPUs
        self.attn_bank = nn.Parameter(torch.empty(len(self.attn_layer_indices), 4 * model_dim, hdim))
        self.attn_bank.label = 'attn'
        self.attn_bank.reshape = (len(self.attn_layer_indices) * 4, hdim, hdim)  # (40, 768, 768)

        # MLP bank: stores c_fc and c_proj for all MLP layers
        # Shape: (num_mlp_layers + padding, 2, mlp_hdim, model_dim) = (12, 2, 3072, 768)
        # We add 1 padding layer (index 11) to get 12*2=24 matrices for even distribution across 8 GPUs
        # Reshape for sharding: (24, 3072, 768)
        num_mlp_with_padding = len(self.mlp_layer_indices) + 1  # 11 + 1 = 12
        self.mlp_bank = nn.Parameter(torch.empty(num_mlp_with_padding, 2, mlp_hdim, model_dim))
        self.mlp_bank.label = 'mlp'
        self.mlp_bank.reshape = (num_mlp_with_padding * 2, mlp_hdim, model_dim)  # (24, 3072, 768)

        # improved init scale by @YouJiacheng and @srashedll
        std = 0.5 * model_dim ** -0.5
        bound = (3 ** 0.5) * std
        with torch.no_grad():
            self.attn_bank.uniform_(-bound, bound)
            self.mlp_bank[:, 0, :, :].uniform_(-bound, bound)  # c_fc
            self.mlp_bank[:, 1, :, :].zero_()  # c_proj - zero init suggested by @Grad62304977

        # Create blocks with has_attn/has_mlp flags
        self.paired_head_layers = [0, 2, 5, 9]
        self.blocks = nn.ModuleList([
            Block(model_dim, head_dim, num_heads,
                  has_attn=(i in self.layer_to_attn_idx),
                  has_mlp=(i in self.layer_to_mlp_idx),
                  use_paired_head=(i in self.paired_head_layers))
            for i in range(num_layers)
        ])
        self.yarn = Yarn(head_dim, max_seq_len)
        self.yarn_paired_head = Yarn(head_dim, max_seq_len, paired=True)
        # there are only 50257 unique GPT-2 tokens; we extend to nearest multiple of 128 for efficiency.
        # suggested to me by @Grad62304977. this originates from Karpathy's experiments.
        use_fp8 = not os.environ.get("DISABLE_FP8", False)
        # Transposed weight storage for faster gradient accumulation
        self.lm_head = CastedLinearT(model_dim, self.vocab_size, use_fp8=use_fp8, x_s=100/448, w_s=1.6/448, grad_s=grad_scale * 0.75/448)

        nn.init.normal_(self.lm_head.weight, mean=0, std=0.005)
        self.lm_head.weight.label = 'lm_head'

        self.embed = nn.Embedding(self.vocab_size, model_dim)
        self.embed.weight.label = 'embed'
        with torch.no_grad():
            self.embed.weight.copy_(self.lm_head.weight.T)

        self.bigram_embed = nn.Embedding(args.bigram_vocab_size, model_dim)
        self.bigram_embed.weight.label = 'bigram_embed'
        nn.init.zeros_(self.bigram_embed.weight)

        # x0_lambdas separated out for different optimizer treatment (no beta smoothing)
        self.x0_lambdas = nn.Parameter(torch.zeros(num_layers))
        self.x0_lambdas.label = 'x0_lambdas'

        pad = (-num_layers * 3 - 3) % dist.get_world_size()  # updated: 3*num_layers instead of 4*
        self.scalars = nn.Parameter(
            torch.cat(
                [
                    1.1 * torch.ones(num_layers),  # resid lambdas. 1.1 init such that layer i weight is i^(num_layers-i).
                    *[torch.tensor([0.5, 1.0]) for _ in range(num_layers)],  # SA lambdas
                    0.1 * torch.ones(num_layers), # bigram lambdas
                    torch.zeros(1), # smear_lambda
                    0.5*torch.ones(1), # backout_lambda
                    -1.5 * torch.ones(1),  # skip_lambda -> σ(-1.5) ≈ 0.18
                    torch.ones(pad),
                ]
            )
        )
        self.scalars.label = 'scalars'

    def forward(self, input_seq: Tensor, target_seq: Tensor, seqlens: Tensor, bigram_input_seq: Tensor, schedule_cfg: ForwardScheduleConfig):
        assert input_seq.ndim == 1

        # unpack schedule_cfg
        mtp_weights, ws_short, ws_long = schedule_cfg.mtp_weights, schedule_cfg.ws_short, schedule_cfg.ws_long

        # set configs
        skip_connections = []
        skip_in = [3] # long attention window on layer 3
        skip_out = [6] # no attn op on layer 6
        x_backout = None
        backout_layer = 7

        # set lambdas
        resid_lambdas = self.scalars[: 1 * self.num_layers]
        x0_lambdas = self.x0_lambdas
        sa_lambdas = self.scalars[1 * self.num_layers: 3 * self.num_layers].view(-1, 2)
        bigram_lambdas = self.scalars[3 * self.num_layers: 4 * self.num_layers]
        smear_lambda = self.scalars[4 * self.num_layers]
        backout_lambda = self.scalars[4 * self.num_layers+1]
        skip_lambda = self.scalars[4 * self.num_layers+2]

        # set block masks and key shift
        bm_sizes = [ws_short, ws_short, ws_short, ws_long, ws_short, ws_short, None, ws_short, ws_short, ws_short, ws_long]
        assert len(bm_sizes) == self.num_layers
        key_offset = [b==ws_long for b in bm_sizes] # apply partial key offset to long windows

        # Embedding lookup - embed is synced from lm_head during tied phase by optimizer
        x = self.embed(input_seq)
        x0_bigram = self.bigram_embed(bigram_input_seq)[None]

        # Value embeddings - always computed (not precomputed)
        ve = self.value_embeds.view(5, self.vocab_size, -1)[:, input_seq]
        # 01 ... 234 structure on token value embeddings by @photomz
        ve = [ve[0], ve[1]] + [None] * (self.num_layers - 5) + [ve[2], ve[3], ve[4]]
        assert len(ve) == self.num_layers

        # smear token embed forward 1 position @classiclarryd
        smear_gate_out = smear_lambda * torch.sigmoid(self.smear_gate(x[1:, :self.smear_gate.weight.size(-1)]))
        x = torch.cat([x[:1], x[1:] + smear_gate_out * x[:-1]])
        x = x0 = norm(x[None])

        # unbind gate banks to avoid select_backwards kernel
        ag = [w.bfloat16() for w in self.attn_gate_bank.unbind(0)]
        veg = [w.bfloat16() for w in self.ve_gate_bank.unbind(0)]
        attn_gates = ag[:6] + [None] + ag[6:]
        ve_gates = [veg[0], veg[1]] + [None] * (self.num_layers - 5) + [veg[2], veg[3], veg[4]]
        assert len(attn_gates) == self.num_layers
        assert len(ve_gates) == self.num_layers

        # unbind weight banks to avoid select_backwards kernel
        attn_weights = self.attn_bank.unbind(0)  # tuple of [4*dim, hdim] tensors
        mlp_fcs = self.mlp_bank[:, 0, :, :].unbind(0)  # tuple of [mlp_hdim, dim] tensors
        mlp_projs = self.mlp_bank[:, 1, :, :].unbind(0)  # tuple of [mlp_hdim, dim] tensors

        for i in range(self.num_layers):
            yarn = self.yarn_paired_head if i in self.paired_head_layers else self.yarn
            attn_args = AttnArgs(
                ve=ve[i],
                sa_lambdas=sa_lambdas[i],
                seqlens=seqlens,
                bm_size=bm_sizes[i],
                yarn=yarn,
                key_offset=key_offset[i],
                attn_gate_w=attn_gates[i],
                ve_gate_w=ve_gates[i]
            )
            if i in skip_out:
                skip_gate_out = torch.sigmoid(skip_lambda) * 2 * torch.sigmoid(self.skip_gate(x0[..., :self.skip_gate.weight.size(-1)]))
                x = x + skip_gate_out * skip_connections.pop()
            if i == 0:
                x = (resid_lambdas[0] + x0_lambdas[0]) * x + bigram_lambdas[0] * x0_bigram
            else:
                x = resid_lambdas[i] * x + x0_lambdas[i] * x0 + bigram_lambdas[i] * x0_bigram

            # Get weights for this layer from banks
            qkvo_w = attn_weights[self.layer_to_attn_idx[i]] if i in self.layer_to_attn_idx else None
            c_fc = mlp_fcs[self.layer_to_mlp_idx[i]] if i in self.layer_to_mlp_idx else None
            c_proj = mlp_projs[self.layer_to_mlp_idx[i]] if i in self.layer_to_mlp_idx else None

            x = self.blocks[i](x, attn_args, qkvo_w, c_fc, c_proj)
            if i in skip_in:
                skip_connections.append(x)
            if i == backout_layer:
                x_backout = x

        # back out contributions from first 7 layers that are only required for downstream context and not direct prediction
        x -= backout_lambda * x_backout
        x = norm(x)
        logits = self.lm_head(x)
        # @Grad62304977 added tanh softcapping following Gemma 2 paper, @KoszarskyB reduced it from 30 to 15
        # @YouJiacheng shifted it by +15 (2*sigmoid(2*x)=tanh(x)+1). @classiclarryd updated to 23*sigmoid((logits+5)/7.5)
        if self.training:
            losses = FusedSoftcappedCrossEntropy.apply(logits.view(-1, logits.size(-1)), target_seq, mtp_weights, 23.0, 5.0, 7.5)
            loss = losses.sum()
        else:
            logits = 23 * torch.sigmoid((logits + 5) / 7.5)
            logits_for_loss = logits.float()
            loss = F.cross_entropy(logits_for_loss.view(-1, logits_for_loss.size(-1)), target_seq, reduction="mean")
        return loss
# -----------------------------------------------------------------------------
# Distributed data loader

def _load_data_shard(file: Path):
    header = torch.from_file(str(file), False, 256, dtype=torch.int32) # header is 256 int32
    assert header[0] == 20240520, "magic number mismatch in the data .bin file"
    assert header[1] == 1, "unsupported version"
    num_tokens = int(header[2]) # number of tokens (claimed)
    with file.open("rb", buffering=0) as f:
        tokens = torch.empty(num_tokens, dtype=torch.uint16, pin_memory=True) # avoid pin_memory copy by @YouJiacheng
        f.seek(256 * 4)
        nbytes = f.readinto(tokens.numpy()) # avoid bytes->array copy by @YouJiacheng
        assert nbytes == 2 * num_tokens, "number of tokens read does not match header"
    return tokens

BOS_ID = 50256

class Shard:
    def __init__(self, tokens: Tensor, world_size: int = 1):
        self.tokens = tokens
        self.size = tokens.numel()
        self.world_size = world_size
        self.i = 0

        # Partial index now, full index async
        self.bos_idx = (tokens[:6_000_000] == BOS_ID).nonzero(as_tuple=True)[0].to(torch.int64).cpu().numpy()
        self._full_idx = None
        self._loader_thread = None
        self._ready = threading.Event()
        self._loader_thread = threading.Thread(target=self._scan)
        self._loader_thread.start()

    def _scan(self):
        self._full_idx = (self.tokens == BOS_ID).nonzero(as_tuple=True)[0].to(torch.int64).cpu().numpy()
        self._ready.set()

    def _maybe_switch(self):
        # Switch to full index as soon as async scan completes
        if self.bos_idx is not self._full_idx and self._ready.is_set():
            self._loader_thread.join()
            self.bos_idx = self._full_idx

    def next_batch(self, num_tokens_local: int, max_seq_len: int):
        self._maybe_switch()
        n = len(self.bos_idx)
        starts = [[] for _ in range(self.world_size)]
        ends = [[] for _ in range(self.world_size)]

        idx = self.i
        for r in range(self.world_size):
            cur_len = 0
            while cur_len <= num_tokens_local:
                if idx >= n:
                    raise StopIteration(f"Insufficient BOS ahead; hit tail of shard.")
                cur = self.bos_idx[idx]
                starts[r].append(cur)
                end = min(self.bos_idx[idx + 1] if idx + 1 < n else self.size,
                          cur + max_seq_len,
                          cur + num_tokens_local - cur_len + 1)
                ends[r].append(end)
                cur_len += end - cur
                idx += 1

            assert cur_len == num_tokens_local + 1
        self.i = idx
        return starts, ends

    @staticmethod
    def load_async(file: Path, world_size: int = 1):
        """Returns getter function for async shard loading"""
        result = {}
        ready = threading.Event()
        def load():
            tokens = _load_data_shard(file)
            result['shard'] = Shard(tokens, world_size)
            ready.set()
        thread = threading.Thread(target=load)
        thread.start()
        def get():
            ready.wait()
            thread.join()
            return result['shard']
        return get

def get_bigram_hash(x):
    """
    Computes bigram hash for each position using [prev_token, curr_token].
    Multiply by arbitary large ints to get even spread over int32 range.
    Position 0 is mapped to the reserved index (vocab_size - 1).
    BOS_tokens within the batch will hash based on last token of prior doc. Masking this ran slower and showed no improvement.
    """
    rand_int_1 = 36313
    rand_int_2 = 27191
    mod = args.bigram_vocab_size-1
    x = x.to(torch.int32).clone()
    x[0] = mod
    x[1:] = torch.bitwise_xor(rand_int_1 * x[1:], rand_int_2 * x[:-1]) % mod
    return x

def distributed_data_generator(filename_pattern: str, num_tokens: int, max_seq_len: int, grad_accum_steps: int = 1, align_to_bos: bool = True):
    # align_to_bos: each sequence begins with Beginning of Sequence token, sequences truncated to max_seq_len
    rank = dist.get_rank() if dist.is_initialized() else 0
    world_size = dist.get_world_size() if dist.is_initialized() else 1
    assert num_tokens % (world_size * grad_accum_steps) == 0, "Batch size must be divisible by world size"
    num_tokens = num_tokens // grad_accum_steps

    files = [Path(file) for file in sorted(glob.glob(filename_pattern))]
    if not files:
        raise FileNotFoundError(f"No files found for pattern: {filename_pattern}")

    file_iter = iter(files)  # Use itertools.cycle(files) for multi-epoch training
    tokens = _load_data_shard(next(file_iter))
    if align_to_bos:
        shard = Shard(tokens, world_size)
        next_shard_getter = Shard.load_async(next(file_iter), world_size)
    else:
        pos = 0  # for unaligned case

    while True:
        num_tokens_local = num_tokens // world_size
        max_num_docs = next_multiple_of_n(num_tokens_local // 300, n=128)  # median doc length is ~400

        if align_to_bos:
            try:
                seq_starts, seq_ends = shard.next_batch(num_tokens_local, max_seq_len)
                start_idxs, end_idxs = torch.tensor(seq_starts[rank]), torch.tensor(seq_ends[rank])
            except StopIteration:
                # This shard is exhausted, load the next one in the next loop iteration.
                shard = next_shard_getter()
                tokens = shard.tokens
                try:
                    next_shard_getter = Shard.load_async(next(file_iter), world_size)
                except StopIteration:
                    next_shard_getter = None  # no more shards to preload
                continue

            buf = torch.cat([tokens[i:j] for i, j in zip(start_idxs, end_idxs)])
            _inputs = buf[:-1]
            _targets = buf[1:]
            end_idxs[-1] -= 1  # last document was too long to account for _targets offset
            cum_lengths = (end_idxs - start_idxs).cumsum(0)

        else:
            if pos + num_tokens + 1 >= len(tokens):  # should not occur for val data
                tokens, pos = _load_data_shard(next(file_iter)), 0

            pos_local = pos + rank * num_tokens_local
            buf = tokens[pos_local: pos_local + num_tokens_local + 1]
            _inputs = buf[:-1].view(num_tokens_local, )
            _targets = buf[1:].view(num_tokens_local, )

            cum_lengths = torch.nonzero(_inputs == BOS_ID)[:, 0]
            pos += num_tokens


        _cum_lengths = torch.full((max_num_docs,), num_tokens_local)
        _cum_lengths[0] = 0
        _cum_lengths[1:len(cum_lengths) + 1] = cum_lengths

        # Cast to int32 on CPU before transfer to avoid dtype conversion during .to()
        _inputs = _inputs.to(dtype=torch.int32)
        _targets = _targets.to(dtype=torch.int64)
        _cum_lengths = _cum_lengths.to(dtype=torch.int32)
        _bigram_inputs = get_bigram_hash(_inputs)

        new_params = yield (
            _inputs.to(device="cuda", non_blocking=True),
            _targets.to(device="cuda", non_blocking=True),
            _cum_lengths.to(device="cuda", non_blocking=True),
            _bigram_inputs.to(device="cuda", non_blocking=True)
        )

        if new_params is not None:
            # makes it possible for generator to receive new (num_tokens, max_seq_len, grad_accum_steps) via .send()
            new_num_tokens, new_max_seq_len, new_grad_accum_steps = new_params
            assert new_num_tokens % (world_size * new_grad_accum_steps) == 0, "Num tokens must be divisible by world size"
            num_tokens = new_num_tokens // new_grad_accum_steps
            max_seq_len = new_max_seq_len

# -----------------------------------------------------------------------------
# Training Management

@dataclass
class Hyperparameters:
    # data
    data_path = os.environ.get("DATA_PATH", ".")
    train_files: str = os.path.join(data_path, "data/fineweb10B/fineweb_train_*.bin") # input .bin to train on
    val_files: str = os.path.join(data_path, "data/fineweb10B/fineweb_val_*.bin") # input .bin to eval validation loss on
    val_tokens: int = 10485760 # how many tokens of validation data? it's important to keep this fixed for consistent comparisons
    # batch sizes
    train_max_seq_len: int = 128 * 16
    val_batch_size: int = 4 * 64 * 1024 * 1
    # schedule
    num_scheduled_iterations: int = 1515  # number of steps to complete lr and ws schedule
    num_extension_iterations: int = 40  # number of steps to continue training at final lr and ws
    # evaluation and logging
    run_id: str = f"{uuid.uuid4()}"
    val_loss_every: int = 250  # every how many steps to evaluate val loss? 0 for only at the end
    save_checkpoint: bool = False
    # bigram hash embedding
    bigram_vocab_size: int = 50304 * 5

args = Hyperparameters()

@dataclass
class TrainingStage:
    lr_mul: float
    batch_size: int
    window_sizes: tuple[int, int]  # (short, long) in block units
    mtp_weights_start: list[float]
    mtp_weights_end: list[float]
    duration: float = None

class TrainingSchedule:
    """
    Training schedule initialized via TRAINING_STAGES
        1. Multi Token Prediction schedule of [1, 0.5, 0.25->0] -> [1, 0.5->0] -> [1] @varunneal
        2. Sliding Attention window schedule of [1,3] -> [3,7] -> [5,11] -> [6,13]
        3. YaRN updates to RoPE on window changes
        4. Split embed and lm head at 2/3 of training
        5. Batch size schedule of 8 -> 16 -> 24
        6. Post training extension of long windows from 13 to 20
    """

    def __init__(self, stages: list[TrainingStage], scheduled_iterations: int, extension_iterations: int,
                 cooldown_frac: float = 0.5, split_embed_stage: int = 2, ws_post_yarn_ext: int = 20):
        self.stages = stages
        self.scheduled_iterations = scheduled_iterations
        self.cooldown_frac = cooldown_frac
        # increase final validation ws, used for YaRN extension and short window size @classiclarryd
        self.ws_post_yarn_ext = ws_post_yarn_ext

        self.total_steps = self.scheduled_iterations + extension_iterations

        # Build stage boundaries (last is extension stage)
        ends = [0] + [round(c * scheduled_iterations) for c in accumulate(s.duration for s in stages[:-1])] + [self.total_steps]
        assert self.scheduled_iterations == ends[-2]
        self.boundaries = list(pairwise(ends))

        # Split embed at specified stage (ensure odd step for Adam)
        self.split_step = self.boundaries[split_embed_stage][0] | 1

        # Precompute MTP weights for all steps
        self.mtp_weights = []
        for step in range(self.total_steps + 1):
            stage, t = self.lookup(step)
            w = [a + (b - a) * t for a, b in zip(stage.mtp_weights_start, stage.mtp_weights_end)]
            self.mtp_weights.append(torch.tensor(w, device=device))

    def lookup(self, step: int) -> tuple[TrainingStage, float]:
        # Returns stage and % of the way through that stage
        for i, (start, end) in enumerate(self.boundaries):
            if step < end:
                t = (step - start) / (end - start)
                return self.stages[i], t
        return self.stages[-1], 1.0

    def get_lr(self, step: int) -> float:
        # learning rate schedule: tied to batch size schedule, with cooldown at the end
        stage, _ = self.lookup(step)
        lr = stage.lr_mul
        cd_start = int(self.scheduled_iterations * (1 - self.cooldown_frac))
        if step >= cd_start:
            t = min(1.0, (step - cd_start) / (self.scheduled_iterations - cd_start))
            lr = lr * (1 - t) + 0.1 * t
        return lr

# window_sizes are in units of `block_size` tokens (defined in TrainingManager)
TRAINING_STAGES = [
    TrainingStage(duration=1/3, batch_size=8 * 2048 * 8, window_sizes=(1, 3), lr_mul=1.0,
                  mtp_weights_start=[1.0, 0.5, 0.25], mtp_weights_end=[1.0, 0.5, 0.0]),
    TrainingStage(duration=1/3, batch_size=16 * 2048 * 8, window_sizes=(3, 7), lr_mul=1.52,  # (16/8)**0.6
                  mtp_weights_start=[1.0, 0.5], mtp_weights_end=[1.0, 0.0]),
    TrainingStage(duration=1/3, batch_size=24 * 2048 * 8, window_sizes=(5, 11), lr_mul=1.73,  # (24/8)**0.5
                  mtp_weights_start=[1.0], mtp_weights_end=[1.0]),
    # extension stage
    TrainingStage(batch_size=24 * 2048 * 8, window_sizes=(6, 13), lr_mul=1.0,  # lr_mul is not used
                  mtp_weights_start=[1.0], mtp_weights_end=[1.0]),
]

training_schedule = TrainingSchedule(TRAINING_STAGES, args.num_scheduled_iterations, args.num_extension_iterations, cooldown_frac=0.55)

def get_muon_momentum(step: int, muon_warmup_steps=300, muon_cooldown_steps=50, momentum_min=0.85, momentum_max=0.95):
    # warmup phase: linearly increase momentum from min to max
    # cooldown phase: linearly decrease momentum from max to min
    momentum_cd_start = training_schedule.total_steps - muon_cooldown_steps
    if step < muon_warmup_steps:
        frac = step / muon_warmup_steps
        momentum = momentum_min + frac * (momentum_max - momentum_min)
    elif step > momentum_cd_start:
        frac = (step - momentum_cd_start) / muon_cooldown_steps
        momentum = momentum_max - frac * (momentum_max - momentum_min)
    else:
        momentum = momentum_max
    return momentum

class TrainingManager():
    """
    Manages the NorMuonAndAdam for all parameters with explicit ordering.
        1. Scalars are given higher momentum terms to smooth learning @ChrisJMcCormick
        2. Adam optimizers are only stepped on odd steps @classiclarryd
        3. Explicit scatter_order and work_order for communication scheduling (no backward hooks)
        4. Muon has a linear momentum warmup and cooldown schedule
        5. Learning rates follow a linear decay schedule
        6. Embed is tied to lm_head until split step (2/3 of training), then untied @classiclarryd
    """
    def __init__(self, model):
        self.model = model
        self.block_size = 128

        # - Ordering dictates when to launch reduce/reduce_scatter operations
        # - "sharded" parameters use reduce_scatter/all_gather and "replicated" ones use all_reduce
        # - lr_mul and wd_mul are per-parameter learning rate and weight decay multipliers
        self.param_table = {
            "attn":           {"optim": "normuon", "comms": "sharded",    "adam_betas": None},
            "mlp":            {"optim": "normuon", "comms": "sharded",    "adam_betas": None},
            "scalars":        {"optim": "adam",    "comms": "replicated", "adam_betas": [0.9,  0.99], "lr_mul": 5.0,  "wd_mul": 0.0},
            "value_embed":    {"optim": "adam",    "comms": "sharded",    "adam_betas": [0.75, 0.95], "lr_mul": 75.,  "wd_mul": 5.0},
            "bigram_embed":   {"optim": "adam",    "comms": "sharded",    "adam_betas": [0.75, 0.95], "lr_mul": 75.,  "wd_mul": 5.0},
            "smear_gate":     {"optim": "adam",    "comms": "replicated", "adam_betas": [0.9,  0.99], "lr_mul": 0.01, "wd_mul": 0.0},
            "skip_gate":      {"optim": "adam",    "comms": "replicated", "adam_betas": [0.9,  0.99], "lr_mul": 0.05, "wd_mul": 0.0},
            "attn_gate_bank": {"optim": "adam",    "comms": "replicated", "adam_betas": [0.9,  0.99]},
            "ve_gate_bank":   {"optim": "adam",    "comms": "replicated", "adam_betas": [0.9,  0.99]},
            "x0_lambdas":     {"optim": "adam",    "comms": "replicated", "adam_betas": [0.65, 0.95], "lr_mul": 5.0,  "wd_mul": 0.0},
            "lm_head":        {"optim": "adam",    "comms": "sharded",    "adam_betas": [0.5,  0.95], "wd_mul": 150.},
            "embed":          {"optim": "adam",    "comms": "sharded",    "adam_betas": [0.5,  0.95], "wd_mul": 150.},
        }

        # - Process smaller/faster params first while large reduces complete
        # - lm_head must complete before embed sync (when tied)
        self.work_order = [
            "scalars", "smear_gate", "skip_gate", "attn_gate_bank", "ve_gate_bank", "x0_lambdas",  # Small, fast
            "value_embed", "bigram_embed",  # Medium
            "lm_head", "embed",   # lm_head must complete before embed sync (when tied)
            "attn", "mlp",        # Large, polar express - process last to maximize overlap
        ]

        adam_defaults = dict(
            lr=0.008,
            eps=1e-10,
            weight_decay=0.005,
        )

        normuon_defaults = dict(
            lr=0.023,
            momentum=0.95,
            beta2=0.95,
            weight_decay=1.2,
        )

        self.optimizer = NorMuonAndAdam(
            model.named_parameters(),
            param_table=self.param_table,
            scatter_order=list(self.param_table.keys()),  # Dict order defines scatter priority
            work_order=self.work_order,
            adam_defaults=adam_defaults,
            normuon_defaults=normuon_defaults,
        )

        # Split embed from lm_head at 2/3 of training (on an odd step so Adam updates)
        self.split_step = training_schedule.split_step

        self.reset()

    def apply_final_ws_ext(self):
        self.ws_long = training_schedule.ws_post_yarn_ext

    def get_forward_args(self):
        return ForwardScheduleConfig(
            mtp_weights = self.mtp_weights,
            ws_short = self.ws_short * self.block_size,
            ws_long = self.ws_long * self.block_size
        )

    def _is_adam_step(self, step: int):
        """Adam params are only updated on odd steps."""
        return step % 2 == 1

    def get_transition_steps(self):
        return [start for start, _ in training_schedule.boundaries[1:]]

    def advance_schedule(self, step: int):
        stage, _ = training_schedule.lookup(step)
        self.ws_short, new_ws_long = stage.window_sizes
        if new_ws_long != self.ws_long:
            self.model.yarn.apply(self.ws_long * self.block_size, new_ws_long * self.block_size)
            self.model.yarn_paired_head.apply(self.ws_long * self.block_size, new_ws_long * self.block_size)

        new_batch_size = stage.batch_size
        if new_batch_size != self.batch_size:
            self.train_loader_send_args = (new_batch_size, args.train_max_seq_len, grad_accum_steps)
            self.batch_size = new_batch_size
        else:
            self.train_loader_send_args = None

        self.ws_long = new_ws_long
        self.mtp_weights = training_schedule.mtp_weights[step]

    def step_optimizers(self, step: int):
        step_lr = training_schedule.get_lr(step)
        muon_momentum = get_muon_momentum(step)
        do_adam = self._is_adam_step(step)

        # Update learning rates and momentum for all params
        for param, p_cfg in self.optimizer.param_cfgs.items():
            p_cfg.lr = p_cfg.initial_lr * step_lr
            if p_cfg.optim == "normuon":
                p_cfg.momentum = muon_momentum

        # Step optimizer with do_adam flag
        self.optimizer.step(do_adam=do_adam)

        # At split step: copy lm_head optimizer state to embed and mark as split
        if step == self.split_step:
            self.optimizer.copy_lm_state_to_embed()

    def reset(self, state=None):
        if state is not None:
            self.optimizer.load_state_dict(state)

        # Reset NorMuon momentum buffers and split_embed state
        self.optimizer.reset()

        stage, _ = training_schedule.lookup(0)
        self.ws_short, self.ws_long = stage.window_sizes
        self.batch_size = stage.batch_size
        self.model.yarn.reset()
        self.model.yarn_paired_head.reset()

    def get_state(self):
        return copy.deepcopy(self.optimizer.state_dict())

# -----------------------------------------------------------------------------
# int main

# begin logging
logfile = None
if master_process:
    run_id = args.run_id
    os.makedirs("logs", exist_ok=True)
    logfile = f"logs/{run_id}.txt"
    print(logfile)
def print0(s, console=False):
    if master_process:
        with open(logfile, "a") as f:
            if console:
                print(s)
            print(s, file=f)

# begin by printing this file (the Python code)
print0(code)
print0("="*100)
# log information about the hardware/software environment this is running on
print0(f"Running Python {sys.version}")
print0(f"Running PyTorch {torch.version.__version__} compiled for CUDA {torch.version.cuda}")
print0(f"Running Triton version {triton.__version__}")

def nvidia_smi():
    import subprocess  # avoid top level import
    return subprocess.run(["nvidia-smi"], stdout=subprocess.PIPE, stderr=subprocess.PIPE, text=True).stdout
print0(nvidia_smi())
print0("="*100)

model: nn.Module = GPT(
    vocab_size=50257,
    num_layers=11,
    num_heads=6,
    head_dim=128,
    model_dim=768,
    max_seq_len=args.val_batch_size // (grad_accum_steps * world_size)
).cuda()
for m in model.modules():
    if isinstance(m, (nn.Embedding, nn.Linear)):
        m.weight.data = m.weight.data.bfloat16()
model.attn_gate_bank.data = model.attn_gate_bank.data.bfloat16()
model.ve_gate_bank.data = model.ve_gate_bank.data.bfloat16()
model.attn_bank.data = model.attn_bank.data.bfloat16()
model.mlp_bank.data = model.mlp_bank.data.bfloat16()
for param in model.parameters():
    dist.broadcast(param.detach(), 0)

model: nn.Module = torch.compile(model, dynamic=False, fullgraph=True)
training_manager = TrainingManager(model)

########################################
#            Warmup kernels            #
########################################
print0("Compiling model and warming up kernels (~7 minutes on first execution)", console=True)
# Warmup the training kernels, then re-initialize the state so we aren't cheating
initial_state = dict(model=copy.deepcopy(model.state_dict()),
                     optimizer=training_manager.get_state()) # save the initial state
train_loader = distributed_data_generator(args.train_files, TRAINING_STAGES[0].batch_size, args.train_max_seq_len, grad_accum_steps=grad_accum_steps)
val_loader = distributed_data_generator(args.val_files, args.val_batch_size, -1, grad_accum_steps=grad_accum_steps, align_to_bos=False)

transition_steps = training_manager.get_transition_steps()
# first few steps plus transitions
warmup_steps = sorted({0, 1, 2} | set(s + offset for s in transition_steps for offset in [-1, 0, 1] if s + offset >= 0))
print0(f"Sampling steps {warmup_steps} for warmup", console=True)
for step in warmup_steps:
    training_manager.advance_schedule(step)
    model.eval()
    with torch.no_grad():
        inputs, targets, cum_seqlens, bigram_inputs = next(val_loader)
        model(inputs, targets, cum_seqlens, bigram_inputs, training_manager.get_forward_args())
    model.train()
    for idx in range(grad_accum_steps):
        send_args = training_manager.train_loader_send_args
        inputs, targets, cum_seqlens, bigram_inputs = train_loader.send(send_args)
        (model(inputs, targets, cum_seqlens, bigram_inputs, training_manager.get_forward_args()) * grad_scale).backward()
        break
    training_manager.step_optimizers(step)
    break
print0("Resetting Model", console=True)
model.zero_grad(set_to_none=True)
model.load_state_dict(initial_state["model"])
training_manager.reset(initial_state["optimizer"])
del val_loader, train_loader, initial_state
model.train()

########################################
#        Training and validation       #
########################################
train_loader = distributed_data_generator(args.train_files, TRAINING_STAGES[0].batch_size, args.train_max_seq_len, grad_accum_steps=grad_accum_steps)

gc.collect()

training_time_ms = 0
# start the clock
torch.cuda.synchronize()
t0 = time.perf_counter()
# begin training
train_steps = training_schedule.total_steps
for step in range(train_steps + 1):
    last_step = (step == train_steps)
    training_manager.advance_schedule(step)
    # --------------- VALIDATION SECTION -----------------
    if last_step or (args.val_loss_every > 0 and step % args.val_loss_every == 0):
        if last_step:
            training_manager.apply_final_ws_ext()
        # stop the clock
        torch.cuda.synchronize()
        training_time_ms += 1000 * (time.perf_counter() - t0)

        # ------------------- TEST-TIME TRAINING START -------------------
        print0(f"step:{step}/{train_steps} starting test-time training...", console=True)

        # 1. Save model and optimizer state to CPU with minimal memory usage
        # Offload model state dict to CPU
        saved_model_state_cpu = {k: v.cpu() for k, v in model.state_dict().items()}
        # Offload optimizer state to CPU with a granular, memory-safe approach
        original_optimizer_state = training_manager.optimizer.state_dict()
        saved_optimizer_state_cpu = {
            "param_cfgs": copy.deepcopy(original_optimizer_state["param_cfgs"]), # param_cfgs are typically simple Python objects, deepcopy is fine
            "param_states": {},
            "split_embed": training_manager.optimizer.split_embed # Explicitly save the flag
        }
        for param_id, param_state in original_optimizer_state['param_states'].items():
            saved_optimizer_state_cpu['param_states'][param_id] = {}
            for k, v in param_state.items():
                if isinstance(v, torch.Tensor):
                    saved_optimizer_state_cpu['param_states'][param_id][k] = v.cpu()
                else:
                    saved_optimizer_state_cpu['param_states'][param_id][k] = copy.deepcopy(v)

        # 2. Perform Test-Time Training and progressively calculate validation loss
        val_loader = distributed_data_generator(args.val_files, args.val_batch_size, -1, grad_accum_steps=grad_accum_steps, align_to_bos=False)
        assert args.val_tokens % args.val_batch_size == 0
        val_steps = grad_accum_steps * args.val_tokens // args.val_batch_size
        val_loss = 0

        for val_step in range(val_steps):
            inputs, targets, cum_seqlens, bigram_inputs = next(val_loader)

            model.eval()
            with torch.no_grad():
                val_loss += model(inputs, targets, cum_seqlens, bigram_inputs, training_manager.get_forward_args())

            """
            # TTT start
            model.train()

            num_chunks = len(inputs) // args.train_max_seq_len

            chunk_loss = 0
            for chunk in range(num_chunks):
                start_chunk = chunk * args.train_max_seq_len
                end_chunk = (chunk + 1) * args.train_max_seq_len

                chunked_inputs = inputs[start_chunk:end_chunk]
                chunked_targets = targets[start_chunk:end_chunk]
                #chunked_cum_seqlens = cum_seqlens[start_chunk:end_chunk] # NB: this will *not* work
                chunked_cum_seqlens = torch.tensor([0, end_chunk - start_chunk], dtype=torch.int32, device=inputs.device) # TODO: mashes document boundaries
                chunked_bigram_inputs = bigram_inputs[start_chunk:end_chunk]

                loss = model(chunked_inputs, chunked_targets, chunked_cum_seqlens, chunked_bigram_inputs, training_manager.get_forward_args())
                (loss / num_chunks).backward()

                chunk_loss += loss.item() # TODO: gpu stall (?)
            """
            chunk_loss = 0
            num_chunks = 1

            is_adam_step = training_manager._is_adam_step(step + val_step)

            print0(f"step:{step}/{train_steps} val_step:{val_step}/{val_steps} val_loss:{val_loss/(val_step+1):.4f} chunk_loss:{chunk_loss/num_chunks:.4f} {is_adam_step=} train_time:{training_time_ms:.0f}ms step_avg:{training_time_ms/max(step, 1):.2f}ms", console=True)

            # training_manager.step_optimizers(step + val_step)

            # TTT end

        val_loss /= val_steps
        del val_loader

        # 3. Restore original model and optimizer state from CPU
        model.load_state_dict(saved_model_state_cpu)
        training_manager.optimizer.load_state_dict(saved_optimizer_state_cpu)
        # Restore split_embed flag
        training_manager.optimizer.split_embed = saved_optimizer_state_cpu["split_embed"]
        # -------------------- TEST-TIME TRAINING END --------------------

        dist.reduce(val_loss, 0, op=dist.ReduceOp.AVG)
        print0(f"step:{step}/{train_steps} val_loss:{val_loss:.4f} train_time:{training_time_ms:.0f}ms step_avg:{training_time_ms/max(step, 1):.2f}ms", console=True)
        model.train()
        # start the clock again
        torch.cuda.synchronize()
        t0 = time.perf_counter()

    if last_step:
        if master_process and args.save_checkpoint:
            log = dict(step=step, code=code, model=model.state_dict(), optimizer=training_manager.get_state())
            os.makedirs(f"logs/{run_id}", exist_ok=True)
            torch.save(log, f"logs/{run_id}/state_step{step:06d}.pt")
        # the last step only has the validation loop, so break to avoid training
        break

    # --------------- TRAINING SECTION -----------------
    for idx in range(grad_accum_steps):
        inputs, targets, cum_seqlens, bigram_inputs = train_loader.send(training_manager.train_loader_send_args)
        loss = model(inputs, targets, cum_seqlens, bigram_inputs, training_manager.get_forward_args())
        (loss * grad_scale).backward()
    training_manager.step_optimizers(step)

    # logging
    approx_training_time_ms = training_time_ms + 1000 * (time.perf_counter() - t0)
    print0(f"step:{step+1}/{train_steps} {loss.item()=} train_time:{approx_training_time_ms:.0f}ms step_avg:{approx_training_time_ms/(step + 1):.2f}ms", console=True)

print0(f"peak memory allocated: {torch.cuda.max_memory_allocated() // 1024 // 1024} MiB "
       f"reserved: {torch.cuda.max_memory_reserved() // 1024 // 1024} MiB", console=True)
dist.destroy_process_group()


----------------------------------------
# triton_kernels.py
----------------------------------------

import torch
import triton
import triton.language as tl
from triton.tools.tensor_descriptor import TensorDescriptor

# -----------------------------------------------------------------------------
# Triton kernel for symmetric matrix multiplication by @byronxu99

@triton.jit
def _pid_to_block(
    pid,
    M,
    BLOCK_SIZE_M: tl.constexpr,
    BLOCK_SIZE_N: tl.constexpr,
    GROUP_SIZE_M: tl.constexpr,
):
    # Split output matrix into blocks of size (BLOCK_SIZE_M, BLOCK_SIZE_N)
    num_pid_m = tl.cdiv(M, BLOCK_SIZE_M)
    num_pid_n = tl.cdiv(M, BLOCK_SIZE_N)

    # Map PID to a single matrix in batch
    batch_idx = pid // (num_pid_m * num_pid_n)
    pid = pid % (num_pid_m * num_pid_n)

    # Map PID to 2D grid of blocks
    pid_m = pid // num_pid_n
    pid_n = pid % num_pid_n
    pid_m, pid_n = tl.swizzle2d(pid_m, pid_n, num_pid_m, num_pid_n, GROUP_SIZE_M)

    m_idx = pid_m * BLOCK_SIZE_M
    n_idx = pid_n * BLOCK_SIZE_N
    return batch_idx, m_idx, n_idx

@triton.jit
def XXT_kernel(
    A_ptr, C_ptr,
    M, K,
    a_stride_b, a_stride_r, a_stride_c,
    c_stride_b, c_stride_r, c_stride_c,
    BLOCK_SIZE_M: tl.constexpr,
    BLOCK_SIZE_N: tl.constexpr,
    BLOCK_SIZE_K: tl.constexpr,
    GROUP_SIZE_M: tl.constexpr,
    LOWER_UPPER: tl.constexpr,
):
    pid = tl.program_id(axis=0)
    batch_idx, m_idx, n_idx = _pid_to_block(
        pid, M, BLOCK_SIZE_M, BLOCK_SIZE_N, GROUP_SIZE_M
    )

    # Skip blocks that don't need to be computed
    skip_block_below_diag = (LOWER_UPPER == 0) and (n_idx + BLOCK_SIZE_N <= m_idx)
    skip_block_above_diag = (LOWER_UPPER != 0) and (m_idx + BLOCK_SIZE_M <= n_idx)
    if skip_block_below_diag or skip_block_above_diag:
        return

    # Index into one matrix of batch
    A_ptr += batch_idx * a_stride_b
    C_ptr += batch_idx * c_stride_b

    # Create pointer arrays for A and A.T
    offs_m = (m_idx + tl.arange(0, BLOCK_SIZE_M)) % M
    offs_n = (n_idx + tl.arange(0, BLOCK_SIZE_N)) % M
    offs_k = tl.arange(0, BLOCK_SIZE_K)
    a_ptrs = A_ptr + (offs_m[:, None] * a_stride_r + offs_k[None, :] * a_stride_c)
    at_ptrs = A_ptr + (offs_k[:, None] * a_stride_c + offs_n[None, :] * a_stride_r)

    accumulator = tl.zeros((BLOCK_SIZE_M, BLOCK_SIZE_N), dtype=tl.float32)

    # Accumulate over blocks of K
    for k in tl.range(0, tl.cdiv(K, BLOCK_SIZE_K)):
        a = tl.load(a_ptrs, mask=offs_k[None, :] < K - k * BLOCK_SIZE_K, other=0.0)
        at = tl.load(at_ptrs, mask=offs_k[:, None] < K - k * BLOCK_SIZE_K, other=0.0)
        accumulator = tl.dot(a, at, accumulator)
        a_ptrs += BLOCK_SIZE_K * a_stride_c
        at_ptrs += BLOCK_SIZE_K * a_stride_c

    out_dtype = C_ptr.dtype.element_ty
    output = accumulator.to(out_dtype)

    # Store block of C
    offs_cm = m_idx + tl.arange(0, BLOCK_SIZE_M)
    offs_cn = n_idx + tl.arange(0, BLOCK_SIZE_N)
    c_ptrs = C_ptr + (offs_cm[:, None] * c_stride_r + offs_cn[None, :] * c_stride_c)
    c_mask = (offs_cm[:, None] < M) & (offs_cn[None, :] < M)
    tl.store(c_ptrs, output, mask=c_mask)

    # Store block of C mirrored across the diagonal
    c_ptrs_t = C_ptr + (offs_cn[:, None] * c_stride_r + offs_cm[None, :] * c_stride_c)
    c_mask_t = (offs_cn[:, None] < M) & (offs_cm[None, :] < M)
    tl.store(c_ptrs_t, output.T, mask=c_mask_t)

def XXT(A: torch.Tensor, out: torch.Tensor):
    """
    Launch Triton kernel to compute C = A @ A.T
    """
    assert A.ndim == 2 or A.ndim == 3
    M, K = A.shape[-2:]
    assert out.size(-2) == M, "Output matrix has incorrect shape"
    assert out.size(-1) == M, "Output matrix has incorrect shape"

    batch_size = A.size(0) if A.ndim == 3 else 1
    input_batch_stride = A.stride(0) if A.ndim == 3 else 0
    output_batch_stride = out.stride(0) if out.ndim == 3 else 0

    # Hardcoded configs based on H100 autotuning
    if K == 768:
        BLOCK_SIZE_M, BLOCK_SIZE_N, BLOCK_SIZE_K = 128, 128, 64
        num_stages, num_warps = 4, 4
    else:
        BLOCK_SIZE_M, BLOCK_SIZE_N, BLOCK_SIZE_K = 64, 128, 128
        num_stages, num_warps = 4, 4

    grid = (batch_size * triton.cdiv(M, BLOCK_SIZE_M) * triton.cdiv(M, BLOCK_SIZE_N),)
    XXT_kernel[grid](
        A_ptr=A,
        C_ptr=out,
        M=M,
        K=K,
        a_stride_b=input_batch_stride,
        a_stride_r=A.stride(-2),
        a_stride_c=A.stride(-1),
        c_stride_b=output_batch_stride,
        c_stride_r=out.stride(-2),
        c_stride_c=out.stride(-1),
        BLOCK_SIZE_M=BLOCK_SIZE_M,
        BLOCK_SIZE_N=BLOCK_SIZE_N,
        BLOCK_SIZE_K=BLOCK_SIZE_K,
        GROUP_SIZE_M=8,
        LOWER_UPPER=1,
        num_stages=num_stages,
        num_warps=num_warps,
    )
    return out

@triton.jit
def ba_plus_cAA_kernel(
    A_ptr, C_ptr,
    M,
    a_stride_b, a_stride_r, a_stride_c,
    c_stride_b, c_stride_r, c_stride_c,
    alpha, beta,
    BLOCK_SIZE_M: tl.constexpr,
    BLOCK_SIZE_N: tl.constexpr,
    BLOCK_SIZE_K: tl.constexpr,
    GROUP_SIZE_M: tl.constexpr,
    LOWER_UPPER: tl.constexpr,
):
    # This is mostly duplicated from XXT_kernel, but also loads and adds a block of A
    # Performance is slightly slower than XXT_kernel, so we use two separate kernels
    pid = tl.program_id(axis=0)
    batch_idx, m_idx, n_idx = _pid_to_block(
        pid, M, BLOCK_SIZE_M, BLOCK_SIZE_N, GROUP_SIZE_M
    )

    # Skip blocks that don't need to be computed
    skip_block_below_diag = (LOWER_UPPER == 0) and (n_idx + BLOCK_SIZE_N <= m_idx)
    skip_block_above_diag = (LOWER_UPPER != 0) and (m_idx + BLOCK_SIZE_M <= n_idx)
    if skip_block_below_diag or skip_block_above_diag:
        return

    # Index into one matrix of batch
    A_ptr += batch_idx * a_stride_b
    C_ptr += batch_idx * c_stride_b

    # Create pointer arrays for A and A.T
    offs_m = (m_idx + tl.arange(0, BLOCK_SIZE_M)) % M
    offs_n = (n_idx + tl.arange(0, BLOCK_SIZE_N)) % M
    offs_k = tl.arange(0, BLOCK_SIZE_K)
    a_ptrs = A_ptr + (offs_m[:, None] * a_stride_r + offs_k[None, :] * a_stride_c)
    at_ptrs = A_ptr + (offs_k[:, None] * a_stride_c + offs_n[None, :] * a_stride_r)

    accumulator = tl.zeros((BLOCK_SIZE_M, BLOCK_SIZE_N), dtype=tl.float32)

    # Accumulate over blocks of K
    for k in tl.range(0, tl.cdiv(M, BLOCK_SIZE_K)):
        a = tl.load(a_ptrs, mask=offs_k[None, :] < M - k * BLOCK_SIZE_K, other=0.0)
        at = tl.load(at_ptrs, mask=offs_k[:, None] < M - k * BLOCK_SIZE_K, other=0.0)
        accumulator = tl.dot(a, at, accumulator)
        a_ptrs += BLOCK_SIZE_K * a_stride_c
        at_ptrs += BLOCK_SIZE_K * a_stride_c

    # Load block of A to add (corresponds to the current block of C)
    offs_am = m_idx + tl.arange(0, BLOCK_SIZE_M)
    offs_an = n_idx + tl.arange(0, BLOCK_SIZE_N)
    a_add_ptrs = A_ptr + (offs_am[:, None] * a_stride_r + offs_an[None, :] * a_stride_c)
    a_add_mask = (offs_am[:, None] < M) & (offs_an[None, :] < M)
    a_add = tl.load(a_add_ptrs, mask=a_add_mask, other=0.0).to(tl.float32)

    # Apply alpha and beta
    accumulator *= alpha
    accumulator += a_add * beta

    out_dtype = C_ptr.dtype.element_ty
    output = accumulator.to(out_dtype)

    # Store block of C
    offs_cm = m_idx + tl.arange(0, BLOCK_SIZE_M)
    offs_cn = n_idx + tl.arange(0, BLOCK_SIZE_N)
    c_ptrs = C_ptr + (offs_cm[:, None] * c_stride_r + offs_cn[None, :] * c_stride_c)
    c_mask = (offs_cm[:, None] < M) & (offs_cn[None, :] < M)
    tl.store(c_ptrs, output, mask=c_mask)

    # Store block of C mirrored across the diagonal
    c_ptrs_t = C_ptr + (offs_cn[:, None] * c_stride_r + offs_cm[None, :] * c_stride_c)
    c_mask_t = (offs_cn[:, None] < M) & (offs_cm[None, :] < M)
    tl.store(c_ptrs_t, output.T, mask=c_mask_t)

def ba_plus_cAA(A: torch.Tensor, alpha: float, beta: float, out: torch.Tensor):
    """
    Launch Triton kernel to compute C = alpha * A @ A.T + beta * A
    """
    assert A.ndim == 2 or A.ndim == 3
    M, K = A.shape[-2:]
    assert M == K, "Input matrix must be square"
    assert out.size(-2) == M
    assert out.size(-1) == M

    batch_size = A.size(0) if A.ndim == 3 else 1
    input_batch_stride = A.stride(0) if A.ndim == 3 else 0
    output_batch_stride = out.stride(0) if out.ndim == 3 else 0

    # Hardcoded config based on H100 autotuning (M=768)
    BLOCK_SIZE_M, BLOCK_SIZE_N, BLOCK_SIZE_K = 128, 128, 64
    num_stages, num_warps = 4, 4

    grid = (batch_size * triton.cdiv(M, BLOCK_SIZE_M) * triton.cdiv(M, BLOCK_SIZE_N),)
    ba_plus_cAA_kernel[grid](
        A_ptr=A,
        C_ptr=out,
        M=M,
        a_stride_b=input_batch_stride,
        a_stride_r=A.stride(-2),
        a_stride_c=A.stride(-1),
        c_stride_b=output_batch_stride,
        c_stride_r=out.stride(-2),
        c_stride_c=out.stride(-1),
        alpha=alpha,
        beta=beta,
        BLOCK_SIZE_M=BLOCK_SIZE_M,
        BLOCK_SIZE_N=BLOCK_SIZE_N,
        BLOCK_SIZE_K=BLOCK_SIZE_K,
        GROUP_SIZE_M=8,
        LOWER_UPPER=1,
        num_stages=num_stages,
        num_warps=num_warps,
    )
    return out

# -----------------------------------------------------------------------------
# Triton kernel for MLP: relu(x @ W1.T)^2, by @andrewbriand, @jrauvola

@triton.jit
def linear_relu_square_kernel(a_desc, b_desc, c_desc, aux_desc,
                                 M, N, K,
                                 BLOCK_SIZE_M: tl.constexpr,
                                 BLOCK_SIZE_N: tl.constexpr,
                                 BLOCK_SIZE_K: tl.constexpr,
                                 GROUP_SIZE_M: tl.constexpr,
                                 NUM_SMS: tl.constexpr,
                                 FORWARD: tl.constexpr,
                                 ):
    dtype = tl.bfloat16
    start_pid = tl.program_id(axis=0)
    num_pid_m = tl.cdiv(M, BLOCK_SIZE_M)
    num_pid_n = tl.cdiv(N, BLOCK_SIZE_N)
    k_tiles = tl.cdiv(K, BLOCK_SIZE_K)
    num_tiles = num_pid_m * num_pid_n

    tile_id_c = start_pid - NUM_SMS
    num_pid_in_group = GROUP_SIZE_M * num_pid_n

    for tile_id in tl.range(start_pid, num_tiles, NUM_SMS, flatten=True):
        pid_m = tile_id // num_pid_n
        pid_n = tile_id % num_pid_n
        offs_am = pid_m * BLOCK_SIZE_M
        offs_bn = pid_n * BLOCK_SIZE_N

        accumulator = tl.zeros((BLOCK_SIZE_M, BLOCK_SIZE_N), dtype=tl.float32)
        for ki in range(k_tiles):
            offs_k = ki * BLOCK_SIZE_K
            a = a_desc.load([offs_am, offs_k])
            b = b_desc.load([offs_bn, offs_k])
            accumulator = tl.dot(a, b.T, accumulator)

        tile_id_c += NUM_SMS
        pid_m = tile_id // num_pid_n
        pid_n = tile_id % num_pid_n
        offs_am_c = pid_m * BLOCK_SIZE_M
        offs_bn_c = pid_n * BLOCK_SIZE_N

        acc = tl.reshape(accumulator, (BLOCK_SIZE_M, 2, BLOCK_SIZE_N // 2))
        acc = tl.permute(acc, (0, 2, 1))
        acc0, acc1 = tl.split(acc)

        c0 = acc0.to(dtype)
        if not FORWARD:
            c0_pre = aux_desc.load([offs_am_c, offs_bn_c])
            c0 = 2 * c0 * tl.where(c0_pre > 0, c0_pre, 0)

        c_desc.store([offs_am_c, offs_bn_c], c0)

        if FORWARD:
            c0_post = tl.maximum(c0, 0)
            c0_post = c0_post * c0_post
            aux_desc.store([offs_am_c, offs_bn_c], c0_post)

        c1 = acc1.to(dtype)
        if not FORWARD:
            c1_pre = aux_desc.load([offs_am_c, offs_bn_c + BLOCK_SIZE_N // 2])
            c1 = 2 * c1 * tl.where(c1_pre > 0, c1_pre, 0)

        c_desc.store([offs_am_c, offs_bn_c + BLOCK_SIZE_N // 2], c1)

        if FORWARD:
            c1_post = tl.maximum(c1, 0)
            c1_post = c1_post * c1_post
            aux_desc.store([offs_am_c, offs_bn_c + BLOCK_SIZE_N // 2], c1_post)


def linear_relu_square(a, b, aux=None):
    M, K = a.shape
    N, K = b.shape
    dtype = a.dtype

    c = torch.empty((M, N), device=a.device, dtype=dtype)

    FORWARD = False
    if aux is None:
        FORWARD = True
        aux = torch.empty((M, N), device=a.device, dtype=dtype)

    NUM_SMS = torch.cuda.get_device_properties("cuda").multi_processor_count

    BLOCK_SIZE_M = 128
    BLOCK_SIZE_N = 256
    BLOCK_SIZE_K = 64
    num_stages = 4 if FORWARD else 3
    num_warps = 8

    a_desc = TensorDescriptor.from_tensor(a, [BLOCK_SIZE_M, BLOCK_SIZE_K])
    b_desc = TensorDescriptor.from_tensor(b, [BLOCK_SIZE_N, BLOCK_SIZE_K])
    c_desc = TensorDescriptor.from_tensor(c, [BLOCK_SIZE_M, BLOCK_SIZE_N // 2])
    aux_desc = TensorDescriptor.from_tensor(aux, [BLOCK_SIZE_M, BLOCK_SIZE_N // 2])

    def grid(META):
        return (min(
            NUM_SMS,
            triton.cdiv(M, BLOCK_SIZE_M) * triton.cdiv(N, BLOCK_SIZE_N),
        ), )

    linear_relu_square_kernel[grid](
        a_desc, b_desc, c_desc, aux_desc,
        M, N, K,
        BLOCK_SIZE_M=BLOCK_SIZE_M,
        BLOCK_SIZE_N=BLOCK_SIZE_N,
        BLOCK_SIZE_K=BLOCK_SIZE_K,
        GROUP_SIZE_M=1,
        NUM_SMS=NUM_SMS,
        FORWARD=FORWARD,
        num_stages=num_stages,
        num_warps=num_warps
    )

    if FORWARD:
        return c, aux
    else:
        return c

class FusedLinearReLUSquareFunction(torch.autograd.Function):
    @staticmethod
    def forward(ctx, x, W1, W2):
        pre, post = linear_relu_square(x.view((-1, x.shape[-1])), W1)
        x3 = post @ W2
        ctx.save_for_backward(x, W1, W2, pre, post)
        return x3.view(x.shape)

    @staticmethod
    def backward(ctx, grad_output):
        x, W1, W2, pre, post = ctx.saved_tensors
        dW2 = post.T @ grad_output
        dpre = linear_relu_square(grad_output.view((-1, grad_output.shape[-1])), W2, aux=pre)
        dW1 = dpre.T @ x
        dx = dpre @ W1
        return dx.view(x.shape), dW1, dW2

# -----------------------------------------------------------------------------
# Fused Softcapped Cross Entropy


@triton.jit
def fused_softcapped_entropy_fwd_kernel(
    logits_ptr, losses_ptr, lse_ptr, targets_ptr, mtp_weights_ptr,
    stride_logits_n, stride_logits_v,
    n_rows, n_cols, n_predict,
    A, B, C,
    BLOCK_SIZE: tl.constexpr
):
    row_idx = tl.program_id(0).to(tl.int64)
    logits_row_ptr = logits_ptr + row_idx * stride_logits_n

    max_val = -float('inf')
    sum_exp = 0.0

    for off in range(0, n_cols, BLOCK_SIZE):
        cols = off + tl.arange(0, BLOCK_SIZE)
        mask = cols < n_cols
        val = tl.load(logits_row_ptr + cols, mask=mask, other=-float('inf')).to(tl.float32)
        z = A * tl.sigmoid((val + B) / C)
        z = tl.where(mask, z, -float('inf'))
        curr_max = tl.max(z, axis=0)
        new_max = tl.maximum(max_val, curr_max)
        sum_exp = sum_exp * tl.exp(max_val - new_max) + tl.sum(tl.exp(z - new_max), axis=0)
        max_val = new_max

    lse = max_val + tl.log(sum_exp)
    tl.store(lse_ptr + row_idx, lse)

    total_loss = 0.0
    for k in range(n_predict):
        target_idx = row_idx + k
        if target_idx < n_rows:
            weight = tl.load(mtp_weights_ptr + k)
            if weight > 0:
                target = tl.load(targets_ptr + target_idx).to(tl.int32)
                if target >= 0 and target < n_cols:
                    val_target = tl.load(logits_row_ptr + target).to(tl.float32)
                    z_target = A * tl.sigmoid((val_target + B) / C)
                    total_loss += weight * (lse - z_target)

    tl.store(losses_ptr + row_idx, total_loss)

@triton.jit
def fused_softcapped_entropy_bwd_kernel(
    grad_input_ptr, grad_output_ptr, lse_ptr, logits_ptr, targets_ptr, mtp_weights_ptr,
    stride_logits_n, stride_logits_v, stride_grad_n, stride_grad_v,
    n_rows, n_cols, n_predict,
    A, B, C,
    BLOCK_SIZE: tl.constexpr
):
    row_idx = tl.program_id(0).to(tl.int64)

    logits_row_ptr = logits_ptr + row_idx * stride_logits_n
    grad_row_ptr = grad_input_ptr + row_idx * stride_grad_n

    lse = tl.load(lse_ptr + row_idx)
    grad_loss = tl.load(grad_output_ptr + row_idx)

    S_w = 0.0
    for k in range(n_predict):
        if row_idx + k < n_rows:
            S_w += tl.load(mtp_weights_ptr + k)

    for off in range(0, n_cols, BLOCK_SIZE):
        cols = off + tl.arange(0, BLOCK_SIZE)
        mask = cols < n_cols
        val = tl.load(logits_row_ptr + cols, mask=mask, other=0.0).to(tl.float32)
        u = (val + B) / C
        sigmoid_u = tl.sigmoid(u)
        z = A * sigmoid_u
        p = tl.exp(z - lse)

        term1 = S_w * p
        term2 = tl.zeros([BLOCK_SIZE], dtype=tl.float32)
        for k in range(n_predict):
            if row_idx + k < n_rows:
                target = tl.load(targets_ptr + row_idx + k).to(tl.int32)
                weight = tl.load(mtp_weights_ptr + k)
                term2 += tl.where(cols == target, weight, 0.0)

        grad_z = grad_loss * (term1 - term2)
        dz_dx = (1.0 / C) * z * (1.0 - sigmoid_u)
        grad_x = grad_z * dz_dx
        tl.store(grad_row_ptr + cols, grad_x.to(tl.bfloat16), mask=mask)

class FusedSoftcappedCrossEntropy(torch.autograd.Function):
    @staticmethod
    def forward(ctx, logits, targets, mtp_weights, A=23.0, B=5.0, C=7.5):
        n_rows, n_cols = logits.shape
        if mtp_weights is None:
             mtp_weights = torch.tensor([1.0], device=logits.device, dtype=torch.float32)
        n_predict = mtp_weights.shape[0]

        losses = torch.empty(n_rows, dtype=torch.float32, device=logits.device)
        lse = torch.empty(n_rows, dtype=torch.float32, device=logits.device)

        logits = logits.contiguous()
        targets = targets.contiguous()
        mtp_weights = mtp_weights.contiguous()

        grid = (n_rows,)
        fused_softcapped_entropy_fwd_kernel[grid](
            logits, losses, lse, targets, mtp_weights,
            logits.stride(0), logits.stride(1),
            n_rows, n_cols, n_predict,
            A, B, C,
            BLOCK_SIZE=1024,
            num_warps=8,
            num_stages=4
        )

        ctx.save_for_backward(logits, targets, mtp_weights, lse)
        ctx.params = (A, B, C)
        return losses

    @staticmethod
    def backward(ctx, grad_output):
        logits, targets, mtp_weights, lse = ctx.saved_tensors
        A, B, C = ctx.params
        n_rows, n_cols = logits.shape
        n_predict = mtp_weights.shape[0]

        grad_input = torch.empty((n_rows, n_cols), dtype=torch.bfloat16, device=logits.device)
        grad_output = grad_output.contiguous()

        grid = (n_rows,)
        fused_softcapped_entropy_bwd_kernel[grid](
            grad_input, grad_output, lse, logits, targets, mtp_weights,
            logits.stride(0), logits.stride(1), grad_input.stride(0), grad_input.stride(1),
            n_rows, n_cols, n_predict,
            A, B, C,
            BLOCK_SIZE=1024,
            num_warps=8,
            num_stages=4
        )
        return grad_input, None, None, None, None, None

====================================================================================================
Running Python 3.10.19 (main, Oct 21 2025, 16:43:05) [GCC 11.2.0]
Running PyTorch 2.10.0.dev20251210+cu126 compiled for CUDA 12.6
Running Triton version 3.6.0
Thu Feb  5 20:49:09 2026       
+-----------------------------------------------------------------------------------------+
| NVIDIA-SMI 570.195.03             Driver Version: 570.195.03     CUDA Version: 12.8     |
|-----------------------------------------+------------------------+----------------------+
| GPU  Name                 Persistence-M | Bus-Id          Disp.A | Volatile Uncorr. ECC |
| Fan  Temp   Perf          Pwr:Usage/Cap |           Memory-Usage | GPU-Util  Compute M. |
|                                         |                        |               MIG M. |
|=========================================+========================+======================|
|   0  NVIDIA H100 PCIe               On  |   00000000:00:0E.0 Off |                    0 |
| N/A   26C    P0             77W /  310W |    1103MiB /  81559MiB |      0%      Default |
|                                         |                        |             Disabled |
+-----------------------------------------+------------------------+----------------------+
                                                                                         
+-----------------------------------------------------------------------------------------+
| Processes:                                                                              |
|  GPU   GI   CI              PID   Type   Process name                        GPU Memory |
|        ID   ID                                                               Usage      |
|=========================================================================================|
|    0   N/A  N/A           15924      C   .../envs/speedrun/bin/python3.10       1094MiB |
+-----------------------------------------------------------------------------------------+

====================================================================================================
Compiling model and warming up kernels (~7 minutes on first execution)
Sampling steps [0, 1, 2, 504, 505, 506, 1009, 1010, 1011, 1514, 1515, 1516] for warmup
Resetting Model
step:0/1555 starting test-time training...
step:0/1555 val_step:0/320 val_loss:10.8298 chunk_loss:0.0000 is_adam_step=False train_time:0ms step_avg:0.03ms
step:0/1555 val_step:1/320 val_loss:10.8294 chunk_loss:0.0000 is_adam_step=True train_time:0ms step_avg:0.03ms
step:0/1555 val_step:2/320 val_loss:10.8290 chunk_loss:0.0000 is_adam_step=False train_time:0ms step_avg:0.03ms
step:0/1555 val_step:3/320 val_loss:10.8292 chunk_loss:0.0000 is_adam_step=True train_time:0ms step_avg:0.03ms
step:0/1555 val_step:4/320 val_loss:10.8293 chunk_loss:0.0000 is_adam_step=False train_time:0ms step_avg:0.03ms
step:0/1555 val_step:5/320 val_loss:10.8292 chunk_loss:0.0000 is_adam_step=True train_time:0ms step_avg:0.03ms
step:0/1555 val_step:6/320 val_loss:10.8294 chunk_loss:0.0000 is_adam_step=False train_time:0ms step_avg:0.03ms
step:0/1555 val_step:7/320 val_loss:10.8291 chunk_loss:0.0000 is_adam_step=True train_time:0ms step_avg:0.03ms
step:0/1555 val_step:8/320 val_loss:10.8290 chunk_loss:0.0000 is_adam_step=False train_time:0ms step_avg:0.03ms
step:0/1555 val_step:9/320 val_loss:10.8290 chunk_loss:0.0000 is_adam_step=True train_time:0ms step_avg:0.03ms
step:0/1555 val_step:10/320 val_loss:10.8290 chunk_loss:0.0000 is_adam_step=False train_time:0ms step_avg:0.03ms
step:0/1555 val_step:11/320 val_loss:10.8291 chunk_loss:0.0000 is_adam_step=True train_time:0ms step_avg:0.03ms
step:0/1555 val_step:12/320 val_loss:10.8291 chunk_loss:0.0000 is_adam_step=False train_time:0ms step_avg:0.03ms
step:0/1555 val_step:13/320 val_loss:10.8290 chunk_loss:0.0000 is_adam_step=True train_time:0ms step_avg:0.03ms
step:0/1555 val_step:14/320 val_loss:10.8289 chunk_loss:0.0000 is_adam_step=False train_time:0ms step_avg:0.03ms
step:0/1555 val_step:15/320 val_loss:10.8289 chunk_loss:0.0000 is_adam_step=True train_time:0ms step_avg:0.03ms
step:0/1555 val_step:16/320 val_loss:10.8289 chunk_loss:0.0000 is_adam_step=False train_time:0ms step_avg:0.03ms
step:0/1555 val_step:17/320 val_loss:10.8290 chunk_loss:0.0000 is_adam_step=True train_time:0ms step_avg:0.03ms
step:0/1555 val_step:18/320 val_loss:10.8290 chunk_loss:0.0000 is_adam_step=False train_time:0ms step_avg:0.03ms
step:0/1555 val_step:19/320 val_loss:10.8290 chunk_loss:0.0000 is_adam_step=True train_time:0ms step_avg:0.03ms
step:0/1555 val_step:20/320 val_loss:10.8290 chunk_loss:0.0000 is_adam_step=False train_time:0ms step_avg:0.03ms
step:0/1555 val_step:21/320 val_loss:10.8290 chunk_loss:0.0000 is_adam_step=True train_time:0ms step_avg:0.03ms
step:0/1555 val_step:22/320 val_loss:10.8290 chunk_loss:0.0000 is_adam_step=False train_time:0ms step_avg:0.03ms
step:0/1555 val_step:23/320 val_loss:10.8290 chunk_loss:0.0000 is_adam_step=True train_time:0ms step_avg:0.03ms
step:0/1555 val_step:24/320 val_loss:10.8291 chunk_loss:0.0000 is_adam_step=False train_time:0ms step_avg:0.03ms
step:0/1555 val_step:25/320 val_loss:10.8291 chunk_loss:0.0000 is_adam_step=True train_time:0ms step_avg:0.03ms
step:0/1555 val_step:26/320 val_loss:10.8290 chunk_loss:0.0000 is_adam_step=False train_time:0ms step_avg:0.03ms
step:0/1555 val_step:27/320 val_loss:10.8291 chunk_loss:0.0000 is_adam_step=True train_time:0ms step_avg:0.03ms
step:0/1555 val_step:28/320 val_loss:10.8290 chunk_loss:0.0000 is_adam_step=False train_time:0ms step_avg:0.03ms
step:0/1555 val_step:29/320 val_loss:10.8290 chunk_loss:0.0000 is_adam_step=True train_time:0ms step_avg:0.03ms
step:0/1555 val_step:30/320 val_loss:10.8290 chunk_loss:0.0000 is_adam_step=False train_time:0ms step_avg:0.03ms
step:0/1555 val_step:31/320 val_loss:10.8290 chunk_loss:0.0000 is_adam_step=True train_time:0ms step_avg:0.03ms
step:0/1555 val_step:32/320 val_loss:10.8290 chunk_loss:0.0000 is_adam_step=False train_time:0ms step_avg:0.03ms
step:0/1555 val_step:33/320 val_loss:10.8289 chunk_loss:0.0000 is_adam_step=True train_time:0ms step_avg:0.03ms
step:0/1555 val_step:34/320 val_loss:10.8289 chunk_loss:0.0000 is_adam_step=False train_time:0ms step_avg:0.03ms
step:0/1555 val_step:35/320 val_loss:10.8289 chunk_loss:0.0000 is_adam_step=True train_time:0ms step_avg:0.03ms
step:0/1555 val_step:36/320 val_loss:10.8289 chunk_loss:0.0000 is_adam_step=False train_time:0ms step_avg:0.03ms
step:0/1555 val_step:37/320 val_loss:10.8289 chunk_loss:0.0000 is_adam_step=True train_time:0ms step_avg:0.03ms
step:0/1555 val_step:38/320 val_loss:10.8290 chunk_loss:0.0000 is_adam_step=False train_time:0ms step_avg:0.03ms
step:0/1555 val_step:39/320 val_loss:10.8290 chunk_loss:0.0000 is_adam_step=True train_time:0ms step_avg:0.03ms
step:0/1555 val_step:40/320 val_loss:10.8289 chunk_loss:0.0000 is_adam_step=False train_time:0ms step_avg:0.03ms
step:0/1555 val_step:41/320 val_loss:10.8289 chunk_loss:0.0000 is_adam_step=True train_time:0ms step_avg:0.03ms
step:0/1555 val_step:42/320 val_loss:10.8289 chunk_loss:0.0000 is_adam_step=False train_time:0ms step_avg:0.03ms
step:0/1555 val_step:43/320 val_loss:10.8289 chunk_loss:0.0000 is_adam_step=True train_time:0ms step_avg:0.03ms
step:0/1555 val_step:44/320 val_loss:10.8289 chunk_loss:0.0000 is_adam_step=False train_time:0ms step_avg:0.03ms
step:0/1555 val_step:45/320 val_loss:10.8289 chunk_loss:0.0000 is_adam_step=True train_time:0ms step_avg:0.03ms
step:0/1555 val_step:46/320 val_loss:10.8289 chunk_loss:0.0000 is_adam_step=False train_time:0ms step_avg:0.03ms
step:0/1555 val_step:47/320 val_loss:10.8289 chunk_loss:0.0000 is_adam_step=True train_time:0ms step_avg:0.03ms
step:0/1555 val_step:48/320 val_loss:10.8289 chunk_loss:0.0000 is_adam_step=False train_time:0ms step_avg:0.03ms
step:0/1555 val_step:49/320 val_loss:10.8289 chunk_loss:0.0000 is_adam_step=True train_time:0ms step_avg:0.03ms
step:0/1555 val_step:50/320 val_loss:10.8289 chunk_loss:0.0000 is_adam_step=False train_time:0ms step_avg:0.03ms
step:0/1555 val_step:51/320 val_loss:10.8289 chunk_loss:0.0000 is_adam_step=True train_time:0ms step_avg:0.03ms
step:0/1555 val_step:52/320 val_loss:10.8289 chunk_loss:0.0000 is_adam_step=False train_time:0ms step_avg:0.03ms
step:0/1555 val_step:53/320 val_loss:10.8289 chunk_loss:0.0000 is_adam_step=True train_time:0ms step_avg:0.03ms
step:0/1555 val_step:54/320 val_loss:10.8289 chunk_loss:0.0000 is_adam_step=False train_time:0ms step_avg:0.03ms
step:0/1555 val_step:55/320 val_loss:10.8288 chunk_loss:0.0000 is_adam_step=True train_time:0ms step_avg:0.03ms
step:0/1555 val_step:56/320 val_loss:10.8288 chunk_loss:0.0000 is_adam_step=False train_time:0ms step_avg:0.03ms
step:0/1555 val_step:57/320 val_loss:10.8289 chunk_loss:0.0000 is_adam_step=True train_time:0ms step_avg:0.03ms
step:0/1555 val_step:58/320 val_loss:10.8289 chunk_loss:0.0000 is_adam_step=False train_time:0ms step_avg:0.03ms
step:0/1555 val_step:59/320 val_loss:10.8289 chunk_loss:0.0000 is_adam_step=True train_time:0ms step_avg:0.03ms
step:0/1555 val_step:60/320 val_loss:10.8289 chunk_loss:0.0000 is_adam_step=False train_time:0ms step_avg:0.03ms
step:0/1555 val_step:61/320 val_loss:10.8289 chunk_loss:0.0000 is_adam_step=True train_time:0ms step_avg:0.03ms
step:0/1555 val_step:62/320 val_loss:10.8289 chunk_loss:0.0000 is_adam_step=False train_time:0ms step_avg:0.03ms
step:0/1555 val_step:63/320 val_loss:10.8289 chunk_loss:0.0000 is_adam_step=True train_time:0ms step_avg:0.03ms
step:0/1555 val_step:64/320 val_loss:10.8289 chunk_loss:0.0000 is_adam_step=False train_time:0ms step_avg:0.03ms
step:0/1555 val_step:65/320 val_loss:10.8289 chunk_loss:0.0000 is_adam_step=True train_time:0ms step_avg:0.03ms
step:0/1555 val_step:66/320 val_loss:10.8289 chunk_loss:0.0000 is_adam_step=False train_time:0ms step_avg:0.03ms
step:0/1555 val_step:67/320 val_loss:10.8289 chunk_loss:0.0000 is_adam_step=True train_time:0ms step_avg:0.03ms
step:0/1555 val_step:68/320 val_loss:10.8290 chunk_loss:0.0000 is_adam_step=False train_time:0ms step_avg:0.03ms
step:0/1555 val_step:69/320 val_loss:10.8290 chunk_loss:0.0000 is_adam_step=True train_time:0ms step_avg:0.03ms
step:0/1555 val_step:70/320 val_loss:10.8289 chunk_loss:0.0000 is_adam_step=False train_time:0ms step_avg:0.03ms
step:0/1555 val_step:71/320 val_loss:10.8289 chunk_loss:0.0000 is_adam_step=True train_time:0ms step_avg:0.03ms
step:0/1555 val_step:72/320 val_loss:10.8290 chunk_loss:0.0000 is_adam_step=False train_time:0ms step_avg:0.03ms
step:0/1555 val_step:73/320 val_loss:10.8289 chunk_loss:0.0000 is_adam_step=True train_time:0ms step_avg:0.03ms
step:0/1555 val_step:74/320 val_loss:10.8289 chunk_loss:0.0000 is_adam_step=False train_time:0ms step_avg:0.03ms
step:0/1555 val_step:75/320 val_loss:10.8289 chunk_loss:0.0000 is_adam_step=True train_time:0ms step_avg:0.03ms
step:0/1555 val_step:76/320 val_loss:10.8289 chunk_loss:0.0000 is_adam_step=False train_time:0ms step_avg:0.03ms
step:0/1555 val_step:77/320 val_loss:10.8289 chunk_loss:0.0000 is_adam_step=True train_time:0ms step_avg:0.03ms
step:0/1555 val_step:78/320 val_loss:10.8289 chunk_loss:0.0000 is_adam_step=False train_time:0ms step_avg:0.03ms
step:0/1555 val_step:79/320 val_loss:10.8290 chunk_loss:0.0000 is_adam_step=True train_time:0ms step_avg:0.03ms
step:0/1555 val_step:80/320 val_loss:10.8290 chunk_loss:0.0000 is_adam_step=False train_time:0ms step_avg:0.03ms
step:0/1555 val_step:81/320 val_loss:10.8290 chunk_loss:0.0000 is_adam_step=True train_time:0ms step_avg:0.03ms
step:0/1555 val_step:82/320 val_loss:10.8290 chunk_loss:0.0000 is_adam_step=False train_time:0ms step_avg:0.03ms
step:0/1555 val_step:83/320 val_loss:10.8290 chunk_loss:0.0000 is_adam_step=True train_time:0ms step_avg:0.03ms
step:0/1555 val_step:84/320 val_loss:10.8290 chunk_loss:0.0000 is_adam_step=False train_time:0ms step_avg:0.03ms
step:0/1555 val_step:85/320 val_loss:10.8290 chunk_loss:0.0000 is_adam_step=True train_time:0ms step_avg:0.03ms
step:0/1555 val_step:86/320 val_loss:10.8290 chunk_loss:0.0000 is_adam_step=False train_time:0ms step_avg:0.03ms
step:0/1555 val_step:87/320 val_loss:10.8290 chunk_loss:0.0000 is_adam_step=True train_time:0ms step_avg:0.03ms
step:0/1555 val_step:88/320 val_loss:10.8290 chunk_loss:0.0000 is_adam_step=False train_time:0ms step_avg:0.03ms
step:0/1555 val_step:89/320 val_loss:10.8290 chunk_loss:0.0000 is_adam_step=True train_time:0ms step_avg:0.03ms
step:0/1555 val_step:90/320 val_loss:10.8290 chunk_loss:0.0000 is_adam_step=False train_time:0ms step_avg:0.03ms
step:0/1555 val_step:91/320 val_loss:10.8290 chunk_loss:0.0000 is_adam_step=True train_time:0ms step_avg:0.03ms
step:0/1555 val_step:92/320 val_loss:10.8290 chunk_loss:0.0000 is_adam_step=False train_time:0ms step_avg:0.03ms
step:0/1555 val_step:93/320 val_loss:10.8290 chunk_loss:0.0000 is_adam_step=True train_time:0ms step_avg:0.03ms
step:0/1555 val_step:94/320 val_loss:10.8290 chunk_loss:0.0000 is_adam_step=False train_time:0ms step_avg:0.03ms
step:0/1555 val_step:95/320 val_loss:10.8290 chunk_loss:0.0000 is_adam_step=True train_time:0ms step_avg:0.03ms
step:0/1555 val_step:96/320 val_loss:10.8290 chunk_loss:0.0000 is_adam_step=False train_time:0ms step_avg:0.03ms
step:0/1555 val_step:97/320 val_loss:10.8290 chunk_loss:0.0000 is_adam_step=True train_time:0ms step_avg:0.03ms
step:0/1555 val_step:98/320 val_loss:10.8290 chunk_loss:0.0000 is_adam_step=False train_time:0ms step_avg:0.03ms
step:0/1555 val_step:99/320 val_loss:10.8289 chunk_loss:0.0000 is_adam_step=True train_time:0ms step_avg:0.03ms
step:0/1555 val_step:100/320 val_loss:10.8289 chunk_loss:0.0000 is_adam_step=False train_time:0ms step_avg:0.03ms
step:0/1555 val_step:101/320 val_loss:10.8289 chunk_loss:0.0000 is_adam_step=True train_time:0ms step_avg:0.03ms
step:0/1555 val_step:102/320 val_loss:10.8289 chunk_loss:0.0000 is_adam_step=False train_time:0ms step_avg:0.03ms
step:0/1555 val_step:103/320 val_loss:10.8289 chunk_loss:0.0000 is_adam_step=True train_time:0ms step_avg:0.03ms
step:0/1555 val_step:104/320 val_loss:10.8289 chunk_loss:0.0000 is_adam_step=False train_time:0ms step_avg:0.03ms
step:0/1555 val_step:105/320 val_loss:10.8289 chunk_loss:0.0000 is_adam_step=True train_time:0ms step_avg:0.03ms
step:0/1555 val_step:106/320 val_loss:10.8289 chunk_loss:0.0000 is_adam_step=False train_time:0ms step_avg:0.03ms
step:0/1555 val_step:107/320 val_loss:10.8289 chunk_loss:0.0000 is_adam_step=True train_time:0ms step_avg:0.03ms
step:0/1555 val_step:108/320 val_loss:10.8289 chunk_loss:0.0000 is_adam_step=False train_time:0ms step_avg:0.03ms
step:0/1555 val_step:109/320 val_loss:10.8289 chunk_loss:0.0000 is_adam_step=True train_time:0ms step_avg:0.03ms
step:0/1555 val_step:110/320 val_loss:10.8289 chunk_loss:0.0000 is_adam_step=False train_time:0ms step_avg:0.03ms
step:0/1555 val_step:111/320 val_loss:10.8289 chunk_loss:0.0000 is_adam_step=True train_time:0ms step_avg:0.03ms
step:0/1555 val_step:112/320 val_loss:10.8289 chunk_loss:0.0000 is_adam_step=False train_time:0ms step_avg:0.03ms
step:0/1555 val_step:113/320 val_loss:10.8289 chunk_loss:0.0000 is_adam_step=True train_time:0ms step_avg:0.03ms
step:0/1555 val_step:114/320 val_loss:10.8289 chunk_loss:0.0000 is_adam_step=False train_time:0ms step_avg:0.03ms
step:0/1555 val_step:115/320 val_loss:10.8289 chunk_loss:0.0000 is_adam_step=True train_time:0ms step_avg:0.03ms
step:0/1555 val_step:116/320 val_loss:10.8289 chunk_loss:0.0000 is_adam_step=False train_time:0ms step_avg:0.03ms
step:0/1555 val_step:117/320 val_loss:10.8289 chunk_loss:0.0000 is_adam_step=True train_time:0ms step_avg:0.03ms
step:0/1555 val_step:118/320 val_loss:10.8289 chunk_loss:0.0000 is_adam_step=False train_time:0ms step_avg:0.03ms
step:0/1555 val_step:119/320 val_loss:10.8289 chunk_loss:0.0000 is_adam_step=True train_time:0ms step_avg:0.03ms
step:0/1555 val_step:120/320 val_loss:10.8289 chunk_loss:0.0000 is_adam_step=False train_time:0ms step_avg:0.03ms
step:0/1555 val_step:121/320 val_loss:10.8289 chunk_loss:0.0000 is_adam_step=True train_time:0ms step_avg:0.03ms
step:0/1555 val_step:122/320 val_loss:10.8289 chunk_loss:0.0000 is_adam_step=False train_time:0ms step_avg:0.03ms
step:0/1555 val_step:123/320 val_loss:10.8289 chunk_loss:0.0000 is_adam_step=True train_time:0ms step_avg:0.03ms
step:0/1555 val_step:124/320 val_loss:10.8289 chunk_loss:0.0000 is_adam_step=False train_time:0ms step_avg:0.03ms
step:0/1555 val_step:125/320 val_loss:10.8289 chunk_loss:0.0000 is_adam_step=True train_time:0ms step_avg:0.03ms
step:0/1555 val_step:126/320 val_loss:10.8289 chunk_loss:0.0000 is_adam_step=False train_time:0ms step_avg:0.03ms
step:0/1555 val_step:127/320 val_loss:10.8289 chunk_loss:0.0000 is_adam_step=True train_time:0ms step_avg:0.03ms
step:0/1555 val_step:128/320 val_loss:10.8289 chunk_loss:0.0000 is_adam_step=False train_time:0ms step_avg:0.03ms
step:0/1555 val_step:129/320 val_loss:10.8289 chunk_loss:0.0000 is_adam_step=True train_time:0ms step_avg:0.03ms
step:0/1555 val_step:130/320 val_loss:10.8289 chunk_loss:0.0000 is_adam_step=False train_time:0ms step_avg:0.03ms
step:0/1555 val_step:131/320 val_loss:10.8289 chunk_loss:0.0000 is_adam_step=True train_time:0ms step_avg:0.03ms
step:0/1555 val_step:132/320 val_loss:10.8289 chunk_loss:0.0000 is_adam_step=False train_time:0ms step_avg:0.03ms
step:0/1555 val_step:133/320 val_loss:10.8289 chunk_loss:0.0000 is_adam_step=True train_time:0ms step_avg:0.03ms
step:0/1555 val_step:134/320 val_loss:10.8289 chunk_loss:0.0000 is_adam_step=False train_time:0ms step_avg:0.03ms
step:0/1555 val_step:135/320 val_loss:10.8289 chunk_loss:0.0000 is_adam_step=True train_time:0ms step_avg:0.03ms
step:0/1555 val_step:136/320 val_loss:10.8289 chunk_loss:0.0000 is_adam_step=False train_time:0ms step_avg:0.03ms
step:0/1555 val_step:137/320 val_loss:10.8289 chunk_loss:0.0000 is_adam_step=True train_time:0ms step_avg:0.03ms
step:0/1555 val_step:138/320 val_loss:10.8289 chunk_loss:0.0000 is_adam_step=False train_time:0ms step_avg:0.03ms
step:0/1555 val_step:139/320 val_loss:10.8289 chunk_loss:0.0000 is_adam_step=True train_time:0ms step_avg:0.03ms
step:0/1555 val_step:140/320 val_loss:10.8289 chunk_loss:0.0000 is_adam_step=False train_time:0ms step_avg:0.03ms
step:0/1555 val_step:141/320 val_loss:10.8289 chunk_loss:0.0000 is_adam_step=True train_time:0ms step_avg:0.03ms
step:0/1555 val_step:142/320 val_loss:10.8289 chunk_loss:0.0000 is_adam_step=False train_time:0ms step_avg:0.03ms
step:0/1555 val_step:143/320 val_loss:10.8289 chunk_loss:0.0000 is_adam_step=True train_time:0ms step_avg:0.03ms
step:0/1555 val_step:144/320 val_loss:10.8289 chunk_loss:0.0000 is_adam_step=False train_time:0ms step_avg:0.03ms
step:0/1555 val_step:145/320 val_loss:10.8289 chunk_loss:0.0000 is_adam_step=True train_time:0ms step_avg:0.03ms
step:0/1555 val_step:146/320 val_loss:10.8289 chunk_loss:0.0000 is_adam_step=False train_time:0ms step_avg:0.03ms
step:0/1555 val_step:147/320 val_loss:10.8289 chunk_loss:0.0000 is_adam_step=True train_time:0ms step_avg:0.03ms
step:0/1555 val_step:148/320 val_loss:10.8289 chunk_loss:0.0000 is_adam_step=False train_time:0ms step_avg:0.03ms
step:0/1555 val_step:149/320 val_loss:10.8289 chunk_loss:0.0000 is_adam_step=True train_time:0ms step_avg:0.03ms
step:0/1555 val_step:150/320 val_loss:10.8289 chunk_loss:0.0000 is_adam_step=False train_time:0ms step_avg:0.03ms
step:0/1555 val_step:151/320 val_loss:10.8289 chunk_loss:0.0000 is_adam_step=True train_time:0ms step_avg:0.03ms
step:0/1555 val_step:152/320 val_loss:10.8289 chunk_loss:0.0000 is_adam_step=False train_time:0ms step_avg:0.03ms
step:0/1555 val_step:153/320 val_loss:10.8289 chunk_loss:0.0000 is_adam_step=True train_time:0ms step_avg:0.03ms
step:0/1555 val_step:154/320 val_loss:10.8289 chunk_loss:0.0000 is_adam_step=False train_time:0ms step_avg:0.03ms
step:0/1555 val_step:155/320 val_loss:10.8289 chunk_loss:0.0000 is_adam_step=True train_time:0ms step_avg:0.03ms
step:0/1555 val_step:156/320 val_loss:10.8289 chunk_loss:0.0000 is_adam_step=False train_time:0ms step_avg:0.03ms
step:0/1555 val_step:157/320 val_loss:10.8289 chunk_loss:0.0000 is_adam_step=True train_time:0ms step_avg:0.03ms
step:0/1555 val_step:158/320 val_loss:10.8289 chunk_loss:0.0000 is_adam_step=False train_time:0ms step_avg:0.03ms
step:0/1555 val_step:159/320 val_loss:10.8289 chunk_loss:0.0000 is_adam_step=True train_time:0ms step_avg:0.03ms
step:0/1555 val_step:160/320 val_loss:10.8289 chunk_loss:0.0000 is_adam_step=False train_time:0ms step_avg:0.03ms
step:0/1555 val_step:161/320 val_loss:10.8289 chunk_loss:0.0000 is_adam_step=True train_time:0ms step_avg:0.03ms
step:0/1555 val_step:162/320 val_loss:10.8289 chunk_loss:0.0000 is_adam_step=False train_time:0ms step_avg:0.03ms
step:0/1555 val_step:163/320 val_loss:10.8289 chunk_loss:0.0000 is_adam_step=True train_time:0ms step_avg:0.03ms
step:0/1555 val_step:164/320 val_loss:10.8290 chunk_loss:0.0000 is_adam_step=False train_time:0ms step_avg:0.03ms
step:0/1555 val_step:165/320 val_loss:10.8290 chunk_loss:0.0000 is_adam_step=True train_time:0ms step_avg:0.03ms
step:0/1555 val_step:166/320 val_loss:10.8290 chunk_loss:0.0000 is_adam_step=False train_time:0ms step_avg:0.03ms
step:0/1555 val_step:167/320 val_loss:10.8290 chunk_loss:0.0000 is_adam_step=True train_time:0ms step_avg:0.03ms
step:0/1555 val_step:168/320 val_loss:10.8290 chunk_loss:0.0000 is_adam_step=False train_time:0ms step_avg:0.03ms
step:0/1555 val_step:169/320 val_loss:10.8290 chunk_loss:0.0000 is_adam_step=True train_time:0ms step_avg:0.03ms
step:0/1555 val_step:170/320 val_loss:10.8290 chunk_loss:0.0000 is_adam_step=False train_time:0ms step_avg:0.03ms
step:0/1555 val_step:171/320 val_loss:10.8290 chunk_loss:0.0000 is_adam_step=True train_time:0ms step_avg:0.03ms
step:0/1555 val_step:172/320 val_loss:10.8290 chunk_loss:0.0000 is_adam_step=False train_time:0ms step_avg:0.03ms
step:0/1555 val_step:173/320 val_loss:10.8290 chunk_loss:0.0000 is_adam_step=True train_time:0ms step_avg:0.03ms
step:0/1555 val_step:174/320 val_loss:10.8290 chunk_loss:0.0000 is_adam_step=False train_time:0ms step_avg:0.03ms
step:0/1555 val_step:175/320 val_loss:10.8290 chunk_loss:0.0000 is_adam_step=True train_time:0ms step_avg:0.03ms
step:0/1555 val_step:176/320 val_loss:10.8290 chunk_loss:0.0000 is_adam_step=False train_time:0ms step_avg:0.03ms
step:0/1555 val_step:177/320 val_loss:10.8290 chunk_loss:0.0000 is_adam_step=True train_time:0ms step_avg:0.03ms
step:0/1555 val_step:178/320 val_loss:10.8290 chunk_loss:0.0000 is_adam_step=False train_time:0ms step_avg:0.03ms
step:0/1555 val_step:179/320 val_loss:10.8290 chunk_loss:0.0000 is_adam_step=True train_time:0ms step_avg:0.03ms
step:0/1555 val_step:180/320 val_loss:10.8290 chunk_loss:0.0000 is_adam_step=False train_time:0ms step_avg:0.03ms
step:0/1555 val_step:181/320 val_loss:10.8290 chunk_loss:0.0000 is_adam_step=True train_time:0ms step_avg:0.03ms
step:0/1555 val_step:182/320 val_loss:10.8290 chunk_loss:0.0000 is_adam_step=False train_time:0ms step_avg:0.03ms
step:0/1555 val_step:183/320 val_loss:10.8290 chunk_loss:0.0000 is_adam_step=True train_time:0ms step_avg:0.03ms
step:0/1555 val_step:184/320 val_loss:10.8290 chunk_loss:0.0000 is_adam_step=False train_time:0ms step_avg:0.03ms
step:0/1555 val_step:185/320 val_loss:10.8290 chunk_loss:0.0000 is_adam_step=True train_time:0ms step_avg:0.03ms
step:0/1555 val_step:186/320 val_loss:10.8290 chunk_loss:0.0000 is_adam_step=False train_time:0ms step_avg:0.03ms
step:0/1555 val_step:187/320 val_loss:10.8290 chunk_loss:0.0000 is_adam_step=True train_time:0ms step_avg:0.03ms
step:0/1555 val_step:188/320 val_loss:10.8290 chunk_loss:0.0000 is_adam_step=False train_time:0ms step_avg:0.03ms
step:0/1555 val_step:189/320 val_loss:10.8290 chunk_loss:0.0000 is_adam_step=True train_time:0ms step_avg:0.03ms
step:0/1555 val_step:190/320 val_loss:10.8290 chunk_loss:0.0000 is_adam_step=False train_time:0ms step_avg:0.03ms
step:0/1555 val_step:191/320 val_loss:10.8290 chunk_loss:0.0000 is_adam_step=True train_time:0ms step_avg:0.03ms
step:0/1555 val_step:192/320 val_loss:10.8290 chunk_loss:0.0000 is_adam_step=False train_time:0ms step_avg:0.03ms
step:0/1555 val_step:193/320 val_loss:10.8290 chunk_loss:0.0000 is_adam_step=True train_time:0ms step_avg:0.03ms
step:0/1555 val_step:194/320 val_loss:10.8290 chunk_loss:0.0000 is_adam_step=False train_time:0ms step_avg:0.03ms
step:0/1555 val_step:195/320 val_loss:10.8290 chunk_loss:0.0000 is_adam_step=True train_time:0ms step_avg:0.03ms
step:0/1555 val_step:196/320 val_loss:10.8290 chunk_loss:0.0000 is_adam_step=False train_time:0ms step_avg:0.03ms
step:0/1555 val_step:197/320 val_loss:10.8290 chunk_loss:0.0000 is_adam_step=True train_time:0ms step_avg:0.03ms
step:0/1555 val_step:198/320 val_loss:10.8290 chunk_loss:0.0000 is_adam_step=False train_time:0ms step_avg:0.03ms
step:0/1555 val_step:199/320 val_loss:10.8290 chunk_loss:0.0000 is_adam_step=True train_time:0ms step_avg:0.03ms
step:0/1555 val_step:200/320 val_loss:10.8290 chunk_loss:0.0000 is_adam_step=False train_time:0ms step_avg:0.03ms
step:0/1555 val_step:201/320 val_loss:10.8290 chunk_loss:0.0000 is_adam_step=True train_time:0ms step_avg:0.03ms
step:0/1555 val_step:202/320 val_loss:10.8290 chunk_loss:0.0000 is_adam_step=False train_time:0ms step_avg:0.03ms
step:0/1555 val_step:203/320 val_loss:10.8290 chunk_loss:0.0000 is_adam_step=True train_time:0ms step_avg:0.03ms
step:0/1555 val_step:204/320 val_loss:10.8290 chunk_loss:0.0000 is_adam_step=False train_time:0ms step_avg:0.03ms
step:0/1555 val_step:205/320 val_loss:10.8290 chunk_loss:0.0000 is_adam_step=True train_time:0ms step_avg:0.03ms
step:0/1555 val_step:206/320 val_loss:10.8290 chunk_loss:0.0000 is_adam_step=False train_time:0ms step_avg:0.03ms
step:0/1555 val_step:207/320 val_loss:10.8290 chunk_loss:0.0000 is_adam_step=True train_time:0ms step_avg:0.03ms
step:0/1555 val_step:208/320 val_loss:10.8290 chunk_loss:0.0000 is_adam_step=False train_time:0ms step_avg:0.03ms
step:0/1555 val_step:209/320 val_loss:10.8290 chunk_loss:0.0000 is_adam_step=True train_time:0ms step_avg:0.03ms
step:0/1555 val_step:210/320 val_loss:10.8290 chunk_loss:0.0000 is_adam_step=False train_time:0ms step_avg:0.03ms
step:0/1555 val_step:211/320 val_loss:10.8290 chunk_loss:0.0000 is_adam_step=True train_time:0ms step_avg:0.03ms
step:0/1555 val_step:212/320 val_loss:10.8290 chunk_loss:0.0000 is_adam_step=False train_time:0ms step_avg:0.03ms
step:0/1555 val_step:213/320 val_loss:10.8290 chunk_loss:0.0000 is_adam_step=True train_time:0ms step_avg:0.03ms
step:0/1555 val_step:214/320 val_loss:10.8290 chunk_loss:0.0000 is_adam_step=False train_time:0ms step_avg:0.03ms
step:0/1555 val_step:215/320 val_loss:10.8290 chunk_loss:0.0000 is_adam_step=True train_time:0ms step_avg:0.03ms
step:0/1555 val_step:216/320 val_loss:10.8290 chunk_loss:0.0000 is_adam_step=False train_time:0ms step_avg:0.03ms
step:0/1555 val_step:217/320 val_loss:10.8290 chunk_loss:0.0000 is_adam_step=True train_time:0ms step_avg:0.03ms
step:0/1555 val_step:218/320 val_loss:10.8290 chunk_loss:0.0000 is_adam_step=False train_time:0ms step_avg:0.03ms
step:0/1555 val_step:219/320 val_loss:10.8290 chunk_loss:0.0000 is_adam_step=True train_time:0ms step_avg:0.03ms
step:0/1555 val_step:220/320 val_loss:10.8290 chunk_loss:0.0000 is_adam_step=False train_time:0ms step_avg:0.03ms
step:0/1555 val_step:221/320 val_loss:10.8290 chunk_loss:0.0000 is_adam_step=True train_time:0ms step_avg:0.03ms
step:0/1555 val_step:222/320 val_loss:10.8290 chunk_loss:0.0000 is_adam_step=False train_time:0ms step_avg:0.03ms
step:0/1555 val_step:223/320 val_loss:10.8290 chunk_loss:0.0000 is_adam_step=True train_time:0ms step_avg:0.03ms
step:0/1555 val_step:224/320 val_loss:10.8290 chunk_loss:0.0000 is_adam_step=False train_time:0ms step_avg:0.03ms
step:0/1555 val_step:225/320 val_loss:10.8290 chunk_loss:0.0000 is_adam_step=True train_time:0ms step_avg:0.03ms
step:0/1555 val_step:226/320 val_loss:10.8290 chunk_loss:0.0000 is_adam_step=False train_time:0ms step_avg:0.03ms
step:0/1555 val_step:227/320 val_loss:10.8290 chunk_loss:0.0000 is_adam_step=True train_time:0ms step_avg:0.03ms
step:0/1555 val_step:228/320 val_loss:10.8290 chunk_loss:0.0000 is_adam_step=False train_time:0ms step_avg:0.03ms
step:0/1555 val_step:229/320 val_loss:10.8290 chunk_loss:0.0000 is_adam_step=True train_time:0ms step_avg:0.03ms
step:0/1555 val_step:230/320 val_loss:10.8290 chunk_loss:0.0000 is_adam_step=False train_time:0ms step_avg:0.03ms
step:0/1555 val_step:231/320 val_loss:10.8290 chunk_loss:0.0000 is_adam_step=True train_time:0ms step_avg:0.03ms
step:0/1555 val_step:232/320 val_loss:10.8290 chunk_loss:0.0000 is_adam_step=False train_time:0ms step_avg:0.03ms
step:0/1555 val_step:233/320 val_loss:10.8290 chunk_loss:0.0000 is_adam_step=True train_time:0ms step_avg:0.03ms
step:0/1555 val_step:234/320 val_loss:10.8290 chunk_loss:0.0000 is_adam_step=False train_time:0ms step_avg:0.03ms
step:0/1555 val_step:235/320 val_loss:10.8290 chunk_loss:0.0000 is_adam_step=True train_time:0ms step_avg:0.03ms
step:0/1555 val_step:236/320 val_loss:10.8290 chunk_loss:0.0000 is_adam_step=False train_time:0ms step_avg:0.03ms
step:0/1555 val_step:237/320 val_loss:10.8290 chunk_loss:0.0000 is_adam_step=True train_time:0ms step_avg:0.03ms
step:0/1555 val_step:238/320 val_loss:10.8290 chunk_loss:0.0000 is_adam_step=False train_time:0ms step_avg:0.03ms
step:0/1555 val_step:239/320 val_loss:10.8290 chunk_loss:0.0000 is_adam_step=True train_time:0ms step_avg:0.03ms
step:0/1555 val_step:240/320 val_loss:10.8290 chunk_loss:0.0000 is_adam_step=False train_time:0ms step_avg:0.03ms
step:0/1555 val_step:241/320 val_loss:10.8290 chunk_loss:0.0000 is_adam_step=True train_time:0ms step_avg:0.03ms
step:0/1555 val_step:242/320 val_loss:10.8290 chunk_loss:0.0000 is_adam_step=False train_time:0ms step_avg:0.03ms
step:0/1555 val_step:243/320 val_loss:10.8290 chunk_loss:0.0000 is_adam_step=True train_time:0ms step_avg:0.03ms
step:0/1555 val_step:244/320 val_loss:10.8290 chunk_loss:0.0000 is_adam_step=False train_time:0ms step_avg:0.03ms
step:0/1555 val_step:245/320 val_loss:10.8290 chunk_loss:0.0000 is_adam_step=True train_time:0ms step_avg:0.03ms
step:0/1555 val_step:246/320 val_loss:10.8290 chunk_loss:0.0000 is_adam_step=False train_time:0ms step_avg:0.03ms
step:0/1555 val_step:247/320 val_loss:10.8290 chunk_loss:0.0000 is_adam_step=True train_time:0ms step_avg:0.03ms
step:0/1555 val_step:248/320 val_loss:10.8290 chunk_loss:0.0000 is_adam_step=False train_time:0ms step_avg:0.03ms
step:0/1555 val_step:249/320 val_loss:10.8290 chunk_loss:0.0000 is_adam_step=True train_time:0ms step_avg:0.03ms
step:0/1555 val_step:250/320 val_loss:10.8290 chunk_loss:0.0000 is_adam_step=False train_time:0ms step_avg:0.03ms
step:0/1555 val_step:251/320 val_loss:10.8290 chunk_loss:0.0000 is_adam_step=True train_time:0ms step_avg:0.03ms
step:0/1555 val_step:252/320 val_loss:10.8290 chunk_loss:0.0000 is_adam_step=False train_time:0ms step_avg:0.03ms
step:0/1555 val_step:253/320 val_loss:10.8290 chunk_loss:0.0000 is_adam_step=True train_time:0ms step_avg:0.03ms
step:0/1555 val_step:254/320 val_loss:10.8290 chunk_loss:0.0000 is_adam_step=False train_time:0ms step_avg:0.03ms
step:0/1555 val_step:255/320 val_loss:10.8290 chunk_loss:0.0000 is_adam_step=True train_time:0ms step_avg:0.03ms
step:0/1555 val_step:256/320 val_loss:10.8290 chunk_loss:0.0000 is_adam_step=False train_time:0ms step_avg:0.03ms
step:0/1555 val_step:257/320 val_loss:10.8290 chunk_loss:0.0000 is_adam_step=True train_time:0ms step_avg:0.03ms
step:0/1555 val_step:258/320 val_loss:10.8290 chunk_loss:0.0000 is_adam_step=False train_time:0ms step_avg:0.03ms
step:0/1555 val_step:259/320 val_loss:10.8290 chunk_loss:0.0000 is_adam_step=True train_time:0ms step_avg:0.03ms
step:0/1555 val_step:260/320 val_loss:10.8290 chunk_loss:0.0000 is_adam_step=False train_time:0ms step_avg:0.03ms
step:0/1555 val_step:261/320 val_loss:10.8290 chunk_loss:0.0000 is_adam_step=True train_time:0ms step_avg:0.03ms
step:0/1555 val_step:262/320 val_loss:10.8290 chunk_loss:0.0000 is_adam_step=False train_time:0ms step_avg:0.03ms
step:0/1555 val_step:263/320 val_loss:10.8290 chunk_loss:0.0000 is_adam_step=True train_time:0ms step_avg:0.03ms
step:0/1555 val_step:264/320 val_loss:10.8290 chunk_loss:0.0000 is_adam_step=False train_time:0ms step_avg:0.03ms
step:0/1555 val_step:265/320 val_loss:10.8290 chunk_loss:0.0000 is_adam_step=True train_time:0ms step_avg:0.03ms
step:0/1555 val_step:266/320 val_loss:10.8290 chunk_loss:0.0000 is_adam_step=False train_time:0ms step_avg:0.03ms
step:0/1555 val_step:267/320 val_loss:10.8290 chunk_loss:0.0000 is_adam_step=True train_time:0ms step_avg:0.03ms
step:0/1555 val_step:268/320 val_loss:10.8290 chunk_loss:0.0000 is_adam_step=False train_time:0ms step_avg:0.03ms
step:0/1555 val_step:269/320 val_loss:10.8290 chunk_loss:0.0000 is_adam_step=True train_time:0ms step_avg:0.03ms
step:0/1555 val_step:270/320 val_loss:10.8290 chunk_loss:0.0000 is_adam_step=False train_time:0ms step_avg:0.03ms
step:0/1555 val_step:271/320 val_loss:10.8290 chunk_loss:0.0000 is_adam_step=True train_time:0ms step_avg:0.03ms
step:0/1555 val_step:272/320 val_loss:10.8290 chunk_loss:0.0000 is_adam_step=False train_time:0ms step_avg:0.03ms
step:0/1555 val_step:273/320 val_loss:10.8290 chunk_loss:0.0000 is_adam_step=True train_time:0ms step_avg:0.03ms
step:0/1555 val_step:274/320 val_loss:10.8290 chunk_loss:0.0000 is_adam_step=False train_time:0ms step_avg:0.03ms
step:0/1555 val_step:275/320 val_loss:10.8290 chunk_loss:0.0000 is_adam_step=True train_time:0ms step_avg:0.03ms
step:0/1555 val_step:276/320 val_loss:10.8290 chunk_loss:0.0000 is_adam_step=False train_time:0ms step_avg:0.03ms
step:0/1555 val_step:277/320 val_loss:10.8290 chunk_loss:0.0000 is_adam_step=True train_time:0ms step_avg:0.03ms
step:0/1555 val_step:278/320 val_loss:10.8290 chunk_loss:0.0000 is_adam_step=False train_time:0ms step_avg:0.03ms
step:0/1555 val_step:279/320 val_loss:10.8290 chunk_loss:0.0000 is_adam_step=True train_time:0ms step_avg:0.03ms
step:0/1555 val_step:280/320 val_loss:10.8290 chunk_loss:0.0000 is_adam_step=False train_time:0ms step_avg:0.03ms
step:0/1555 val_step:281/320 val_loss:10.8290 chunk_loss:0.0000 is_adam_step=True train_time:0ms step_avg:0.03ms
step:0/1555 val_step:282/320 val_loss:10.8290 chunk_loss:0.0000 is_adam_step=False train_time:0ms step_avg:0.03ms
step:0/1555 val_step:283/320 val_loss:10.8290 chunk_loss:0.0000 is_adam_step=True train_time:0ms step_avg:0.03ms
step:0/1555 val_step:284/320 val_loss:10.8290 chunk_loss:0.0000 is_adam_step=False train_time:0ms step_avg:0.03ms
step:0/1555 val_step:285/320 val_loss:10.8290 chunk_loss:0.0000 is_adam_step=True train_time:0ms step_avg:0.03ms
step:0/1555 val_step:286/320 val_loss:10.8290 chunk_loss:0.0000 is_adam_step=False train_time:0ms step_avg:0.03ms
step:0/1555 val_step:287/320 val_loss:10.8290 chunk_loss:0.0000 is_adam_step=True train_time:0ms step_avg:0.03ms
step:0/1555 val_step:288/320 val_loss:10.8290 chunk_loss:0.0000 is_adam_step=False train_time:0ms step_avg:0.03ms
step:0/1555 val_step:289/320 val_loss:10.8290 chunk_loss:0.0000 is_adam_step=True train_time:0ms step_avg:0.03ms
step:0/1555 val_step:290/320 val_loss:10.8290 chunk_loss:0.0000 is_adam_step=False train_time:0ms step_avg:0.03ms
step:0/1555 val_step:291/320 val_loss:10.8290 chunk_loss:0.0000 is_adam_step=True train_time:0ms step_avg:0.03ms
step:0/1555 val_step:292/320 val_loss:10.8290 chunk_loss:0.0000 is_adam_step=False train_time:0ms step_avg:0.03ms
step:0/1555 val_step:293/320 val_loss:10.8290 chunk_loss:0.0000 is_adam_step=True train_time:0ms step_avg:0.03ms
step:0/1555 val_step:294/320 val_loss:10.8290 chunk_loss:0.0000 is_adam_step=False train_time:0ms step_avg:0.03ms
step:0/1555 val_step:295/320 val_loss:10.8290 chunk_loss:0.0000 is_adam_step=True train_time:0ms step_avg:0.03ms
step:0/1555 val_step:296/320 val_loss:10.8290 chunk_loss:0.0000 is_adam_step=False train_time:0ms step_avg:0.03ms
step:0/1555 val_step:297/320 val_loss:10.8290 chunk_loss:0.0000 is_adam_step=True train_time:0ms step_avg:0.03ms
step:0/1555 val_step:298/320 val_loss:10.8290 chunk_loss:0.0000 is_adam_step=False train_time:0ms step_avg:0.03ms
step:0/1555 val_step:299/320 val_loss:10.8290 chunk_loss:0.0000 is_adam_step=True train_time:0ms step_avg:0.03ms
step:0/1555 val_step:300/320 val_loss:10.8290 chunk_loss:0.0000 is_adam_step=False train_time:0ms step_avg:0.03ms
step:0/1555 val_step:301/320 val_loss:10.8290 chunk_loss:0.0000 is_adam_step=True train_time:0ms step_avg:0.03ms
step:0/1555 val_step:302/320 val_loss:10.8290 chunk_loss:0.0000 is_adam_step=False train_time:0ms step_avg:0.03ms
step:0/1555 val_step:303/320 val_loss:10.8290 chunk_loss:0.0000 is_adam_step=True train_time:0ms step_avg:0.03ms
step:0/1555 val_step:304/320 val_loss:10.8290 chunk_loss:0.0000 is_adam_step=False train_time:0ms step_avg:0.03ms
step:0/1555 val_step:305/320 val_loss:10.8290 chunk_loss:0.0000 is_adam_step=True train_time:0ms step_avg:0.03ms
step:0/1555 val_step:306/320 val_loss:10.8290 chunk_loss:0.0000 is_adam_step=False train_time:0ms step_avg:0.03ms
step:0/1555 val_step:307/320 val_loss:10.8290 chunk_loss:0.0000 is_adam_step=True train_time:0ms step_avg:0.03ms
step:0/1555 val_step:308/320 val_loss:10.8290 chunk_loss:0.0000 is_adam_step=False train_time:0ms step_avg:0.03ms
step:0/1555 val_step:309/320 val_loss:10.8290 chunk_loss:0.0000 is_adam_step=True train_time:0ms step_avg:0.03ms
step:0/1555 val_step:310/320 val_loss:10.8290 chunk_loss:0.0000 is_adam_step=False train_time:0ms step_avg:0.03ms
step:0/1555 val_step:311/320 val_loss:10.8290 chunk_loss:0.0000 is_adam_step=True train_time:0ms step_avg:0.03ms
step:0/1555 val_step:312/320 val_loss:10.8290 chunk_loss:0.0000 is_adam_step=False train_time:0ms step_avg:0.03ms
step:0/1555 val_step:313/320 val_loss:10.8289 chunk_loss:0.0000 is_adam_step=True train_time:0ms step_avg:0.03ms
step:0/1555 val_step:314/320 val_loss:10.8289 chunk_loss:0.0000 is_adam_step=False train_time:0ms step_avg:0.03ms
step:0/1555 val_step:315/320 val_loss:10.8289 chunk_loss:0.0000 is_adam_step=True train_time:0ms step_avg:0.03ms
step:0/1555 val_step:316/320 val_loss:10.8289 chunk_loss:0.0000 is_adam_step=False train_time:0ms step_avg:0.03ms
step:0/1555 val_step:317/320 val_loss:10.8289 chunk_loss:0.0000 is_adam_step=True train_time:0ms step_avg:0.03ms
step:0/1555 val_step:318/320 val_loss:10.8289 chunk_loss:0.0000 is_adam_step=False train_time:0ms step_avg:0.03ms
step:0/1555 val_step:319/320 val_loss:10.8290 chunk_loss:0.0000 is_adam_step=True train_time:0ms step_avg:0.03ms
step:0/1555 val_loss:10.8290 train_time:0ms step_avg:0.03ms
step:1/1555 loss.item()=310239.0625 train_time:526ms step_avg:525.88ms
step:2/1555 loss.item()=308523.28125 train_time:1687ms step_avg:843.34ms
step:3/1555 loss.item()=258448.46875 train_time:2094ms step_avg:698.00ms
step:4/1555 loss.item()=251695.1875 train_time:2503ms step_avg:625.87ms
step:5/1555 loss.item()=243530.109375 train_time:2927ms step_avg:585.40ms
step:6/1555 loss.item()=240269.375 train_time:3341ms step_avg:556.88ms
step:7/1555 loss.item()=235083.5 train_time:3760ms step_avg:537.21ms
step:8/1555 loss.item()=221561.296875 train_time:4175ms step_avg:521.91ms
step:9/1555 loss.item()=222737.5 train_time:4592ms step_avg:510.26ms
step:10/1555 loss.item()=210379.078125 train_time:5008ms step_avg:500.76ms
step:11/1555 loss.item()=215509.265625 train_time:5427ms step_avg:493.32ms
step:12/1555 loss.item()=211896.25 train_time:5845ms step_avg:487.06ms
step:13/1555 loss.item()=212263.875 train_time:6262ms step_avg:481.71ms
step:14/1555 loss.item()=207321.0625 train_time:6680ms step_avg:477.14ms
step:15/1555 loss.item()=206960.78125 train_time:7103ms step_avg:473.52ms
step:16/1555 loss.item()=201004.8125 train_time:7520ms step_avg:470.03ms
step:17/1555 loss.item()=198054.34375 train_time:7942ms step_avg:467.20ms
step:18/1555 loss.item()=208002.40625 train_time:8357ms step_avg:464.28ms
step:19/1555 loss.item()=207482.875 train_time:8777ms step_avg:461.96ms
step:20/1555 loss.item()=208079.34375 train_time:9194ms step_avg:459.69ms
step:21/1555 loss.item()=201922.703125 train_time:9612ms step_avg:457.70ms
step:22/1555 loss.item()=200340.53125 train_time:10026ms step_avg:455.74ms
step:23/1555 loss.item()=195890.375 train_time:10447ms step_avg:454.20ms
step:24/1555 loss.item()=197227.25 train_time:10863ms step_avg:452.63ms
step:25/1555 loss.item()=202857.859375 train_time:11286ms step_avg:451.43ms
step:26/1555 loss.item()=197908.6875 train_time:11705ms step_avg:450.18ms
step:27/1555 loss.item()=196276.15625 train_time:12125ms step_avg:449.08ms
step:28/1555 loss.item()=195397.03125 train_time:12543ms step_avg:447.95ms
step:29/1555 loss.item()=202414.625 train_time:12962ms step_avg:446.97ms
step:30/1555 loss.item()=193841.421875 train_time:13379ms step_avg:445.97ms
step:31/1555 loss.item()=189105.046875 train_time:13801ms step_avg:445.21ms
step:32/1555 loss.item()=189205.3125 train_time:14217ms step_avg:444.28ms
step:33/1555 loss.item()=194768.1875 train_time:14637ms step_avg:443.55ms
step:34/1555 loss.item()=189221.65625 train_time:15055ms step_avg:442.80ms
step:35/1555 loss.item()=192843.125 train_time:15475ms step_avg:442.13ms
step:36/1555 loss.item()=191538.1875 train_time:15892ms step_avg:441.44ms
step:37/1555 loss.item()=189483.5625 train_time:16311ms step_avg:440.83ms
step:38/1555 loss.item()=184746.25 train_time:16728ms step_avg:440.22ms
step:39/1555 loss.item()=190217.25 train_time:17152ms step_avg:439.81ms
step:40/1555 loss.item()=186093.296875 train_time:17568ms step_avg:439.21ms
step:41/1555 loss.item()=187136.625 train_time:17990ms step_avg:438.79ms
step:42/1555 loss.item()=188046.015625 train_time:18408ms step_avg:438.29ms
step:43/1555 loss.item()=188130.65625 train_time:18828ms step_avg:437.85ms
step:44/1555 loss.item()=183996.21875 train_time:19246ms step_avg:437.42ms
step:45/1555 loss.item()=179058.875 train_time:19664ms step_avg:436.98ms
step:46/1555 loss.item()=183102.703125 train_time:20082ms step_avg:436.56ms
step:47/1555 loss.item()=181994.53125 train_time:20503ms step_avg:436.24ms
step:48/1555 loss.item()=177580.40625 train_time:20921ms step_avg:435.86ms
step:49/1555 loss.item()=190670.40625 train_time:21343ms step_avg:435.56ms
step:50/1555 loss.item()=179247.0625 train_time:21757ms step_avg:435.15ms
step:51/1555 loss.item()=177096.9375 train_time:22177ms step_avg:434.83ms
step:52/1555 loss.item()=177408.21875 train_time:22593ms step_avg:434.48ms
step:53/1555 loss.item()=178255.75 train_time:23012ms step_avg:434.19ms
step:54/1555 loss.item()=182094.140625 train_time:23428ms step_avg:433.85ms
step:55/1555 loss.item()=177262.078125 train_time:23851ms step_avg:433.65ms
step:56/1555 loss.item()=179666.625 train_time:24268ms step_avg:433.36ms
step:57/1555 loss.item()=180605.375 train_time:24690ms step_avg:433.16ms
step:58/1555 loss.item()=176432.921875 train_time:25107ms step_avg:432.88ms
step:59/1555 loss.item()=180560.609375 train_time:25529ms step_avg:432.69ms
step:60/1555 loss.item()=182701.21875 train_time:25947ms step_avg:432.45ms
step:61/1555 loss.item()=167122.59375 train_time:26367ms step_avg:432.25ms
step:62/1555 loss.item()=173996.03125 train_time:26787ms step_avg:432.05ms
step:63/1555 loss.item()=177754.265625 train_time:27208ms step_avg:431.88ms
step:64/1555 loss.item()=179668.578125 train_time:27626ms step_avg:431.65ms
step:65/1555 loss.item()=178701.75 train_time:28047ms step_avg:431.49ms
step:66/1555 loss.item()=177491.34375 train_time:28461ms step_avg:431.22ms
step:67/1555 loss.item()=177398.46875 train_time:28885ms step_avg:431.11ms
step:68/1555 loss.item()=181954.0625 train_time:29304ms step_avg:430.94ms
step:69/1555 loss.item()=172997.8125 train_time:29724ms step_avg:430.78ms
step:70/1555 loss.item()=171183.4375 train_time:30142ms step_avg:430.60ms
step:71/1555 loss.item()=173850.859375 train_time:30560ms step_avg:430.42ms
step:72/1555 loss.item()=169239.171875 train_time:30977ms step_avg:430.24ms
step:73/1555 loss.item()=168181.609375 train_time:31399ms step_avg:430.12ms
step:74/1555 loss.item()=169190.296875 train_time:31814ms step_avg:429.92ms
step:75/1555 loss.item()=171176.0 train_time:32237ms step_avg:429.83ms
step:76/1555 loss.item()=166576.875 train_time:32654ms step_avg:429.66ms
step:77/1555 loss.item()=167982.34375 train_time:33075ms step_avg:429.55ms
step:78/1555 loss.item()=172210.5 train_time:33492ms step_avg:429.39ms
step:79/1555 loss.item()=167834.09375 train_time:33912ms step_avg:429.27ms
step:80/1555 loss.item()=170018.359375 train_time:34330ms step_avg:429.12ms
step:81/1555 loss.item()=173020.03125 train_time:34753ms step_avg:429.05ms
step:82/1555 loss.item()=172999.890625 train_time:35172ms step_avg:428.93ms
step:83/1555 loss.item()=166042.90625 train_time:35592ms step_avg:428.82ms
step:84/1555 loss.item()=163545.78125 train_time:36008ms step_avg:428.67ms
step:85/1555 loss.item()=165665.328125 train_time:36428ms step_avg:428.56ms
step:86/1555 loss.item()=168889.03125 train_time:36845ms step_avg:428.44ms
step:87/1555 loss.item()=167124.9375 train_time:37265ms step_avg:428.33ms
step:88/1555 loss.item()=167507.875 train_time:37684ms step_avg:428.23ms
step:89/1555 loss.item()=166715.375 train_time:38107ms step_avg:428.17ms
step:90/1555 loss.item()=166000.96875 train_time:38524ms step_avg:428.05ms
step:91/1555 loss.item()=165973.390625 train_time:38947ms step_avg:427.99ms
step:92/1555 loss.item()=163499.328125 train_time:39363ms step_avg:427.86ms
step:93/1555 loss.item()=168052.46875 train_time:39787ms step_avg:427.82ms
step:94/1555 loss.item()=165659.96875 train_time:40206ms step_avg:427.72ms
step:95/1555 loss.item()=168240.65625 train_time:40626ms step_avg:427.64ms
step:96/1555 loss.item()=166057.46875 train_time:41043ms step_avg:427.53ms
step:97/1555 loss.item()=167107.21875 train_time:41463ms step_avg:427.45ms
step:98/1555 loss.item()=158367.375 train_time:41883ms step_avg:427.38ms
step:99/1555 loss.item()=162416.59375 train_time:42306ms step_avg:427.33ms
step:100/1555 loss.item()=168129.53125 train_time:42723ms step_avg:427.23ms
step:101/1555 loss.item()=163550.6875 train_time:43145ms step_avg:427.18ms
step:102/1555 loss.item()=157155.53125 train_time:43559ms step_avg:427.05ms
step:103/1555 loss.item()=162589.890625 train_time:43982ms step_avg:427.01ms
step:104/1555 loss.item()=169694.421875 train_time:44402ms step_avg:426.94ms
step:105/1555 loss.item()=160167.125 train_time:44824ms step_avg:426.89ms
step:106/1555 loss.item()=159491.34375 train_time:45243ms step_avg:426.82ms
step:107/1555 loss.item()=165215.0625 train_time:45663ms step_avg:426.75ms
step:108/1555 loss.item()=164795.609375 train_time:46080ms step_avg:426.66ms
step:109/1555 loss.item()=166919.09375 train_time:46504ms step_avg:426.65ms
step:110/1555 loss.item()=160370.1875 train_time:46923ms step_avg:426.57ms
step:111/1555 loss.item()=160721.4375 train_time:47344ms step_avg:426.52ms
step:112/1555 loss.item()=164104.546875 train_time:47761ms step_avg:426.44ms
step:113/1555 loss.item()=163460.40625 train_time:48186ms step_avg:426.43ms
step:114/1555 loss.item()=156621.125 train_time:48605ms step_avg:426.36ms
step:115/1555 loss.item()=157441.875 train_time:49027ms step_avg:426.32ms
step:116/1555 loss.item()=158481.5 train_time:49444ms step_avg:426.24ms
step:117/1555 loss.item()=160029.6875 train_time:49864ms step_avg:426.19ms
step:118/1555 loss.item()=166787.34375 train_time:50283ms step_avg:426.13ms
step:119/1555 loss.item()=162098.875 train_time:50705ms step_avg:426.09ms
step:120/1555 loss.item()=158899.140625 train_time:51124ms step_avg:426.04ms
step:121/1555 loss.item()=156489.4375 train_time:51547ms step_avg:426.01ms
step:122/1555 loss.item()=160922.65625 train_time:51962ms step_avg:425.92ms
step:123/1555 loss.item()=154815.875 train_time:52387ms step_avg:425.91ms
step:124/1555 loss.item()=161762.84375 train_time:52807ms step_avg:425.86ms
step:125/1555 loss.item()=156459.390625 train_time:53226ms step_avg:425.81ms
step:126/1555 loss.item()=157893.484375 train_time:53646ms step_avg:425.76ms
step:127/1555 loss.item()=158312.90625 train_time:54064ms step_avg:425.70ms
step:128/1555 loss.item()=152750.40625 train_time:54482ms step_avg:425.64ms
step:129/1555 loss.item()=152144.84375 train_time:54906ms step_avg:425.63ms
step:130/1555 loss.item()=156083.5625 train_time:55324ms step_avg:425.57ms
step:131/1555 loss.item()=162911.375 train_time:55747ms step_avg:425.55ms
step:132/1555 loss.item()=158329.78125 train_time:56164ms step_avg:425.48ms
step:133/1555 loss.item()=161646.84375 train_time:56586ms step_avg:425.46ms
step:134/1555 loss.item()=155280.25 train_time:57007ms step_avg:425.42ms
step:135/1555 loss.item()=151992.8125 train_time:57425ms step_avg:425.37ms
step:136/1555 loss.item()=157244.109375 train_time:57844ms step_avg:425.32ms
step:137/1555 loss.item()=152756.96875 train_time:58263ms step_avg:425.28ms
step:138/1555 loss.item()=154104.140625 train_time:58683ms step_avg:425.24ms
step:139/1555 loss.item()=152391.375 train_time:59106ms step_avg:425.22ms
step:140/1555 loss.item()=157099.46875 train_time:59523ms step_avg:425.16ms
step:141/1555 loss.item()=155974.96875 train_time:59945ms step_avg:425.14ms
step:142/1555 loss.item()=154183.15625 train_time:60361ms step_avg:425.07ms
step:143/1555 loss.item()=151961.5 train_time:60784ms step_avg:425.07ms
step:144/1555 loss.item()=154765.46875 train_time:61205ms step_avg:425.03ms
step:145/1555 loss.item()=152442.375 train_time:61625ms step_avg:425.00ms
step:146/1555 loss.item()=154204.203125 train_time:62044ms step_avg:424.96ms
step:147/1555 loss.item()=151270.0625 train_time:62463ms step_avg:424.92ms
step:148/1555 loss.item()=156364.15625 train_time:62882ms step_avg:424.88ms
step:149/1555 loss.item()=154808.453125 train_time:63306ms step_avg:424.87ms
step:150/1555 loss.item()=153231.03125 train_time:63725ms step_avg:424.83ms
step:151/1555 loss.item()=150275.34375 train_time:64147ms step_avg:424.81ms
step:152/1555 loss.item()=151522.90625 train_time:64564ms step_avg:424.76ms
step:153/1555 loss.item()=149667.34375 train_time:64987ms step_avg:424.75ms
step:154/1555 loss.item()=153365.40625 train_time:65407ms step_avg:424.72ms
step:155/1555 loss.item()=152783.5625 train_time:65827ms step_avg:424.69ms
step:156/1555 loss.item()=154560.515625 train_time:66246ms step_avg:424.65ms
step:157/1555 loss.item()=155787.953125 train_time:66665ms step_avg:424.62ms
step:158/1555 loss.item()=150127.796875 train_time:67085ms step_avg:424.59ms
step:159/1555 loss.item()=153202.59375 train_time:67508ms step_avg:424.58ms
step:160/1555 loss.item()=148938.671875 train_time:67925ms step_avg:424.53ms
step:161/1555 loss.item()=151781.375 train_time:68347ms step_avg:424.52ms
step:162/1555 loss.item()=150209.96875 train_time:68763ms step_avg:424.46ms
step:163/1555 loss.item()=152715.546875 train_time:69187ms step_avg:424.46ms
step:164/1555 loss.item()=153305.625 train_time:69608ms step_avg:424.44ms
step:165/1555 loss.item()=150092.875 train_time:70027ms step_avg:424.41ms
step:166/1555 loss.item()=149801.875 train_time:70448ms step_avg:424.39ms
step:167/1555 loss.item()=151842.9375 train_time:70871ms step_avg:424.37ms
step:168/1555 loss.item()=154744.0 train_time:71291ms step_avg:424.35ms
step:169/1555 loss.item()=149317.4375 train_time:71712ms step_avg:424.33ms
step:170/1555 loss.item()=149065.21875 train_time:72129ms step_avg:424.29ms
step:171/1555 loss.item()=145829.703125 train_time:72554ms step_avg:424.29ms
step:172/1555 loss.item()=149535.46875 train_time:72973ms step_avg:424.26ms
step:173/1555 loss.item()=154323.9375 train_time:73396ms step_avg:424.25ms
step:174/1555 loss.item()=150790.390625 train_time:73812ms step_avg:424.21ms
step:175/1555 loss.item()=152896.03125 train_time:74236ms step_avg:424.20ms
step:176/1555 loss.item()=148032.546875 train_time:74655ms step_avg:424.17ms
step:177/1555 loss.item()=154363.5625 train_time:75075ms step_avg:424.15ms
step:178/1555 loss.item()=146676.96875 train_time:75493ms step_avg:424.12ms
step:179/1555 loss.item()=148947.84375 train_time:75913ms step_avg:424.09ms
step:180/1555 loss.item()=146657.53125 train_time:76333ms step_avg:424.07ms
step:181/1555 loss.item()=149015.03125 train_time:76755ms step_avg:424.06ms
step:182/1555 loss.item()=146687.3125 train_time:77174ms step_avg:424.03ms
step:183/1555 loss.item()=149383.75 train_time:77596ms step_avg:424.02ms
step:184/1555 loss.item()=144191.90625 train_time:78011ms step_avg:423.98ms
step:185/1555 loss.item()=145100.03125 train_time:78437ms step_avg:423.98ms
step:186/1555 loss.item()=148522.140625 train_time:78855ms step_avg:423.95ms
step:187/1555 loss.item()=151826.5 train_time:79275ms step_avg:423.93ms
step:188/1555 loss.item()=145932.71875 train_time:79695ms step_avg:423.91ms
step:189/1555 loss.item()=146081.859375 train_time:80115ms step_avg:423.89ms
step:190/1555 loss.item()=145892.65625 train_time:80536ms step_avg:423.88ms
step:191/1555 loss.item()=146848.75 train_time:80955ms step_avg:423.85ms
step:192/1555 loss.item()=148927.46875 train_time:81375ms step_avg:423.83ms
step:193/1555 loss.item()=145022.71875 train_time:81796ms step_avg:423.81ms
step:194/1555 loss.item()=153837.21875 train_time:82212ms step_avg:423.77ms
step:195/1555 loss.item()=146418.53125 train_time:82637ms step_avg:423.78ms
step:196/1555 loss.item()=144813.203125 train_time:83055ms step_avg:423.75ms
step:197/1555 loss.item()=141729.53125 train_time:83476ms step_avg:423.73ms
step:198/1555 loss.item()=147613.953125 train_time:83893ms step_avg:423.70ms
step:199/1555 loss.item()=150282.3125 train_time:84313ms step_avg:423.68ms
step:200/1555 loss.item()=147577.875 train_time:84733ms step_avg:423.67ms
step:201/1555 loss.item()=144267.75 train_time:85156ms step_avg:423.66ms
step:202/1555 loss.item()=145479.34375 train_time:85576ms step_avg:423.64ms
step:203/1555 loss.item()=149015.9375 train_time:85996ms step_avg:423.63ms
step:204/1555 loss.item()=144021.921875 train_time:86413ms step_avg:423.59ms
step:205/1555 loss.item()=143805.21875 train_time:86836ms step_avg:423.59ms
step:206/1555 loss.item()=150091.875 train_time:87254ms step_avg:423.56ms
step:207/1555 loss.item()=145965.5 train_time:87676ms step_avg:423.55ms
step:208/1555 loss.item()=140693.59375 train_time:88092ms step_avg:423.52ms
step:209/1555 loss.item()=155293.859375 train_time:88511ms step_avg:423.50ms
step:210/1555 loss.item()=142306.78125 train_time:88928ms step_avg:423.46ms
step:211/1555 loss.item()=145157.265625 train_time:89347ms step_avg:423.44ms
step:212/1555 loss.item()=144923.78125 train_time:89763ms step_avg:423.41ms
step:213/1555 loss.item()=143965.75 train_time:90185ms step_avg:423.40ms
step:214/1555 loss.item()=147756.09375 train_time:90604ms step_avg:423.38ms
step:215/1555 loss.item()=142229.0 train_time:91024ms step_avg:423.37ms
step:216/1555 loss.item()=143575.421875 train_time:91441ms step_avg:423.34ms
step:217/1555 loss.item()=144339.46875 train_time:91859ms step_avg:423.31ms
step:218/1555 loss.item()=150299.3125 train_time:92275ms step_avg:423.28ms
step:219/1555 loss.item()=150598.03125 train_time:92697ms step_avg:423.28ms
step:220/1555 loss.item()=146630.28125 train_time:93112ms step_avg:423.24ms
step:221/1555 loss.item()=146165.84375 train_time:93535ms step_avg:423.23ms
step:222/1555 loss.item()=153162.890625 train_time:93954ms step_avg:423.22ms
step:223/1555 loss.item()=141372.90625 train_time:94374ms step_avg:423.20ms
step:224/1555 loss.item()=139246.1875 train_time:94792ms step_avg:423.18ms
step:225/1555 loss.item()=148345.0625 train_time:95211ms step_avg:423.16ms
step:226/1555 loss.item()=142223.328125 train_time:95628ms step_avg:423.13ms
step:227/1555 loss.item()=142960.546875 train_time:96052ms step_avg:423.14ms
step:228/1555 loss.item()=141758.03125 train_time:96465ms step_avg:423.09ms
step:229/1555 loss.item()=143271.25 train_time:96887ms step_avg:423.09ms
step:230/1555 loss.item()=139781.9375 train_time:97306ms step_avg:423.07ms
step:231/1555 loss.item()=140193.765625 train_time:97725ms step_avg:423.05ms
step:232/1555 loss.item()=140265.109375 train_time:98143ms step_avg:423.03ms
step:233/1555 loss.item()=136359.3125 train_time:98562ms step_avg:423.01ms
step:234/1555 loss.item()=141917.4375 train_time:98977ms step_avg:422.98ms
step:235/1555 loss.item()=141944.03125 train_time:99396ms step_avg:422.96ms
step:236/1555 loss.item()=146493.46875 train_time:99811ms step_avg:422.93ms
step:237/1555 loss.item()=141902.09375 train_time:100233ms step_avg:422.92ms
step:238/1555 loss.item()=142409.0 train_time:100652ms step_avg:422.91ms
step:239/1555 loss.item()=142486.5 train_time:101073ms step_avg:422.90ms
step:240/1555 loss.item()=142419.75 train_time:101491ms step_avg:422.88ms
step:241/1555 loss.item()=144114.59375 train_time:101911ms step_avg:422.87ms
step:242/1555 loss.item()=146540.40625 train_time:102328ms step_avg:422.84ms
step:243/1555 loss.item()=138948.0625 train_time:102749ms step_avg:422.83ms
step:244/1555 loss.item()=141158.65625 train_time:103164ms step_avg:422.81ms
step:245/1555 loss.item()=144800.0625 train_time:103586ms step_avg:422.80ms
step:246/1555 loss.item()=142530.4375 train_time:104005ms step_avg:422.79ms
step:247/1555 loss.item()=142059.4375 train_time:104425ms step_avg:422.77ms
step:248/1555 loss.item()=141210.25 train_time:104842ms step_avg:422.75ms
step:249/1555 loss.item()=145350.125 train_time:105260ms step_avg:422.73ms
step:250/1555 loss.item()=139045.109375 train_time:105679ms step_avg:422.71ms
step:250/1555 starting test-time training...
step:250/1555 val_step:0/320 val_loss:4.5254 chunk_loss:0.0000 is_adam_step=False train_time:105691ms step_avg:422.77ms
step:250/1555 val_step:1/320 val_loss:4.5488 chunk_loss:0.0000 is_adam_step=True train_time:105691ms step_avg:422.77ms
step:250/1555 val_step:2/320 val_loss:4.5772 chunk_loss:0.0000 is_adam_step=False train_time:105691ms step_avg:422.77ms
step:250/1555 val_step:3/320 val_loss:4.5525 chunk_loss:0.0000 is_adam_step=True train_time:105691ms step_avg:422.77ms
step:250/1555 val_step:4/320 val_loss:4.5786 chunk_loss:0.0000 is_adam_step=False train_time:105691ms step_avg:422.77ms
step:250/1555 val_step:5/320 val_loss:4.5783 chunk_loss:0.0000 is_adam_step=True train_time:105691ms step_avg:422.77ms
step:250/1555 val_step:6/320 val_loss:4.5229 chunk_loss:0.0000 is_adam_step=False train_time:105691ms step_avg:422.77ms
step:250/1555 val_step:7/320 val_loss:4.5445 chunk_loss:0.0000 is_adam_step=True train_time:105691ms step_avg:422.77ms
step:250/1555 val_step:8/320 val_loss:4.5510 chunk_loss:0.0000 is_adam_step=False train_time:105691ms step_avg:422.77ms
step:250/1555 val_step:9/320 val_loss:4.5652 chunk_loss:0.0000 is_adam_step=True train_time:105691ms step_avg:422.77ms
step:250/1555 val_step:10/320 val_loss:4.5656 chunk_loss:0.0000 is_adam_step=False train_time:105691ms step_avg:422.77ms
step:250/1555 val_step:11/320 val_loss:4.5572 chunk_loss:0.0000 is_adam_step=True train_time:105691ms step_avg:422.77ms
step:250/1555 val_step:12/320 val_loss:4.5665 chunk_loss:0.0000 is_adam_step=False train_time:105691ms step_avg:422.77ms
step:250/1555 val_step:13/320 val_loss:4.5696 chunk_loss:0.0000 is_adam_step=True train_time:105691ms step_avg:422.77ms
step:250/1555 val_step:14/320 val_loss:4.5659 chunk_loss:0.0000 is_adam_step=False train_time:105691ms step_avg:422.77ms
step:250/1555 val_step:15/320 val_loss:4.5613 chunk_loss:0.0000 is_adam_step=True train_time:105691ms step_avg:422.77ms
step:250/1555 val_step:16/320 val_loss:4.5517 chunk_loss:0.0000 is_adam_step=False train_time:105691ms step_avg:422.77ms
step:250/1555 val_step:17/320 val_loss:4.5683 chunk_loss:0.0000 is_adam_step=True train_time:105691ms step_avg:422.77ms
step:250/1555 val_step:18/320 val_loss:4.5613 chunk_loss:0.0000 is_adam_step=False train_time:105691ms step_avg:422.77ms
step:250/1555 val_step:19/320 val_loss:4.5645 chunk_loss:0.0000 is_adam_step=True train_time:105691ms step_avg:422.77ms
step:250/1555 val_step:20/320 val_loss:4.5652 chunk_loss:0.0000 is_adam_step=False train_time:105691ms step_avg:422.77ms
step:250/1555 val_step:21/320 val_loss:4.5725 chunk_loss:0.0000 is_adam_step=True train_time:105691ms step_avg:422.77ms
step:250/1555 val_step:22/320 val_loss:4.5694 chunk_loss:0.0000 is_adam_step=False train_time:105691ms step_avg:422.77ms
step:250/1555 val_step:23/320 val_loss:4.5766 chunk_loss:0.0000 is_adam_step=True train_time:105691ms step_avg:422.77ms
step:250/1555 val_step:24/320 val_loss:4.5746 chunk_loss:0.0000 is_adam_step=False train_time:105691ms step_avg:422.77ms
step:250/1555 val_step:25/320 val_loss:4.5737 chunk_loss:0.0000 is_adam_step=True train_time:105691ms step_avg:422.77ms
step:250/1555 val_step:26/320 val_loss:4.5850 chunk_loss:0.0000 is_adam_step=False train_time:105691ms step_avg:422.77ms
step:250/1555 val_step:27/320 val_loss:4.5913 chunk_loss:0.0000 is_adam_step=True train_time:105691ms step_avg:422.77ms
step:250/1555 val_step:28/320 val_loss:4.5869 chunk_loss:0.0000 is_adam_step=False train_time:105691ms step_avg:422.77ms
step:250/1555 val_step:29/320 val_loss:4.5822 chunk_loss:0.0000 is_adam_step=True train_time:105691ms step_avg:422.77ms
step:250/1555 val_step:30/320 val_loss:4.5792 chunk_loss:0.0000 is_adam_step=False train_time:105691ms step_avg:422.77ms
step:250/1555 val_step:31/320 val_loss:4.5756 chunk_loss:0.0000 is_adam_step=True train_time:105691ms step_avg:422.77ms
step:250/1555 val_step:32/320 val_loss:4.5709 chunk_loss:0.0000 is_adam_step=False train_time:105691ms step_avg:422.77ms
step:250/1555 val_step:33/320 val_loss:4.5719 chunk_loss:0.0000 is_adam_step=True train_time:105691ms step_avg:422.77ms
step:250/1555 val_step:34/320 val_loss:4.5721 chunk_loss:0.0000 is_adam_step=False train_time:105691ms step_avg:422.77ms
step:250/1555 val_step:35/320 val_loss:4.5709 chunk_loss:0.0000 is_adam_step=True train_time:105691ms step_avg:422.77ms
step:250/1555 val_step:36/320 val_loss:4.5739 chunk_loss:0.0000 is_adam_step=False train_time:105691ms step_avg:422.77ms
step:250/1555 val_step:37/320 val_loss:4.5747 chunk_loss:0.0000 is_adam_step=True train_time:105691ms step_avg:422.77ms
step:250/1555 val_step:38/320 val_loss:4.5679 chunk_loss:0.0000 is_adam_step=False train_time:105691ms step_avg:422.77ms
step:250/1555 val_step:39/320 val_loss:4.5711 chunk_loss:0.0000 is_adam_step=True train_time:105691ms step_avg:422.77ms
step:250/1555 val_step:40/320 val_loss:4.5763 chunk_loss:0.0000 is_adam_step=False train_time:105691ms step_avg:422.77ms
step:250/1555 val_step:41/320 val_loss:4.5809 chunk_loss:0.0000 is_adam_step=True train_time:105691ms step_avg:422.77ms
step:250/1555 val_step:42/320 val_loss:4.5808 chunk_loss:0.0000 is_adam_step=False train_time:105691ms step_avg:422.77ms
step:250/1555 val_step:43/320 val_loss:4.5815 chunk_loss:0.0000 is_adam_step=True train_time:105691ms step_avg:422.77ms
step:250/1555 val_step:44/320 val_loss:4.5858 chunk_loss:0.0000 is_adam_step=False train_time:105691ms step_avg:422.77ms
step:250/1555 val_step:45/320 val_loss:4.5854 chunk_loss:0.0000 is_adam_step=True train_time:105691ms step_avg:422.77ms
step:250/1555 val_step:46/320 val_loss:4.5857 chunk_loss:0.0000 is_adam_step=False train_time:105691ms step_avg:422.77ms
step:250/1555 val_step:47/320 val_loss:4.5865 chunk_loss:0.0000 is_adam_step=True train_time:105691ms step_avg:422.77ms
step:250/1555 val_step:48/320 val_loss:4.5856 chunk_loss:0.0000 is_adam_step=False train_time:105691ms step_avg:422.77ms
step:250/1555 val_step:49/320 val_loss:4.5841 chunk_loss:0.0000 is_adam_step=True train_time:105691ms step_avg:422.77ms
step:250/1555 val_step:50/320 val_loss:4.5838 chunk_loss:0.0000 is_adam_step=False train_time:105691ms step_avg:422.77ms
step:250/1555 val_step:51/320 val_loss:4.5830 chunk_loss:0.0000 is_adam_step=True train_time:105691ms step_avg:422.77ms
step:250/1555 val_step:52/320 val_loss:4.5842 chunk_loss:0.0000 is_adam_step=False train_time:105691ms step_avg:422.77ms
step:250/1555 val_step:53/320 val_loss:4.5834 chunk_loss:0.0000 is_adam_step=True train_time:105691ms step_avg:422.77ms
step:250/1555 val_step:54/320 val_loss:4.5829 chunk_loss:0.0000 is_adam_step=False train_time:105691ms step_avg:422.77ms
step:250/1555 val_step:55/320 val_loss:4.5799 chunk_loss:0.0000 is_adam_step=True train_time:105691ms step_avg:422.77ms
step:250/1555 val_step:56/320 val_loss:4.5779 chunk_loss:0.0000 is_adam_step=False train_time:105691ms step_avg:422.77ms
step:250/1555 val_step:57/320 val_loss:4.5786 chunk_loss:0.0000 is_adam_step=True train_time:105691ms step_avg:422.77ms
step:250/1555 val_step:58/320 val_loss:4.5780 chunk_loss:0.0000 is_adam_step=False train_time:105691ms step_avg:422.77ms
step:250/1555 val_step:59/320 val_loss:4.5791 chunk_loss:0.0000 is_adam_step=True train_time:105691ms step_avg:422.77ms
step:250/1555 val_step:60/320 val_loss:4.5773 chunk_loss:0.0000 is_adam_step=False train_time:105691ms step_avg:422.77ms
step:250/1555 val_step:61/320 val_loss:4.5767 chunk_loss:0.0000 is_adam_step=True train_time:105691ms step_avg:422.77ms
step:250/1555 val_step:62/320 val_loss:4.5761 chunk_loss:0.0000 is_adam_step=False train_time:105691ms step_avg:422.77ms
step:250/1555 val_step:63/320 val_loss:4.5759 chunk_loss:0.0000 is_adam_step=True train_time:105691ms step_avg:422.77ms
step:250/1555 val_step:64/320 val_loss:4.5770 chunk_loss:0.0000 is_adam_step=False train_time:105691ms step_avg:422.77ms
step:250/1555 val_step:65/320 val_loss:4.5795 chunk_loss:0.0000 is_adam_step=True train_time:105691ms step_avg:422.77ms
step:250/1555 val_step:66/320 val_loss:4.5824 chunk_loss:0.0000 is_adam_step=False train_time:105691ms step_avg:422.77ms
step:250/1555 val_step:67/320 val_loss:4.5822 chunk_loss:0.0000 is_adam_step=True train_time:105691ms step_avg:422.77ms
step:250/1555 val_step:68/320 val_loss:4.5802 chunk_loss:0.0000 is_adam_step=False train_time:105691ms step_avg:422.77ms
step:250/1555 val_step:69/320 val_loss:4.5804 chunk_loss:0.0000 is_adam_step=True train_time:105691ms step_avg:422.77ms
step:250/1555 val_step:70/320 val_loss:4.5793 chunk_loss:0.0000 is_adam_step=False train_time:105691ms step_avg:422.77ms
step:250/1555 val_step:71/320 val_loss:4.5766 chunk_loss:0.0000 is_adam_step=True train_time:105691ms step_avg:422.77ms
step:250/1555 val_step:72/320 val_loss:4.5745 chunk_loss:0.0000 is_adam_step=False train_time:105691ms step_avg:422.77ms
step:250/1555 val_step:73/320 val_loss:4.5743 chunk_loss:0.0000 is_adam_step=True train_time:105691ms step_avg:422.77ms
step:250/1555 val_step:74/320 val_loss:4.5768 chunk_loss:0.0000 is_adam_step=False train_time:105691ms step_avg:422.77ms
step:250/1555 val_step:75/320 val_loss:4.5767 chunk_loss:0.0000 is_adam_step=True train_time:105691ms step_avg:422.77ms
step:250/1555 val_step:76/320 val_loss:4.5753 chunk_loss:0.0000 is_adam_step=False train_time:105691ms step_avg:422.77ms
step:250/1555 val_step:77/320 val_loss:4.5771 chunk_loss:0.0000 is_adam_step=True train_time:105691ms step_avg:422.77ms
step:250/1555 val_step:78/320 val_loss:4.5756 chunk_loss:0.0000 is_adam_step=False train_time:105691ms step_avg:422.77ms
step:250/1555 val_step:79/320 val_loss:4.5745 chunk_loss:0.0000 is_adam_step=True train_time:105691ms step_avg:422.77ms
step:250/1555 val_step:80/320 val_loss:4.5731 chunk_loss:0.0000 is_adam_step=False train_time:105691ms step_avg:422.77ms
step:250/1555 val_step:81/320 val_loss:4.5710 chunk_loss:0.0000 is_adam_step=True train_time:105691ms step_avg:422.77ms
step:250/1555 val_step:82/320 val_loss:4.5715 chunk_loss:0.0000 is_adam_step=False train_time:105691ms step_avg:422.77ms
step:250/1555 val_step:83/320 val_loss:4.5693 chunk_loss:0.0000 is_adam_step=True train_time:105691ms step_avg:422.77ms
step:250/1555 val_step:84/320 val_loss:4.5702 chunk_loss:0.0000 is_adam_step=False train_time:105691ms step_avg:422.77ms
step:250/1555 val_step:85/320 val_loss:4.5702 chunk_loss:0.0000 is_adam_step=True train_time:105691ms step_avg:422.77ms
step:250/1555 val_step:86/320 val_loss:4.5709 chunk_loss:0.0000 is_adam_step=False train_time:105691ms step_avg:422.77ms
step:250/1555 val_step:87/320 val_loss:4.5704 chunk_loss:0.0000 is_adam_step=True train_time:105691ms step_avg:422.77ms
step:250/1555 val_step:88/320 val_loss:4.5709 chunk_loss:0.0000 is_adam_step=False train_time:105691ms step_avg:422.77ms
step:250/1555 val_step:89/320 val_loss:4.5714 chunk_loss:0.0000 is_adam_step=True train_time:105691ms step_avg:422.77ms
step:250/1555 val_step:90/320 val_loss:4.5701 chunk_loss:0.0000 is_adam_step=False train_time:105691ms step_avg:422.77ms
step:250/1555 val_step:91/320 val_loss:4.5687 chunk_loss:0.0000 is_adam_step=True train_time:105691ms step_avg:422.77ms
step:250/1555 val_step:92/320 val_loss:4.5702 chunk_loss:0.0000 is_adam_step=False train_time:105691ms step_avg:422.77ms
step:250/1555 val_step:93/320 val_loss:4.5708 chunk_loss:0.0000 is_adam_step=True train_time:105691ms step_avg:422.77ms
step:250/1555 val_step:94/320 val_loss:4.5711 chunk_loss:0.0000 is_adam_step=False train_time:105691ms step_avg:422.77ms
step:250/1555 val_step:95/320 val_loss:4.5711 chunk_loss:0.0000 is_adam_step=True train_time:105691ms step_avg:422.77ms
step:250/1555 val_step:96/320 val_loss:4.5718 chunk_loss:0.0000 is_adam_step=False train_time:105691ms step_avg:422.77ms
step:250/1555 val_step:97/320 val_loss:4.5746 chunk_loss:0.0000 is_adam_step=True train_time:105691ms step_avg:422.77ms
step:250/1555 val_step:98/320 val_loss:4.5755 chunk_loss:0.0000 is_adam_step=False train_time:105691ms step_avg:422.77ms
step:250/1555 val_step:99/320 val_loss:4.5755 chunk_loss:0.0000 is_adam_step=True train_time:105691ms step_avg:422.77ms
step:250/1555 val_step:100/320 val_loss:4.5750 chunk_loss:0.0000 is_adam_step=False train_time:105691ms step_avg:422.77ms
step:250/1555 val_step:101/320 val_loss:4.5737 chunk_loss:0.0000 is_adam_step=True train_time:105691ms step_avg:422.77ms
step:250/1555 val_step:102/320 val_loss:4.5738 chunk_loss:0.0000 is_adam_step=False train_time:105691ms step_avg:422.77ms
step:250/1555 val_step:103/320 val_loss:4.5753 chunk_loss:0.0000 is_adam_step=True train_time:105691ms step_avg:422.77ms
step:250/1555 val_step:104/320 val_loss:4.5747 chunk_loss:0.0000 is_adam_step=False train_time:105691ms step_avg:422.77ms
step:250/1555 val_step:105/320 val_loss:4.5742 chunk_loss:0.0000 is_adam_step=True train_time:105691ms step_avg:422.77ms
step:250/1555 val_step:106/320 val_loss:4.5722 chunk_loss:0.0000 is_adam_step=False train_time:105691ms step_avg:422.77ms
step:250/1555 val_step:107/320 val_loss:4.5711 chunk_loss:0.0000 is_adam_step=True train_time:105691ms step_avg:422.77ms
step:250/1555 val_step:108/320 val_loss:4.5704 chunk_loss:0.0000 is_adam_step=False train_time:105691ms step_avg:422.77ms
step:250/1555 val_step:109/320 val_loss:4.5703 chunk_loss:0.0000 is_adam_step=True train_time:105691ms step_avg:422.77ms
step:250/1555 val_step:110/320 val_loss:4.5699 chunk_loss:0.0000 is_adam_step=False train_time:105691ms step_avg:422.77ms
step:250/1555 val_step:111/320 val_loss:4.5710 chunk_loss:0.0000 is_adam_step=True train_time:105691ms step_avg:422.77ms
step:250/1555 val_step:112/320 val_loss:4.5702 chunk_loss:0.0000 is_adam_step=False train_time:105691ms step_avg:422.77ms
step:250/1555 val_step:113/320 val_loss:4.5688 chunk_loss:0.0000 is_adam_step=True train_time:105691ms step_avg:422.77ms
step:250/1555 val_step:114/320 val_loss:4.5673 chunk_loss:0.0000 is_adam_step=False train_time:105691ms step_avg:422.77ms
step:250/1555 val_step:115/320 val_loss:4.5657 chunk_loss:0.0000 is_adam_step=True train_time:105691ms step_avg:422.77ms
step:250/1555 val_step:116/320 val_loss:4.5656 chunk_loss:0.0000 is_adam_step=False train_time:105691ms step_avg:422.77ms
step:250/1555 val_step:117/320 val_loss:4.5660 chunk_loss:0.0000 is_adam_step=True train_time:105691ms step_avg:422.77ms
step:250/1555 val_step:118/320 val_loss:4.5668 chunk_loss:0.0000 is_adam_step=False train_time:105691ms step_avg:422.77ms
step:250/1555 val_step:119/320 val_loss:4.5659 chunk_loss:0.0000 is_adam_step=True train_time:105691ms step_avg:422.77ms
step:250/1555 val_step:120/320 val_loss:4.5666 chunk_loss:0.0000 is_adam_step=False train_time:105691ms step_avg:422.77ms
step:250/1555 val_step:121/320 val_loss:4.5662 chunk_loss:0.0000 is_adam_step=True train_time:105691ms step_avg:422.77ms
step:250/1555 val_step:122/320 val_loss:4.5664 chunk_loss:0.0000 is_adam_step=False train_time:105691ms step_avg:422.77ms
step:250/1555 val_step:123/320 val_loss:4.5665 chunk_loss:0.0000 is_adam_step=True train_time:105691ms step_avg:422.77ms
step:250/1555 val_step:124/320 val_loss:4.5669 chunk_loss:0.0000 is_adam_step=False train_time:105691ms step_avg:422.77ms
step:250/1555 val_step:125/320 val_loss:4.5675 chunk_loss:0.0000 is_adam_step=True train_time:105691ms step_avg:422.77ms
step:250/1555 val_step:126/320 val_loss:4.5661 chunk_loss:0.0000 is_adam_step=False train_time:105691ms step_avg:422.77ms
step:250/1555 val_step:127/320 val_loss:4.5668 chunk_loss:0.0000 is_adam_step=True train_time:105691ms step_avg:422.77ms
step:250/1555 val_step:128/320 val_loss:4.5666 chunk_loss:0.0000 is_adam_step=False train_time:105691ms step_avg:422.77ms
step:250/1555 val_step:129/320 val_loss:4.5656 chunk_loss:0.0000 is_adam_step=True train_time:105691ms step_avg:422.77ms
step:250/1555 val_step:130/320 val_loss:4.5656 chunk_loss:0.0000 is_adam_step=False train_time:105691ms step_avg:422.77ms
step:250/1555 val_step:131/320 val_loss:4.5653 chunk_loss:0.0000 is_adam_step=True train_time:105691ms step_avg:422.77ms
step:250/1555 val_step:132/320 val_loss:4.5672 chunk_loss:0.0000 is_adam_step=False train_time:105691ms step_avg:422.77ms
step:250/1555 val_step:133/320 val_loss:4.5684 chunk_loss:0.0000 is_adam_step=True train_time:105691ms step_avg:422.77ms
step:250/1555 val_step:134/320 val_loss:4.5672 chunk_loss:0.0000 is_adam_step=False train_time:105691ms step_avg:422.77ms
step:250/1555 val_step:135/320 val_loss:4.5668 chunk_loss:0.0000 is_adam_step=True train_time:105691ms step_avg:422.77ms
step:250/1555 val_step:136/320 val_loss:4.5669 chunk_loss:0.0000 is_adam_step=False train_time:105691ms step_avg:422.77ms
step:250/1555 val_step:137/320 val_loss:4.5674 chunk_loss:0.0000 is_adam_step=True train_time:105691ms step_avg:422.77ms
step:250/1555 val_step:138/320 val_loss:4.5694 chunk_loss:0.0000 is_adam_step=False train_time:105691ms step_avg:422.77ms
step:250/1555 val_step:139/320 val_loss:4.5698 chunk_loss:0.0000 is_adam_step=True train_time:105691ms step_avg:422.77ms
step:250/1555 val_step:140/320 val_loss:4.5699 chunk_loss:0.0000 is_adam_step=False train_time:105691ms step_avg:422.77ms
step:250/1555 val_step:141/320 val_loss:4.5697 chunk_loss:0.0000 is_adam_step=True train_time:105691ms step_avg:422.77ms
step:250/1555 val_step:142/320 val_loss:4.5701 chunk_loss:0.0000 is_adam_step=False train_time:105691ms step_avg:422.77ms
step:250/1555 val_step:143/320 val_loss:4.5713 chunk_loss:0.0000 is_adam_step=True train_time:105691ms step_avg:422.77ms
step:250/1555 val_step:144/320 val_loss:4.5723 chunk_loss:0.0000 is_adam_step=False train_time:105691ms step_avg:422.77ms
step:250/1555 val_step:145/320 val_loss:4.5718 chunk_loss:0.0000 is_adam_step=True train_time:105691ms step_avg:422.77ms
step:250/1555 val_step:146/320 val_loss:4.5719 chunk_loss:0.0000 is_adam_step=False train_time:105691ms step_avg:422.77ms
step:250/1555 val_step:147/320 val_loss:4.5722 chunk_loss:0.0000 is_adam_step=True train_time:105691ms step_avg:422.77ms
step:250/1555 val_step:148/320 val_loss:4.5727 chunk_loss:0.0000 is_adam_step=False train_time:105691ms step_avg:422.77ms
step:250/1555 val_step:149/320 val_loss:4.5716 chunk_loss:0.0000 is_adam_step=True train_time:105691ms step_avg:422.77ms
step:250/1555 val_step:150/320 val_loss:4.5709 chunk_loss:0.0000 is_adam_step=False train_time:105691ms step_avg:422.77ms
step:250/1555 val_step:151/320 val_loss:4.5709 chunk_loss:0.0000 is_adam_step=True train_time:105691ms step_avg:422.77ms
step:250/1555 val_step:152/320 val_loss:4.5697 chunk_loss:0.0000 is_adam_step=False train_time:105691ms step_avg:422.77ms
step:250/1555 val_step:153/320 val_loss:4.5690 chunk_loss:0.0000 is_adam_step=True train_time:105691ms step_avg:422.77ms
step:250/1555 val_step:154/320 val_loss:4.5685 chunk_loss:0.0000 is_adam_step=False train_time:105691ms step_avg:422.77ms
step:250/1555 val_step:155/320 val_loss:4.5688 chunk_loss:0.0000 is_adam_step=True train_time:105691ms step_avg:422.77ms
step:250/1555 val_step:156/320 val_loss:4.5684 chunk_loss:0.0000 is_adam_step=False train_time:105691ms step_avg:422.77ms
step:250/1555 val_step:157/320 val_loss:4.5687 chunk_loss:0.0000 is_adam_step=True train_time:105691ms step_avg:422.77ms
step:250/1555 val_step:158/320 val_loss:4.5688 chunk_loss:0.0000 is_adam_step=False train_time:105691ms step_avg:422.77ms
step:250/1555 val_step:159/320 val_loss:4.5686 chunk_loss:0.0000 is_adam_step=True train_time:105691ms step_avg:422.77ms
step:250/1555 val_step:160/320 val_loss:4.5696 chunk_loss:0.0000 is_adam_step=False train_time:105691ms step_avg:422.77ms
step:250/1555 val_step:161/320 val_loss:4.5694 chunk_loss:0.0000 is_adam_step=True train_time:105691ms step_avg:422.77ms
step:250/1555 val_step:162/320 val_loss:4.5699 chunk_loss:0.0000 is_adam_step=False train_time:105691ms step_avg:422.77ms
step:250/1555 val_step:163/320 val_loss:4.5693 chunk_loss:0.0000 is_adam_step=True train_time:105691ms step_avg:422.77ms
step:250/1555 val_step:164/320 val_loss:4.5690 chunk_loss:0.0000 is_adam_step=False train_time:105691ms step_avg:422.77ms
step:250/1555 val_step:165/320 val_loss:4.5713 chunk_loss:0.0000 is_adam_step=True train_time:105691ms step_avg:422.77ms
step:250/1555 val_step:166/320 val_loss:4.5720 chunk_loss:0.0000 is_adam_step=False train_time:105691ms step_avg:422.77ms
step:250/1555 val_step:167/320 val_loss:4.5727 chunk_loss:0.0000 is_adam_step=True train_time:105691ms step_avg:422.77ms
step:250/1555 val_step:168/320 val_loss:4.5729 chunk_loss:0.0000 is_adam_step=False train_time:105691ms step_avg:422.77ms
step:250/1555 val_step:169/320 val_loss:4.5731 chunk_loss:0.0000 is_adam_step=True train_time:105691ms step_avg:422.77ms
step:250/1555 val_step:170/320 val_loss:4.5726 chunk_loss:0.0000 is_adam_step=False train_time:105691ms step_avg:422.77ms
step:250/1555 val_step:171/320 val_loss:4.5716 chunk_loss:0.0000 is_adam_step=True train_time:105691ms step_avg:422.77ms
step:250/1555 val_step:172/320 val_loss:4.5717 chunk_loss:0.0000 is_adam_step=False train_time:105691ms step_avg:422.77ms
step:250/1555 val_step:173/320 val_loss:4.5709 chunk_loss:0.0000 is_adam_step=True train_time:105691ms step_avg:422.77ms
step:250/1555 val_step:174/320 val_loss:4.5724 chunk_loss:0.0000 is_adam_step=False train_time:105691ms step_avg:422.77ms
step:250/1555 val_step:175/320 val_loss:4.5720 chunk_loss:0.0000 is_adam_step=True train_time:105691ms step_avg:422.77ms
step:250/1555 val_step:176/320 val_loss:4.5723 chunk_loss:0.0000 is_adam_step=False train_time:105691ms step_avg:422.77ms
step:250/1555 val_step:177/320 val_loss:4.5707 chunk_loss:0.0000 is_adam_step=True train_time:105691ms step_avg:422.77ms
step:250/1555 val_step:178/320 val_loss:4.5705 chunk_loss:0.0000 is_adam_step=False train_time:105691ms step_avg:422.77ms
step:250/1555 val_step:179/320 val_loss:4.5704 chunk_loss:0.0000 is_adam_step=True train_time:105691ms step_avg:422.77ms
step:250/1555 val_step:180/320 val_loss:4.5695 chunk_loss:0.0000 is_adam_step=False train_time:105691ms step_avg:422.77ms
step:250/1555 val_step:181/320 val_loss:4.5696 chunk_loss:0.0000 is_adam_step=True train_time:105691ms step_avg:422.77ms
step:250/1555 val_step:182/320 val_loss:4.5681 chunk_loss:0.0000 is_adam_step=False train_time:105691ms step_avg:422.77ms
step:250/1555 val_step:183/320 val_loss:4.5691 chunk_loss:0.0000 is_adam_step=True train_time:105691ms step_avg:422.77ms
step:250/1555 val_step:184/320 val_loss:4.5684 chunk_loss:0.0000 is_adam_step=False train_time:105691ms step_avg:422.77ms
step:250/1555 val_step:185/320 val_loss:4.5671 chunk_loss:0.0000 is_adam_step=True train_time:105691ms step_avg:422.77ms
step:250/1555 val_step:186/320 val_loss:4.5667 chunk_loss:0.0000 is_adam_step=False train_time:105691ms step_avg:422.77ms
step:250/1555 val_step:187/320 val_loss:4.5662 chunk_loss:0.0000 is_adam_step=True train_time:105691ms step_avg:422.77ms
step:250/1555 val_step:188/320 val_loss:4.5666 chunk_loss:0.0000 is_adam_step=False train_time:105691ms step_avg:422.77ms
step:250/1555 val_step:189/320 val_loss:4.5654 chunk_loss:0.0000 is_adam_step=True train_time:105691ms step_avg:422.77ms
step:250/1555 val_step:190/320 val_loss:4.5649 chunk_loss:0.0000 is_adam_step=False train_time:105691ms step_avg:422.77ms
step:250/1555 val_step:191/320 val_loss:4.5646 chunk_loss:0.0000 is_adam_step=True train_time:105691ms step_avg:422.77ms
step:250/1555 val_step:192/320 val_loss:4.5643 chunk_loss:0.0000 is_adam_step=False train_time:105691ms step_avg:422.77ms
step:250/1555 val_step:193/320 val_loss:4.5643 chunk_loss:0.0000 is_adam_step=True train_time:105691ms step_avg:422.77ms
step:250/1555 val_step:194/320 val_loss:4.5650 chunk_loss:0.0000 is_adam_step=False train_time:105691ms step_avg:422.77ms
step:250/1555 val_step:195/320 val_loss:4.5644 chunk_loss:0.0000 is_adam_step=True train_time:105691ms step_avg:422.77ms
step:250/1555 val_step:196/320 val_loss:4.5644 chunk_loss:0.0000 is_adam_step=False train_time:105691ms step_avg:422.77ms
step:250/1555 val_step:197/320 val_loss:4.5647 chunk_loss:0.0000 is_adam_step=True train_time:105691ms step_avg:422.77ms
step:250/1555 val_step:198/320 val_loss:4.5651 chunk_loss:0.0000 is_adam_step=False train_time:105691ms step_avg:422.77ms
step:250/1555 val_step:199/320 val_loss:4.5648 chunk_loss:0.0000 is_adam_step=True train_time:105691ms step_avg:422.77ms
step:250/1555 val_step:200/320 val_loss:4.5646 chunk_loss:0.0000 is_adam_step=False train_time:105691ms step_avg:422.77ms
step:250/1555 val_step:201/320 val_loss:4.5635 chunk_loss:0.0000 is_adam_step=True train_time:105691ms step_avg:422.77ms
step:250/1555 val_step:202/320 val_loss:4.5647 chunk_loss:0.0000 is_adam_step=False train_time:105691ms step_avg:422.77ms
step:250/1555 val_step:203/320 val_loss:4.5643 chunk_loss:0.0000 is_adam_step=True train_time:105691ms step_avg:422.77ms
step:250/1555 val_step:204/320 val_loss:4.5640 chunk_loss:0.0000 is_adam_step=False train_time:105691ms step_avg:422.77ms
step:250/1555 val_step:205/320 val_loss:4.5645 chunk_loss:0.0000 is_adam_step=True train_time:105691ms step_avg:422.77ms
step:250/1555 val_step:206/320 val_loss:4.5643 chunk_loss:0.0000 is_adam_step=False train_time:105691ms step_avg:422.77ms
step:250/1555 val_step:207/320 val_loss:4.5643 chunk_loss:0.0000 is_adam_step=True train_time:105691ms step_avg:422.77ms
step:250/1555 val_step:208/320 val_loss:4.5632 chunk_loss:0.0000 is_adam_step=False train_time:105691ms step_avg:422.77ms
step:250/1555 val_step:209/320 val_loss:4.5635 chunk_loss:0.0000 is_adam_step=True train_time:105691ms step_avg:422.77ms
step:250/1555 val_step:210/320 val_loss:4.5622 chunk_loss:0.0000 is_adam_step=False train_time:105691ms step_avg:422.77ms
step:250/1555 val_step:211/320 val_loss:4.5617 chunk_loss:0.0000 is_adam_step=True train_time:105691ms step_avg:422.77ms
step:250/1555 val_step:212/320 val_loss:4.5630 chunk_loss:0.0000 is_adam_step=False train_time:105691ms step_avg:422.77ms
step:250/1555 val_step:213/320 val_loss:4.5628 chunk_loss:0.0000 is_adam_step=True train_time:105691ms step_avg:422.77ms
step:250/1555 val_step:214/320 val_loss:4.5635 chunk_loss:0.0000 is_adam_step=False train_time:105691ms step_avg:422.77ms
step:250/1555 val_step:215/320 val_loss:4.5625 chunk_loss:0.0000 is_adam_step=True train_time:105691ms step_avg:422.77ms
step:250/1555 val_step:216/320 val_loss:4.5622 chunk_loss:0.0000 is_adam_step=False train_time:105691ms step_avg:422.77ms
step:250/1555 val_step:217/320 val_loss:4.5629 chunk_loss:0.0000 is_adam_step=True train_time:105691ms step_avg:422.77ms
step:250/1555 val_step:218/320 val_loss:4.5629 chunk_loss:0.0000 is_adam_step=False train_time:105691ms step_avg:422.77ms
step:250/1555 val_step:219/320 val_loss:4.5629 chunk_loss:0.0000 is_adam_step=True train_time:105691ms step_avg:422.77ms
step:250/1555 val_step:220/320 val_loss:4.5630 chunk_loss:0.0000 is_adam_step=False train_time:105691ms step_avg:422.77ms
step:250/1555 val_step:221/320 val_loss:4.5628 chunk_loss:0.0000 is_adam_step=True train_time:105691ms step_avg:422.77ms
step:250/1555 val_step:222/320 val_loss:4.5629 chunk_loss:0.0000 is_adam_step=False train_time:105691ms step_avg:422.77ms
step:250/1555 val_step:223/320 val_loss:4.5627 chunk_loss:0.0000 is_adam_step=True train_time:105691ms step_avg:422.77ms
step:250/1555 val_step:224/320 val_loss:4.5621 chunk_loss:0.0000 is_adam_step=False train_time:105691ms step_avg:422.77ms
step:250/1555 val_step:225/320 val_loss:4.5620 chunk_loss:0.0000 is_adam_step=True train_time:105691ms step_avg:422.77ms
step:250/1555 val_step:226/320 val_loss:4.5614 chunk_loss:0.0000 is_adam_step=False train_time:105691ms step_avg:422.77ms
step:250/1555 val_step:227/320 val_loss:4.5614 chunk_loss:0.0000 is_adam_step=True train_time:105691ms step_avg:422.77ms
step:250/1555 val_step:228/320 val_loss:4.5616 chunk_loss:0.0000 is_adam_step=False train_time:105691ms step_avg:422.77ms
step:250/1555 val_step:229/320 val_loss:4.5621 chunk_loss:0.0000 is_adam_step=True train_time:105691ms step_avg:422.77ms
step:250/1555 val_step:230/320 val_loss:4.5619 chunk_loss:0.0000 is_adam_step=False train_time:105691ms step_avg:422.77ms
step:250/1555 val_step:231/320 val_loss:4.5618 chunk_loss:0.0000 is_adam_step=True train_time:105691ms step_avg:422.77ms
step:250/1555 val_step:232/320 val_loss:4.5623 chunk_loss:0.0000 is_adam_step=False train_time:105691ms step_avg:422.77ms
step:250/1555 val_step:233/320 val_loss:4.5623 chunk_loss:0.0000 is_adam_step=True train_time:105691ms step_avg:422.77ms
step:250/1555 val_step:234/320 val_loss:4.5622 chunk_loss:0.0000 is_adam_step=False train_time:105691ms step_avg:422.77ms
step:250/1555 val_step:235/320 val_loss:4.5624 chunk_loss:0.0000 is_adam_step=True train_time:105691ms step_avg:422.77ms
step:250/1555 val_step:236/320 val_loss:4.5624 chunk_loss:0.0000 is_adam_step=False train_time:105691ms step_avg:422.77ms
step:250/1555 val_step:237/320 val_loss:4.5625 chunk_loss:0.0000 is_adam_step=True train_time:105691ms step_avg:422.77ms
step:250/1555 val_step:238/320 val_loss:4.5624 chunk_loss:0.0000 is_adam_step=False train_time:105691ms step_avg:422.77ms
step:250/1555 val_step:239/320 val_loss:4.5621 chunk_loss:0.0000 is_adam_step=True train_time:105691ms step_avg:422.77ms
step:250/1555 val_step:240/320 val_loss:4.5621 chunk_loss:0.0000 is_adam_step=False train_time:105691ms step_avg:422.77ms
step:250/1555 val_step:241/320 val_loss:4.5623 chunk_loss:0.0000 is_adam_step=True train_time:105691ms step_avg:422.77ms
step:250/1555 val_step:242/320 val_loss:4.5633 chunk_loss:0.0000 is_adam_step=False train_time:105691ms step_avg:422.77ms
step:250/1555 val_step:243/320 val_loss:4.5630 chunk_loss:0.0000 is_adam_step=True train_time:105691ms step_avg:422.77ms
step:250/1555 val_step:244/320 val_loss:4.5633 chunk_loss:0.0000 is_adam_step=False train_time:105691ms step_avg:422.77ms
step:250/1555 val_step:245/320 val_loss:4.5635 chunk_loss:0.0000 is_adam_step=True train_time:105691ms step_avg:422.77ms
step:250/1555 val_step:246/320 val_loss:4.5638 chunk_loss:0.0000 is_adam_step=False train_time:105691ms step_avg:422.77ms
step:250/1555 val_step:247/320 val_loss:4.5635 chunk_loss:0.0000 is_adam_step=True train_time:105691ms step_avg:422.77ms
step:250/1555 val_step:248/320 val_loss:4.5634 chunk_loss:0.0000 is_adam_step=False train_time:105691ms step_avg:422.77ms
step:250/1555 val_step:249/320 val_loss:4.5642 chunk_loss:0.0000 is_adam_step=True train_time:105691ms step_avg:422.77ms
step:250/1555 val_step:250/320 val_loss:4.5642 chunk_loss:0.0000 is_adam_step=False train_time:105691ms step_avg:422.77ms
step:250/1555 val_step:251/320 val_loss:4.5642 chunk_loss:0.0000 is_adam_step=True train_time:105691ms step_avg:422.77ms
step:250/1555 val_step:252/320 val_loss:4.5646 chunk_loss:0.0000 is_adam_step=False train_time:105691ms step_avg:422.77ms
step:250/1555 val_step:253/320 val_loss:4.5643 chunk_loss:0.0000 is_adam_step=True train_time:105691ms step_avg:422.77ms
step:250/1555 val_step:254/320 val_loss:4.5644 chunk_loss:0.0000 is_adam_step=False train_time:105691ms step_avg:422.77ms
step:250/1555 val_step:255/320 val_loss:4.5645 chunk_loss:0.0000 is_adam_step=True train_time:105691ms step_avg:422.77ms
step:250/1555 val_step:256/320 val_loss:4.5644 chunk_loss:0.0000 is_adam_step=False train_time:105691ms step_avg:422.77ms
step:250/1555 val_step:257/320 val_loss:4.5652 chunk_loss:0.0000 is_adam_step=True train_time:105691ms step_avg:422.77ms
step:250/1555 val_step:258/320 val_loss:4.5645 chunk_loss:0.0000 is_adam_step=False train_time:105691ms step_avg:422.77ms
step:250/1555 val_step:259/320 val_loss:4.5642 chunk_loss:0.0000 is_adam_step=True train_time:105691ms step_avg:422.77ms
step:250/1555 val_step:260/320 val_loss:4.5641 chunk_loss:0.0000 is_adam_step=False train_time:105691ms step_avg:422.77ms
step:250/1555 val_step:261/320 val_loss:4.5643 chunk_loss:0.0000 is_adam_step=True train_time:105691ms step_avg:422.77ms
step:250/1555 val_step:262/320 val_loss:4.5645 chunk_loss:0.0000 is_adam_step=False train_time:105691ms step_avg:422.77ms
step:250/1555 val_step:263/320 val_loss:4.5642 chunk_loss:0.0000 is_adam_step=True train_time:105691ms step_avg:422.77ms
step:250/1555 val_step:264/320 val_loss:4.5643 chunk_loss:0.0000 is_adam_step=False train_time:105691ms step_avg:422.77ms
step:250/1555 val_step:265/320 val_loss:4.5639 chunk_loss:0.0000 is_adam_step=True train_time:105691ms step_avg:422.77ms
step:250/1555 val_step:266/320 val_loss:4.5641 chunk_loss:0.0000 is_adam_step=False train_time:105691ms step_avg:422.77ms
step:250/1555 val_step:267/320 val_loss:4.5636 chunk_loss:0.0000 is_adam_step=True train_time:105691ms step_avg:422.77ms
step:250/1555 val_step:268/320 val_loss:4.5632 chunk_loss:0.0000 is_adam_step=False train_time:105691ms step_avg:422.77ms
step:250/1555 val_step:269/320 val_loss:4.5629 chunk_loss:0.0000 is_adam_step=True train_time:105691ms step_avg:422.77ms
step:250/1555 val_step:270/320 val_loss:4.5624 chunk_loss:0.0000 is_adam_step=False train_time:105691ms step_avg:422.77ms
step:250/1555 val_step:271/320 val_loss:4.5617 chunk_loss:0.0000 is_adam_step=True train_time:105691ms step_avg:422.77ms
step:250/1555 val_step:272/320 val_loss:4.5610 chunk_loss:0.0000 is_adam_step=False train_time:105691ms step_avg:422.77ms
step:250/1555 val_step:273/320 val_loss:4.5610 chunk_loss:0.0000 is_adam_step=True train_time:105691ms step_avg:422.77ms
step:250/1555 val_step:274/320 val_loss:4.5609 chunk_loss:0.0000 is_adam_step=False train_time:105691ms step_avg:422.77ms
step:250/1555 val_step:275/320 val_loss:4.5617 chunk_loss:0.0000 is_adam_step=True train_time:105691ms step_avg:422.77ms
step:250/1555 val_step:276/320 val_loss:4.5614 chunk_loss:0.0000 is_adam_step=False train_time:105691ms step_avg:422.77ms
step:250/1555 val_step:277/320 val_loss:4.5609 chunk_loss:0.0000 is_adam_step=True train_time:105691ms step_avg:422.77ms
step:250/1555 val_step:278/320 val_loss:4.5608 chunk_loss:0.0000 is_adam_step=False train_time:105691ms step_avg:422.77ms
step:250/1555 val_step:279/320 val_loss:4.5615 chunk_loss:0.0000 is_adam_step=True train_time:105691ms step_avg:422.77ms
step:250/1555 val_step:280/320 val_loss:4.5616 chunk_loss:0.0000 is_adam_step=False train_time:105691ms step_avg:422.77ms
step:250/1555 val_step:281/320 val_loss:4.5614 chunk_loss:0.0000 is_adam_step=True train_time:105691ms step_avg:422.77ms
step:250/1555 val_step:282/320 val_loss:4.5613 chunk_loss:0.0000 is_adam_step=False train_time:105691ms step_avg:422.77ms
step:250/1555 val_step:283/320 val_loss:4.5611 chunk_loss:0.0000 is_adam_step=True train_time:105691ms step_avg:422.77ms
step:250/1555 val_step:284/320 val_loss:4.5615 chunk_loss:0.0000 is_adam_step=False train_time:105691ms step_avg:422.77ms
step:250/1555 val_step:285/320 val_loss:4.5610 chunk_loss:0.0000 is_adam_step=True train_time:105691ms step_avg:422.77ms
step:250/1555 val_step:286/320 val_loss:4.5607 chunk_loss:0.0000 is_adam_step=False train_time:105691ms step_avg:422.77ms
step:250/1555 val_step:287/320 val_loss:4.5609 chunk_loss:0.0000 is_adam_step=True train_time:105691ms step_avg:422.77ms
step:250/1555 val_step:288/320 val_loss:4.5609 chunk_loss:0.0000 is_adam_step=False train_time:105691ms step_avg:422.77ms
step:250/1555 val_step:289/320 val_loss:4.5613 chunk_loss:0.0000 is_adam_step=True train_time:105691ms step_avg:422.77ms
step:250/1555 val_step:290/320 val_loss:4.5618 chunk_loss:0.0000 is_adam_step=False train_time:105691ms step_avg:422.77ms
step:250/1555 val_step:291/320 val_loss:4.5617 chunk_loss:0.0000 is_adam_step=True train_time:105691ms step_avg:422.77ms
step:250/1555 val_step:292/320 val_loss:4.5613 chunk_loss:0.0000 is_adam_step=False train_time:105691ms step_avg:422.77ms
step:250/1555 val_step:293/320 val_loss:4.5610 chunk_loss:0.0000 is_adam_step=True train_time:105691ms step_avg:422.77ms
step:250/1555 val_step:294/320 val_loss:4.5611 chunk_loss:0.0000 is_adam_step=False train_time:105691ms step_avg:422.77ms
step:250/1555 val_step:295/320 val_loss:4.5612 chunk_loss:0.0000 is_adam_step=True train_time:105691ms step_avg:422.77ms
step:250/1555 val_step:296/320 val_loss:4.5612 chunk_loss:0.0000 is_adam_step=False train_time:105691ms step_avg:422.77ms
step:250/1555 val_step:297/320 val_loss:4.5607 chunk_loss:0.0000 is_adam_step=True train_time:105691ms step_avg:422.77ms
step:250/1555 val_step:298/320 val_loss:4.5604 chunk_loss:0.0000 is_adam_step=False train_time:105691ms step_avg:422.77ms
step:250/1555 val_step:299/320 val_loss:4.5602 chunk_loss:0.0000 is_adam_step=True train_time:105691ms step_avg:422.77ms
step:250/1555 val_step:300/320 val_loss:4.5598 chunk_loss:0.0000 is_adam_step=False train_time:105691ms step_avg:422.77ms
step:250/1555 val_step:301/320 val_loss:4.5594 chunk_loss:0.0000 is_adam_step=True train_time:105691ms step_avg:422.77ms
step:250/1555 val_step:302/320 val_loss:4.5593 chunk_loss:0.0000 is_adam_step=False train_time:105691ms step_avg:422.77ms
step:250/1555 val_step:303/320 val_loss:4.5597 chunk_loss:0.0000 is_adam_step=True train_time:105691ms step_avg:422.77ms
step:250/1555 val_step:304/320 val_loss:4.5588 chunk_loss:0.0000 is_adam_step=False train_time:105691ms step_avg:422.77ms
step:250/1555 val_step:305/320 val_loss:4.5585 chunk_loss:0.0000 is_adam_step=True train_time:105691ms step_avg:422.77ms
step:250/1555 val_step:306/320 val_loss:4.5585 chunk_loss:0.0000 is_adam_step=False train_time:105691ms step_avg:422.77ms
step:250/1555 val_step:307/320 val_loss:4.5584 chunk_loss:0.0000 is_adam_step=True train_time:105691ms step_avg:422.77ms
step:250/1555 val_step:308/320 val_loss:4.5585 chunk_loss:0.0000 is_adam_step=False train_time:105691ms step_avg:422.77ms
step:250/1555 val_step:309/320 val_loss:4.5588 chunk_loss:0.0000 is_adam_step=True train_time:105691ms step_avg:422.77ms
step:250/1555 val_step:310/320 val_loss:4.5584 chunk_loss:0.0000 is_adam_step=False train_time:105691ms step_avg:422.77ms
step:250/1555 val_step:311/320 val_loss:4.5587 chunk_loss:0.0000 is_adam_step=True train_time:105691ms step_avg:422.77ms
step:250/1555 val_step:312/320 val_loss:4.5589 chunk_loss:0.0000 is_adam_step=False train_time:105691ms step_avg:422.77ms
step:250/1555 val_step:313/320 val_loss:4.5590 chunk_loss:0.0000 is_adam_step=True train_time:105691ms step_avg:422.77ms
step:250/1555 val_step:314/320 val_loss:4.5593 chunk_loss:0.0000 is_adam_step=False train_time:105691ms step_avg:422.77ms
step:250/1555 val_step:315/320 val_loss:4.5594 chunk_loss:0.0000 is_adam_step=True train_time:105691ms step_avg:422.77ms
step:250/1555 val_step:316/320 val_loss:4.5592 chunk_loss:0.0000 is_adam_step=False train_time:105691ms step_avg:422.77ms
step:250/1555 val_step:317/320 val_loss:4.5592 chunk_loss:0.0000 is_adam_step=True train_time:105691ms step_avg:422.77ms
step:250/1555 val_step:318/320 val_loss:4.5594 chunk_loss:0.0000 is_adam_step=False train_time:105691ms step_avg:422.77ms
step:250/1555 val_step:319/320 val_loss:4.5593 chunk_loss:0.0000 is_adam_step=True train_time:105691ms step_avg:422.77ms
step:250/1555 val_loss:4.5593 train_time:105691ms step_avg:422.77ms
step:251/1555 loss.item()=140395.9375 train_time:106092ms step_avg:422.68ms
step:252/1555 loss.item()=139059.34375 train_time:106502ms step_avg:422.63ms
step:253/1555 loss.item()=137258.875 train_time:106936ms step_avg:422.67ms
step:254/1555 loss.item()=137732.6875 train_time:107349ms step_avg:422.63ms
step:255/1555 loss.item()=142174.1875 train_time:107771ms step_avg:422.63ms
step:256/1555 loss.item()=138846.78125 train_time:108189ms step_avg:422.61ms
step:257/1555 loss.item()=142876.15625 train_time:108605ms step_avg:422.59ms
step:258/1555 loss.item()=142592.625 train_time:109025ms step_avg:422.58ms
step:259/1555 loss.item()=137204.71875 train_time:109444ms step_avg:422.56ms
step:260/1555 loss.item()=140487.34375 train_time:109859ms step_avg:422.54ms
step:261/1555 loss.item()=138173.875 train_time:110279ms step_avg:422.53ms
step:262/1555 loss.item()=138198.375 train_time:110695ms step_avg:422.50ms
step:263/1555 loss.item()=137775.40625 train_time:111117ms step_avg:422.50ms
step:264/1555 loss.item()=141974.96875 train_time:111535ms step_avg:422.48ms
step:265/1555 loss.item()=137495.453125 train_time:111957ms step_avg:422.48ms
step:266/1555 loss.item()=140321.890625 train_time:112374ms step_avg:422.46ms
step:267/1555 loss.item()=141667.140625 train_time:112797ms step_avg:422.46ms
step:268/1555 loss.item()=140665.21875 train_time:113212ms step_avg:422.43ms
step:269/1555 loss.item()=140986.53125 train_time:113634ms step_avg:422.43ms
step:270/1555 loss.item()=137220.03125 train_time:114053ms step_avg:422.42ms
step:271/1555 loss.item()=135035.453125 train_time:114475ms step_avg:422.42ms
step:272/1555 loss.item()=140355.5 train_time:114893ms step_avg:422.40ms
step:273/1555 loss.item()=136202.328125 train_time:115312ms step_avg:422.39ms
step:274/1555 loss.item()=140641.25 train_time:115730ms step_avg:422.37ms
step:275/1555 loss.item()=131691.296875 train_time:116152ms step_avg:422.37ms
step:276/1555 loss.item()=140458.296875 train_time:116567ms step_avg:422.34ms
step:277/1555 loss.item()=140759.65625 train_time:116989ms step_avg:422.34ms
step:278/1555 loss.item()=136391.71875 train_time:117407ms step_avg:422.33ms
step:279/1555 loss.item()=136048.875 train_time:117826ms step_avg:422.32ms
step:280/1555 loss.item()=138022.859375 train_time:118243ms step_avg:422.29ms
step:281/1555 loss.item()=139611.234375 train_time:118663ms step_avg:422.29ms
step:282/1555 loss.item()=138808.421875 train_time:119078ms step_avg:422.26ms
step:283/1555 loss.item()=140570.515625 train_time:119500ms step_avg:422.26ms
step:284/1555 loss.item()=140170.484375 train_time:119916ms step_avg:422.24ms
step:285/1555 loss.item()=134223.03125 train_time:120339ms step_avg:422.24ms
step:286/1555 loss.item()=144135.734375 train_time:120758ms step_avg:422.23ms
step:287/1555 loss.item()=133600.75 train_time:121177ms step_avg:422.22ms
step:288/1555 loss.item()=136867.609375 train_time:121595ms step_avg:422.21ms
step:289/1555 loss.item()=140218.578125 train_time:122014ms step_avg:422.20ms
step:290/1555 loss.item()=138280.46875 train_time:122431ms step_avg:422.17ms
step:291/1555 loss.item()=132490.21875 train_time:122855ms step_avg:422.18ms
step:292/1555 loss.item()=135993.046875 train_time:123274ms step_avg:422.17ms
step:293/1555 loss.item()=136699.46875 train_time:123695ms step_avg:422.17ms
step:294/1555 loss.item()=139025.5625 train_time:124111ms step_avg:422.14ms
step:295/1555 loss.item()=134509.734375 train_time:124532ms step_avg:422.14ms
step:296/1555 loss.item()=137128.78125 train_time:124948ms step_avg:422.12ms
step:297/1555 loss.item()=135500.71875 train_time:125366ms step_avg:422.11ms
step:298/1555 loss.item()=137700.984375 train_time:125785ms step_avg:422.10ms
step:299/1555 loss.item()=135741.3125 train_time:126206ms step_avg:422.09ms
step:300/1555 loss.item()=136335.875 train_time:126624ms step_avg:422.08ms
step:301/1555 loss.item()=141637.40625 train_time:127048ms step_avg:422.09ms
step:302/1555 loss.item()=137289.53125 train_time:127464ms step_avg:422.07ms
step:303/1555 loss.item()=133229.625 train_time:127889ms step_avg:422.08ms
step:304/1555 loss.item()=139150.046875 train_time:128310ms step_avg:422.07ms
step:305/1555 loss.item()=132830.09375 train_time:128732ms step_avg:422.07ms
step:306/1555 loss.item()=136184.4375 train_time:129151ms step_avg:422.06ms
step:307/1555 loss.item()=137838.9375 train_time:129575ms step_avg:422.07ms
step:308/1555 loss.item()=133386.765625 train_time:129994ms step_avg:422.06ms
step:309/1555 loss.item()=135929.09375 train_time:130415ms step_avg:422.06ms
step:310/1555 loss.item()=138296.03125 train_time:130836ms step_avg:422.05ms
step:311/1555 loss.item()=132527.78125 train_time:131259ms step_avg:422.06ms
step:312/1555 loss.item()=135813.28125 train_time:131679ms step_avg:422.05ms
step:313/1555 loss.item()=137931.5625 train_time:132104ms step_avg:422.06ms
step:314/1555 loss.item()=134294.125 train_time:132522ms step_avg:422.04ms
step:315/1555 loss.item()=138298.09375 train_time:132946ms step_avg:422.05ms
step:316/1555 loss.item()=136561.0 train_time:133363ms step_avg:422.04ms
step:317/1555 loss.item()=136999.5 train_time:133790ms step_avg:422.05ms
step:318/1555 loss.item()=139224.0625 train_time:134209ms step_avg:422.04ms
step:319/1555 loss.item()=133963.15625 train_time:134628ms step_avg:422.03ms
step:320/1555 loss.item()=139072.609375 train_time:135048ms step_avg:422.02ms
step:321/1555 loss.item()=132382.0 train_time:135467ms step_avg:422.02ms
step:322/1555 loss.item()=131876.84375 train_time:135888ms step_avg:422.01ms
step:323/1555 loss.item()=138074.25 train_time:136310ms step_avg:422.01ms
step:324/1555 loss.item()=137011.5 train_time:136728ms step_avg:422.00ms
step:325/1555 loss.item()=134479.28125 train_time:137153ms step_avg:422.01ms
step:326/1555 loss.item()=132892.96875 train_time:137568ms step_avg:421.99ms
step:327/1555 loss.item()=129960.53125 train_time:137993ms step_avg:422.00ms
step:328/1555 loss.item()=134705.5 train_time:138411ms step_avg:421.99ms
step:329/1555 loss.item()=133388.8125 train_time:138833ms step_avg:421.99ms
step:330/1555 loss.item()=137590.28125 train_time:139255ms step_avg:421.98ms
step:331/1555 loss.item()=135470.578125 train_time:139678ms step_avg:421.99ms
step:332/1555 loss.item()=133171.78125 train_time:140099ms step_avg:421.98ms
step:333/1555 loss.item()=130250.0 train_time:140519ms step_avg:421.98ms
step:334/1555 loss.item()=134490.875 train_time:140941ms step_avg:421.98ms
step:335/1555 loss.item()=133390.375 train_time:141363ms step_avg:421.98ms
step:336/1555 loss.item()=130089.140625 train_time:141780ms step_avg:421.96ms
step:337/1555 loss.item()=134705.53125 train_time:142205ms step_avg:421.97ms
step:338/1555 loss.item()=133259.828125 train_time:142625ms step_avg:421.97ms
step:339/1555 loss.item()=130076.78125 train_time:143048ms step_avg:421.97ms
step:340/1555 loss.item()=133397.578125 train_time:143465ms step_avg:421.95ms
step:341/1555 loss.item()=127451.4375 train_time:143889ms step_avg:421.96ms
step:342/1555 loss.item()=137567.3125 train_time:144309ms step_avg:421.96ms
step:343/1555 loss.item()=132979.375 train_time:144730ms step_avg:421.95ms
step:344/1555 loss.item()=132958.625 train_time:145149ms step_avg:421.94ms
step:345/1555 loss.item()=134422.359375 train_time:145571ms step_avg:421.94ms
step:346/1555 loss.item()=133446.96875 train_time:145993ms step_avg:421.95ms
step:347/1555 loss.item()=124037.453125 train_time:146414ms step_avg:421.94ms
step:348/1555 loss.item()=133456.53125 train_time:146834ms step_avg:421.94ms
step:349/1555 loss.item()=133639.9375 train_time:147260ms step_avg:421.95ms
step:350/1555 loss.item()=132474.578125 train_time:147678ms step_avg:421.94ms
step:351/1555 loss.item()=133478.3125 train_time:148104ms step_avg:421.95ms
step:352/1555 loss.item()=132631.015625 train_time:148523ms step_avg:421.94ms
step:353/1555 loss.item()=132353.8125 train_time:148946ms step_avg:421.94ms
step:354/1555 loss.item()=135217.4375 train_time:149364ms step_avg:421.93ms
step:355/1555 loss.item()=133877.78125 train_time:149788ms step_avg:421.94ms
step:356/1555 loss.item()=129527.828125 train_time:150209ms step_avg:421.94ms
step:357/1555 loss.item()=132257.40625 train_time:150630ms step_avg:421.93ms
step:358/1555 loss.item()=130830.296875 train_time:151050ms step_avg:421.93ms
step:359/1555 loss.item()=127408.90625 train_time:151475ms step_avg:421.94ms
step:360/1555 loss.item()=131338.5 train_time:151894ms step_avg:421.93ms
step:361/1555 loss.item()=134436.875 train_time:152315ms step_avg:421.93ms
step:362/1555 loss.item()=130131.65625 train_time:152736ms step_avg:421.92ms
step:363/1555 loss.item()=129766.421875 train_time:153160ms step_avg:421.93ms
step:364/1555 loss.item()=131174.34375 train_time:153579ms step_avg:421.92ms
step:365/1555 loss.item()=135197.625 train_time:154004ms step_avg:421.93ms
step:366/1555 loss.item()=128889.7734375 train_time:154422ms step_avg:421.92ms
step:367/1555 loss.item()=131792.4375 train_time:154846ms step_avg:421.92ms
step:368/1555 loss.item()=130284.328125 train_time:155265ms step_avg:421.91ms
step:369/1555 loss.item()=131501.171875 train_time:155690ms step_avg:421.92ms
step:370/1555 loss.item()=132558.5 train_time:156110ms step_avg:421.92ms
step:371/1555 loss.item()=128464.765625 train_time:156531ms step_avg:421.92ms
step:372/1555 loss.item()=133129.390625 train_time:156951ms step_avg:421.91ms
step:373/1555 loss.item()=133412.40625 train_time:157375ms step_avg:421.92ms
step:374/1555 loss.item()=130713.4921875 train_time:157796ms step_avg:421.91ms
step:375/1555 loss.item()=131206.65625 train_time:158218ms step_avg:421.91ms
step:376/1555 loss.item()=129377.6953125 train_time:158639ms step_avg:421.91ms
step:377/1555 loss.item()=133409.59375 train_time:159063ms step_avg:421.92ms
step:378/1555 loss.item()=130010.1484375 train_time:159480ms step_avg:421.90ms
step:379/1555 loss.item()=129790.3828125 train_time:159905ms step_avg:421.91ms
step:380/1555 loss.item()=128122.25 train_time:160325ms step_avg:421.91ms
step:381/1555 loss.item()=127077.40625 train_time:160748ms step_avg:421.91ms
step:382/1555 loss.item()=128760.546875 train_time:161165ms step_avg:421.90ms
step:383/1555 loss.item()=129524.9453125 train_time:161590ms step_avg:421.91ms
step:384/1555 loss.item()=131171.1875 train_time:162010ms step_avg:421.90ms
step:385/1555 loss.item()=127720.71875 train_time:162433ms step_avg:421.90ms
step:386/1555 loss.item()=129690.34375 train_time:162854ms step_avg:421.90ms
step:387/1555 loss.item()=127958.015625 train_time:163277ms step_avg:421.91ms
step:388/1555 loss.item()=128888.9765625 train_time:163697ms step_avg:421.90ms
step:389/1555 loss.item()=133115.28125 train_time:164120ms step_avg:421.90ms
step:390/1555 loss.item()=133060.15625 train_time:164541ms step_avg:421.90ms
step:391/1555 loss.item()=125338.0625 train_time:164964ms step_avg:421.90ms
step:392/1555 loss.item()=124411.59375 train_time:165381ms step_avg:421.89ms
step:393/1555 loss.item()=126280.921875 train_time:165806ms step_avg:421.90ms
step:394/1555 loss.item()=131183.96875 train_time:166227ms step_avg:421.90ms
step:395/1555 loss.item()=125409.3515625 train_time:166651ms step_avg:421.90ms
step:396/1555 loss.item()=126165.984375 train_time:167068ms step_avg:421.89ms
step:397/1555 loss.item()=124613.171875 train_time:167493ms step_avg:421.90ms
step:398/1555 loss.item()=129014.59375 train_time:167911ms step_avg:421.89ms
step:399/1555 loss.item()=126981.2734375 train_time:168335ms step_avg:421.89ms
step:400/1555 loss.item()=132175.34375 train_time:168757ms step_avg:421.89ms
step:401/1555 loss.item()=129655.59375 train_time:169179ms step_avg:421.89ms
step:402/1555 loss.item()=131716.765625 train_time:169599ms step_avg:421.89ms
step:403/1555 loss.item()=127648.1875 train_time:170022ms step_avg:421.89ms
step:404/1555 loss.item()=125601.96875 train_time:170444ms step_avg:421.89ms
step:405/1555 loss.item()=128606.4375 train_time:170865ms step_avg:421.89ms
step:406/1555 loss.item()=125102.7109375 train_time:171283ms step_avg:421.88ms
step:407/1555 loss.item()=128646.921875 train_time:171708ms step_avg:421.89ms
step:408/1555 loss.item()=127582.40625 train_time:172126ms step_avg:421.88ms
step:409/1555 loss.item()=130405.265625 train_time:172550ms step_avg:421.88ms
step:410/1555 loss.item()=124059.2578125 train_time:172970ms step_avg:421.88ms
step:411/1555 loss.item()=130255.1796875 train_time:173393ms step_avg:421.88ms
step:412/1555 loss.item()=133695.84375 train_time:173812ms step_avg:421.87ms
step:413/1555 loss.item()=125910.8515625 train_time:174236ms step_avg:421.88ms
step:414/1555 loss.item()=127839.8984375 train_time:174658ms step_avg:421.88ms
step:415/1555 loss.item()=123230.0625 train_time:175080ms step_avg:421.88ms
step:416/1555 loss.item()=125749.859375 train_time:175501ms step_avg:421.88ms
step:417/1555 loss.item()=128125.53125 train_time:175925ms step_avg:421.88ms
step:418/1555 loss.item()=124873.546875 train_time:176344ms step_avg:421.88ms
step:419/1555 loss.item()=122706.46875 train_time:176767ms step_avg:421.88ms
step:420/1555 loss.item()=130493.171875 train_time:177188ms step_avg:421.88ms
step:421/1555 loss.item()=127024.1484375 train_time:177611ms step_avg:421.88ms
step:422/1555 loss.item()=121649.09375 train_time:178030ms step_avg:421.87ms
step:423/1555 loss.item()=126815.59375 train_time:178455ms step_avg:421.88ms
step:424/1555 loss.item()=118645.546875 train_time:178875ms step_avg:421.88ms
step:425/1555 loss.item()=123480.3515625 train_time:179299ms step_avg:421.88ms
step:426/1555 loss.item()=124006.71875 train_time:179717ms step_avg:421.87ms
step:427/1555 loss.item()=121682.109375 train_time:180142ms step_avg:421.88ms
step:428/1555 loss.item()=127702.109375 train_time:180562ms step_avg:421.87ms
step:429/1555 loss.item()=130836.796875 train_time:180986ms step_avg:421.88ms
step:430/1555 loss.item()=129320.125 train_time:181408ms step_avg:421.88ms
step:431/1555 loss.item()=122542.9765625 train_time:181828ms step_avg:421.88ms
step:432/1555 loss.item()=124335.203125 train_time:182248ms step_avg:421.87ms
step:433/1555 loss.item()=126510.4765625 train_time:182671ms step_avg:421.87ms
step:434/1555 loss.item()=123199.109375 train_time:183092ms step_avg:421.87ms
step:435/1555 loss.item()=129037.3984375 train_time:183514ms step_avg:421.87ms
step:436/1555 loss.item()=125080.640625 train_time:183934ms step_avg:421.87ms
step:437/1555 loss.item()=123444.3359375 train_time:184358ms step_avg:421.87ms
step:438/1555 loss.item()=128830.3203125 train_time:184779ms step_avg:421.87ms
step:439/1555 loss.item()=122684.5859375 train_time:185202ms step_avg:421.87ms
step:440/1555 loss.item()=117997.21875 train_time:185621ms step_avg:421.87ms
step:441/1555 loss.item()=126589.109375 train_time:186044ms step_avg:421.87ms
step:442/1555 loss.item()=124382.953125 train_time:186462ms step_avg:421.86ms
step:443/1555 loss.item()=125403.3125 train_time:186887ms step_avg:421.87ms
step:444/1555 loss.item()=120868.0625 train_time:187308ms step_avg:421.86ms
step:445/1555 loss.item()=122870.375 train_time:187728ms step_avg:421.86ms
step:446/1555 loss.item()=118045.125 train_time:188148ms step_avg:421.86ms
step:447/1555 loss.item()=122613.5 train_time:188571ms step_avg:421.86ms
step:448/1555 loss.item()=121007.609375 train_time:188992ms step_avg:421.86ms
step:449/1555 loss.item()=126279.1171875 train_time:189415ms step_avg:421.86ms
step:450/1555 loss.item()=137373.4375 train_time:189836ms step_avg:421.86ms
step:451/1555 loss.item()=124337.0 train_time:190260ms step_avg:421.86ms
step:452/1555 loss.item()=128925.984375 train_time:190679ms step_avg:421.86ms
step:453/1555 loss.item()=123102.015625 train_time:191104ms step_avg:421.86ms
step:454/1555 loss.item()=123287.4140625 train_time:191521ms step_avg:421.85ms
step:455/1555 loss.item()=122255.8203125 train_time:191945ms step_avg:421.86ms
step:456/1555 loss.item()=129812.4375 train_time:192364ms step_avg:421.85ms
step:457/1555 loss.item()=122813.28125 train_time:192789ms step_avg:421.86ms
step:458/1555 loss.item()=120181.9296875 train_time:193209ms step_avg:421.85ms
step:459/1555 loss.item()=126673.078125 train_time:193631ms step_avg:421.85ms
step:460/1555 loss.item()=125086.328125 train_time:194050ms step_avg:421.85ms
step:461/1555 loss.item()=123441.15625 train_time:194474ms step_avg:421.85ms
step:462/1555 loss.item()=123221.546875 train_time:194895ms step_avg:421.85ms
step:463/1555 loss.item()=127128.640625 train_time:195317ms step_avg:421.85ms
step:464/1555 loss.item()=117225.703125 train_time:195738ms step_avg:421.85ms
step:465/1555 loss.item()=122292.5 train_time:196163ms step_avg:421.86ms
step:466/1555 loss.item()=124634.5703125 train_time:196580ms step_avg:421.85ms
step:467/1555 loss.item()=126564.703125 train_time:197004ms step_avg:421.85ms
step:468/1555 loss.item()=121341.0625 train_time:197416ms step_avg:421.83ms
step:469/1555 loss.item()=120630.953125 train_time:197840ms step_avg:421.83ms
step:470/1555 loss.item()=119815.9140625 train_time:198258ms step_avg:421.83ms
step:471/1555 loss.item()=120076.375 train_time:198679ms step_avg:421.82ms
step:472/1555 loss.item()=121023.5859375 train_time:199097ms step_avg:421.82ms
step:473/1555 loss.item()=125128.109375 train_time:199515ms step_avg:421.81ms
step:474/1555 loss.item()=120402.734375 train_time:199933ms step_avg:421.80ms
step:475/1555 loss.item()=124734.234375 train_time:200355ms step_avg:421.80ms
step:476/1555 loss.item()=123749.59375 train_time:200770ms step_avg:421.79ms
step:477/1555 loss.item()=124843.03125 train_time:201192ms step_avg:421.79ms
step:478/1555 loss.item()=119794.515625 train_time:201607ms step_avg:421.77ms
step:479/1555 loss.item()=120748.984375 train_time:202027ms step_avg:421.77ms
step:480/1555 loss.item()=119435.1875 train_time:202444ms step_avg:421.76ms
step:481/1555 loss.item()=119800.5234375 train_time:202863ms step_avg:421.75ms
step:482/1555 loss.item()=118771.21875 train_time:203279ms step_avg:421.74ms
step:483/1555 loss.item()=119393.75 train_time:203698ms step_avg:421.74ms
step:484/1555 loss.item()=122471.28125 train_time:204113ms step_avg:421.72ms
step:485/1555 loss.item()=119424.3515625 train_time:204535ms step_avg:421.72ms
step:486/1555 loss.item()=121103.6796875 train_time:204953ms step_avg:421.71ms
step:487/1555 loss.item()=116950.328125 train_time:205375ms step_avg:421.71ms
step:488/1555 loss.item()=115707.625 train_time:205791ms step_avg:421.70ms
step:489/1555 loss.item()=118026.4609375 train_time:206209ms step_avg:421.70ms
step:490/1555 loss.item()=120923.4375 train_time:206626ms step_avg:421.69ms
step:491/1555 loss.item()=121345.71875 train_time:207045ms step_avg:421.68ms
step:492/1555 loss.item()=120170.40625 train_time:207460ms step_avg:421.67ms
step:493/1555 loss.item()=124935.6015625 train_time:207881ms step_avg:421.67ms
step:494/1555 loss.item()=119164.6875 train_time:208297ms step_avg:421.65ms
step:495/1555 loss.item()=119802.9140625 train_time:208716ms step_avg:421.65ms
step:496/1555 loss.item()=120014.09375 train_time:209133ms step_avg:421.64ms
step:497/1555 loss.item()=119871.53125 train_time:209556ms step_avg:421.64ms
step:498/1555 loss.item()=122443.4375 train_time:209977ms step_avg:421.64ms
step:499/1555 loss.item()=116893.0625 train_time:210397ms step_avg:421.64ms
step:500/1555 loss.item()=113638.578125 train_time:210813ms step_avg:421.63ms
step:500/1555 starting test-time training...
step:500/1555 val_step:0/320 val_loss:4.1613 chunk_loss:0.0000 is_adam_step=False train_time:210825ms step_avg:421.65ms
step:500/1555 val_step:1/320 val_loss:4.1878 chunk_loss:0.0000 is_adam_step=True train_time:210825ms step_avg:421.65ms
step:500/1555 val_step:2/320 val_loss:4.2190 chunk_loss:0.0000 is_adam_step=False train_time:210825ms step_avg:421.65ms
step:500/1555 val_step:3/320 val_loss:4.1970 chunk_loss:0.0000 is_adam_step=True train_time:210825ms step_avg:421.65ms
step:500/1555 val_step:4/320 val_loss:4.2232 chunk_loss:0.0000 is_adam_step=False train_time:210825ms step_avg:421.65ms
step:500/1555 val_step:5/320 val_loss:4.2226 chunk_loss:0.0000 is_adam_step=True train_time:210825ms step_avg:421.65ms
step:500/1555 val_step:6/320 val_loss:4.1707 chunk_loss:0.0000 is_adam_step=False train_time:210825ms step_avg:421.65ms
step:500/1555 val_step:7/320 val_loss:4.1943 chunk_loss:0.0000 is_adam_step=True train_time:210825ms step_avg:421.65ms
step:500/1555 val_step:8/320 val_loss:4.2005 chunk_loss:0.0000 is_adam_step=False train_time:210825ms step_avg:421.65ms
step:500/1555 val_step:9/320 val_loss:4.2155 chunk_loss:0.0000 is_adam_step=True train_time:210825ms step_avg:421.65ms
step:500/1555 val_step:10/320 val_loss:4.2184 chunk_loss:0.0000 is_adam_step=False train_time:210825ms step_avg:421.65ms
step:500/1555 val_step:11/320 val_loss:4.2086 chunk_loss:0.0000 is_adam_step=True train_time:210825ms step_avg:421.65ms
step:500/1555 val_step:12/320 val_loss:4.2180 chunk_loss:0.0000 is_adam_step=False train_time:210825ms step_avg:421.65ms
step:500/1555 val_step:13/320 val_loss:4.2215 chunk_loss:0.0000 is_adam_step=True train_time:210825ms step_avg:421.65ms
step:500/1555 val_step:14/320 val_loss:4.2187 chunk_loss:0.0000 is_adam_step=False train_time:210825ms step_avg:421.65ms
step:500/1555 val_step:15/320 val_loss:4.2157 chunk_loss:0.0000 is_adam_step=True train_time:210825ms step_avg:421.65ms
step:500/1555 val_step:16/320 val_loss:4.2055 chunk_loss:0.0000 is_adam_step=False train_time:210825ms step_avg:421.65ms
step:500/1555 val_step:17/320 val_loss:4.2227 chunk_loss:0.0000 is_adam_step=True train_time:210825ms step_avg:421.65ms
step:500/1555 val_step:18/320 val_loss:4.2159 chunk_loss:0.0000 is_adam_step=False train_time:210825ms step_avg:421.65ms
step:500/1555 val_step:19/320 val_loss:4.2173 chunk_loss:0.0000 is_adam_step=True train_time:210825ms step_avg:421.65ms
step:500/1555 val_step:20/320 val_loss:4.2184 chunk_loss:0.0000 is_adam_step=False train_time:210825ms step_avg:421.65ms
step:500/1555 val_step:21/320 val_loss:4.2262 chunk_loss:0.0000 is_adam_step=True train_time:210825ms step_avg:421.65ms
step:500/1555 val_step:22/320 val_loss:4.2239 chunk_loss:0.0000 is_adam_step=False train_time:210825ms step_avg:421.65ms
step:500/1555 val_step:23/320 val_loss:4.2314 chunk_loss:0.0000 is_adam_step=True train_time:210825ms step_avg:421.65ms
step:500/1555 val_step:24/320 val_loss:4.2307 chunk_loss:0.0000 is_adam_step=False train_time:210825ms step_avg:421.65ms
step:500/1555 val_step:25/320 val_loss:4.2281 chunk_loss:0.0000 is_adam_step=True train_time:210825ms step_avg:421.65ms
step:500/1555 val_step:26/320 val_loss:4.2431 chunk_loss:0.0000 is_adam_step=False train_time:210825ms step_avg:421.65ms
step:500/1555 val_step:27/320 val_loss:4.2504 chunk_loss:0.0000 is_adam_step=True train_time:210825ms step_avg:421.65ms
step:500/1555 val_step:28/320 val_loss:4.2461 chunk_loss:0.0000 is_adam_step=False train_time:210825ms step_avg:421.65ms
step:500/1555 val_step:29/320 val_loss:4.2410 chunk_loss:0.0000 is_adam_step=True train_time:210825ms step_avg:421.65ms
step:500/1555 val_step:30/320 val_loss:4.2384 chunk_loss:0.0000 is_adam_step=False train_time:210825ms step_avg:421.65ms
step:500/1555 val_step:31/320 val_loss:4.2354 chunk_loss:0.0000 is_adam_step=True train_time:210825ms step_avg:421.65ms
step:500/1555 val_step:32/320 val_loss:4.2319 chunk_loss:0.0000 is_adam_step=False train_time:210825ms step_avg:421.65ms
step:500/1555 val_step:33/320 val_loss:4.2332 chunk_loss:0.0000 is_adam_step=True train_time:210825ms step_avg:421.65ms
step:500/1555 val_step:34/320 val_loss:4.2344 chunk_loss:0.0000 is_adam_step=False train_time:210825ms step_avg:421.65ms
step:500/1555 val_step:35/320 val_loss:4.2337 chunk_loss:0.0000 is_adam_step=True train_time:210825ms step_avg:421.65ms
step:500/1555 val_step:36/320 val_loss:4.2365 chunk_loss:0.0000 is_adam_step=False train_time:210825ms step_avg:421.65ms
step:500/1555 val_step:37/320 val_loss:4.2376 chunk_loss:0.0000 is_adam_step=True train_time:210825ms step_avg:421.65ms
step:500/1555 val_step:38/320 val_loss:4.2308 chunk_loss:0.0000 is_adam_step=False train_time:210825ms step_avg:421.65ms
step:500/1555 val_step:39/320 val_loss:4.2347 chunk_loss:0.0000 is_adam_step=True train_time:210825ms step_avg:421.65ms
step:500/1555 val_step:40/320 val_loss:4.2402 chunk_loss:0.0000 is_adam_step=False train_time:210825ms step_avg:421.65ms
step:500/1555 val_step:41/320 val_loss:4.2460 chunk_loss:0.0000 is_adam_step=True train_time:210825ms step_avg:421.65ms
step:500/1555 val_step:42/320 val_loss:4.2454 chunk_loss:0.0000 is_adam_step=False train_time:210825ms step_avg:421.65ms
step:500/1555 val_step:43/320 val_loss:4.2461 chunk_loss:0.0000 is_adam_step=True train_time:210825ms step_avg:421.65ms
step:500/1555 val_step:44/320 val_loss:4.2506 chunk_loss:0.0000 is_adam_step=False train_time:210825ms step_avg:421.65ms
step:500/1555 val_step:45/320 val_loss:4.2501 chunk_loss:0.0000 is_adam_step=True train_time:210825ms step_avg:421.65ms
step:500/1555 val_step:46/320 val_loss:4.2504 chunk_loss:0.0000 is_adam_step=False train_time:210825ms step_avg:421.65ms
step:500/1555 val_step:47/320 val_loss:4.2509 chunk_loss:0.0000 is_adam_step=True train_time:210825ms step_avg:421.65ms
step:500/1555 val_step:48/320 val_loss:4.2496 chunk_loss:0.0000 is_adam_step=False train_time:210825ms step_avg:421.65ms
step:500/1555 val_step:49/320 val_loss:4.2479 chunk_loss:0.0000 is_adam_step=True train_time:210825ms step_avg:421.65ms
step:500/1555 val_step:50/320 val_loss:4.2469 chunk_loss:0.0000 is_adam_step=False train_time:210825ms step_avg:421.65ms
step:500/1555 val_step:51/320 val_loss:4.2457 chunk_loss:0.0000 is_adam_step=True train_time:210825ms step_avg:421.65ms
step:500/1555 val_step:52/320 val_loss:4.2473 chunk_loss:0.0000 is_adam_step=False train_time:210825ms step_avg:421.65ms
step:500/1555 val_step:53/320 val_loss:4.2464 chunk_loss:0.0000 is_adam_step=True train_time:210825ms step_avg:421.65ms
step:500/1555 val_step:54/320 val_loss:4.2446 chunk_loss:0.0000 is_adam_step=False train_time:210825ms step_avg:421.65ms
step:500/1555 val_step:55/320 val_loss:4.2427 chunk_loss:0.0000 is_adam_step=True train_time:210825ms step_avg:421.65ms
step:500/1555 val_step:56/320 val_loss:4.2405 chunk_loss:0.0000 is_adam_step=False train_time:210825ms step_avg:421.65ms
step:500/1555 val_step:57/320 val_loss:4.2407 chunk_loss:0.0000 is_adam_step=True train_time:210825ms step_avg:421.65ms
step:500/1555 val_step:58/320 val_loss:4.2402 chunk_loss:0.0000 is_adam_step=False train_time:210825ms step_avg:421.65ms
step:500/1555 val_step:59/320 val_loss:4.2412 chunk_loss:0.0000 is_adam_step=True train_time:210825ms step_avg:421.65ms
step:500/1555 val_step:60/320 val_loss:4.2396 chunk_loss:0.0000 is_adam_step=False train_time:210825ms step_avg:421.65ms
step:500/1555 val_step:61/320 val_loss:4.2392 chunk_loss:0.0000 is_adam_step=True train_time:210825ms step_avg:421.65ms
step:500/1555 val_step:62/320 val_loss:4.2387 chunk_loss:0.0000 is_adam_step=False train_time:210825ms step_avg:421.65ms
step:500/1555 val_step:63/320 val_loss:4.2389 chunk_loss:0.0000 is_adam_step=True train_time:210825ms step_avg:421.65ms
step:500/1555 val_step:64/320 val_loss:4.2403 chunk_loss:0.0000 is_adam_step=False train_time:210825ms step_avg:421.65ms
step:500/1555 val_step:65/320 val_loss:4.2428 chunk_loss:0.0000 is_adam_step=True train_time:210825ms step_avg:421.65ms
step:500/1555 val_step:66/320 val_loss:4.2459 chunk_loss:0.0000 is_adam_step=False train_time:210825ms step_avg:421.65ms
step:500/1555 val_step:67/320 val_loss:4.2463 chunk_loss:0.0000 is_adam_step=True train_time:210825ms step_avg:421.65ms
step:500/1555 val_step:68/320 val_loss:4.2443 chunk_loss:0.0000 is_adam_step=False train_time:210825ms step_avg:421.65ms
step:500/1555 val_step:69/320 val_loss:4.2443 chunk_loss:0.0000 is_adam_step=True train_time:210825ms step_avg:421.65ms
step:500/1555 val_step:70/320 val_loss:4.2433 chunk_loss:0.0000 is_adam_step=False train_time:210825ms step_avg:421.65ms
step:500/1555 val_step:71/320 val_loss:4.2406 chunk_loss:0.0000 is_adam_step=True train_time:210825ms step_avg:421.65ms
step:500/1555 val_step:72/320 val_loss:4.2384 chunk_loss:0.0000 is_adam_step=False train_time:210825ms step_avg:421.65ms
step:500/1555 val_step:73/320 val_loss:4.2384 chunk_loss:0.0000 is_adam_step=True train_time:210825ms step_avg:421.65ms
step:500/1555 val_step:74/320 val_loss:4.2406 chunk_loss:0.0000 is_adam_step=False train_time:210825ms step_avg:421.65ms
step:500/1555 val_step:75/320 val_loss:4.2406 chunk_loss:0.0000 is_adam_step=True train_time:210825ms step_avg:421.65ms
step:500/1555 val_step:76/320 val_loss:4.2392 chunk_loss:0.0000 is_adam_step=False train_time:210825ms step_avg:421.65ms
step:500/1555 val_step:77/320 val_loss:4.2410 chunk_loss:0.0000 is_adam_step=True train_time:210825ms step_avg:421.65ms
step:500/1555 val_step:78/320 val_loss:4.2392 chunk_loss:0.0000 is_adam_step=False train_time:210825ms step_avg:421.65ms
step:500/1555 val_step:79/320 val_loss:4.2378 chunk_loss:0.0000 is_adam_step=True train_time:210825ms step_avg:421.65ms
step:500/1555 val_step:80/320 val_loss:4.2364 chunk_loss:0.0000 is_adam_step=False train_time:210825ms step_avg:421.65ms
step:500/1555 val_step:81/320 val_loss:4.2342 chunk_loss:0.0000 is_adam_step=True train_time:210825ms step_avg:421.65ms
step:500/1555 val_step:82/320 val_loss:4.2346 chunk_loss:0.0000 is_adam_step=False train_time:210825ms step_avg:421.65ms
step:500/1555 val_step:83/320 val_loss:4.2322 chunk_loss:0.0000 is_adam_step=True train_time:210825ms step_avg:421.65ms
step:500/1555 val_step:84/320 val_loss:4.2329 chunk_loss:0.0000 is_adam_step=False train_time:210825ms step_avg:421.65ms
step:500/1555 val_step:85/320 val_loss:4.2327 chunk_loss:0.0000 is_adam_step=True train_time:210825ms step_avg:421.65ms
step:500/1555 val_step:86/320 val_loss:4.2330 chunk_loss:0.0000 is_adam_step=False train_time:210825ms step_avg:421.65ms
step:500/1555 val_step:87/320 val_loss:4.2328 chunk_loss:0.0000 is_adam_step=True train_time:210825ms step_avg:421.65ms
step:500/1555 val_step:88/320 val_loss:4.2332 chunk_loss:0.0000 is_adam_step=False train_time:210825ms step_avg:421.65ms
step:500/1555 val_step:89/320 val_loss:4.2337 chunk_loss:0.0000 is_adam_step=True train_time:210825ms step_avg:421.65ms
step:500/1555 val_step:90/320 val_loss:4.2323 chunk_loss:0.0000 is_adam_step=False train_time:210825ms step_avg:421.65ms
step:500/1555 val_step:91/320 val_loss:4.2308 chunk_loss:0.0000 is_adam_step=True train_time:210825ms step_avg:421.65ms
step:500/1555 val_step:92/320 val_loss:4.2323 chunk_loss:0.0000 is_adam_step=False train_time:210825ms step_avg:421.65ms
step:500/1555 val_step:93/320 val_loss:4.2331 chunk_loss:0.0000 is_adam_step=True train_time:210825ms step_avg:421.65ms
step:500/1555 val_step:94/320 val_loss:4.2334 chunk_loss:0.0000 is_adam_step=False train_time:210825ms step_avg:421.65ms
step:500/1555 val_step:95/320 val_loss:4.2335 chunk_loss:0.0000 is_adam_step=True train_time:210825ms step_avg:421.65ms
step:500/1555 val_step:96/320 val_loss:4.2342 chunk_loss:0.0000 is_adam_step=False train_time:210825ms step_avg:421.65ms
step:500/1555 val_step:97/320 val_loss:4.2374 chunk_loss:0.0000 is_adam_step=True train_time:210825ms step_avg:421.65ms
step:500/1555 val_step:98/320 val_loss:4.2380 chunk_loss:0.0000 is_adam_step=False train_time:210825ms step_avg:421.65ms
step:500/1555 val_step:99/320 val_loss:4.2383 chunk_loss:0.0000 is_adam_step=True train_time:210825ms step_avg:421.65ms
step:500/1555 val_step:100/320 val_loss:4.2378 chunk_loss:0.0000 is_adam_step=False train_time:210825ms step_avg:421.65ms
step:500/1555 val_step:101/320 val_loss:4.2367 chunk_loss:0.0000 is_adam_step=True train_time:210825ms step_avg:421.65ms
step:500/1555 val_step:102/320 val_loss:4.2372 chunk_loss:0.0000 is_adam_step=False train_time:210825ms step_avg:421.65ms
step:500/1555 val_step:103/320 val_loss:4.2388 chunk_loss:0.0000 is_adam_step=True train_time:210825ms step_avg:421.65ms
step:500/1555 val_step:104/320 val_loss:4.2385 chunk_loss:0.0000 is_adam_step=False train_time:210825ms step_avg:421.65ms
step:500/1555 val_step:105/320 val_loss:4.2381 chunk_loss:0.0000 is_adam_step=True train_time:210825ms step_avg:421.65ms
step:500/1555 val_step:106/320 val_loss:4.2360 chunk_loss:0.0000 is_adam_step=False train_time:210825ms step_avg:421.65ms
step:500/1555 val_step:107/320 val_loss:4.2351 chunk_loss:0.0000 is_adam_step=True train_time:210825ms step_avg:421.65ms
step:500/1555 val_step:108/320 val_loss:4.2345 chunk_loss:0.0000 is_adam_step=False train_time:210825ms step_avg:421.65ms
step:500/1555 val_step:109/320 val_loss:4.2346 chunk_loss:0.0000 is_adam_step=True train_time:210825ms step_avg:421.65ms
step:500/1555 val_step:110/320 val_loss:4.2342 chunk_loss:0.0000 is_adam_step=False train_time:210825ms step_avg:421.65ms
step:500/1555 val_step:111/320 val_loss:4.2354 chunk_loss:0.0000 is_adam_step=True train_time:210825ms step_avg:421.65ms
step:500/1555 val_step:112/320 val_loss:4.2347 chunk_loss:0.0000 is_adam_step=False train_time:210825ms step_avg:421.65ms
step:500/1555 val_step:113/320 val_loss:4.2332 chunk_loss:0.0000 is_adam_step=True train_time:210825ms step_avg:421.65ms
step:500/1555 val_step:114/320 val_loss:4.2317 chunk_loss:0.0000 is_adam_step=False train_time:210825ms step_avg:421.65ms
step:500/1555 val_step:115/320 val_loss:4.2302 chunk_loss:0.0000 is_adam_step=True train_time:210825ms step_avg:421.65ms
step:500/1555 val_step:116/320 val_loss:4.2299 chunk_loss:0.0000 is_adam_step=False train_time:210825ms step_avg:421.65ms
step:500/1555 val_step:117/320 val_loss:4.2303 chunk_loss:0.0000 is_adam_step=True train_time:210825ms step_avg:421.65ms
step:500/1555 val_step:118/320 val_loss:4.2311 chunk_loss:0.0000 is_adam_step=False train_time:210825ms step_avg:421.65ms
step:500/1555 val_step:119/320 val_loss:4.2303 chunk_loss:0.0000 is_adam_step=True train_time:210825ms step_avg:421.65ms
step:500/1555 val_step:120/320 val_loss:4.2308 chunk_loss:0.0000 is_adam_step=False train_time:210825ms step_avg:421.65ms
step:500/1555 val_step:121/320 val_loss:4.2304 chunk_loss:0.0000 is_adam_step=True train_time:210825ms step_avg:421.65ms
step:500/1555 val_step:122/320 val_loss:4.2305 chunk_loss:0.0000 is_adam_step=False train_time:210825ms step_avg:421.65ms
step:500/1555 val_step:123/320 val_loss:4.2302 chunk_loss:0.0000 is_adam_step=True train_time:210825ms step_avg:421.65ms
step:500/1555 val_step:124/320 val_loss:4.2306 chunk_loss:0.0000 is_adam_step=False train_time:210825ms step_avg:421.65ms
step:500/1555 val_step:125/320 val_loss:4.2311 chunk_loss:0.0000 is_adam_step=True train_time:210825ms step_avg:421.65ms
step:500/1555 val_step:126/320 val_loss:4.2296 chunk_loss:0.0000 is_adam_step=False train_time:210825ms step_avg:421.65ms
step:500/1555 val_step:127/320 val_loss:4.2302 chunk_loss:0.0000 is_adam_step=True train_time:210825ms step_avg:421.65ms
step:500/1555 val_step:128/320 val_loss:4.2300 chunk_loss:0.0000 is_adam_step=False train_time:210825ms step_avg:421.65ms
step:500/1555 val_step:129/320 val_loss:4.2290 chunk_loss:0.0000 is_adam_step=True train_time:210825ms step_avg:421.65ms
step:500/1555 val_step:130/320 val_loss:4.2292 chunk_loss:0.0000 is_adam_step=False train_time:210825ms step_avg:421.65ms
step:500/1555 val_step:131/320 val_loss:4.2288 chunk_loss:0.0000 is_adam_step=True train_time:210825ms step_avg:421.65ms
step:500/1555 val_step:132/320 val_loss:4.2307 chunk_loss:0.0000 is_adam_step=False train_time:210825ms step_avg:421.65ms
step:500/1555 val_step:133/320 val_loss:4.2320 chunk_loss:0.0000 is_adam_step=True train_time:210825ms step_avg:421.65ms
step:500/1555 val_step:134/320 val_loss:4.2317 chunk_loss:0.0000 is_adam_step=False train_time:210825ms step_avg:421.65ms
step:500/1555 val_step:135/320 val_loss:4.2313 chunk_loss:0.0000 is_adam_step=True train_time:210825ms step_avg:421.65ms
step:500/1555 val_step:136/320 val_loss:4.2315 chunk_loss:0.0000 is_adam_step=False train_time:210825ms step_avg:421.65ms
step:500/1555 val_step:137/320 val_loss:4.2319 chunk_loss:0.0000 is_adam_step=True train_time:210825ms step_avg:421.65ms
step:500/1555 val_step:138/320 val_loss:4.2339 chunk_loss:0.0000 is_adam_step=False train_time:210825ms step_avg:421.65ms
step:500/1555 val_step:139/320 val_loss:4.2343 chunk_loss:0.0000 is_adam_step=True train_time:210825ms step_avg:421.65ms
step:500/1555 val_step:140/320 val_loss:4.2345 chunk_loss:0.0000 is_adam_step=False train_time:210825ms step_avg:421.65ms
step:500/1555 val_step:141/320 val_loss:4.2342 chunk_loss:0.0000 is_adam_step=True train_time:210825ms step_avg:421.65ms
step:500/1555 val_step:142/320 val_loss:4.2344 chunk_loss:0.0000 is_adam_step=False train_time:210825ms step_avg:421.65ms
step:500/1555 val_step:143/320 val_loss:4.2359 chunk_loss:0.0000 is_adam_step=True train_time:210825ms step_avg:421.65ms
step:500/1555 val_step:144/320 val_loss:4.2369 chunk_loss:0.0000 is_adam_step=False train_time:210825ms step_avg:421.65ms
step:500/1555 val_step:145/320 val_loss:4.2365 chunk_loss:0.0000 is_adam_step=True train_time:210825ms step_avg:421.65ms
step:500/1555 val_step:146/320 val_loss:4.2366 chunk_loss:0.0000 is_adam_step=False train_time:210825ms step_avg:421.65ms
step:500/1555 val_step:147/320 val_loss:4.2370 chunk_loss:0.0000 is_adam_step=True train_time:210825ms step_avg:421.65ms
step:500/1555 val_step:148/320 val_loss:4.2377 chunk_loss:0.0000 is_adam_step=False train_time:210825ms step_avg:421.65ms
step:500/1555 val_step:149/320 val_loss:4.2367 chunk_loss:0.0000 is_adam_step=True train_time:210825ms step_avg:421.65ms
step:500/1555 val_step:150/320 val_loss:4.2361 chunk_loss:0.0000 is_adam_step=False train_time:210825ms step_avg:421.65ms
step:500/1555 val_step:151/320 val_loss:4.2362 chunk_loss:0.0000 is_adam_step=True train_time:210825ms step_avg:421.65ms
step:500/1555 val_step:152/320 val_loss:4.2351 chunk_loss:0.0000 is_adam_step=False train_time:210825ms step_avg:421.65ms
step:500/1555 val_step:153/320 val_loss:4.2342 chunk_loss:0.0000 is_adam_step=True train_time:210825ms step_avg:421.65ms
step:500/1555 val_step:154/320 val_loss:4.2338 chunk_loss:0.0000 is_adam_step=False train_time:210825ms step_avg:421.65ms
step:500/1555 val_step:155/320 val_loss:4.2341 chunk_loss:0.0000 is_adam_step=True train_time:210825ms step_avg:421.65ms
step:500/1555 val_step:156/320 val_loss:4.2338 chunk_loss:0.0000 is_adam_step=False train_time:210825ms step_avg:421.65ms
step:500/1555 val_step:157/320 val_loss:4.2340 chunk_loss:0.0000 is_adam_step=True train_time:210825ms step_avg:421.65ms
step:500/1555 val_step:158/320 val_loss:4.2340 chunk_loss:0.0000 is_adam_step=False train_time:210825ms step_avg:421.65ms
step:500/1555 val_step:159/320 val_loss:4.2339 chunk_loss:0.0000 is_adam_step=True train_time:210825ms step_avg:421.65ms
step:500/1555 val_step:160/320 val_loss:4.2348 chunk_loss:0.0000 is_adam_step=False train_time:210825ms step_avg:421.65ms
step:500/1555 val_step:161/320 val_loss:4.2347 chunk_loss:0.0000 is_adam_step=True train_time:210825ms step_avg:421.65ms
step:500/1555 val_step:162/320 val_loss:4.2351 chunk_loss:0.0000 is_adam_step=False train_time:210825ms step_avg:421.65ms
step:500/1555 val_step:163/320 val_loss:4.2343 chunk_loss:0.0000 is_adam_step=True train_time:210825ms step_avg:421.65ms
step:500/1555 val_step:164/320 val_loss:4.2340 chunk_loss:0.0000 is_adam_step=False train_time:210825ms step_avg:421.65ms
step:500/1555 val_step:165/320 val_loss:4.2368 chunk_loss:0.0000 is_adam_step=True train_time:210825ms step_avg:421.65ms
step:500/1555 val_step:166/320 val_loss:4.2377 chunk_loss:0.0000 is_adam_step=False train_time:210825ms step_avg:421.65ms
step:500/1555 val_step:167/320 val_loss:4.2385 chunk_loss:0.0000 is_adam_step=True train_time:210825ms step_avg:421.65ms
step:500/1555 val_step:168/320 val_loss:4.2385 chunk_loss:0.0000 is_adam_step=False train_time:210825ms step_avg:421.65ms
step:500/1555 val_step:169/320 val_loss:4.2387 chunk_loss:0.0000 is_adam_step=True train_time:210825ms step_avg:421.65ms
step:500/1555 val_step:170/320 val_loss:4.2383 chunk_loss:0.0000 is_adam_step=False train_time:210825ms step_avg:421.65ms
step:500/1555 val_step:171/320 val_loss:4.2372 chunk_loss:0.0000 is_adam_step=True train_time:210825ms step_avg:421.65ms
step:500/1555 val_step:172/320 val_loss:4.2374 chunk_loss:0.0000 is_adam_step=False train_time:210825ms step_avg:421.65ms
step:500/1555 val_step:173/320 val_loss:4.2368 chunk_loss:0.0000 is_adam_step=True train_time:210825ms step_avg:421.65ms
step:500/1555 val_step:174/320 val_loss:4.2382 chunk_loss:0.0000 is_adam_step=False train_time:210825ms step_avg:421.65ms
step:500/1555 val_step:175/320 val_loss:4.2378 chunk_loss:0.0000 is_adam_step=True train_time:210825ms step_avg:421.65ms
step:500/1555 val_step:176/320 val_loss:4.2381 chunk_loss:0.0000 is_adam_step=False train_time:210825ms step_avg:421.65ms
step:500/1555 val_step:177/320 val_loss:4.2365 chunk_loss:0.0000 is_adam_step=True train_time:210825ms step_avg:421.65ms
step:500/1555 val_step:178/320 val_loss:4.2364 chunk_loss:0.0000 is_adam_step=False train_time:210825ms step_avg:421.65ms
step:500/1555 val_step:179/320 val_loss:4.2364 chunk_loss:0.0000 is_adam_step=True train_time:210825ms step_avg:421.65ms
step:500/1555 val_step:180/320 val_loss:4.2356 chunk_loss:0.0000 is_adam_step=False train_time:210825ms step_avg:421.65ms
step:500/1555 val_step:181/320 val_loss:4.2358 chunk_loss:0.0000 is_adam_step=True train_time:210825ms step_avg:421.65ms
step:500/1555 val_step:182/320 val_loss:4.2342 chunk_loss:0.0000 is_adam_step=False train_time:210825ms step_avg:421.65ms
step:500/1555 val_step:183/320 val_loss:4.2355 chunk_loss:0.0000 is_adam_step=True train_time:210825ms step_avg:421.65ms
step:500/1555 val_step:184/320 val_loss:4.2347 chunk_loss:0.0000 is_adam_step=False train_time:210825ms step_avg:421.65ms
step:500/1555 val_step:185/320 val_loss:4.2331 chunk_loss:0.0000 is_adam_step=True train_time:210825ms step_avg:421.65ms
step:500/1555 val_step:186/320 val_loss:4.2327 chunk_loss:0.0000 is_adam_step=False train_time:210825ms step_avg:421.65ms
step:500/1555 val_step:187/320 val_loss:4.2321 chunk_loss:0.0000 is_adam_step=True train_time:210825ms step_avg:421.65ms
step:500/1555 val_step:188/320 val_loss:4.2325 chunk_loss:0.0000 is_adam_step=False train_time:210825ms step_avg:421.65ms
step:500/1555 val_step:189/320 val_loss:4.2313 chunk_loss:0.0000 is_adam_step=True train_time:210825ms step_avg:421.65ms
step:500/1555 val_step:190/320 val_loss:4.2309 chunk_loss:0.0000 is_adam_step=False train_time:210825ms step_avg:421.65ms
step:500/1555 val_step:191/320 val_loss:4.2305 chunk_loss:0.0000 is_adam_step=True train_time:210825ms step_avg:421.65ms
step:500/1555 val_step:192/320 val_loss:4.2302 chunk_loss:0.0000 is_adam_step=False train_time:210825ms step_avg:421.65ms
step:500/1555 val_step:193/320 val_loss:4.2302 chunk_loss:0.0000 is_adam_step=True train_time:210825ms step_avg:421.65ms
step:500/1555 val_step:194/320 val_loss:4.2309 chunk_loss:0.0000 is_adam_step=False train_time:210825ms step_avg:421.65ms
step:500/1555 val_step:195/320 val_loss:4.2301 chunk_loss:0.0000 is_adam_step=True train_time:210825ms step_avg:421.65ms
step:500/1555 val_step:196/320 val_loss:4.2299 chunk_loss:0.0000 is_adam_step=False train_time:210825ms step_avg:421.65ms
step:500/1555 val_step:197/320 val_loss:4.2301 chunk_loss:0.0000 is_adam_step=True train_time:210825ms step_avg:421.65ms
step:500/1555 val_step:198/320 val_loss:4.2306 chunk_loss:0.0000 is_adam_step=False train_time:210825ms step_avg:421.65ms
step:500/1555 val_step:199/320 val_loss:4.2301 chunk_loss:0.0000 is_adam_step=True train_time:210825ms step_avg:421.65ms
step:500/1555 val_step:200/320 val_loss:4.2298 chunk_loss:0.0000 is_adam_step=False train_time:210825ms step_avg:421.65ms
step:500/1555 val_step:201/320 val_loss:4.2286 chunk_loss:0.0000 is_adam_step=True train_time:210825ms step_avg:421.65ms
step:500/1555 val_step:202/320 val_loss:4.2297 chunk_loss:0.0000 is_adam_step=False train_time:210825ms step_avg:421.65ms
step:500/1555 val_step:203/320 val_loss:4.2292 chunk_loss:0.0000 is_adam_step=True train_time:210825ms step_avg:421.65ms
step:500/1555 val_step:204/320 val_loss:4.2288 chunk_loss:0.0000 is_adam_step=False train_time:210825ms step_avg:421.65ms
step:500/1555 val_step:205/320 val_loss:4.2293 chunk_loss:0.0000 is_adam_step=True train_time:210825ms step_avg:421.65ms
step:500/1555 val_step:206/320 val_loss:4.2291 chunk_loss:0.0000 is_adam_step=False train_time:210825ms step_avg:421.65ms
step:500/1555 val_step:207/320 val_loss:4.2290 chunk_loss:0.0000 is_adam_step=True train_time:210825ms step_avg:421.65ms
step:500/1555 val_step:208/320 val_loss:4.2278 chunk_loss:0.0000 is_adam_step=False train_time:210825ms step_avg:421.65ms
step:500/1555 val_step:209/320 val_loss:4.2282 chunk_loss:0.0000 is_adam_step=True train_time:210825ms step_avg:421.65ms
step:500/1555 val_step:210/320 val_loss:4.2269 chunk_loss:0.0000 is_adam_step=False train_time:210825ms step_avg:421.65ms
step:500/1555 val_step:211/320 val_loss:4.2263 chunk_loss:0.0000 is_adam_step=True train_time:210825ms step_avg:421.65ms
step:500/1555 val_step:212/320 val_loss:4.2276 chunk_loss:0.0000 is_adam_step=False train_time:210825ms step_avg:421.65ms
step:500/1555 val_step:213/320 val_loss:4.2273 chunk_loss:0.0000 is_adam_step=True train_time:210825ms step_avg:421.65ms
step:500/1555 val_step:214/320 val_loss:4.2280 chunk_loss:0.0000 is_adam_step=False train_time:210825ms step_avg:421.65ms
step:500/1555 val_step:215/320 val_loss:4.2269 chunk_loss:0.0000 is_adam_step=True train_time:210825ms step_avg:421.65ms
step:500/1555 val_step:216/320 val_loss:4.2265 chunk_loss:0.0000 is_adam_step=False train_time:210825ms step_avg:421.65ms
step:500/1555 val_step:217/320 val_loss:4.2272 chunk_loss:0.0000 is_adam_step=True train_time:210825ms step_avg:421.65ms
step:500/1555 val_step:218/320 val_loss:4.2272 chunk_loss:0.0000 is_adam_step=False train_time:210825ms step_avg:421.65ms
step:500/1555 val_step:219/320 val_loss:4.2273 chunk_loss:0.0000 is_adam_step=True train_time:210825ms step_avg:421.65ms
step:500/1555 val_step:220/320 val_loss:4.2273 chunk_loss:0.0000 is_adam_step=False train_time:210825ms step_avg:421.65ms
step:500/1555 val_step:221/320 val_loss:4.2271 chunk_loss:0.0000 is_adam_step=True train_time:210825ms step_avg:421.65ms
step:500/1555 val_step:222/320 val_loss:4.2272 chunk_loss:0.0000 is_adam_step=False train_time:210825ms step_avg:421.65ms
step:500/1555 val_step:223/320 val_loss:4.2270 chunk_loss:0.0000 is_adam_step=True train_time:210825ms step_avg:421.65ms
step:500/1555 val_step:224/320 val_loss:4.2265 chunk_loss:0.0000 is_adam_step=False train_time:210825ms step_avg:421.65ms
step:500/1555 val_step:225/320 val_loss:4.2262 chunk_loss:0.0000 is_adam_step=True train_time:210825ms step_avg:421.65ms
step:500/1555 val_step:226/320 val_loss:4.2256 chunk_loss:0.0000 is_adam_step=False train_time:210825ms step_avg:421.65ms
step:500/1555 val_step:227/320 val_loss:4.2257 chunk_loss:0.0000 is_adam_step=True train_time:210825ms step_avg:421.65ms
step:500/1555 val_step:228/320 val_loss:4.2259 chunk_loss:0.0000 is_adam_step=False train_time:210825ms step_avg:421.65ms
step:500/1555 val_step:229/320 val_loss:4.2264 chunk_loss:0.0000 is_adam_step=True train_time:210825ms step_avg:421.65ms
step:500/1555 val_step:230/320 val_loss:4.2263 chunk_loss:0.0000 is_adam_step=False train_time:210825ms step_avg:421.65ms
step:500/1555 val_step:231/320 val_loss:4.2261 chunk_loss:0.0000 is_adam_step=True train_time:210825ms step_avg:421.65ms
step:500/1555 val_step:232/320 val_loss:4.2265 chunk_loss:0.0000 is_adam_step=False train_time:210825ms step_avg:421.65ms
step:500/1555 val_step:233/320 val_loss:4.2266 chunk_loss:0.0000 is_adam_step=True train_time:210825ms step_avg:421.65ms
step:500/1555 val_step:234/320 val_loss:4.2266 chunk_loss:0.0000 is_adam_step=False train_time:210825ms step_avg:421.65ms
step:500/1555 val_step:235/320 val_loss:4.2266 chunk_loss:0.0000 is_adam_step=True train_time:210825ms step_avg:421.65ms
step:500/1555 val_step:236/320 val_loss:4.2267 chunk_loss:0.0000 is_adam_step=False train_time:210825ms step_avg:421.65ms
step:500/1555 val_step:237/320 val_loss:4.2267 chunk_loss:0.0000 is_adam_step=True train_time:210825ms step_avg:421.65ms
step:500/1555 val_step:238/320 val_loss:4.2266 chunk_loss:0.0000 is_adam_step=False train_time:210825ms step_avg:421.65ms
step:500/1555 val_step:239/320 val_loss:4.2262 chunk_loss:0.0000 is_adam_step=True train_time:210825ms step_avg:421.65ms
step:500/1555 val_step:240/320 val_loss:4.2261 chunk_loss:0.0000 is_adam_step=False train_time:210825ms step_avg:421.65ms
step:500/1555 val_step:241/320 val_loss:4.2262 chunk_loss:0.0000 is_adam_step=True train_time:210825ms step_avg:421.65ms
step:500/1555 val_step:242/320 val_loss:4.2273 chunk_loss:0.0000 is_adam_step=False train_time:210825ms step_avg:421.65ms
step:500/1555 val_step:243/320 val_loss:4.2270 chunk_loss:0.0000 is_adam_step=True train_time:210825ms step_avg:421.65ms
step:500/1555 val_step:244/320 val_loss:4.2274 chunk_loss:0.0000 is_adam_step=False train_time:210825ms step_avg:421.65ms
step:500/1555 val_step:245/320 val_loss:4.2275 chunk_loss:0.0000 is_adam_step=True train_time:210825ms step_avg:421.65ms
step:500/1555 val_step:246/320 val_loss:4.2278 chunk_loss:0.0000 is_adam_step=False train_time:210825ms step_avg:421.65ms
step:500/1555 val_step:247/320 val_loss:4.2276 chunk_loss:0.0000 is_adam_step=True train_time:210825ms step_avg:421.65ms
step:500/1555 val_step:248/320 val_loss:4.2274 chunk_loss:0.0000 is_adam_step=False train_time:210825ms step_avg:421.65ms
step:500/1555 val_step:249/320 val_loss:4.2283 chunk_loss:0.0000 is_adam_step=True train_time:210825ms step_avg:421.65ms
step:500/1555 val_step:250/320 val_loss:4.2283 chunk_loss:0.0000 is_adam_step=False train_time:210825ms step_avg:421.65ms
step:500/1555 val_step:251/320 val_loss:4.2283 chunk_loss:0.0000 is_adam_step=True train_time:210825ms step_avg:421.65ms
step:500/1555 val_step:252/320 val_loss:4.2288 chunk_loss:0.0000 is_adam_step=False train_time:210825ms step_avg:421.65ms
step:500/1555 val_step:253/320 val_loss:4.2285 chunk_loss:0.0000 is_adam_step=True train_time:210825ms step_avg:421.65ms
step:500/1555 val_step:254/320 val_loss:4.2286 chunk_loss:0.0000 is_adam_step=False train_time:210825ms step_avg:421.65ms
step:500/1555 val_step:255/320 val_loss:4.2287 chunk_loss:0.0000 is_adam_step=True train_time:210825ms step_avg:421.65ms
step:500/1555 val_step:256/320 val_loss:4.2286 chunk_loss:0.0000 is_adam_step=False train_time:210825ms step_avg:421.65ms
step:500/1555 val_step:257/320 val_loss:4.2296 chunk_loss:0.0000 is_adam_step=True train_time:210825ms step_avg:421.65ms
step:500/1555 val_step:258/320 val_loss:4.2289 chunk_loss:0.0000 is_adam_step=False train_time:210825ms step_avg:421.65ms
step:500/1555 val_step:259/320 val_loss:4.2288 chunk_loss:0.0000 is_adam_step=True train_time:210825ms step_avg:421.65ms
step:500/1555 val_step:260/320 val_loss:4.2287 chunk_loss:0.0000 is_adam_step=False train_time:210825ms step_avg:421.65ms
step:500/1555 val_step:261/320 val_loss:4.2289 chunk_loss:0.0000 is_adam_step=True train_time:210825ms step_avg:421.65ms
step:500/1555 val_step:262/320 val_loss:4.2290 chunk_loss:0.0000 is_adam_step=False train_time:210825ms step_avg:421.65ms
step:500/1555 val_step:263/320 val_loss:4.2288 chunk_loss:0.0000 is_adam_step=True train_time:210825ms step_avg:421.65ms
step:500/1555 val_step:264/320 val_loss:4.2289 chunk_loss:0.0000 is_adam_step=False train_time:210825ms step_avg:421.65ms
step:500/1555 val_step:265/320 val_loss:4.2285 chunk_loss:0.0000 is_adam_step=True train_time:210825ms step_avg:421.65ms
step:500/1555 val_step:266/320 val_loss:4.2287 chunk_loss:0.0000 is_adam_step=False train_time:210825ms step_avg:421.65ms
step:500/1555 val_step:267/320 val_loss:4.2281 chunk_loss:0.0000 is_adam_step=True train_time:210825ms step_avg:421.65ms
step:500/1555 val_step:268/320 val_loss:4.2278 chunk_loss:0.0000 is_adam_step=False train_time:210825ms step_avg:421.65ms
step:500/1555 val_step:269/320 val_loss:4.2275 chunk_loss:0.0000 is_adam_step=True train_time:210825ms step_avg:421.65ms
step:500/1555 val_step:270/320 val_loss:4.2270 chunk_loss:0.0000 is_adam_step=False train_time:210825ms step_avg:421.65ms
step:500/1555 val_step:271/320 val_loss:4.2263 chunk_loss:0.0000 is_adam_step=True train_time:210825ms step_avg:421.65ms
step:500/1555 val_step:272/320 val_loss:4.2256 chunk_loss:0.0000 is_adam_step=False train_time:210825ms step_avg:421.65ms
step:500/1555 val_step:273/320 val_loss:4.2256 chunk_loss:0.0000 is_adam_step=True train_time:210825ms step_avg:421.65ms
step:500/1555 val_step:274/320 val_loss:4.2255 chunk_loss:0.0000 is_adam_step=False train_time:210825ms step_avg:421.65ms
step:500/1555 val_step:275/320 val_loss:4.2263 chunk_loss:0.0000 is_adam_step=True train_time:210825ms step_avg:421.65ms
step:500/1555 val_step:276/320 val_loss:4.2258 chunk_loss:0.0000 is_adam_step=False train_time:210825ms step_avg:421.65ms
step:500/1555 val_step:277/320 val_loss:4.2253 chunk_loss:0.0000 is_adam_step=True train_time:210825ms step_avg:421.65ms
step:500/1555 val_step:278/320 val_loss:4.2252 chunk_loss:0.0000 is_adam_step=False train_time:210825ms step_avg:421.65ms
step:500/1555 val_step:279/320 val_loss:4.2258 chunk_loss:0.0000 is_adam_step=True train_time:210825ms step_avg:421.65ms
step:500/1555 val_step:280/320 val_loss:4.2259 chunk_loss:0.0000 is_adam_step=False train_time:210825ms step_avg:421.65ms
step:500/1555 val_step:281/320 val_loss:4.2255 chunk_loss:0.0000 is_adam_step=True train_time:210825ms step_avg:421.65ms
step:500/1555 val_step:282/320 val_loss:4.2254 chunk_loss:0.0000 is_adam_step=False train_time:210825ms step_avg:421.65ms
step:500/1555 val_step:283/320 val_loss:4.2252 chunk_loss:0.0000 is_adam_step=True train_time:210825ms step_avg:421.65ms
step:500/1555 val_step:284/320 val_loss:4.2257 chunk_loss:0.0000 is_adam_step=False train_time:210825ms step_avg:421.65ms
step:500/1555 val_step:285/320 val_loss:4.2252 chunk_loss:0.0000 is_adam_step=True train_time:210825ms step_avg:421.65ms
step:500/1555 val_step:286/320 val_loss:4.2249 chunk_loss:0.0000 is_adam_step=False train_time:210825ms step_avg:421.65ms
step:500/1555 val_step:287/320 val_loss:4.2251 chunk_loss:0.0000 is_adam_step=True train_time:210825ms step_avg:421.65ms
step:500/1555 val_step:288/320 val_loss:4.2252 chunk_loss:0.0000 is_adam_step=False train_time:210825ms step_avg:421.65ms
step:500/1555 val_step:289/320 val_loss:4.2256 chunk_loss:0.0000 is_adam_step=True train_time:210825ms step_avg:421.65ms
step:500/1555 val_step:290/320 val_loss:4.2262 chunk_loss:0.0000 is_adam_step=False train_time:210825ms step_avg:421.65ms
step:500/1555 val_step:291/320 val_loss:4.2261 chunk_loss:0.0000 is_adam_step=True train_time:210825ms step_avg:421.65ms
step:500/1555 val_step:292/320 val_loss:4.2256 chunk_loss:0.0000 is_adam_step=False train_time:210825ms step_avg:421.65ms
step:500/1555 val_step:293/320 val_loss:4.2253 chunk_loss:0.0000 is_adam_step=True train_time:210825ms step_avg:421.65ms
step:500/1555 val_step:294/320 val_loss:4.2254 chunk_loss:0.0000 is_adam_step=False train_time:210825ms step_avg:421.65ms
step:500/1555 val_step:295/320 val_loss:4.2256 chunk_loss:0.0000 is_adam_step=True train_time:210825ms step_avg:421.65ms
step:500/1555 val_step:296/320 val_loss:4.2255 chunk_loss:0.0000 is_adam_step=False train_time:210825ms step_avg:421.65ms
step:500/1555 val_step:297/320 val_loss:4.2251 chunk_loss:0.0000 is_adam_step=True train_time:210825ms step_avg:421.65ms
step:500/1555 val_step:298/320 val_loss:4.2246 chunk_loss:0.0000 is_adam_step=False train_time:210825ms step_avg:421.65ms
step:500/1555 val_step:299/320 val_loss:4.2244 chunk_loss:0.0000 is_adam_step=True train_time:210825ms step_avg:421.65ms
step:500/1555 val_step:300/320 val_loss:4.2240 chunk_loss:0.0000 is_adam_step=False train_time:210825ms step_avg:421.65ms
step:500/1555 val_step:301/320 val_loss:4.2235 chunk_loss:0.0000 is_adam_step=True train_time:210825ms step_avg:421.65ms
step:500/1555 val_step:302/320 val_loss:4.2234 chunk_loss:0.0000 is_adam_step=False train_time:210825ms step_avg:421.65ms
step:500/1555 val_step:303/320 val_loss:4.2239 chunk_loss:0.0000 is_adam_step=True train_time:210825ms step_avg:421.65ms
step:500/1555 val_step:304/320 val_loss:4.2230 chunk_loss:0.0000 is_adam_step=False train_time:210825ms step_avg:421.65ms
step:500/1555 val_step:305/320 val_loss:4.2228 chunk_loss:0.0000 is_adam_step=True train_time:210825ms step_avg:421.65ms
step:500/1555 val_step:306/320 val_loss:4.2227 chunk_loss:0.0000 is_adam_step=False train_time:210825ms step_avg:421.65ms
step:500/1555 val_step:307/320 val_loss:4.2226 chunk_loss:0.0000 is_adam_step=True train_time:210825ms step_avg:421.65ms
step:500/1555 val_step:308/320 val_loss:4.2227 chunk_loss:0.0000 is_adam_step=False train_time:210825ms step_avg:421.65ms
step:500/1555 val_step:309/320 val_loss:4.2229 chunk_loss:0.0000 is_adam_step=True train_time:210825ms step_avg:421.65ms
step:500/1555 val_step:310/320 val_loss:4.2225 chunk_loss:0.0000 is_adam_step=False train_time:210825ms step_avg:421.65ms
step:500/1555 val_step:311/320 val_loss:4.2228 chunk_loss:0.0000 is_adam_step=True train_time:210825ms step_avg:421.65ms
step:500/1555 val_step:312/320 val_loss:4.2229 chunk_loss:0.0000 is_adam_step=False train_time:210825ms step_avg:421.65ms
step:500/1555 val_step:313/320 val_loss:4.2230 chunk_loss:0.0000 is_adam_step=True train_time:210825ms step_avg:421.65ms
step:500/1555 val_step:314/320 val_loss:4.2233 chunk_loss:0.0000 is_adam_step=False train_time:210825ms step_avg:421.65ms
step:500/1555 val_step:315/320 val_loss:4.2235 chunk_loss:0.0000 is_adam_step=True train_time:210825ms step_avg:421.65ms
step:500/1555 val_step:316/320 val_loss:4.2233 chunk_loss:0.0000 is_adam_step=False train_time:210825ms step_avg:421.65ms
step:500/1555 val_step:317/320 val_loss:4.2232 chunk_loss:0.0000 is_adam_step=True train_time:210825ms step_avg:421.65ms
step:500/1555 val_step:318/320 val_loss:4.2234 chunk_loss:0.0000 is_adam_step=False train_time:210825ms step_avg:421.65ms
step:500/1555 val_step:319/320 val_loss:4.2233 chunk_loss:0.0000 is_adam_step=True train_time:210825ms step_avg:421.65ms
step:500/1555 val_loss:4.2233 train_time:210825ms step_avg:421.65ms
step:501/1555 loss.item()=119498.0625 train_time:211230ms step_avg:421.62ms
step:502/1555 loss.item()=122747.6875 train_time:211641ms step_avg:421.59ms
step:503/1555 loss.item()=119494.2109375 train_time:212075ms step_avg:421.62ms
step:504/1555 loss.item()=116341.75 train_time:212491ms step_avg:421.61ms
step:505/1555 loss.item()=121318.7734375 train_time:212915ms step_avg:421.61ms
step:506/1555 loss.item()=235425.1875 train_time:223493ms step_avg:441.69ms
step:507/1555 loss.item()=249121.09375 train_time:224266ms step_avg:442.34ms
step:508/1555 loss.item()=239452.265625 train_time:225031ms step_avg:442.98ms
step:509/1555 loss.item()=247911.234375 train_time:225800ms step_avg:443.61ms
step:510/1555 loss.item()=246666.171875 train_time:226564ms step_avg:444.24ms
step:511/1555 loss.item()=258054.0 train_time:227332ms step_avg:444.88ms
step:512/1555 loss.item()=244160.546875 train_time:228102ms step_avg:445.51ms
step:513/1555 loss.item()=264544.78125 train_time:228866ms step_avg:446.13ms
step:514/1555 loss.item()=249369.578125 train_time:229625ms step_avg:446.74ms
step:515/1555 loss.item()=248114.46875 train_time:230397ms step_avg:447.37ms
step:516/1555 loss.item()=243876.96875 train_time:231173ms step_avg:448.01ms
step:517/1555 loss.item()=239766.96875 train_time:231939ms step_avg:448.63ms
step:518/1555 loss.item()=245453.234375 train_time:232705ms step_avg:449.24ms
step:519/1555 loss.item()=241761.65625 train_time:233472ms step_avg:449.85ms
step:520/1555 loss.item()=234910.3125 train_time:234238ms step_avg:450.46ms
step:521/1555 loss.item()=237746.5 train_time:235012ms step_avg:451.08ms
step:522/1555 loss.item()=240855.3125 train_time:235781ms step_avg:451.69ms
step:523/1555 loss.item()=235409.40625 train_time:236547ms step_avg:452.29ms
step:524/1555 loss.item()=237892.734375 train_time:237315ms step_avg:452.89ms
step:525/1555 loss.item()=241991.09375 train_time:238088ms step_avg:453.50ms
step:526/1555 loss.item()=233155.640625 train_time:238856ms step_avg:454.10ms
step:527/1555 loss.item()=235537.65625 train_time:239627ms step_avg:454.70ms
step:528/1555 loss.item()=238164.390625 train_time:240401ms step_avg:455.30ms
step:529/1555 loss.item()=232729.03125 train_time:241176ms step_avg:455.91ms
step:530/1555 loss.item()=235535.65625 train_time:241950ms step_avg:456.51ms
step:531/1555 loss.item()=239079.46875 train_time:242724ms step_avg:457.11ms
step:532/1555 loss.item()=238588.03125 train_time:243494ms step_avg:457.70ms
step:533/1555 loss.item()=228905.546875 train_time:244271ms step_avg:458.30ms
step:534/1555 loss.item()=231536.484375 train_time:245043ms step_avg:458.88ms
step:535/1555 loss.item()=236359.140625 train_time:245816ms step_avg:459.47ms
step:536/1555 loss.item()=230458.875 train_time:246582ms step_avg:460.04ms
step:537/1555 loss.item()=229190.609375 train_time:247357ms step_avg:460.63ms
step:538/1555 loss.item()=232429.25 train_time:248125ms step_avg:461.20ms
step:539/1555 loss.item()=227263.796875 train_time:248899ms step_avg:461.78ms
step:540/1555 loss.item()=234500.3125 train_time:249670ms step_avg:462.35ms
step:541/1555 loss.item()=232425.6875 train_time:250444ms step_avg:462.93ms
step:542/1555 loss.item()=232571.6875 train_time:251216ms step_avg:463.50ms
step:543/1555 loss.item()=225817.8125 train_time:252000ms step_avg:464.09ms
step:544/1555 loss.item()=231068.609375 train_time:252774ms step_avg:464.66ms
step:545/1555 loss.item()=228742.84375 train_time:253547ms step_avg:465.22ms
step:546/1555 loss.item()=222870.8125 train_time:254315ms step_avg:465.78ms
step:547/1555 loss.item()=230033.484375 train_time:255087ms step_avg:466.34ms
step:548/1555 loss.item()=228487.171875 train_time:255859ms step_avg:466.90ms
step:549/1555 loss.item()=225534.125 train_time:256636ms step_avg:467.46ms
step:550/1555 loss.item()=223969.8125 train_time:257410ms step_avg:468.02ms
step:551/1555 loss.item()=227718.375 train_time:258191ms step_avg:468.59ms
step:552/1555 loss.item()=229212.03125 train_time:258962ms step_avg:469.13ms
step:553/1555 loss.item()=231621.875 train_time:259735ms step_avg:469.68ms
step:554/1555 loss.item()=228044.71875 train_time:260513ms step_avg:470.24ms
step:555/1555 loss.item()=230773.828125 train_time:261291ms step_avg:470.79ms
step:556/1555 loss.item()=228685.65625 train_time:262063ms step_avg:471.34ms
step:557/1555 loss.item()=225484.484375 train_time:262839ms step_avg:471.88ms
step:558/1555 loss.item()=232359.9375 train_time:263615ms step_avg:472.43ms
step:559/1555 loss.item()=228444.015625 train_time:264386ms step_avg:472.96ms
step:560/1555 loss.item()=222941.890625 train_time:265154ms step_avg:473.49ms
step:561/1555 loss.item()=223358.328125 train_time:265934ms step_avg:474.04ms
step:562/1555 loss.item()=229475.46875 train_time:266710ms step_avg:474.57ms
step:563/1555 loss.item()=227305.875 train_time:267490ms step_avg:475.12ms
step:564/1555 loss.item()=229361.71875 train_time:268262ms step_avg:475.64ms
step:565/1555 loss.item()=226382.453125 train_time:269037ms step_avg:476.17ms
step:566/1555 loss.item()=219302.375 train_time:269817ms step_avg:476.71ms
step:567/1555 loss.item()=223325.96875 train_time:270595ms step_avg:477.24ms
step:568/1555 loss.item()=230824.59375 train_time:271373ms step_avg:477.77ms
step:569/1555 loss.item()=226620.34375 train_time:272149ms step_avg:478.29ms
step:570/1555 loss.item()=223283.875 train_time:272922ms step_avg:478.81ms
step:571/1555 loss.item()=225206.40625 train_time:273706ms step_avg:479.35ms
step:572/1555 loss.item()=224104.34375 train_time:274478ms step_avg:479.86ms
step:573/1555 loss.item()=222763.0 train_time:275253ms step_avg:480.37ms
step:574/1555 loss.item()=224568.375 train_time:276024ms step_avg:480.88ms
step:575/1555 loss.item()=222762.78125 train_time:276804ms step_avg:481.40ms
step:576/1555 loss.item()=225515.96875 train_time:277577ms step_avg:481.90ms
step:577/1555 loss.item()=227969.828125 train_time:278363ms step_avg:482.43ms
step:578/1555 loss.item()=220980.71875 train_time:279134ms step_avg:482.93ms
step:579/1555 loss.item()=225284.390625 train_time:279912ms step_avg:483.44ms
step:580/1555 loss.item()=218378.984375 train_time:280684ms step_avg:483.94ms
step:581/1555 loss.item()=215828.9375 train_time:281459ms step_avg:484.44ms
step:582/1555 loss.item()=219455.171875 train_time:282229ms step_avg:484.93ms
step:583/1555 loss.item()=218312.078125 train_time:283005ms step_avg:485.43ms
step:584/1555 loss.item()=221281.953125 train_time:283778ms step_avg:485.92ms
step:585/1555 loss.item()=224729.34375 train_time:284550ms step_avg:486.41ms
step:586/1555 loss.item()=217219.1875 train_time:285320ms step_avg:486.89ms
step:587/1555 loss.item()=224539.1875 train_time:286095ms step_avg:487.39ms
step:588/1555 loss.item()=219445.0625 train_time:286872ms step_avg:487.88ms
step:589/1555 loss.item()=221183.46875 train_time:287647ms step_avg:488.37ms
step:590/1555 loss.item()=214402.75 train_time:288418ms step_avg:488.84ms
step:591/1555 loss.item()=212428.40625 train_time:289194ms step_avg:489.33ms
step:592/1555 loss.item()=220794.6875 train_time:289965ms step_avg:489.80ms
step:593/1555 loss.item()=217344.4375 train_time:290737ms step_avg:490.28ms
step:594/1555 loss.item()=218572.578125 train_time:291509ms step_avg:490.76ms
step:595/1555 loss.item()=215475.125 train_time:292281ms step_avg:491.23ms
step:596/1555 loss.item()=213858.203125 train_time:293052ms step_avg:491.70ms
step:597/1555 loss.item()=216122.734375 train_time:293832ms step_avg:492.18ms
step:598/1555 loss.item()=222922.1875 train_time:294603ms step_avg:492.65ms
step:599/1555 loss.item()=223892.421875 train_time:295381ms step_avg:493.12ms
step:600/1555 loss.item()=219408.21875 train_time:296159ms step_avg:493.60ms
step:601/1555 loss.item()=215358.953125 train_time:296933ms step_avg:494.07ms
step:602/1555 loss.item()=212537.953125 train_time:297713ms step_avg:494.54ms
step:603/1555 loss.item()=219520.0 train_time:298498ms step_avg:495.02ms
step:604/1555 loss.item()=214368.8125 train_time:299270ms step_avg:495.48ms
step:605/1555 loss.item()=220073.015625 train_time:300045ms step_avg:495.94ms
step:606/1555 loss.item()=210202.875 train_time:300817ms step_avg:496.40ms
step:607/1555 loss.item()=212307.375 train_time:301593ms step_avg:496.86ms
step:608/1555 loss.item()=217553.96875 train_time:302367ms step_avg:497.31ms
step:609/1555 loss.item()=216869.828125 train_time:303139ms step_avg:497.76ms
step:610/1555 loss.item()=211036.84375 train_time:303914ms step_avg:498.22ms
step:611/1555 loss.item()=214045.140625 train_time:304682ms step_avg:498.66ms
step:612/1555 loss.item()=212313.796875 train_time:305448ms step_avg:499.10ms
step:613/1555 loss.item()=216813.78125 train_time:306220ms step_avg:499.54ms
step:614/1555 loss.item()=208106.046875 train_time:306983ms step_avg:499.97ms
step:615/1555 loss.item()=208160.0 train_time:307748ms step_avg:500.40ms
step:616/1555 loss.item()=213350.75 train_time:308515ms step_avg:500.84ms
step:617/1555 loss.item()=204614.25 train_time:309280ms step_avg:501.26ms
step:618/1555 loss.item()=211288.8125 train_time:310044ms step_avg:501.69ms
step:619/1555 loss.item()=209735.375 train_time:310809ms step_avg:502.11ms
step:620/1555 loss.item()=210711.328125 train_time:311573ms step_avg:502.54ms
step:621/1555 loss.item()=217218.984375 train_time:312342ms step_avg:502.97ms
step:622/1555 loss.item()=210439.390625 train_time:313107ms step_avg:503.39ms
step:623/1555 loss.item()=207668.25 train_time:313873ms step_avg:503.81ms
step:624/1555 loss.item()=207620.9375 train_time:314637ms step_avg:504.23ms
step:625/1555 loss.item()=211425.875 train_time:315410ms step_avg:504.66ms
step:626/1555 loss.item()=210158.9375 train_time:316179ms step_avg:505.08ms
step:627/1555 loss.item()=211287.140625 train_time:316946ms step_avg:505.50ms
step:628/1555 loss.item()=208074.5625 train_time:317709ms step_avg:505.91ms
step:629/1555 loss.item()=204505.75 train_time:318477ms step_avg:506.32ms
step:630/1555 loss.item()=212516.484375 train_time:319242ms step_avg:506.73ms
step:631/1555 loss.item()=210310.25 train_time:320014ms step_avg:507.15ms
step:632/1555 loss.item()=203721.109375 train_time:320780ms step_avg:507.56ms
step:633/1555 loss.item()=204131.609375 train_time:321547ms step_avg:507.97ms
step:634/1555 loss.item()=206485.46875 train_time:322315ms step_avg:508.38ms
step:635/1555 loss.item()=206018.625 train_time:323082ms step_avg:508.79ms
step:636/1555 loss.item()=205057.3125 train_time:323847ms step_avg:509.19ms
step:637/1555 loss.item()=207729.125 train_time:324612ms step_avg:509.60ms
step:638/1555 loss.item()=208553.90625 train_time:325379ms step_avg:510.00ms
step:639/1555 loss.item()=205078.015625 train_time:326150ms step_avg:510.41ms
step:640/1555 loss.item()=219147.203125 train_time:326916ms step_avg:510.81ms
step:641/1555 loss.item()=209945.875 train_time:327684ms step_avg:511.21ms
step:642/1555 loss.item()=208926.75 train_time:328452ms step_avg:511.61ms
step:643/1555 loss.item()=213357.296875 train_time:329223ms step_avg:512.01ms
step:644/1555 loss.item()=206031.234375 train_time:329986ms step_avg:512.40ms
step:645/1555 loss.item()=206202.6875 train_time:330756ms step_avg:512.80ms
step:646/1555 loss.item()=208571.46875 train_time:331521ms step_avg:513.19ms
step:647/1555 loss.item()=208647.03125 train_time:332285ms step_avg:513.58ms
step:648/1555 loss.item()=199282.421875 train_time:333048ms step_avg:513.96ms
step:649/1555 loss.item()=207456.375 train_time:333813ms step_avg:514.35ms
step:650/1555 loss.item()=209898.53125 train_time:334578ms step_avg:514.74ms
step:651/1555 loss.item()=210040.953125 train_time:335343ms step_avg:515.12ms
step:652/1555 loss.item()=199936.71875 train_time:336108ms step_avg:515.50ms
step:653/1555 loss.item()=200843.875 train_time:336875ms step_avg:515.89ms
step:654/1555 loss.item()=204004.75 train_time:337639ms step_avg:516.27ms
step:655/1555 loss.item()=212025.875 train_time:338407ms step_avg:516.65ms
step:656/1555 loss.item()=202502.03125 train_time:339169ms step_avg:517.03ms
step:657/1555 loss.item()=198816.671875 train_time:339936ms step_avg:517.41ms
step:658/1555 loss.item()=213435.9375 train_time:340704ms step_avg:517.79ms
step:659/1555 loss.item()=199264.53125 train_time:341470ms step_avg:518.16ms
step:660/1555 loss.item()=201548.171875 train_time:342232ms step_avg:518.53ms
step:661/1555 loss.item()=198189.859375 train_time:343002ms step_avg:518.91ms
step:662/1555 loss.item()=191428.453125 train_time:343769ms step_avg:519.29ms
step:663/1555 loss.item()=198713.09375 train_time:344536ms step_avg:519.66ms
step:664/1555 loss.item()=197701.703125 train_time:345305ms step_avg:520.04ms
step:665/1555 loss.item()=190604.890625 train_time:346073ms step_avg:520.41ms
step:666/1555 loss.item()=195243.15625 train_time:346840ms step_avg:520.78ms
step:667/1555 loss.item()=200379.015625 train_time:347609ms step_avg:521.15ms
step:668/1555 loss.item()=198386.46875 train_time:348373ms step_avg:521.52ms
step:669/1555 loss.item()=201304.59375 train_time:349139ms step_avg:521.88ms
step:670/1555 loss.item()=195093.28125 train_time:349908ms step_avg:522.25ms
step:671/1555 loss.item()=199567.90625 train_time:350676ms step_avg:522.62ms
step:672/1555 loss.item()=200853.15625 train_time:351440ms step_avg:522.98ms
step:673/1555 loss.item()=194001.8125 train_time:352208ms step_avg:523.34ms
step:674/1555 loss.item()=201654.40625 train_time:352979ms step_avg:523.71ms
step:675/1555 loss.item()=203638.53125 train_time:353745ms step_avg:524.07ms
step:676/1555 loss.item()=199357.40625 train_time:354512ms step_avg:524.43ms
step:677/1555 loss.item()=195767.28125 train_time:355278ms step_avg:524.78ms
step:678/1555 loss.item()=201517.140625 train_time:356044ms step_avg:525.14ms
step:679/1555 loss.item()=196841.625 train_time:356813ms step_avg:525.50ms
step:680/1555 loss.item()=202163.375 train_time:357579ms step_avg:525.85ms
step:681/1555 loss.item()=192650.75 train_time:358347ms step_avg:526.21ms
step:682/1555 loss.item()=193366.84375 train_time:359116ms step_avg:526.56ms
step:683/1555 loss.item()=190139.40625 train_time:359887ms step_avg:526.92ms
step:684/1555 loss.item()=200631.1875 train_time:360651ms step_avg:527.27ms
step:685/1555 loss.item()=196965.359375 train_time:361423ms step_avg:527.62ms
step:686/1555 loss.item()=201169.171875 train_time:362185ms step_avg:527.97ms
step:687/1555 loss.item()=192041.15625 train_time:362952ms step_avg:528.31ms
step:688/1555 loss.item()=192084.046875 train_time:363719ms step_avg:528.66ms
step:689/1555 loss.item()=194367.9375 train_time:364490ms step_avg:529.01ms
step:690/1555 loss.item()=193679.78125 train_time:365256ms step_avg:529.36ms
step:691/1555 loss.item()=190812.5 train_time:366026ms step_avg:529.70ms
step:692/1555 loss.item()=188470.75 train_time:366789ms step_avg:530.04ms
step:693/1555 loss.item()=191377.1875 train_time:367557ms step_avg:530.39ms
step:694/1555 loss.item()=184521.484375 train_time:368322ms step_avg:530.72ms
step:695/1555 loss.item()=190307.1875 train_time:369087ms step_avg:531.06ms
step:696/1555 loss.item()=196386.8125 train_time:369852ms step_avg:531.40ms
step:697/1555 loss.item()=189786.09375 train_time:370620ms step_avg:531.74ms
step:698/1555 loss.item()=192578.28125 train_time:371386ms step_avg:532.07ms
step:699/1555 loss.item()=199060.78125 train_time:372149ms step_avg:532.40ms
step:700/1555 loss.item()=193562.6875 train_time:372920ms step_avg:532.74ms
step:701/1555 loss.item()=191865.40625 train_time:373686ms step_avg:533.07ms
step:702/1555 loss.item()=185455.09375 train_time:374449ms step_avg:533.40ms
step:703/1555 loss.item()=190488.09375 train_time:375215ms step_avg:533.73ms
step:704/1555 loss.item()=194251.828125 train_time:375980ms step_avg:534.06ms
step:705/1555 loss.item()=192030.578125 train_time:376749ms step_avg:534.40ms
step:706/1555 loss.item()=192180.1875 train_time:377515ms step_avg:534.72ms
step:707/1555 loss.item()=192288.1875 train_time:378282ms step_avg:535.05ms
step:708/1555 loss.item()=202671.09375 train_time:379046ms step_avg:535.38ms
step:709/1555 loss.item()=196096.109375 train_time:379817ms step_avg:535.71ms
step:710/1555 loss.item()=191512.953125 train_time:380584ms step_avg:536.03ms
step:711/1555 loss.item()=196213.25 train_time:381352ms step_avg:536.36ms
step:712/1555 loss.item()=187389.875 train_time:382115ms step_avg:536.68ms
step:713/1555 loss.item()=190663.1875 train_time:382882ms step_avg:537.00ms
step:714/1555 loss.item()=190626.578125 train_time:383647ms step_avg:537.32ms
step:715/1555 loss.item()=186661.3125 train_time:384420ms step_avg:537.65ms
step:716/1555 loss.item()=185055.34375 train_time:385184ms step_avg:537.97ms
step:717/1555 loss.item()=191583.796875 train_time:385950ms step_avg:538.28ms
step:718/1555 loss.item()=182696.96875 train_time:386721ms step_avg:538.61ms
step:719/1555 loss.item()=197375.546875 train_time:387484ms step_avg:538.92ms
step:720/1555 loss.item()=186452.5 train_time:388247ms step_avg:539.23ms
step:721/1555 loss.item()=190101.078125 train_time:389015ms step_avg:539.55ms
step:722/1555 loss.item()=190657.53125 train_time:389779ms step_avg:539.86ms
step:723/1555 loss.item()=189076.78125 train_time:390544ms step_avg:540.17ms
step:724/1555 loss.item()=179523.453125 train_time:391314ms step_avg:540.49ms
step:725/1555 loss.item()=188930.46875 train_time:392080ms step_avg:540.80ms
step:726/1555 loss.item()=181820.65625 train_time:392844ms step_avg:541.11ms
step:727/1555 loss.item()=182122.125 train_time:393617ms step_avg:541.43ms
step:728/1555 loss.item()=182034.96875 train_time:394383ms step_avg:541.73ms
step:729/1555 loss.item()=188731.34375 train_time:395148ms step_avg:542.04ms
step:730/1555 loss.item()=188301.046875 train_time:395916ms step_avg:542.35ms
step:731/1555 loss.item()=184438.5 train_time:396684ms step_avg:542.66ms
step:732/1555 loss.item()=181837.546875 train_time:397449ms step_avg:542.96ms
step:733/1555 loss.item()=178877.0625 train_time:398219ms step_avg:543.27ms
step:734/1555 loss.item()=183510.875 train_time:398983ms step_avg:543.57ms
step:735/1555 loss.item()=186037.6875 train_time:399749ms step_avg:543.88ms
step:736/1555 loss.item()=178905.65625 train_time:400519ms step_avg:544.18ms
step:737/1555 loss.item()=184536.1875 train_time:401287ms step_avg:544.49ms
step:738/1555 loss.item()=183845.75 train_time:402048ms step_avg:544.78ms
step:739/1555 loss.item()=184465.90625 train_time:402819ms step_avg:545.09ms
step:740/1555 loss.item()=187748.03125 train_time:403585ms step_avg:545.38ms
step:741/1555 loss.item()=185908.4375 train_time:404351ms step_avg:545.68ms
step:742/1555 loss.item()=179737.484375 train_time:405117ms step_avg:545.98ms
step:743/1555 loss.item()=184687.0625 train_time:405885ms step_avg:546.28ms
step:744/1555 loss.item()=180073.875 train_time:406651ms step_avg:546.57ms
step:745/1555 loss.item()=180538.65625 train_time:407420ms step_avg:546.87ms
step:746/1555 loss.item()=179037.875 train_time:408184ms step_avg:547.16ms
step:747/1555 loss.item()=184847.328125 train_time:408949ms step_avg:547.46ms
step:748/1555 loss.item()=180400.9375 train_time:409716ms step_avg:547.75ms
step:749/1555 loss.item()=179838.5 train_time:410485ms step_avg:548.04ms
step:750/1555 loss.item()=181528.515625 train_time:411251ms step_avg:548.34ms
step:750/1555 starting test-time training...
step:750/1555 val_step:0/320 val_loss:3.8229 chunk_loss:0.0000 is_adam_step=False train_time:411264ms step_avg:548.35ms
step:750/1555 val_step:1/320 val_loss:3.8517 chunk_loss:0.0000 is_adam_step=True train_time:411264ms step_avg:548.35ms
step:750/1555 val_step:2/320 val_loss:3.8885 chunk_loss:0.0000 is_adam_step=False train_time:411264ms step_avg:548.35ms
step:750/1555 val_step:3/320 val_loss:3.8625 chunk_loss:0.0000 is_adam_step=True train_time:411264ms step_avg:548.35ms
step:750/1555 val_step:4/320 val_loss:3.8862 chunk_loss:0.0000 is_adam_step=False train_time:411264ms step_avg:548.35ms
step:750/1555 val_step:5/320 val_loss:3.8822 chunk_loss:0.0000 is_adam_step=True train_time:411264ms step_avg:548.35ms
step:750/1555 val_step:6/320 val_loss:3.8196 chunk_loss:0.0000 is_adam_step=False train_time:411264ms step_avg:548.35ms
step:750/1555 val_step:7/320 val_loss:3.8449 chunk_loss:0.0000 is_adam_step=True train_time:411264ms step_avg:548.35ms
step:750/1555 val_step:8/320 val_loss:3.8513 chunk_loss:0.0000 is_adam_step=False train_time:411264ms step_avg:548.35ms
step:750/1555 val_step:9/320 val_loss:3.8684 chunk_loss:0.0000 is_adam_step=True train_time:411264ms step_avg:548.35ms
step:750/1555 val_step:10/320 val_loss:3.8704 chunk_loss:0.0000 is_adam_step=False train_time:411264ms step_avg:548.35ms
step:750/1555 val_step:11/320 val_loss:3.8569 chunk_loss:0.0000 is_adam_step=True train_time:411264ms step_avg:548.35ms
step:750/1555 val_step:12/320 val_loss:3.8659 chunk_loss:0.0000 is_adam_step=False train_time:411264ms step_avg:548.35ms
step:750/1555 val_step:13/320 val_loss:3.8687 chunk_loss:0.0000 is_adam_step=True train_time:411264ms step_avg:548.35ms
step:750/1555 val_step:14/320 val_loss:3.8675 chunk_loss:0.0000 is_adam_step=False train_time:411264ms step_avg:548.35ms
step:750/1555 val_step:15/320 val_loss:3.8665 chunk_loss:0.0000 is_adam_step=True train_time:411264ms step_avg:548.35ms
step:750/1555 val_step:16/320 val_loss:3.8564 chunk_loss:0.0000 is_adam_step=False train_time:411264ms step_avg:548.35ms
step:750/1555 val_step:17/320 val_loss:3.8739 chunk_loss:0.0000 is_adam_step=True train_time:411264ms step_avg:548.35ms
step:750/1555 val_step:18/320 val_loss:3.8667 chunk_loss:0.0000 is_adam_step=False train_time:411264ms step_avg:548.35ms
step:750/1555 val_step:19/320 val_loss:3.8694 chunk_loss:0.0000 is_adam_step=True train_time:411264ms step_avg:548.35ms
step:750/1555 val_step:20/320 val_loss:3.8704 chunk_loss:0.0000 is_adam_step=False train_time:411264ms step_avg:548.35ms
step:750/1555 val_step:21/320 val_loss:3.8782 chunk_loss:0.0000 is_adam_step=True train_time:411264ms step_avg:548.35ms
step:750/1555 val_step:22/320 val_loss:3.8759 chunk_loss:0.0000 is_adam_step=False train_time:411264ms step_avg:548.35ms
step:750/1555 val_step:23/320 val_loss:3.8834 chunk_loss:0.0000 is_adam_step=True train_time:411264ms step_avg:548.35ms
step:750/1555 val_step:24/320 val_loss:3.8835 chunk_loss:0.0000 is_adam_step=False train_time:411264ms step_avg:548.35ms
step:750/1555 val_step:25/320 val_loss:3.8809 chunk_loss:0.0000 is_adam_step=True train_time:411264ms step_avg:548.35ms
step:750/1555 val_step:26/320 val_loss:3.8936 chunk_loss:0.0000 is_adam_step=False train_time:411264ms step_avg:548.35ms
step:750/1555 val_step:27/320 val_loss:3.9015 chunk_loss:0.0000 is_adam_step=True train_time:411264ms step_avg:548.35ms
step:750/1555 val_step:28/320 val_loss:3.8964 chunk_loss:0.0000 is_adam_step=False train_time:411264ms step_avg:548.35ms
step:750/1555 val_step:29/320 val_loss:3.8905 chunk_loss:0.0000 is_adam_step=True train_time:411264ms step_avg:548.35ms
step:750/1555 val_step:30/320 val_loss:3.8881 chunk_loss:0.0000 is_adam_step=False train_time:411264ms step_avg:548.35ms
step:750/1555 val_step:31/320 val_loss:3.8857 chunk_loss:0.0000 is_adam_step=True train_time:411264ms step_avg:548.35ms
step:750/1555 val_step:32/320 val_loss:3.8819 chunk_loss:0.0000 is_adam_step=False train_time:411264ms step_avg:548.35ms
step:750/1555 val_step:33/320 val_loss:3.8828 chunk_loss:0.0000 is_adam_step=True train_time:411264ms step_avg:548.35ms
step:750/1555 val_step:34/320 val_loss:3.8837 chunk_loss:0.0000 is_adam_step=False train_time:411264ms step_avg:548.35ms
step:750/1555 val_step:35/320 val_loss:3.8830 chunk_loss:0.0000 is_adam_step=True train_time:411264ms step_avg:548.35ms
step:750/1555 val_step:36/320 val_loss:3.8843 chunk_loss:0.0000 is_adam_step=False train_time:411264ms step_avg:548.35ms
step:750/1555 val_step:37/320 val_loss:3.8862 chunk_loss:0.0000 is_adam_step=True train_time:411264ms step_avg:548.35ms
step:750/1555 val_step:38/320 val_loss:3.8794 chunk_loss:0.0000 is_adam_step=False train_time:411264ms step_avg:548.35ms
step:750/1555 val_step:39/320 val_loss:3.8826 chunk_loss:0.0000 is_adam_step=True train_time:411264ms step_avg:548.35ms
step:750/1555 val_step:40/320 val_loss:3.8871 chunk_loss:0.0000 is_adam_step=False train_time:411264ms step_avg:548.35ms
step:750/1555 val_step:41/320 val_loss:3.8933 chunk_loss:0.0000 is_adam_step=True train_time:411264ms step_avg:548.35ms
step:750/1555 val_step:42/320 val_loss:3.8925 chunk_loss:0.0000 is_adam_step=False train_time:411264ms step_avg:548.35ms
step:750/1555 val_step:43/320 val_loss:3.8936 chunk_loss:0.0000 is_adam_step=True train_time:411264ms step_avg:548.35ms
step:750/1555 val_step:44/320 val_loss:3.8990 chunk_loss:0.0000 is_adam_step=False train_time:411264ms step_avg:548.35ms
step:750/1555 val_step:45/320 val_loss:3.8990 chunk_loss:0.0000 is_adam_step=True train_time:411264ms step_avg:548.35ms
step:750/1555 val_step:46/320 val_loss:3.8998 chunk_loss:0.0000 is_adam_step=False train_time:411264ms step_avg:548.35ms
step:750/1555 val_step:47/320 val_loss:3.9003 chunk_loss:0.0000 is_adam_step=True train_time:411264ms step_avg:548.35ms
step:750/1555 val_step:48/320 val_loss:3.8991 chunk_loss:0.0000 is_adam_step=False train_time:411264ms step_avg:548.35ms
step:750/1555 val_step:49/320 val_loss:3.8975 chunk_loss:0.0000 is_adam_step=True train_time:411264ms step_avg:548.35ms
step:750/1555 val_step:50/320 val_loss:3.8966 chunk_loss:0.0000 is_adam_step=False train_time:411264ms step_avg:548.35ms
step:750/1555 val_step:51/320 val_loss:3.8949 chunk_loss:0.0000 is_adam_step=True train_time:411264ms step_avg:548.35ms
step:750/1555 val_step:52/320 val_loss:3.8965 chunk_loss:0.0000 is_adam_step=False train_time:411264ms step_avg:548.35ms
step:750/1555 val_step:53/320 val_loss:3.8962 chunk_loss:0.0000 is_adam_step=True train_time:411264ms step_avg:548.35ms
step:750/1555 val_step:54/320 val_loss:3.8935 chunk_loss:0.0000 is_adam_step=False train_time:411264ms step_avg:548.35ms
step:750/1555 val_step:55/320 val_loss:3.8921 chunk_loss:0.0000 is_adam_step=True train_time:411264ms step_avg:548.35ms
step:750/1555 val_step:56/320 val_loss:3.8903 chunk_loss:0.0000 is_adam_step=False train_time:411264ms step_avg:548.35ms
step:750/1555 val_step:57/320 val_loss:3.8905 chunk_loss:0.0000 is_adam_step=True train_time:411264ms step_avg:548.35ms
step:750/1555 val_step:58/320 val_loss:3.8903 chunk_loss:0.0000 is_adam_step=False train_time:411264ms step_avg:548.35ms
step:750/1555 val_step:59/320 val_loss:3.8915 chunk_loss:0.0000 is_adam_step=True train_time:411264ms step_avg:548.35ms
step:750/1555 val_step:60/320 val_loss:3.8900 chunk_loss:0.0000 is_adam_step=False train_time:411264ms step_avg:548.35ms
step:750/1555 val_step:61/320 val_loss:3.8898 chunk_loss:0.0000 is_adam_step=True train_time:411264ms step_avg:548.35ms
step:750/1555 val_step:62/320 val_loss:3.8896 chunk_loss:0.0000 is_adam_step=False train_time:411264ms step_avg:548.35ms
step:750/1555 val_step:63/320 val_loss:3.8897 chunk_loss:0.0000 is_adam_step=True train_time:411264ms step_avg:548.35ms
step:750/1555 val_step:64/320 val_loss:3.8913 chunk_loss:0.0000 is_adam_step=False train_time:411264ms step_avg:548.35ms
step:750/1555 val_step:65/320 val_loss:3.8940 chunk_loss:0.0000 is_adam_step=True train_time:411264ms step_avg:548.35ms
step:750/1555 val_step:66/320 val_loss:3.8971 chunk_loss:0.0000 is_adam_step=False train_time:411264ms step_avg:548.35ms
step:750/1555 val_step:67/320 val_loss:3.8976 chunk_loss:0.0000 is_adam_step=True train_time:411264ms step_avg:548.35ms
step:750/1555 val_step:68/320 val_loss:3.8959 chunk_loss:0.0000 is_adam_step=False train_time:411264ms step_avg:548.35ms
step:750/1555 val_step:69/320 val_loss:3.8963 chunk_loss:0.0000 is_adam_step=True train_time:411264ms step_avg:548.35ms
step:750/1555 val_step:70/320 val_loss:3.8951 chunk_loss:0.0000 is_adam_step=False train_time:411264ms step_avg:548.35ms
step:750/1555 val_step:71/320 val_loss:3.8926 chunk_loss:0.0000 is_adam_step=True train_time:411264ms step_avg:548.35ms
step:750/1555 val_step:72/320 val_loss:3.8905 chunk_loss:0.0000 is_adam_step=False train_time:411264ms step_avg:548.35ms
step:750/1555 val_step:73/320 val_loss:3.8905 chunk_loss:0.0000 is_adam_step=True train_time:411264ms step_avg:548.35ms
step:750/1555 val_step:74/320 val_loss:3.8931 chunk_loss:0.0000 is_adam_step=False train_time:411264ms step_avg:548.35ms
step:750/1555 val_step:75/320 val_loss:3.8932 chunk_loss:0.0000 is_adam_step=True train_time:411264ms step_avg:548.35ms
step:750/1555 val_step:76/320 val_loss:3.8920 chunk_loss:0.0000 is_adam_step=False train_time:411264ms step_avg:548.35ms
step:750/1555 val_step:77/320 val_loss:3.8936 chunk_loss:0.0000 is_adam_step=True train_time:411264ms step_avg:548.35ms
step:750/1555 val_step:78/320 val_loss:3.8919 chunk_loss:0.0000 is_adam_step=False train_time:411264ms step_avg:548.35ms
step:750/1555 val_step:79/320 val_loss:3.8903 chunk_loss:0.0000 is_adam_step=True train_time:411264ms step_avg:548.35ms
step:750/1555 val_step:80/320 val_loss:3.8888 chunk_loss:0.0000 is_adam_step=False train_time:411264ms step_avg:548.35ms
step:750/1555 val_step:81/320 val_loss:3.8866 chunk_loss:0.0000 is_adam_step=True train_time:411264ms step_avg:548.35ms
step:750/1555 val_step:82/320 val_loss:3.8869 chunk_loss:0.0000 is_adam_step=False train_time:411264ms step_avg:548.35ms
step:750/1555 val_step:83/320 val_loss:3.8845 chunk_loss:0.0000 is_adam_step=True train_time:411264ms step_avg:548.35ms
step:750/1555 val_step:84/320 val_loss:3.8852 chunk_loss:0.0000 is_adam_step=False train_time:411264ms step_avg:548.35ms
step:750/1555 val_step:85/320 val_loss:3.8850 chunk_loss:0.0000 is_adam_step=True train_time:411264ms step_avg:548.35ms
step:750/1555 val_step:86/320 val_loss:3.8854 chunk_loss:0.0000 is_adam_step=False train_time:411264ms step_avg:548.35ms
step:750/1555 val_step:87/320 val_loss:3.8851 chunk_loss:0.0000 is_adam_step=True train_time:411264ms step_avg:548.35ms
step:750/1555 val_step:88/320 val_loss:3.8855 chunk_loss:0.0000 is_adam_step=False train_time:411264ms step_avg:548.35ms
step:750/1555 val_step:89/320 val_loss:3.8861 chunk_loss:0.0000 is_adam_step=True train_time:411264ms step_avg:548.35ms
step:750/1555 val_step:90/320 val_loss:3.8847 chunk_loss:0.0000 is_adam_step=False train_time:411264ms step_avg:548.35ms
step:750/1555 val_step:91/320 val_loss:3.8834 chunk_loss:0.0000 is_adam_step=True train_time:411264ms step_avg:548.35ms
step:750/1555 val_step:92/320 val_loss:3.8848 chunk_loss:0.0000 is_adam_step=False train_time:411264ms step_avg:548.35ms
step:750/1555 val_step:93/320 val_loss:3.8855 chunk_loss:0.0000 is_adam_step=True train_time:411264ms step_avg:548.35ms
step:750/1555 val_step:94/320 val_loss:3.8861 chunk_loss:0.0000 is_adam_step=False train_time:411264ms step_avg:548.35ms
step:750/1555 val_step:95/320 val_loss:3.8863 chunk_loss:0.0000 is_adam_step=True train_time:411264ms step_avg:548.35ms
step:750/1555 val_step:96/320 val_loss:3.8873 chunk_loss:0.0000 is_adam_step=False train_time:411264ms step_avg:548.35ms
step:750/1555 val_step:97/320 val_loss:3.8907 chunk_loss:0.0000 is_adam_step=True train_time:411264ms step_avg:548.35ms
step:750/1555 val_step:98/320 val_loss:3.8915 chunk_loss:0.0000 is_adam_step=False train_time:411264ms step_avg:548.35ms
step:750/1555 val_step:99/320 val_loss:3.8918 chunk_loss:0.0000 is_adam_step=True train_time:411264ms step_avg:548.35ms
step:750/1555 val_step:100/320 val_loss:3.8915 chunk_loss:0.0000 is_adam_step=False train_time:411264ms step_avg:548.35ms
step:750/1555 val_step:101/320 val_loss:3.8907 chunk_loss:0.0000 is_adam_step=True train_time:411264ms step_avg:548.35ms
step:750/1555 val_step:102/320 val_loss:3.8914 chunk_loss:0.0000 is_adam_step=False train_time:411264ms step_avg:548.35ms
step:750/1555 val_step:103/320 val_loss:3.8932 chunk_loss:0.0000 is_adam_step=True train_time:411264ms step_avg:548.35ms
step:750/1555 val_step:104/320 val_loss:3.8926 chunk_loss:0.0000 is_adam_step=False train_time:411264ms step_avg:548.35ms
step:750/1555 val_step:105/320 val_loss:3.8922 chunk_loss:0.0000 is_adam_step=True train_time:411264ms step_avg:548.35ms
step:750/1555 val_step:106/320 val_loss:3.8901 chunk_loss:0.0000 is_adam_step=False train_time:411264ms step_avg:548.35ms
step:750/1555 val_step:107/320 val_loss:3.8894 chunk_loss:0.0000 is_adam_step=True train_time:411264ms step_avg:548.35ms
step:750/1555 val_step:108/320 val_loss:3.8888 chunk_loss:0.0000 is_adam_step=False train_time:411264ms step_avg:548.35ms
step:750/1555 val_step:109/320 val_loss:3.8888 chunk_loss:0.0000 is_adam_step=True train_time:411264ms step_avg:548.35ms
step:750/1555 val_step:110/320 val_loss:3.8885 chunk_loss:0.0000 is_adam_step=False train_time:411264ms step_avg:548.35ms
step:750/1555 val_step:111/320 val_loss:3.8896 chunk_loss:0.0000 is_adam_step=True train_time:411264ms step_avg:548.35ms
step:750/1555 val_step:112/320 val_loss:3.8892 chunk_loss:0.0000 is_adam_step=False train_time:411264ms step_avg:548.35ms
step:750/1555 val_step:113/320 val_loss:3.8878 chunk_loss:0.0000 is_adam_step=True train_time:411264ms step_avg:548.35ms
step:750/1555 val_step:114/320 val_loss:3.8862 chunk_loss:0.0000 is_adam_step=False train_time:411264ms step_avg:548.35ms
step:750/1555 val_step:115/320 val_loss:3.8848 chunk_loss:0.0000 is_adam_step=True train_time:411264ms step_avg:548.35ms
step:750/1555 val_step:116/320 val_loss:3.8844 chunk_loss:0.0000 is_adam_step=False train_time:411264ms step_avg:548.35ms
step:750/1555 val_step:117/320 val_loss:3.8849 chunk_loss:0.0000 is_adam_step=True train_time:411264ms step_avg:548.35ms
step:750/1555 val_step:118/320 val_loss:3.8857 chunk_loss:0.0000 is_adam_step=False train_time:411264ms step_avg:548.35ms
step:750/1555 val_step:119/320 val_loss:3.8851 chunk_loss:0.0000 is_adam_step=True train_time:411264ms step_avg:548.35ms
step:750/1555 val_step:120/320 val_loss:3.8855 chunk_loss:0.0000 is_adam_step=False train_time:411264ms step_avg:548.35ms
step:750/1555 val_step:121/320 val_loss:3.8851 chunk_loss:0.0000 is_adam_step=True train_time:411264ms step_avg:548.35ms
step:750/1555 val_step:122/320 val_loss:3.8851 chunk_loss:0.0000 is_adam_step=False train_time:411264ms step_avg:548.35ms
step:750/1555 val_step:123/320 val_loss:3.8846 chunk_loss:0.0000 is_adam_step=True train_time:411264ms step_avg:548.35ms
step:750/1555 val_step:124/320 val_loss:3.8848 chunk_loss:0.0000 is_adam_step=False train_time:411264ms step_avg:548.35ms
step:750/1555 val_step:125/320 val_loss:3.8853 chunk_loss:0.0000 is_adam_step=True train_time:411264ms step_avg:548.35ms
step:750/1555 val_step:126/320 val_loss:3.8838 chunk_loss:0.0000 is_adam_step=False train_time:411264ms step_avg:548.35ms
step:750/1555 val_step:127/320 val_loss:3.8842 chunk_loss:0.0000 is_adam_step=True train_time:411264ms step_avg:548.35ms
step:750/1555 val_step:128/320 val_loss:3.8836 chunk_loss:0.0000 is_adam_step=False train_time:411264ms step_avg:548.35ms
step:750/1555 val_step:129/320 val_loss:3.8825 chunk_loss:0.0000 is_adam_step=True train_time:411264ms step_avg:548.35ms
step:750/1555 val_step:130/320 val_loss:3.8826 chunk_loss:0.0000 is_adam_step=False train_time:411264ms step_avg:548.35ms
step:750/1555 val_step:131/320 val_loss:3.8822 chunk_loss:0.0000 is_adam_step=True train_time:411264ms step_avg:548.35ms
step:750/1555 val_step:132/320 val_loss:3.8842 chunk_loss:0.0000 is_adam_step=False train_time:411264ms step_avg:548.35ms
step:750/1555 val_step:133/320 val_loss:3.8856 chunk_loss:0.0000 is_adam_step=True train_time:411264ms step_avg:548.35ms
step:750/1555 val_step:134/320 val_loss:3.8839 chunk_loss:0.0000 is_adam_step=False train_time:411264ms step_avg:548.35ms
step:750/1555 val_step:135/320 val_loss:3.8834 chunk_loss:0.0000 is_adam_step=True train_time:411264ms step_avg:548.35ms
step:750/1555 val_step:136/320 val_loss:3.8837 chunk_loss:0.0000 is_adam_step=False train_time:411264ms step_avg:548.35ms
step:750/1555 val_step:137/320 val_loss:3.8843 chunk_loss:0.0000 is_adam_step=True train_time:411264ms step_avg:548.35ms
step:750/1555 val_step:138/320 val_loss:3.8862 chunk_loss:0.0000 is_adam_step=False train_time:411264ms step_avg:548.35ms
step:750/1555 val_step:139/320 val_loss:3.8867 chunk_loss:0.0000 is_adam_step=True train_time:411264ms step_avg:548.35ms
step:750/1555 val_step:140/320 val_loss:3.8866 chunk_loss:0.0000 is_adam_step=False train_time:411264ms step_avg:548.35ms
step:750/1555 val_step:141/320 val_loss:3.8865 chunk_loss:0.0000 is_adam_step=True train_time:411264ms step_avg:548.35ms
step:750/1555 val_step:142/320 val_loss:3.8870 chunk_loss:0.0000 is_adam_step=False train_time:411264ms step_avg:548.35ms
step:750/1555 val_step:143/320 val_loss:3.8884 chunk_loss:0.0000 is_adam_step=True train_time:411264ms step_avg:548.35ms
step:750/1555 val_step:144/320 val_loss:3.8893 chunk_loss:0.0000 is_adam_step=False train_time:411264ms step_avg:548.35ms
step:750/1555 val_step:145/320 val_loss:3.8887 chunk_loss:0.0000 is_adam_step=True train_time:411264ms step_avg:548.35ms
step:750/1555 val_step:146/320 val_loss:3.8889 chunk_loss:0.0000 is_adam_step=False train_time:411264ms step_avg:548.35ms
step:750/1555 val_step:147/320 val_loss:3.8895 chunk_loss:0.0000 is_adam_step=True train_time:411264ms step_avg:548.35ms
step:750/1555 val_step:148/320 val_loss:3.8903 chunk_loss:0.0000 is_adam_step=False train_time:411264ms step_avg:548.35ms
step:750/1555 val_step:149/320 val_loss:3.8893 chunk_loss:0.0000 is_adam_step=True train_time:411264ms step_avg:548.35ms
step:750/1555 val_step:150/320 val_loss:3.8886 chunk_loss:0.0000 is_adam_step=False train_time:411264ms step_avg:548.35ms
step:750/1555 val_step:151/320 val_loss:3.8887 chunk_loss:0.0000 is_adam_step=True train_time:411264ms step_avg:548.35ms
step:750/1555 val_step:152/320 val_loss:3.8876 chunk_loss:0.0000 is_adam_step=False train_time:411264ms step_avg:548.35ms
step:750/1555 val_step:153/320 val_loss:3.8867 chunk_loss:0.0000 is_adam_step=True train_time:411264ms step_avg:548.35ms
step:750/1555 val_step:154/320 val_loss:3.8865 chunk_loss:0.0000 is_adam_step=False train_time:411264ms step_avg:548.35ms
step:750/1555 val_step:155/320 val_loss:3.8870 chunk_loss:0.0000 is_adam_step=True train_time:411264ms step_avg:548.35ms
step:750/1555 val_step:156/320 val_loss:3.8866 chunk_loss:0.0000 is_adam_step=False train_time:411264ms step_avg:548.35ms
step:750/1555 val_step:157/320 val_loss:3.8869 chunk_loss:0.0000 is_adam_step=True train_time:411264ms step_avg:548.35ms
step:750/1555 val_step:158/320 val_loss:3.8869 chunk_loss:0.0000 is_adam_step=False train_time:411264ms step_avg:548.35ms
step:750/1555 val_step:159/320 val_loss:3.8870 chunk_loss:0.0000 is_adam_step=True train_time:411264ms step_avg:548.35ms
step:750/1555 val_step:160/320 val_loss:3.8880 chunk_loss:0.0000 is_adam_step=False train_time:411264ms step_avg:548.35ms
step:750/1555 val_step:161/320 val_loss:3.8879 chunk_loss:0.0000 is_adam_step=True train_time:411264ms step_avg:548.35ms
step:750/1555 val_step:162/320 val_loss:3.8884 chunk_loss:0.0000 is_adam_step=False train_time:411264ms step_avg:548.35ms
step:750/1555 val_step:163/320 val_loss:3.8877 chunk_loss:0.0000 is_adam_step=True train_time:411264ms step_avg:548.35ms
step:750/1555 val_step:164/320 val_loss:3.8874 chunk_loss:0.0000 is_adam_step=False train_time:411264ms step_avg:548.35ms
step:750/1555 val_step:165/320 val_loss:3.8901 chunk_loss:0.0000 is_adam_step=True train_time:411264ms step_avg:548.35ms
step:750/1555 val_step:166/320 val_loss:3.8911 chunk_loss:0.0000 is_adam_step=False train_time:411264ms step_avg:548.35ms
step:750/1555 val_step:167/320 val_loss:3.8917 chunk_loss:0.0000 is_adam_step=True train_time:411264ms step_avg:548.35ms
step:750/1555 val_step:168/320 val_loss:3.8917 chunk_loss:0.0000 is_adam_step=False train_time:411264ms step_avg:548.35ms
step:750/1555 val_step:169/320 val_loss:3.8918 chunk_loss:0.0000 is_adam_step=True train_time:411264ms step_avg:548.35ms
step:750/1555 val_step:170/320 val_loss:3.8915 chunk_loss:0.0000 is_adam_step=False train_time:411264ms step_avg:548.35ms
step:750/1555 val_step:171/320 val_loss:3.8904 chunk_loss:0.0000 is_adam_step=True train_time:411264ms step_avg:548.35ms
step:750/1555 val_step:172/320 val_loss:3.8904 chunk_loss:0.0000 is_adam_step=False train_time:411264ms step_avg:548.35ms
step:750/1555 val_step:173/320 val_loss:3.8898 chunk_loss:0.0000 is_adam_step=True train_time:411264ms step_avg:548.35ms
step:750/1555 val_step:174/320 val_loss:3.8912 chunk_loss:0.0000 is_adam_step=False train_time:411264ms step_avg:548.35ms
step:750/1555 val_step:175/320 val_loss:3.8909 chunk_loss:0.0000 is_adam_step=True train_time:411264ms step_avg:548.35ms
step:750/1555 val_step:176/320 val_loss:3.8912 chunk_loss:0.0000 is_adam_step=False train_time:411264ms step_avg:548.35ms
step:750/1555 val_step:177/320 val_loss:3.8898 chunk_loss:0.0000 is_adam_step=True train_time:411264ms step_avg:548.35ms
step:750/1555 val_step:178/320 val_loss:3.8898 chunk_loss:0.0000 is_adam_step=False train_time:411264ms step_avg:548.35ms
step:750/1555 val_step:179/320 val_loss:3.8897 chunk_loss:0.0000 is_adam_step=True train_time:411264ms step_avg:548.35ms
step:750/1555 val_step:180/320 val_loss:3.8890 chunk_loss:0.0000 is_adam_step=False train_time:411264ms step_avg:548.35ms
step:750/1555 val_step:181/320 val_loss:3.8892 chunk_loss:0.0000 is_adam_step=True train_time:411264ms step_avg:548.35ms
step:750/1555 val_step:182/320 val_loss:3.8877 chunk_loss:0.0000 is_adam_step=False train_time:411264ms step_avg:548.35ms
step:750/1555 val_step:183/320 val_loss:3.8885 chunk_loss:0.0000 is_adam_step=True train_time:411264ms step_avg:548.35ms
step:750/1555 val_step:184/320 val_loss:3.8876 chunk_loss:0.0000 is_adam_step=False train_time:411264ms step_avg:548.35ms
step:750/1555 val_step:185/320 val_loss:3.8859 chunk_loss:0.0000 is_adam_step=True train_time:411264ms step_avg:548.35ms
step:750/1555 val_step:186/320 val_loss:3.8854 chunk_loss:0.0000 is_adam_step=False train_time:411264ms step_avg:548.35ms
step:750/1555 val_step:187/320 val_loss:3.8847 chunk_loss:0.0000 is_adam_step=True train_time:411264ms step_avg:548.35ms
step:750/1555 val_step:188/320 val_loss:3.8853 chunk_loss:0.0000 is_adam_step=False train_time:411264ms step_avg:548.35ms
step:750/1555 val_step:189/320 val_loss:3.8840 chunk_loss:0.0000 is_adam_step=True train_time:411264ms step_avg:548.35ms
step:750/1555 val_step:190/320 val_loss:3.8837 chunk_loss:0.0000 is_adam_step=False train_time:411264ms step_avg:548.35ms
step:750/1555 val_step:191/320 val_loss:3.8833 chunk_loss:0.0000 is_adam_step=True train_time:411264ms step_avg:548.35ms
step:750/1555 val_step:192/320 val_loss:3.8831 chunk_loss:0.0000 is_adam_step=False train_time:411264ms step_avg:548.35ms
step:750/1555 val_step:193/320 val_loss:3.8832 chunk_loss:0.0000 is_adam_step=True train_time:411264ms step_avg:548.35ms
step:750/1555 val_step:194/320 val_loss:3.8838 chunk_loss:0.0000 is_adam_step=False train_time:411264ms step_avg:548.35ms
step:750/1555 val_step:195/320 val_loss:3.8830 chunk_loss:0.0000 is_adam_step=True train_time:411264ms step_avg:548.35ms
step:750/1555 val_step:196/320 val_loss:3.8827 chunk_loss:0.0000 is_adam_step=False train_time:411264ms step_avg:548.35ms
step:750/1555 val_step:197/320 val_loss:3.8829 chunk_loss:0.0000 is_adam_step=True train_time:411264ms step_avg:548.35ms
step:750/1555 val_step:198/320 val_loss:3.8834 chunk_loss:0.0000 is_adam_step=False train_time:411264ms step_avg:548.35ms
step:750/1555 val_step:199/320 val_loss:3.8829 chunk_loss:0.0000 is_adam_step=True train_time:411264ms step_avg:548.35ms
step:750/1555 val_step:200/320 val_loss:3.8825 chunk_loss:0.0000 is_adam_step=False train_time:411264ms step_avg:548.35ms
step:750/1555 val_step:201/320 val_loss:3.8808 chunk_loss:0.0000 is_adam_step=True train_time:411264ms step_avg:548.35ms
step:750/1555 val_step:202/320 val_loss:3.8818 chunk_loss:0.0000 is_adam_step=False train_time:411264ms step_avg:548.35ms
step:750/1555 val_step:203/320 val_loss:3.8812 chunk_loss:0.0000 is_adam_step=True train_time:411264ms step_avg:548.35ms
step:750/1555 val_step:204/320 val_loss:3.8808 chunk_loss:0.0000 is_adam_step=False train_time:411264ms step_avg:548.35ms
step:750/1555 val_step:205/320 val_loss:3.8813 chunk_loss:0.0000 is_adam_step=True train_time:411264ms step_avg:548.35ms
step:750/1555 val_step:206/320 val_loss:3.8809 chunk_loss:0.0000 is_adam_step=False train_time:411264ms step_avg:548.35ms
step:750/1555 val_step:207/320 val_loss:3.8809 chunk_loss:0.0000 is_adam_step=True train_time:411264ms step_avg:548.35ms
step:750/1555 val_step:208/320 val_loss:3.8797 chunk_loss:0.0000 is_adam_step=False train_time:411264ms step_avg:548.35ms
step:750/1555 val_step:209/320 val_loss:3.8801 chunk_loss:0.0000 is_adam_step=True train_time:411264ms step_avg:548.35ms
step:750/1555 val_step:210/320 val_loss:3.8788 chunk_loss:0.0000 is_adam_step=False train_time:411264ms step_avg:548.35ms
step:750/1555 val_step:211/320 val_loss:3.8783 chunk_loss:0.0000 is_adam_step=True train_time:411264ms step_avg:548.35ms
step:750/1555 val_step:212/320 val_loss:3.8797 chunk_loss:0.0000 is_adam_step=False train_time:411264ms step_avg:548.35ms
step:750/1555 val_step:213/320 val_loss:3.8795 chunk_loss:0.0000 is_adam_step=True train_time:411264ms step_avg:548.35ms
step:750/1555 val_step:214/320 val_loss:3.8803 chunk_loss:0.0000 is_adam_step=False train_time:411264ms step_avg:548.35ms
step:750/1555 val_step:215/320 val_loss:3.8792 chunk_loss:0.0000 is_adam_step=True train_time:411264ms step_avg:548.35ms
step:750/1555 val_step:216/320 val_loss:3.8789 chunk_loss:0.0000 is_adam_step=False train_time:411264ms step_avg:548.35ms
step:750/1555 val_step:217/320 val_loss:3.8795 chunk_loss:0.0000 is_adam_step=True train_time:411264ms step_avg:548.35ms
step:750/1555 val_step:218/320 val_loss:3.8795 chunk_loss:0.0000 is_adam_step=False train_time:411264ms step_avg:548.35ms
step:750/1555 val_step:219/320 val_loss:3.8797 chunk_loss:0.0000 is_adam_step=True train_time:411264ms step_avg:548.35ms
step:750/1555 val_step:220/320 val_loss:3.8797 chunk_loss:0.0000 is_adam_step=False train_time:411264ms step_avg:548.35ms
step:750/1555 val_step:221/320 val_loss:3.8796 chunk_loss:0.0000 is_adam_step=True train_time:411264ms step_avg:548.35ms
step:750/1555 val_step:222/320 val_loss:3.8796 chunk_loss:0.0000 is_adam_step=False train_time:411264ms step_avg:548.35ms
step:750/1555 val_step:223/320 val_loss:3.8795 chunk_loss:0.0000 is_adam_step=True train_time:411264ms step_avg:548.35ms
step:750/1555 val_step:224/320 val_loss:3.8789 chunk_loss:0.0000 is_adam_step=False train_time:411264ms step_avg:548.35ms
step:750/1555 val_step:225/320 val_loss:3.8783 chunk_loss:0.0000 is_adam_step=True train_time:411264ms step_avg:548.35ms
step:750/1555 val_step:226/320 val_loss:3.8777 chunk_loss:0.0000 is_adam_step=False train_time:411264ms step_avg:548.35ms
step:750/1555 val_step:227/320 val_loss:3.8778 chunk_loss:0.0000 is_adam_step=True train_time:411264ms step_avg:548.35ms
step:750/1555 val_step:228/320 val_loss:3.8779 chunk_loss:0.0000 is_adam_step=False train_time:411264ms step_avg:548.35ms
step:750/1555 val_step:229/320 val_loss:3.8784 chunk_loss:0.0000 is_adam_step=True train_time:411264ms step_avg:548.35ms
step:750/1555 val_step:230/320 val_loss:3.8784 chunk_loss:0.0000 is_adam_step=False train_time:411264ms step_avg:548.35ms
step:750/1555 val_step:231/320 val_loss:3.8782 chunk_loss:0.0000 is_adam_step=True train_time:411264ms step_avg:548.35ms
step:750/1555 val_step:232/320 val_loss:3.8787 chunk_loss:0.0000 is_adam_step=False train_time:411264ms step_avg:548.35ms
step:750/1555 val_step:233/320 val_loss:3.8789 chunk_loss:0.0000 is_adam_step=True train_time:411264ms step_avg:548.35ms
step:750/1555 val_step:234/320 val_loss:3.8788 chunk_loss:0.0000 is_adam_step=False train_time:411264ms step_avg:548.35ms
step:750/1555 val_step:235/320 val_loss:3.8787 chunk_loss:0.0000 is_adam_step=True train_time:411264ms step_avg:548.35ms
step:750/1555 val_step:236/320 val_loss:3.8788 chunk_loss:0.0000 is_adam_step=False train_time:411264ms step_avg:548.35ms
step:750/1555 val_step:237/320 val_loss:3.8787 chunk_loss:0.0000 is_adam_step=True train_time:411264ms step_avg:548.35ms
step:750/1555 val_step:238/320 val_loss:3.8785 chunk_loss:0.0000 is_adam_step=False train_time:411264ms step_avg:548.35ms
step:750/1555 val_step:239/320 val_loss:3.8782 chunk_loss:0.0000 is_adam_step=True train_time:411264ms step_avg:548.35ms
step:750/1555 val_step:240/320 val_loss:3.8780 chunk_loss:0.0000 is_adam_step=False train_time:411264ms step_avg:548.35ms
step:750/1555 val_step:241/320 val_loss:3.8782 chunk_loss:0.0000 is_adam_step=True train_time:411264ms step_avg:548.35ms
step:750/1555 val_step:242/320 val_loss:3.8793 chunk_loss:0.0000 is_adam_step=False train_time:411264ms step_avg:548.35ms
step:750/1555 val_step:243/320 val_loss:3.8790 chunk_loss:0.0000 is_adam_step=True train_time:411264ms step_avg:548.35ms
step:750/1555 val_step:244/320 val_loss:3.8795 chunk_loss:0.0000 is_adam_step=False train_time:411264ms step_avg:548.35ms
step:750/1555 val_step:245/320 val_loss:3.8797 chunk_loss:0.0000 is_adam_step=True train_time:411264ms step_avg:548.35ms
step:750/1555 val_step:246/320 val_loss:3.8800 chunk_loss:0.0000 is_adam_step=False train_time:411264ms step_avg:548.35ms
step:750/1555 val_step:247/320 val_loss:3.8799 chunk_loss:0.0000 is_adam_step=True train_time:411264ms step_avg:548.35ms
step:750/1555 val_step:248/320 val_loss:3.8797 chunk_loss:0.0000 is_adam_step=False train_time:411264ms step_avg:548.35ms
step:750/1555 val_step:249/320 val_loss:3.8808 chunk_loss:0.0000 is_adam_step=True train_time:411264ms step_avg:548.35ms
step:750/1555 val_step:250/320 val_loss:3.8808 chunk_loss:0.0000 is_adam_step=False train_time:411264ms step_avg:548.35ms
step:750/1555 val_step:251/320 val_loss:3.8809 chunk_loss:0.0000 is_adam_step=True train_time:411264ms step_avg:548.35ms
step:750/1555 val_step:252/320 val_loss:3.8814 chunk_loss:0.0000 is_adam_step=False train_time:411264ms step_avg:548.35ms
step:750/1555 val_step:253/320 val_loss:3.8811 chunk_loss:0.0000 is_adam_step=True train_time:411264ms step_avg:548.35ms
step:750/1555 val_step:254/320 val_loss:3.8814 chunk_loss:0.0000 is_adam_step=False train_time:411264ms step_avg:548.35ms
step:750/1555 val_step:255/320 val_loss:3.8815 chunk_loss:0.0000 is_adam_step=True train_time:411264ms step_avg:548.35ms
step:750/1555 val_step:256/320 val_loss:3.8815 chunk_loss:0.0000 is_adam_step=False train_time:411264ms step_avg:548.35ms
step:750/1555 val_step:257/320 val_loss:3.8824 chunk_loss:0.0000 is_adam_step=True train_time:411264ms step_avg:548.35ms
step:750/1555 val_step:258/320 val_loss:3.8818 chunk_loss:0.0000 is_adam_step=False train_time:411264ms step_avg:548.35ms
step:750/1555 val_step:259/320 val_loss:3.8817 chunk_loss:0.0000 is_adam_step=True train_time:411264ms step_avg:548.35ms
step:750/1555 val_step:260/320 val_loss:3.8816 chunk_loss:0.0000 is_adam_step=False train_time:411264ms step_avg:548.35ms
step:750/1555 val_step:261/320 val_loss:3.8817 chunk_loss:0.0000 is_adam_step=True train_time:411264ms step_avg:548.35ms
step:750/1555 val_step:262/320 val_loss:3.8819 chunk_loss:0.0000 is_adam_step=False train_time:411264ms step_avg:548.35ms
step:750/1555 val_step:263/320 val_loss:3.8816 chunk_loss:0.0000 is_adam_step=True train_time:411264ms step_avg:548.35ms
step:750/1555 val_step:264/320 val_loss:3.8818 chunk_loss:0.0000 is_adam_step=False train_time:411264ms step_avg:548.35ms
step:750/1555 val_step:265/320 val_loss:3.8814 chunk_loss:0.0000 is_adam_step=True train_time:411264ms step_avg:548.35ms
step:750/1555 val_step:266/320 val_loss:3.8816 chunk_loss:0.0000 is_adam_step=False train_time:411264ms step_avg:548.35ms
step:750/1555 val_step:267/320 val_loss:3.8810 chunk_loss:0.0000 is_adam_step=True train_time:411264ms step_avg:548.35ms
step:750/1555 val_step:268/320 val_loss:3.8805 chunk_loss:0.0000 is_adam_step=False train_time:411264ms step_avg:548.35ms
step:750/1555 val_step:269/320 val_loss:3.8802 chunk_loss:0.0000 is_adam_step=True train_time:411264ms step_avg:548.35ms
step:750/1555 val_step:270/320 val_loss:3.8798 chunk_loss:0.0000 is_adam_step=False train_time:411264ms step_avg:548.35ms
step:750/1555 val_step:271/320 val_loss:3.8791 chunk_loss:0.0000 is_adam_step=True train_time:411264ms step_avg:548.35ms
step:750/1555 val_step:272/320 val_loss:3.8784 chunk_loss:0.0000 is_adam_step=False train_time:411264ms step_avg:548.35ms
step:750/1555 val_step:273/320 val_loss:3.8784 chunk_loss:0.0000 is_adam_step=True train_time:411264ms step_avg:548.35ms
step:750/1555 val_step:274/320 val_loss:3.8783 chunk_loss:0.0000 is_adam_step=False train_time:411264ms step_avg:548.35ms
step:750/1555 val_step:275/320 val_loss:3.8790 chunk_loss:0.0000 is_adam_step=True train_time:411264ms step_avg:548.35ms
step:750/1555 val_step:276/320 val_loss:3.8786 chunk_loss:0.0000 is_adam_step=False train_time:411264ms step_avg:548.35ms
step:750/1555 val_step:277/320 val_loss:3.8780 chunk_loss:0.0000 is_adam_step=True train_time:411264ms step_avg:548.35ms
step:750/1555 val_step:278/320 val_loss:3.8778 chunk_loss:0.0000 is_adam_step=False train_time:411264ms step_avg:548.35ms
step:750/1555 val_step:279/320 val_loss:3.8783 chunk_loss:0.0000 is_adam_step=True train_time:411264ms step_avg:548.35ms
step:750/1555 val_step:280/320 val_loss:3.8784 chunk_loss:0.0000 is_adam_step=False train_time:411264ms step_avg:548.35ms
step:750/1555 val_step:281/320 val_loss:3.8781 chunk_loss:0.0000 is_adam_step=True train_time:411264ms step_avg:548.35ms
step:750/1555 val_step:282/320 val_loss:3.8779 chunk_loss:0.0000 is_adam_step=False train_time:411264ms step_avg:548.35ms
step:750/1555 val_step:283/320 val_loss:3.8777 chunk_loss:0.0000 is_adam_step=True train_time:411264ms step_avg:548.35ms
step:750/1555 val_step:284/320 val_loss:3.8781 chunk_loss:0.0000 is_adam_step=False train_time:411264ms step_avg:548.35ms
step:750/1555 val_step:285/320 val_loss:3.8775 chunk_loss:0.0000 is_adam_step=True train_time:411264ms step_avg:548.35ms
step:750/1555 val_step:286/320 val_loss:3.8772 chunk_loss:0.0000 is_adam_step=False train_time:411264ms step_avg:548.35ms
step:750/1555 val_step:287/320 val_loss:3.8776 chunk_loss:0.0000 is_adam_step=True train_time:411264ms step_avg:548.35ms
step:750/1555 val_step:288/320 val_loss:3.8775 chunk_loss:0.0000 is_adam_step=False train_time:411264ms step_avg:548.35ms
step:750/1555 val_step:289/320 val_loss:3.8778 chunk_loss:0.0000 is_adam_step=True train_time:411264ms step_avg:548.35ms
step:750/1555 val_step:290/320 val_loss:3.8783 chunk_loss:0.0000 is_adam_step=False train_time:411264ms step_avg:548.35ms
step:750/1555 val_step:291/320 val_loss:3.8782 chunk_loss:0.0000 is_adam_step=True train_time:411264ms step_avg:548.35ms
step:750/1555 val_step:292/320 val_loss:3.8777 chunk_loss:0.0000 is_adam_step=False train_time:411264ms step_avg:548.35ms
step:750/1555 val_step:293/320 val_loss:3.8775 chunk_loss:0.0000 is_adam_step=True train_time:411264ms step_avg:548.35ms
step:750/1555 val_step:294/320 val_loss:3.8777 chunk_loss:0.0000 is_adam_step=False train_time:411264ms step_avg:548.35ms
step:750/1555 val_step:295/320 val_loss:3.8779 chunk_loss:0.0000 is_adam_step=True train_time:411264ms step_avg:548.35ms
step:750/1555 val_step:296/320 val_loss:3.8779 chunk_loss:0.0000 is_adam_step=False train_time:411264ms step_avg:548.35ms
step:750/1555 val_step:297/320 val_loss:3.8773 chunk_loss:0.0000 is_adam_step=True train_time:411264ms step_avg:548.35ms
step:750/1555 val_step:298/320 val_loss:3.8769 chunk_loss:0.0000 is_adam_step=False train_time:411264ms step_avg:548.35ms
step:750/1555 val_step:299/320 val_loss:3.8768 chunk_loss:0.0000 is_adam_step=True train_time:411264ms step_avg:548.35ms
step:750/1555 val_step:300/320 val_loss:3.8764 chunk_loss:0.0000 is_adam_step=False train_time:411264ms step_avg:548.35ms
step:750/1555 val_step:301/320 val_loss:3.8760 chunk_loss:0.0000 is_adam_step=True train_time:411264ms step_avg:548.35ms
step:750/1555 val_step:302/320 val_loss:3.8759 chunk_loss:0.0000 is_adam_step=False train_time:411264ms step_avg:548.35ms
step:750/1555 val_step:303/320 val_loss:3.8763 chunk_loss:0.0000 is_adam_step=True train_time:411264ms step_avg:548.35ms
step:750/1555 val_step:304/320 val_loss:3.8754 chunk_loss:0.0000 is_adam_step=False train_time:411264ms step_avg:548.35ms
step:750/1555 val_step:305/320 val_loss:3.8752 chunk_loss:0.0000 is_adam_step=True train_time:411264ms step_avg:548.35ms
step:750/1555 val_step:306/320 val_loss:3.8751 chunk_loss:0.0000 is_adam_step=False train_time:411264ms step_avg:548.35ms
step:750/1555 val_step:307/320 val_loss:3.8751 chunk_loss:0.0000 is_adam_step=True train_time:411264ms step_avg:548.35ms
step:750/1555 val_step:308/320 val_loss:3.8752 chunk_loss:0.0000 is_adam_step=False train_time:411264ms step_avg:548.35ms
step:750/1555 val_step:309/320 val_loss:3.8753 chunk_loss:0.0000 is_adam_step=True train_time:411264ms step_avg:548.35ms
step:750/1555 val_step:310/320 val_loss:3.8749 chunk_loss:0.0000 is_adam_step=False train_time:411264ms step_avg:548.35ms
step:750/1555 val_step:311/320 val_loss:3.8752 chunk_loss:0.0000 is_adam_step=True train_time:411264ms step_avg:548.35ms
step:750/1555 val_step:312/320 val_loss:3.8754 chunk_loss:0.0000 is_adam_step=False train_time:411264ms step_avg:548.35ms
step:750/1555 val_step:313/320 val_loss:3.8755 chunk_loss:0.0000 is_adam_step=True train_time:411264ms step_avg:548.35ms
step:750/1555 val_step:314/320 val_loss:3.8759 chunk_loss:0.0000 is_adam_step=False train_time:411264ms step_avg:548.35ms
step:750/1555 val_step:315/320 val_loss:3.8760 chunk_loss:0.0000 is_adam_step=True train_time:411264ms step_avg:548.35ms
step:750/1555 val_step:316/320 val_loss:3.8759 chunk_loss:0.0000 is_adam_step=False train_time:411264ms step_avg:548.35ms
step:750/1555 val_step:317/320 val_loss:3.8758 chunk_loss:0.0000 is_adam_step=True train_time:411264ms step_avg:548.35ms
step:750/1555 val_step:318/320 val_loss:3.8761 chunk_loss:0.0000 is_adam_step=False train_time:411264ms step_avg:548.35ms
step:750/1555 val_step:319/320 val_loss:3.8759 chunk_loss:0.0000 is_adam_step=True train_time:411264ms step_avg:548.35ms
step:750/1555 val_loss:3.8759 train_time:411264ms step_avg:548.35ms
step:751/1555 loss.item()=182673.4375 train_time:412003ms step_avg:548.61ms
step:752/1555 loss.item()=185776.40625 train_time:412788ms step_avg:548.92ms
step:753/1555 loss.item()=180243.453125 train_time:413559ms step_avg:549.22ms
step:754/1555 loss.item()=176906.25 train_time:414325ms step_avg:549.50ms
step:755/1555 loss.item()=189991.46875 train_time:415096ms step_avg:549.80ms
step:756/1555 loss.item()=178828.171875 train_time:415866ms step_avg:550.09ms
step:757/1555 loss.item()=178121.765625 train_time:416639ms step_avg:550.38ms
step:758/1555 loss.item()=174791.4375 train_time:417409ms step_avg:550.67ms
step:759/1555 loss.item()=176643.90625 train_time:418183ms step_avg:550.97ms
step:760/1555 loss.item()=182434.03125 train_time:418950ms step_avg:551.25ms
step:761/1555 loss.item()=177551.90625 train_time:419721ms step_avg:551.54ms
step:762/1555 loss.item()=176667.5625 train_time:420493ms step_avg:551.83ms
step:763/1555 loss.item()=183582.5625 train_time:421265ms step_avg:552.12ms
step:764/1555 loss.item()=175585.5 train_time:422038ms step_avg:552.41ms
step:765/1555 loss.item()=174970.3125 train_time:422815ms step_avg:552.70ms
step:766/1555 loss.item()=179721.84375 train_time:423583ms step_avg:552.98ms
step:767/1555 loss.item()=176924.546875 train_time:424356ms step_avg:553.27ms
step:768/1555 loss.item()=177484.25 train_time:425124ms step_avg:553.55ms
step:769/1555 loss.item()=176138.25 train_time:425893ms step_avg:553.83ms
step:770/1555 loss.item()=176559.875 train_time:426661ms step_avg:554.11ms
step:771/1555 loss.item()=175298.578125 train_time:427433ms step_avg:554.39ms
step:772/1555 loss.item()=177740.5 train_time:428202ms step_avg:554.67ms
step:773/1555 loss.item()=173779.265625 train_time:428982ms step_avg:554.96ms
step:774/1555 loss.item()=173958.484375 train_time:429751ms step_avg:555.23ms
step:775/1555 loss.item()=179069.484375 train_time:430523ms step_avg:555.51ms
step:776/1555 loss.item()=176761.25 train_time:431292ms step_avg:555.79ms
step:777/1555 loss.item()=176920.171875 train_time:432068ms step_avg:556.07ms
step:778/1555 loss.item()=173618.5 train_time:432837ms step_avg:556.35ms
step:779/1555 loss.item()=184089.15625 train_time:433619ms step_avg:556.64ms
step:780/1555 loss.item()=180025.0 train_time:434390ms step_avg:556.91ms
step:781/1555 loss.item()=173237.875 train_time:435161ms step_avg:557.18ms
step:782/1555 loss.item()=170379.390625 train_time:435932ms step_avg:557.46ms
step:783/1555 loss.item()=178757.90625 train_time:436706ms step_avg:557.73ms
step:784/1555 loss.item()=175957.03125 train_time:437479ms step_avg:558.01ms
step:785/1555 loss.item()=177069.21875 train_time:438246ms step_avg:558.28ms
step:786/1555 loss.item()=166869.390625 train_time:439020ms step_avg:558.55ms
step:787/1555 loss.item()=173546.078125 train_time:439793ms step_avg:558.82ms
step:788/1555 loss.item()=172475.59375 train_time:440566ms step_avg:559.09ms
step:789/1555 loss.item()=175734.609375 train_time:441335ms step_avg:559.36ms
step:790/1555 loss.item()=170126.1875 train_time:442102ms step_avg:559.62ms
step:791/1555 loss.item()=168487.28125 train_time:442878ms step_avg:559.90ms
step:792/1555 loss.item()=171540.9375 train_time:443646ms step_avg:560.16ms
step:793/1555 loss.item()=174886.71875 train_time:444417ms step_avg:560.43ms
step:794/1555 loss.item()=171639.96875 train_time:445188ms step_avg:560.69ms
step:795/1555 loss.item()=175974.28125 train_time:445959ms step_avg:560.95ms
step:796/1555 loss.item()=166546.78125 train_time:446731ms step_avg:561.22ms
step:797/1555 loss.item()=169385.078125 train_time:447507ms step_avg:561.49ms
step:798/1555 loss.item()=169497.59375 train_time:448280ms step_avg:561.75ms
step:799/1555 loss.item()=166957.59375 train_time:449048ms step_avg:562.01ms
step:800/1555 loss.item()=160039.21875 train_time:449819ms step_avg:562.27ms
step:801/1555 loss.item()=166729.53125 train_time:450592ms step_avg:562.54ms
step:802/1555 loss.item()=161534.75 train_time:451360ms step_avg:562.79ms
step:803/1555 loss.item()=166254.15625 train_time:452131ms step_avg:563.05ms
step:804/1555 loss.item()=169547.1875 train_time:452902ms step_avg:563.31ms
step:805/1555 loss.item()=163838.03125 train_time:453678ms step_avg:563.58ms
step:806/1555 loss.item()=166019.78125 train_time:454449ms step_avg:563.83ms
step:807/1555 loss.item()=167470.765625 train_time:455223ms step_avg:564.09ms
step:808/1555 loss.item()=164761.09375 train_time:455990ms step_avg:564.34ms
step:809/1555 loss.item()=170874.375 train_time:456762ms step_avg:564.60ms
step:810/1555 loss.item()=168334.09375 train_time:457536ms step_avg:564.86ms
step:811/1555 loss.item()=165817.5 train_time:458309ms step_avg:565.12ms
step:812/1555 loss.item()=165700.8125 train_time:459079ms step_avg:565.37ms
step:813/1555 loss.item()=171438.890625 train_time:459851ms step_avg:565.62ms
step:814/1555 loss.item()=162816.09375 train_time:460618ms step_avg:565.87ms
step:815/1555 loss.item()=166183.09375 train_time:461393ms step_avg:566.13ms
step:816/1555 loss.item()=166069.0625 train_time:462163ms step_avg:566.38ms
step:817/1555 loss.item()=162199.734375 train_time:462937ms step_avg:566.63ms
step:818/1555 loss.item()=168872.0625 train_time:463709ms step_avg:566.88ms
step:819/1555 loss.item()=169155.390625 train_time:464483ms step_avg:567.13ms
step:820/1555 loss.item()=163463.28125 train_time:465252ms step_avg:567.38ms
step:821/1555 loss.item()=168243.5625 train_time:466024ms step_avg:567.63ms
step:822/1555 loss.item()=174994.40625 train_time:466794ms step_avg:567.88ms
step:823/1555 loss.item()=162160.078125 train_time:467564ms step_avg:568.12ms
step:824/1555 loss.item()=163381.140625 train_time:468332ms step_avg:568.36ms
step:825/1555 loss.item()=166962.265625 train_time:469107ms step_avg:568.61ms
step:826/1555 loss.item()=159750.78125 train_time:469883ms step_avg:568.87ms
step:827/1555 loss.item()=160534.90625 train_time:470656ms step_avg:569.11ms
step:828/1555 loss.item()=164795.0625 train_time:471423ms step_avg:569.35ms
step:829/1555 loss.item()=165146.828125 train_time:472200ms step_avg:569.60ms
step:830/1555 loss.item()=163784.125 train_time:472976ms step_avg:569.85ms
step:831/1555 loss.item()=161748.40625 train_time:473747ms step_avg:570.09ms
step:832/1555 loss.item()=159206.21875 train_time:474511ms step_avg:570.33ms
step:833/1555 loss.item()=162933.359375 train_time:475277ms step_avg:570.56ms
step:834/1555 loss.item()=160673.625 train_time:476041ms step_avg:570.79ms
step:835/1555 loss.item()=160318.171875 train_time:476810ms step_avg:571.03ms
step:836/1555 loss.item()=160930.46875 train_time:477575ms step_avg:571.26ms
step:837/1555 loss.item()=157083.578125 train_time:478340ms step_avg:571.49ms
step:838/1555 loss.item()=161720.25 train_time:479109ms step_avg:571.73ms
step:839/1555 loss.item()=165289.546875 train_time:479875ms step_avg:571.96ms
step:840/1555 loss.item()=158338.75 train_time:480639ms step_avg:572.19ms
step:841/1555 loss.item()=156417.375 train_time:481405ms step_avg:572.42ms
step:842/1555 loss.item()=165897.765625 train_time:482173ms step_avg:572.65ms
step:843/1555 loss.item()=151565.890625 train_time:482938ms step_avg:572.88ms
step:844/1555 loss.item()=161193.953125 train_time:483701ms step_avg:573.11ms
step:845/1555 loss.item()=162790.0 train_time:484470ms step_avg:573.34ms
step:846/1555 loss.item()=160091.15625 train_time:485232ms step_avg:573.56ms
step:847/1555 loss.item()=155535.875 train_time:486001ms step_avg:573.79ms
step:848/1555 loss.item()=151111.6875 train_time:486768ms step_avg:574.02ms
step:849/1555 loss.item()=150580.59375 train_time:487531ms step_avg:574.24ms
step:850/1555 loss.item()=159378.875 train_time:488292ms step_avg:574.46ms
step:851/1555 loss.item()=155063.765625 train_time:489061ms step_avg:574.69ms
step:852/1555 loss.item()=153375.5625 train_time:489823ms step_avg:574.91ms
step:853/1555 loss.item()=162161.28125 train_time:490588ms step_avg:575.13ms
step:854/1555 loss.item()=154010.9375 train_time:491352ms step_avg:575.35ms
step:855/1555 loss.item()=156554.359375 train_time:492121ms step_avg:575.58ms
step:856/1555 loss.item()=160073.25 train_time:492884ms step_avg:575.80ms
step:857/1555 loss.item()=150736.03125 train_time:493647ms step_avg:576.02ms
step:858/1555 loss.item()=158279.09375 train_time:494413ms step_avg:576.24ms
step:859/1555 loss.item()=157810.75 train_time:495175ms step_avg:576.46ms
step:860/1555 loss.item()=152397.65625 train_time:495939ms step_avg:576.67ms
step:861/1555 loss.item()=152397.0625 train_time:496707ms step_avg:576.90ms
step:862/1555 loss.item()=151523.734375 train_time:497473ms step_avg:577.11ms
step:863/1555 loss.item()=148452.4375 train_time:498236ms step_avg:577.33ms
step:864/1555 loss.item()=148504.921875 train_time:499002ms step_avg:577.55ms
step:865/1555 loss.item()=154000.140625 train_time:499768ms step_avg:577.77ms
step:866/1555 loss.item()=151696.6875 train_time:500534ms step_avg:577.98ms
step:867/1555 loss.item()=154989.625 train_time:501298ms step_avg:578.20ms
step:868/1555 loss.item()=152901.453125 train_time:502062ms step_avg:578.41ms
step:869/1555 loss.item()=147954.25 train_time:503261ms step_avg:579.13ms
step:870/1555 loss.item()=155904.671875 train_time:504006ms step_avg:579.32ms
step:871/1555 loss.item()=155563.203125 train_time:504782ms step_avg:579.54ms
step:872/1555 loss.item()=152023.453125 train_time:505549ms step_avg:579.76ms
step:873/1555 loss.item()=158784.921875 train_time:506314ms step_avg:579.97ms
step:874/1555 loss.item()=153501.4375 train_time:507076ms step_avg:580.18ms
step:875/1555 loss.item()=154673.609375 train_time:507841ms step_avg:580.39ms
step:876/1555 loss.item()=151556.03125 train_time:508609ms step_avg:580.60ms
step:877/1555 loss.item()=160814.5 train_time:509371ms step_avg:580.81ms
step:878/1555 loss.item()=151957.984375 train_time:510133ms step_avg:581.02ms
step:879/1555 loss.item()=155937.515625 train_time:510897ms step_avg:581.23ms
step:880/1555 loss.item()=154212.4375 train_time:511660ms step_avg:581.43ms
step:881/1555 loss.item()=145998.84375 train_time:512425ms step_avg:581.64ms
step:882/1555 loss.item()=148413.296875 train_time:513188ms step_avg:581.85ms
step:883/1555 loss.item()=143982.15625 train_time:513955ms step_avg:582.06ms
step:884/1555 loss.item()=153738.421875 train_time:514722ms step_avg:582.26ms
step:885/1555 loss.item()=147475.21875 train_time:515487ms step_avg:582.47ms
step:886/1555 loss.item()=147515.515625 train_time:516248ms step_avg:582.67ms
step:887/1555 loss.item()=154586.90625 train_time:517021ms step_avg:582.89ms
step:888/1555 loss.item()=149265.78125 train_time:517786ms step_avg:583.09ms
step:889/1555 loss.item()=153331.65625 train_time:518551ms step_avg:583.30ms
step:890/1555 loss.item()=148996.34375 train_time:519312ms step_avg:583.50ms
step:891/1555 loss.item()=153401.625 train_time:520077ms step_avg:583.70ms
step:892/1555 loss.item()=150634.40625 train_time:520843ms step_avg:583.90ms
step:893/1555 loss.item()=148455.46875 train_time:521611ms step_avg:584.11ms
step:894/1555 loss.item()=140686.59375 train_time:522374ms step_avg:584.31ms
step:895/1555 loss.item()=144252.671875 train_time:523137ms step_avg:584.51ms
step:896/1555 loss.item()=147565.84375 train_time:523901ms step_avg:584.71ms
step:897/1555 loss.item()=149685.3125 train_time:524668ms step_avg:584.91ms
step:898/1555 loss.item()=143046.78125 train_time:525433ms step_avg:585.11ms
step:899/1555 loss.item()=143755.484375 train_time:526200ms step_avg:585.32ms
step:900/1555 loss.item()=144382.890625 train_time:526967ms step_avg:585.52ms
step:901/1555 loss.item()=141669.59375 train_time:527731ms step_avg:585.72ms
step:902/1555 loss.item()=146915.34375 train_time:528491ms step_avg:585.91ms
step:903/1555 loss.item()=143275.59375 train_time:529258ms step_avg:586.11ms
step:904/1555 loss.item()=144638.09375 train_time:530020ms step_avg:586.31ms
step:905/1555 loss.item()=150211.84375 train_time:530787ms step_avg:586.50ms
step:906/1555 loss.item()=139593.0 train_time:531549ms step_avg:586.70ms
step:907/1555 loss.item()=148006.359375 train_time:532317ms step_avg:586.90ms
step:908/1555 loss.item()=140699.625 train_time:533079ms step_avg:587.09ms
step:909/1555 loss.item()=139335.171875 train_time:533846ms step_avg:587.29ms
step:910/1555 loss.item()=141264.9375 train_time:534613ms step_avg:587.49ms
step:911/1555 loss.item()=142679.203125 train_time:535380ms step_avg:587.68ms
step:912/1555 loss.item()=139833.859375 train_time:536142ms step_avg:587.87ms
step:913/1555 loss.item()=142003.96875 train_time:536908ms step_avg:588.07ms
step:914/1555 loss.item()=136661.703125 train_time:537672ms step_avg:588.26ms
step:915/1555 loss.item()=139846.4375 train_time:538439ms step_avg:588.46ms
step:916/1555 loss.item()=143394.5625 train_time:539205ms step_avg:588.65ms
step:917/1555 loss.item()=139063.71875 train_time:539972ms step_avg:588.85ms
step:918/1555 loss.item()=149079.90625 train_time:540734ms step_avg:589.04ms
step:919/1555 loss.item()=145513.09375 train_time:541503ms step_avg:589.23ms
step:920/1555 loss.item()=137370.78125 train_time:542272ms step_avg:589.43ms
step:921/1555 loss.item()=137710.90625 train_time:543040ms step_avg:589.62ms
step:922/1555 loss.item()=137820.234375 train_time:543803ms step_avg:589.81ms
step:923/1555 loss.item()=140694.59375 train_time:544568ms step_avg:590.00ms
step:924/1555 loss.item()=144364.75 train_time:545332ms step_avg:590.19ms
step:925/1555 loss.item()=137491.75 train_time:546097ms step_avg:590.38ms
step:926/1555 loss.item()=138124.3125 train_time:546861ms step_avg:590.56ms
step:927/1555 loss.item()=140760.90625 train_time:547626ms step_avg:590.75ms
step:928/1555 loss.item()=134412.625 train_time:548386ms step_avg:590.93ms
step:929/1555 loss.item()=139664.578125 train_time:549149ms step_avg:591.12ms
step:930/1555 loss.item()=138749.65625 train_time:549913ms step_avg:591.30ms
step:931/1555 loss.item()=137286.484375 train_time:550679ms step_avg:591.49ms
step:932/1555 loss.item()=139042.8125 train_time:551440ms step_avg:591.67ms
step:933/1555 loss.item()=137744.09375 train_time:552208ms step_avg:591.86ms
step:934/1555 loss.item()=140242.9375 train_time:552977ms step_avg:592.05ms
step:935/1555 loss.item()=140077.3125 train_time:553742ms step_avg:592.24ms
step:936/1555 loss.item()=133448.203125 train_time:554511ms step_avg:592.43ms
step:937/1555 loss.item()=142780.984375 train_time:555277ms step_avg:592.61ms
step:938/1555 loss.item()=138362.78125 train_time:556039ms step_avg:592.79ms
step:939/1555 loss.item()=136370.796875 train_time:556811ms step_avg:592.98ms
step:940/1555 loss.item()=135428.0625 train_time:557574ms step_avg:593.16ms
step:941/1555 loss.item()=133362.578125 train_time:558338ms step_avg:593.35ms
step:942/1555 loss.item()=139289.375 train_time:559101ms step_avg:593.53ms
step:943/1555 loss.item()=134999.109375 train_time:559872ms step_avg:593.71ms
step:944/1555 loss.item()=135405.84375 train_time:560634ms step_avg:593.89ms
step:945/1555 loss.item()=137658.265625 train_time:561399ms step_avg:594.07ms
step:946/1555 loss.item()=135635.21875 train_time:562160ms step_avg:594.25ms
step:947/1555 loss.item()=135904.203125 train_time:562925ms step_avg:594.43ms
step:948/1555 loss.item()=131580.71875 train_time:563687ms step_avg:594.61ms
step:949/1555 loss.item()=135195.40625 train_time:564450ms step_avg:594.78ms
step:950/1555 loss.item()=133352.125 train_time:565216ms step_avg:594.96ms
step:951/1555 loss.item()=134347.03125 train_time:565977ms step_avg:595.14ms
step:952/1555 loss.item()=126544.0234375 train_time:566743ms step_avg:595.32ms
step:953/1555 loss.item()=135649.796875 train_time:567510ms step_avg:595.50ms
step:954/1555 loss.item()=130795.546875 train_time:568273ms step_avg:595.67ms
step:955/1555 loss.item()=132825.453125 train_time:569039ms step_avg:595.85ms
step:956/1555 loss.item()=133671.125 train_time:569806ms step_avg:596.03ms
step:957/1555 loss.item()=130164.0078125 train_time:570575ms step_avg:596.21ms
step:958/1555 loss.item()=124399.75 train_time:571341ms step_avg:596.39ms
step:959/1555 loss.item()=131684.421875 train_time:572108ms step_avg:596.57ms
step:960/1555 loss.item()=130038.828125 train_time:572874ms step_avg:596.74ms
step:961/1555 loss.item()=134066.34375 train_time:573640ms step_avg:596.92ms
step:962/1555 loss.item()=129806.15625 train_time:574407ms step_avg:597.10ms
step:963/1555 loss.item()=127580.8125 train_time:575171ms step_avg:597.27ms
step:964/1555 loss.item()=128292.25 train_time:575931ms step_avg:597.44ms
step:965/1555 loss.item()=127761.71875 train_time:576695ms step_avg:597.61ms
step:966/1555 loss.item()=129191.625 train_time:577457ms step_avg:597.78ms
step:967/1555 loss.item()=131457.734375 train_time:578221ms step_avg:597.95ms
step:968/1555 loss.item()=129643.34375 train_time:578983ms step_avg:598.12ms
step:969/1555 loss.item()=128222.8671875 train_time:579748ms step_avg:598.30ms
step:970/1555 loss.item()=130233.703125 train_time:580509ms step_avg:598.46ms
step:971/1555 loss.item()=130171.421875 train_time:581273ms step_avg:598.63ms
step:972/1555 loss.item()=126105.515625 train_time:582032ms step_avg:598.80ms
step:973/1555 loss.item()=131868.03125 train_time:582795ms step_avg:598.97ms
step:974/1555 loss.item()=130189.5546875 train_time:583556ms step_avg:599.13ms
step:975/1555 loss.item()=129856.8828125 train_time:584322ms step_avg:599.30ms
step:976/1555 loss.item()=130433.0078125 train_time:585084ms step_avg:599.47ms
step:977/1555 loss.item()=129851.4609375 train_time:585850ms step_avg:599.64ms
step:978/1555 loss.item()=126780.28125 train_time:586615ms step_avg:599.81ms
step:979/1555 loss.item()=128179.0546875 train_time:587376ms step_avg:599.98ms
step:980/1555 loss.item()=126878.9375 train_time:588141ms step_avg:600.14ms
step:981/1555 loss.item()=121271.46875 train_time:588912ms step_avg:600.32ms
step:982/1555 loss.item()=132533.0 train_time:589671ms step_avg:600.48ms
step:983/1555 loss.item()=119819.9140625 train_time:590433ms step_avg:600.64ms
step:984/1555 loss.item()=124031.1328125 train_time:591193ms step_avg:600.81ms
step:985/1555 loss.item()=130907.640625 train_time:591962ms step_avg:600.98ms
step:986/1555 loss.item()=120752.7421875 train_time:592723ms step_avg:601.14ms
step:987/1555 loss.item()=122227.78125 train_time:593488ms step_avg:601.30ms
step:988/1555 loss.item()=122126.0546875 train_time:594250ms step_avg:601.47ms
step:989/1555 loss.item()=127115.921875 train_time:595016ms step_avg:601.63ms
step:990/1555 loss.item()=121232.140625 train_time:595778ms step_avg:601.80ms
step:991/1555 loss.item()=122879.25 train_time:596542ms step_avg:601.96ms
step:992/1555 loss.item()=124493.09375 train_time:597309ms step_avg:602.13ms
step:993/1555 loss.item()=122613.8125 train_time:598070ms step_avg:602.29ms
step:994/1555 loss.item()=116272.6796875 train_time:598831ms step_avg:602.45ms
step:995/1555 loss.item()=122153.40625 train_time:599597ms step_avg:602.61ms
step:996/1555 loss.item()=122486.8125 train_time:600357ms step_avg:602.77ms
step:997/1555 loss.item()=121668.5 train_time:601123ms step_avg:602.93ms
step:998/1555 loss.item()=119988.8828125 train_time:601887ms step_avg:603.09ms
step:999/1555 loss.item()=119126.484375 train_time:602652ms step_avg:603.26ms
step:1000/1555 loss.item()=118370.96875 train_time:603413ms step_avg:603.41ms
step:1000/1555 starting test-time training...
step:1000/1555 val_step:0/320 val_loss:3.4920 chunk_loss:0.0000 is_adam_step=False train_time:603425ms step_avg:603.43ms
step:1000/1555 val_step:1/320 val_loss:3.5299 chunk_loss:0.0000 is_adam_step=True train_time:603425ms step_avg:603.43ms
step:1000/1555 val_step:2/320 val_loss:3.5708 chunk_loss:0.0000 is_adam_step=False train_time:603425ms step_avg:603.43ms
step:1000/1555 val_step:3/320 val_loss:3.5469 chunk_loss:0.0000 is_adam_step=True train_time:603425ms step_avg:603.43ms
step:1000/1555 val_step:4/320 val_loss:3.5711 chunk_loss:0.0000 is_adam_step=False train_time:603425ms step_avg:603.43ms
step:1000/1555 val_step:5/320 val_loss:3.5688 chunk_loss:0.0000 is_adam_step=True train_time:603425ms step_avg:603.43ms
step:1000/1555 val_step:6/320 val_loss:3.5052 chunk_loss:0.0000 is_adam_step=False train_time:603425ms step_avg:603.43ms
step:1000/1555 val_step:7/320 val_loss:3.5331 chunk_loss:0.0000 is_adam_step=True train_time:603425ms step_avg:603.43ms
step:1000/1555 val_step:8/320 val_loss:3.5413 chunk_loss:0.0000 is_adam_step=False train_time:603425ms step_avg:603.43ms
step:1000/1555 val_step:9/320 val_loss:3.5597 chunk_loss:0.0000 is_adam_step=True train_time:603425ms step_avg:603.43ms
step:1000/1555 val_step:10/320 val_loss:3.5636 chunk_loss:0.0000 is_adam_step=False train_time:603425ms step_avg:603.43ms
step:1000/1555 val_step:11/320 val_loss:3.5484 chunk_loss:0.0000 is_adam_step=True train_time:603425ms step_avg:603.43ms
step:1000/1555 val_step:12/320 val_loss:3.5569 chunk_loss:0.0000 is_adam_step=False train_time:603425ms step_avg:603.43ms
step:1000/1555 val_step:13/320 val_loss:3.5588 chunk_loss:0.0000 is_adam_step=True train_time:603425ms step_avg:603.43ms
step:1000/1555 val_step:14/320 val_loss:3.5576 chunk_loss:0.0000 is_adam_step=False train_time:603425ms step_avg:603.43ms
step:1000/1555 val_step:15/320 val_loss:3.5584 chunk_loss:0.0000 is_adam_step=True train_time:603425ms step_avg:603.43ms
step:1000/1555 val_step:16/320 val_loss:3.5484 chunk_loss:0.0000 is_adam_step=False train_time:603425ms step_avg:603.43ms
step:1000/1555 val_step:17/320 val_loss:3.5671 chunk_loss:0.0000 is_adam_step=True train_time:603425ms step_avg:603.43ms
step:1000/1555 val_step:18/320 val_loss:3.5596 chunk_loss:0.0000 is_adam_step=False train_time:603425ms step_avg:603.43ms
step:1000/1555 val_step:19/320 val_loss:3.5624 chunk_loss:0.0000 is_adam_step=True train_time:603425ms step_avg:603.43ms
step:1000/1555 val_step:20/320 val_loss:3.5626 chunk_loss:0.0000 is_adam_step=False train_time:603425ms step_avg:603.43ms
step:1000/1555 val_step:21/320 val_loss:3.5717 chunk_loss:0.0000 is_adam_step=True train_time:603425ms step_avg:603.43ms
step:1000/1555 val_step:22/320 val_loss:3.5699 chunk_loss:0.0000 is_adam_step=False train_time:603425ms step_avg:603.43ms
step:1000/1555 val_step:23/320 val_loss:3.5778 chunk_loss:0.0000 is_adam_step=True train_time:603425ms step_avg:603.43ms
step:1000/1555 val_step:24/320 val_loss:3.5781 chunk_loss:0.0000 is_adam_step=False train_time:603425ms step_avg:603.43ms
step:1000/1555 val_step:25/320 val_loss:3.5747 chunk_loss:0.0000 is_adam_step=True train_time:603425ms step_avg:603.43ms
step:1000/1555 val_step:26/320 val_loss:3.5876 chunk_loss:0.0000 is_adam_step=False train_time:603425ms step_avg:603.43ms
step:1000/1555 val_step:27/320 val_loss:3.5966 chunk_loss:0.0000 is_adam_step=True train_time:603425ms step_avg:603.43ms
step:1000/1555 val_step:28/320 val_loss:3.5918 chunk_loss:0.0000 is_adam_step=False train_time:603425ms step_avg:603.43ms
step:1000/1555 val_step:29/320 val_loss:3.5826 chunk_loss:0.0000 is_adam_step=True train_time:603425ms step_avg:603.43ms
step:1000/1555 val_step:30/320 val_loss:3.5809 chunk_loss:0.0000 is_adam_step=False train_time:603425ms step_avg:603.43ms
step:1000/1555 val_step:31/320 val_loss:3.5789 chunk_loss:0.0000 is_adam_step=True train_time:603425ms step_avg:603.43ms
step:1000/1555 val_step:32/320 val_loss:3.5756 chunk_loss:0.0000 is_adam_step=False train_time:603425ms step_avg:603.43ms
step:1000/1555 val_step:33/320 val_loss:3.5767 chunk_loss:0.0000 is_adam_step=True train_time:603425ms step_avg:603.43ms
step:1000/1555 val_step:34/320 val_loss:3.5781 chunk_loss:0.0000 is_adam_step=False train_time:603425ms step_avg:603.43ms
step:1000/1555 val_step:35/320 val_loss:3.5775 chunk_loss:0.0000 is_adam_step=True train_time:603425ms step_avg:603.43ms
step:1000/1555 val_step:36/320 val_loss:3.5789 chunk_loss:0.0000 is_adam_step=False train_time:603425ms step_avg:603.43ms
step:1000/1555 val_step:37/320 val_loss:3.5806 chunk_loss:0.0000 is_adam_step=True train_time:603425ms step_avg:603.43ms
step:1000/1555 val_step:38/320 val_loss:3.5737 chunk_loss:0.0000 is_adam_step=False train_time:603425ms step_avg:603.43ms
step:1000/1555 val_step:39/320 val_loss:3.5774 chunk_loss:0.0000 is_adam_step=True train_time:603425ms step_avg:603.43ms
step:1000/1555 val_step:40/320 val_loss:3.5822 chunk_loss:0.0000 is_adam_step=False train_time:603425ms step_avg:603.43ms
step:1000/1555 val_step:41/320 val_loss:3.5888 chunk_loss:0.0000 is_adam_step=True train_time:603425ms step_avg:603.43ms
step:1000/1555 val_step:42/320 val_loss:3.5881 chunk_loss:0.0000 is_adam_step=False train_time:603425ms step_avg:603.43ms
step:1000/1555 val_step:43/320 val_loss:3.5896 chunk_loss:0.0000 is_adam_step=True train_time:603425ms step_avg:603.43ms
step:1000/1555 val_step:44/320 val_loss:3.5955 chunk_loss:0.0000 is_adam_step=False train_time:603425ms step_avg:603.43ms
step:1000/1555 val_step:45/320 val_loss:3.5954 chunk_loss:0.0000 is_adam_step=True train_time:603425ms step_avg:603.43ms
step:1000/1555 val_step:46/320 val_loss:3.5960 chunk_loss:0.0000 is_adam_step=False train_time:603425ms step_avg:603.43ms
step:1000/1555 val_step:47/320 val_loss:3.5965 chunk_loss:0.0000 is_adam_step=True train_time:603425ms step_avg:603.43ms
step:1000/1555 val_step:48/320 val_loss:3.5948 chunk_loss:0.0000 is_adam_step=False train_time:603425ms step_avg:603.43ms
step:1000/1555 val_step:49/320 val_loss:3.5929 chunk_loss:0.0000 is_adam_step=True train_time:603425ms step_avg:603.43ms
step:1000/1555 val_step:50/320 val_loss:3.5920 chunk_loss:0.0000 is_adam_step=False train_time:603425ms step_avg:603.43ms
step:1000/1555 val_step:51/320 val_loss:3.5903 chunk_loss:0.0000 is_adam_step=True train_time:603425ms step_avg:603.43ms
step:1000/1555 val_step:52/320 val_loss:3.5917 chunk_loss:0.0000 is_adam_step=False train_time:603425ms step_avg:603.43ms
step:1000/1555 val_step:53/320 val_loss:3.5913 chunk_loss:0.0000 is_adam_step=True train_time:603425ms step_avg:603.43ms
step:1000/1555 val_step:54/320 val_loss:3.5882 chunk_loss:0.0000 is_adam_step=False train_time:603425ms step_avg:603.43ms
step:1000/1555 val_step:55/320 val_loss:3.5873 chunk_loss:0.0000 is_adam_step=True train_time:603425ms step_avg:603.43ms
step:1000/1555 val_step:56/320 val_loss:3.5855 chunk_loss:0.0000 is_adam_step=False train_time:603425ms step_avg:603.43ms
step:1000/1555 val_step:57/320 val_loss:3.5845 chunk_loss:0.0000 is_adam_step=True train_time:603425ms step_avg:603.43ms
step:1000/1555 val_step:58/320 val_loss:3.5844 chunk_loss:0.0000 is_adam_step=False train_time:603425ms step_avg:603.43ms
step:1000/1555 val_step:59/320 val_loss:3.5858 chunk_loss:0.0000 is_adam_step=True train_time:603425ms step_avg:603.43ms
step:1000/1555 val_step:60/320 val_loss:3.5842 chunk_loss:0.0000 is_adam_step=False train_time:603425ms step_avg:603.43ms
step:1000/1555 val_step:61/320 val_loss:3.5841 chunk_loss:0.0000 is_adam_step=True train_time:603425ms step_avg:603.43ms
step:1000/1555 val_step:62/320 val_loss:3.5840 chunk_loss:0.0000 is_adam_step=False train_time:603425ms step_avg:603.43ms
step:1000/1555 val_step:63/320 val_loss:3.5843 chunk_loss:0.0000 is_adam_step=True train_time:603425ms step_avg:603.43ms
step:1000/1555 val_step:64/320 val_loss:3.5864 chunk_loss:0.0000 is_adam_step=False train_time:603425ms step_avg:603.43ms
step:1000/1555 val_step:65/320 val_loss:3.5879 chunk_loss:0.0000 is_adam_step=True train_time:603425ms step_avg:603.43ms
step:1000/1555 val_step:66/320 val_loss:3.5912 chunk_loss:0.0000 is_adam_step=False train_time:603425ms step_avg:603.43ms
step:1000/1555 val_step:67/320 val_loss:3.5919 chunk_loss:0.0000 is_adam_step=True train_time:603425ms step_avg:603.43ms
step:1000/1555 val_step:68/320 val_loss:3.5903 chunk_loss:0.0000 is_adam_step=False train_time:603425ms step_avg:603.43ms
step:1000/1555 val_step:69/320 val_loss:3.5908 chunk_loss:0.0000 is_adam_step=True train_time:603425ms step_avg:603.43ms
step:1000/1555 val_step:70/320 val_loss:3.5896 chunk_loss:0.0000 is_adam_step=False train_time:603425ms step_avg:603.43ms
step:1000/1555 val_step:71/320 val_loss:3.5871 chunk_loss:0.0000 is_adam_step=True train_time:603425ms step_avg:603.43ms
step:1000/1555 val_step:72/320 val_loss:3.5849 chunk_loss:0.0000 is_adam_step=False train_time:603425ms step_avg:603.43ms
step:1000/1555 val_step:73/320 val_loss:3.5849 chunk_loss:0.0000 is_adam_step=True train_time:603425ms step_avg:603.43ms
step:1000/1555 val_step:74/320 val_loss:3.5877 chunk_loss:0.0000 is_adam_step=False train_time:603425ms step_avg:603.43ms
step:1000/1555 val_step:75/320 val_loss:3.5880 chunk_loss:0.0000 is_adam_step=True train_time:603425ms step_avg:603.43ms
step:1000/1555 val_step:76/320 val_loss:3.5869 chunk_loss:0.0000 is_adam_step=False train_time:603425ms step_avg:603.43ms
step:1000/1555 val_step:77/320 val_loss:3.5886 chunk_loss:0.0000 is_adam_step=True train_time:603425ms step_avg:603.43ms
step:1000/1555 val_step:78/320 val_loss:3.5868 chunk_loss:0.0000 is_adam_step=False train_time:603425ms step_avg:603.43ms
step:1000/1555 val_step:79/320 val_loss:3.5850 chunk_loss:0.0000 is_adam_step=True train_time:603425ms step_avg:603.43ms
step:1000/1555 val_step:80/320 val_loss:3.5837 chunk_loss:0.0000 is_adam_step=False train_time:603425ms step_avg:603.43ms
step:1000/1555 val_step:81/320 val_loss:3.5815 chunk_loss:0.0000 is_adam_step=True train_time:603425ms step_avg:603.43ms
step:1000/1555 val_step:82/320 val_loss:3.5820 chunk_loss:0.0000 is_adam_step=False train_time:603425ms step_avg:603.43ms
step:1000/1555 val_step:83/320 val_loss:3.5794 chunk_loss:0.0000 is_adam_step=True train_time:603425ms step_avg:603.43ms
step:1000/1555 val_step:84/320 val_loss:3.5801 chunk_loss:0.0000 is_adam_step=False train_time:603425ms step_avg:603.43ms
step:1000/1555 val_step:85/320 val_loss:3.5799 chunk_loss:0.0000 is_adam_step=True train_time:603425ms step_avg:603.43ms
step:1000/1555 val_step:86/320 val_loss:3.5801 chunk_loss:0.0000 is_adam_step=False train_time:603425ms step_avg:603.43ms
step:1000/1555 val_step:87/320 val_loss:3.5798 chunk_loss:0.0000 is_adam_step=True train_time:603425ms step_avg:603.43ms
step:1000/1555 val_step:88/320 val_loss:3.5800 chunk_loss:0.0000 is_adam_step=False train_time:603425ms step_avg:603.43ms
step:1000/1555 val_step:89/320 val_loss:3.5807 chunk_loss:0.0000 is_adam_step=True train_time:603425ms step_avg:603.43ms
step:1000/1555 val_step:90/320 val_loss:3.5794 chunk_loss:0.0000 is_adam_step=False train_time:603425ms step_avg:603.43ms
step:1000/1555 val_step:91/320 val_loss:3.5781 chunk_loss:0.0000 is_adam_step=True train_time:603425ms step_avg:603.43ms
step:1000/1555 val_step:92/320 val_loss:3.5795 chunk_loss:0.0000 is_adam_step=False train_time:603425ms step_avg:603.43ms
step:1000/1555 val_step:93/320 val_loss:3.5801 chunk_loss:0.0000 is_adam_step=True train_time:603425ms step_avg:603.43ms
step:1000/1555 val_step:94/320 val_loss:3.5809 chunk_loss:0.0000 is_adam_step=False train_time:603425ms step_avg:603.43ms
step:1000/1555 val_step:95/320 val_loss:3.5812 chunk_loss:0.0000 is_adam_step=True train_time:603425ms step_avg:603.43ms
step:1000/1555 val_step:96/320 val_loss:3.5824 chunk_loss:0.0000 is_adam_step=False train_time:603425ms step_avg:603.43ms
step:1000/1555 val_step:97/320 val_loss:3.5860 chunk_loss:0.0000 is_adam_step=True train_time:603425ms step_avg:603.43ms
step:1000/1555 val_step:98/320 val_loss:3.5866 chunk_loss:0.0000 is_adam_step=False train_time:603425ms step_avg:603.43ms
step:1000/1555 val_step:99/320 val_loss:3.5867 chunk_loss:0.0000 is_adam_step=True train_time:603425ms step_avg:603.43ms
step:1000/1555 val_step:100/320 val_loss:3.5865 chunk_loss:0.0000 is_adam_step=False train_time:603425ms step_avg:603.43ms
step:1000/1555 val_step:101/320 val_loss:3.5856 chunk_loss:0.0000 is_adam_step=True train_time:603425ms step_avg:603.43ms
step:1000/1555 val_step:102/320 val_loss:3.5865 chunk_loss:0.0000 is_adam_step=False train_time:603425ms step_avg:603.43ms
step:1000/1555 val_step:103/320 val_loss:3.5884 chunk_loss:0.0000 is_adam_step=True train_time:603425ms step_avg:603.43ms
step:1000/1555 val_step:104/320 val_loss:3.5881 chunk_loss:0.0000 is_adam_step=False train_time:603425ms step_avg:603.43ms
step:1000/1555 val_step:105/320 val_loss:3.5877 chunk_loss:0.0000 is_adam_step=True train_time:603425ms step_avg:603.43ms
step:1000/1555 val_step:106/320 val_loss:3.5856 chunk_loss:0.0000 is_adam_step=False train_time:603425ms step_avg:603.43ms
step:1000/1555 val_step:107/320 val_loss:3.5850 chunk_loss:0.0000 is_adam_step=True train_time:603425ms step_avg:603.43ms
step:1000/1555 val_step:108/320 val_loss:3.5843 chunk_loss:0.0000 is_adam_step=False train_time:603425ms step_avg:603.43ms
step:1000/1555 val_step:109/320 val_loss:3.5843 chunk_loss:0.0000 is_adam_step=True train_time:603425ms step_avg:603.43ms
step:1000/1555 val_step:110/320 val_loss:3.5841 chunk_loss:0.0000 is_adam_step=False train_time:603425ms step_avg:603.43ms
step:1000/1555 val_step:111/320 val_loss:3.5853 chunk_loss:0.0000 is_adam_step=True train_time:603425ms step_avg:603.43ms
step:1000/1555 val_step:112/320 val_loss:3.5849 chunk_loss:0.0000 is_adam_step=False train_time:603425ms step_avg:603.43ms
step:1000/1555 val_step:113/320 val_loss:3.5834 chunk_loss:0.0000 is_adam_step=True train_time:603425ms step_avg:603.43ms
step:1000/1555 val_step:114/320 val_loss:3.5819 chunk_loss:0.0000 is_adam_step=False train_time:603425ms step_avg:603.43ms
step:1000/1555 val_step:115/320 val_loss:3.5805 chunk_loss:0.0000 is_adam_step=True train_time:603425ms step_avg:603.43ms
step:1000/1555 val_step:116/320 val_loss:3.5802 chunk_loss:0.0000 is_adam_step=False train_time:603425ms step_avg:603.43ms
step:1000/1555 val_step:117/320 val_loss:3.5807 chunk_loss:0.0000 is_adam_step=True train_time:603425ms step_avg:603.43ms
step:1000/1555 val_step:118/320 val_loss:3.5814 chunk_loss:0.0000 is_adam_step=False train_time:603425ms step_avg:603.43ms
step:1000/1555 val_step:119/320 val_loss:3.5808 chunk_loss:0.0000 is_adam_step=True train_time:603425ms step_avg:603.43ms
step:1000/1555 val_step:120/320 val_loss:3.5813 chunk_loss:0.0000 is_adam_step=False train_time:603425ms step_avg:603.43ms
step:1000/1555 val_step:121/320 val_loss:3.5807 chunk_loss:0.0000 is_adam_step=True train_time:603425ms step_avg:603.43ms
step:1000/1555 val_step:122/320 val_loss:3.5807 chunk_loss:0.0000 is_adam_step=False train_time:603425ms step_avg:603.43ms
step:1000/1555 val_step:123/320 val_loss:3.5800 chunk_loss:0.0000 is_adam_step=True train_time:603425ms step_avg:603.43ms
step:1000/1555 val_step:124/320 val_loss:3.5802 chunk_loss:0.0000 is_adam_step=False train_time:603425ms step_avg:603.43ms
step:1000/1555 val_step:125/320 val_loss:3.5805 chunk_loss:0.0000 is_adam_step=True train_time:603425ms step_avg:603.43ms
step:1000/1555 val_step:126/320 val_loss:3.5790 chunk_loss:0.0000 is_adam_step=False train_time:603425ms step_avg:603.43ms
step:1000/1555 val_step:127/320 val_loss:3.5794 chunk_loss:0.0000 is_adam_step=True train_time:603425ms step_avg:603.43ms
step:1000/1555 val_step:128/320 val_loss:3.5788 chunk_loss:0.0000 is_adam_step=False train_time:603425ms step_avg:603.43ms
step:1000/1555 val_step:129/320 val_loss:3.5776 chunk_loss:0.0000 is_adam_step=True train_time:603425ms step_avg:603.43ms
step:1000/1555 val_step:130/320 val_loss:3.5779 chunk_loss:0.0000 is_adam_step=False train_time:603425ms step_avg:603.43ms
step:1000/1555 val_step:131/320 val_loss:3.5774 chunk_loss:0.0000 is_adam_step=True train_time:603425ms step_avg:603.43ms
step:1000/1555 val_step:132/320 val_loss:3.5793 chunk_loss:0.0000 is_adam_step=False train_time:603425ms step_avg:603.43ms
step:1000/1555 val_step:133/320 val_loss:3.5807 chunk_loss:0.0000 is_adam_step=True train_time:603425ms step_avg:603.43ms
step:1000/1555 val_step:134/320 val_loss:3.5789 chunk_loss:0.0000 is_adam_step=False train_time:603425ms step_avg:603.43ms
step:1000/1555 val_step:135/320 val_loss:3.5783 chunk_loss:0.0000 is_adam_step=True train_time:603425ms step_avg:603.43ms
step:1000/1555 val_step:136/320 val_loss:3.5787 chunk_loss:0.0000 is_adam_step=False train_time:603425ms step_avg:603.43ms
step:1000/1555 val_step:137/320 val_loss:3.5793 chunk_loss:0.0000 is_adam_step=True train_time:603425ms step_avg:603.43ms
step:1000/1555 val_step:138/320 val_loss:3.5812 chunk_loss:0.0000 is_adam_step=False train_time:603425ms step_avg:603.43ms
step:1000/1555 val_step:139/320 val_loss:3.5816 chunk_loss:0.0000 is_adam_step=True train_time:603425ms step_avg:603.43ms
step:1000/1555 val_step:140/320 val_loss:3.5817 chunk_loss:0.0000 is_adam_step=False train_time:603425ms step_avg:603.43ms
step:1000/1555 val_step:141/320 val_loss:3.5816 chunk_loss:0.0000 is_adam_step=True train_time:603425ms step_avg:603.43ms
step:1000/1555 val_step:142/320 val_loss:3.5821 chunk_loss:0.0000 is_adam_step=False train_time:603425ms step_avg:603.43ms
step:1000/1555 val_step:143/320 val_loss:3.5836 chunk_loss:0.0000 is_adam_step=True train_time:603425ms step_avg:603.43ms
step:1000/1555 val_step:144/320 val_loss:3.5845 chunk_loss:0.0000 is_adam_step=False train_time:603425ms step_avg:603.43ms
step:1000/1555 val_step:145/320 val_loss:3.5840 chunk_loss:0.0000 is_adam_step=True train_time:603425ms step_avg:603.43ms
step:1000/1555 val_step:146/320 val_loss:3.5842 chunk_loss:0.0000 is_adam_step=False train_time:603425ms step_avg:603.43ms
step:1000/1555 val_step:147/320 val_loss:3.5848 chunk_loss:0.0000 is_adam_step=True train_time:603425ms step_avg:603.43ms
step:1000/1555 val_step:148/320 val_loss:3.5858 chunk_loss:0.0000 is_adam_step=False train_time:603425ms step_avg:603.43ms
step:1000/1555 val_step:149/320 val_loss:3.5849 chunk_loss:0.0000 is_adam_step=True train_time:603425ms step_avg:603.43ms
step:1000/1555 val_step:150/320 val_loss:3.5843 chunk_loss:0.0000 is_adam_step=False train_time:603425ms step_avg:603.43ms
step:1000/1555 val_step:151/320 val_loss:3.5845 chunk_loss:0.0000 is_adam_step=True train_time:603425ms step_avg:603.43ms
step:1000/1555 val_step:152/320 val_loss:3.5835 chunk_loss:0.0000 is_adam_step=False train_time:603425ms step_avg:603.43ms
step:1000/1555 val_step:153/320 val_loss:3.5827 chunk_loss:0.0000 is_adam_step=True train_time:603425ms step_avg:603.43ms
step:1000/1555 val_step:154/320 val_loss:3.5825 chunk_loss:0.0000 is_adam_step=False train_time:603425ms step_avg:603.43ms
step:1000/1555 val_step:155/320 val_loss:3.5828 chunk_loss:0.0000 is_adam_step=True train_time:603425ms step_avg:603.43ms
step:1000/1555 val_step:156/320 val_loss:3.5826 chunk_loss:0.0000 is_adam_step=False train_time:603425ms step_avg:603.43ms
step:1000/1555 val_step:157/320 val_loss:3.5827 chunk_loss:0.0000 is_adam_step=True train_time:603425ms step_avg:603.43ms
step:1000/1555 val_step:158/320 val_loss:3.5828 chunk_loss:0.0000 is_adam_step=False train_time:603425ms step_avg:603.43ms
step:1000/1555 val_step:159/320 val_loss:3.5828 chunk_loss:0.0000 is_adam_step=True train_time:603425ms step_avg:603.43ms
step:1000/1555 val_step:160/320 val_loss:3.5838 chunk_loss:0.0000 is_adam_step=False train_time:603425ms step_avg:603.43ms
step:1000/1555 val_step:161/320 val_loss:3.5837 chunk_loss:0.0000 is_adam_step=True train_time:603425ms step_avg:603.43ms
step:1000/1555 val_step:162/320 val_loss:3.5842 chunk_loss:0.0000 is_adam_step=False train_time:603425ms step_avg:603.43ms
step:1000/1555 val_step:163/320 val_loss:3.5835 chunk_loss:0.0000 is_adam_step=True train_time:603425ms step_avg:603.43ms
step:1000/1555 val_step:164/320 val_loss:3.5834 chunk_loss:0.0000 is_adam_step=False train_time:603425ms step_avg:603.43ms
step:1000/1555 val_step:165/320 val_loss:3.5867 chunk_loss:0.0000 is_adam_step=True train_time:603425ms step_avg:603.43ms
step:1000/1555 val_step:166/320 val_loss:3.5878 chunk_loss:0.0000 is_adam_step=False train_time:603425ms step_avg:603.43ms
step:1000/1555 val_step:167/320 val_loss:3.5884 chunk_loss:0.0000 is_adam_step=True train_time:603425ms step_avg:603.43ms
step:1000/1555 val_step:168/320 val_loss:3.5882 chunk_loss:0.0000 is_adam_step=False train_time:603425ms step_avg:603.43ms
step:1000/1555 val_step:169/320 val_loss:3.5883 chunk_loss:0.0000 is_adam_step=True train_time:603425ms step_avg:603.43ms
step:1000/1555 val_step:170/320 val_loss:3.5880 chunk_loss:0.0000 is_adam_step=False train_time:603425ms step_avg:603.43ms
step:1000/1555 val_step:171/320 val_loss:3.5869 chunk_loss:0.0000 is_adam_step=True train_time:603425ms step_avg:603.43ms
step:1000/1555 val_step:172/320 val_loss:3.5868 chunk_loss:0.0000 is_adam_step=False train_time:603425ms step_avg:603.43ms
step:1000/1555 val_step:173/320 val_loss:3.5863 chunk_loss:0.0000 is_adam_step=True train_time:603425ms step_avg:603.43ms
step:1000/1555 val_step:174/320 val_loss:3.5876 chunk_loss:0.0000 is_adam_step=False train_time:603425ms step_avg:603.43ms
step:1000/1555 val_step:175/320 val_loss:3.5874 chunk_loss:0.0000 is_adam_step=True train_time:603425ms step_avg:603.43ms
step:1000/1555 val_step:176/320 val_loss:3.5877 chunk_loss:0.0000 is_adam_step=False train_time:603425ms step_avg:603.43ms
step:1000/1555 val_step:177/320 val_loss:3.5863 chunk_loss:0.0000 is_adam_step=True train_time:603425ms step_avg:603.43ms
step:1000/1555 val_step:178/320 val_loss:3.5862 chunk_loss:0.0000 is_adam_step=False train_time:603425ms step_avg:603.43ms
step:1000/1555 val_step:179/320 val_loss:3.5863 chunk_loss:0.0000 is_adam_step=True train_time:603425ms step_avg:603.43ms
step:1000/1555 val_step:180/320 val_loss:3.5856 chunk_loss:0.0000 is_adam_step=False train_time:603425ms step_avg:603.43ms
step:1000/1555 val_step:181/320 val_loss:3.5859 chunk_loss:0.0000 is_adam_step=True train_time:603425ms step_avg:603.43ms
step:1000/1555 val_step:182/320 val_loss:3.5844 chunk_loss:0.0000 is_adam_step=False train_time:603425ms step_avg:603.43ms
step:1000/1555 val_step:183/320 val_loss:3.5853 chunk_loss:0.0000 is_adam_step=True train_time:603425ms step_avg:603.43ms
step:1000/1555 val_step:184/320 val_loss:3.5842 chunk_loss:0.0000 is_adam_step=False train_time:603425ms step_avg:603.43ms
step:1000/1555 val_step:185/320 val_loss:3.5824 chunk_loss:0.0000 is_adam_step=True train_time:603425ms step_avg:603.43ms
step:1000/1555 val_step:186/320 val_loss:3.5819 chunk_loss:0.0000 is_adam_step=False train_time:603425ms step_avg:603.43ms
step:1000/1555 val_step:187/320 val_loss:3.5812 chunk_loss:0.0000 is_adam_step=True train_time:603425ms step_avg:603.43ms
step:1000/1555 val_step:188/320 val_loss:3.5818 chunk_loss:0.0000 is_adam_step=False train_time:603425ms step_avg:603.43ms
step:1000/1555 val_step:189/320 val_loss:3.5804 chunk_loss:0.0000 is_adam_step=True train_time:603425ms step_avg:603.43ms
step:1000/1555 val_step:190/320 val_loss:3.5802 chunk_loss:0.0000 is_adam_step=False train_time:603425ms step_avg:603.43ms
step:1000/1555 val_step:191/320 val_loss:3.5799 chunk_loss:0.0000 is_adam_step=True train_time:603425ms step_avg:603.43ms
step:1000/1555 val_step:192/320 val_loss:3.5796 chunk_loss:0.0000 is_adam_step=False train_time:603425ms step_avg:603.43ms
step:1000/1555 val_step:193/320 val_loss:3.5798 chunk_loss:0.0000 is_adam_step=True train_time:603425ms step_avg:603.43ms
step:1000/1555 val_step:194/320 val_loss:3.5804 chunk_loss:0.0000 is_adam_step=False train_time:603425ms step_avg:603.43ms
step:1000/1555 val_step:195/320 val_loss:3.5795 chunk_loss:0.0000 is_adam_step=True train_time:603425ms step_avg:603.43ms
step:1000/1555 val_step:196/320 val_loss:3.5792 chunk_loss:0.0000 is_adam_step=False train_time:603425ms step_avg:603.43ms
step:1000/1555 val_step:197/320 val_loss:3.5795 chunk_loss:0.0000 is_adam_step=True train_time:603425ms step_avg:603.43ms
step:1000/1555 val_step:198/320 val_loss:3.5799 chunk_loss:0.0000 is_adam_step=False train_time:603425ms step_avg:603.43ms
step:1000/1555 val_step:199/320 val_loss:3.5794 chunk_loss:0.0000 is_adam_step=True train_time:603425ms step_avg:603.43ms
step:1000/1555 val_step:200/320 val_loss:3.5790 chunk_loss:0.0000 is_adam_step=False train_time:603425ms step_avg:603.43ms
step:1000/1555 val_step:201/320 val_loss:3.5770 chunk_loss:0.0000 is_adam_step=True train_time:603425ms step_avg:603.43ms
step:1000/1555 val_step:202/320 val_loss:3.5782 chunk_loss:0.0000 is_adam_step=False train_time:603425ms step_avg:603.43ms
step:1000/1555 val_step:203/320 val_loss:3.5774 chunk_loss:0.0000 is_adam_step=True train_time:603425ms step_avg:603.43ms
step:1000/1555 val_step:204/320 val_loss:3.5769 chunk_loss:0.0000 is_adam_step=False train_time:603425ms step_avg:603.43ms
step:1000/1555 val_step:205/320 val_loss:3.5774 chunk_loss:0.0000 is_adam_step=True train_time:603425ms step_avg:603.43ms
step:1000/1555 val_step:206/320 val_loss:3.5770 chunk_loss:0.0000 is_adam_step=False train_time:603425ms step_avg:603.43ms
step:1000/1555 val_step:207/320 val_loss:3.5770 chunk_loss:0.0000 is_adam_step=True train_time:603425ms step_avg:603.43ms
step:1000/1555 val_step:208/320 val_loss:3.5758 chunk_loss:0.0000 is_adam_step=False train_time:603425ms step_avg:603.43ms
step:1000/1555 val_step:209/320 val_loss:3.5763 chunk_loss:0.0000 is_adam_step=True train_time:603425ms step_avg:603.43ms
step:1000/1555 val_step:210/320 val_loss:3.5750 chunk_loss:0.0000 is_adam_step=False train_time:603425ms step_avg:603.43ms
step:1000/1555 val_step:211/320 val_loss:3.5744 chunk_loss:0.0000 is_adam_step=True train_time:603425ms step_avg:603.43ms
step:1000/1555 val_step:212/320 val_loss:3.5760 chunk_loss:0.0000 is_adam_step=False train_time:603425ms step_avg:603.43ms
step:1000/1555 val_step:213/320 val_loss:3.5758 chunk_loss:0.0000 is_adam_step=True train_time:603425ms step_avg:603.43ms
step:1000/1555 val_step:214/320 val_loss:3.5766 chunk_loss:0.0000 is_adam_step=False train_time:603425ms step_avg:603.43ms
step:1000/1555 val_step:215/320 val_loss:3.5755 chunk_loss:0.0000 is_adam_step=True train_time:603425ms step_avg:603.43ms
step:1000/1555 val_step:216/320 val_loss:3.5753 chunk_loss:0.0000 is_adam_step=False train_time:603425ms step_avg:603.43ms
step:1000/1555 val_step:217/320 val_loss:3.5759 chunk_loss:0.0000 is_adam_step=True train_time:603425ms step_avg:603.43ms
step:1000/1555 val_step:218/320 val_loss:3.5759 chunk_loss:0.0000 is_adam_step=False train_time:603425ms step_avg:603.43ms
step:1000/1555 val_step:219/320 val_loss:3.5762 chunk_loss:0.0000 is_adam_step=True train_time:603425ms step_avg:603.43ms
step:1000/1555 val_step:220/320 val_loss:3.5761 chunk_loss:0.0000 is_adam_step=False train_time:603425ms step_avg:603.43ms
step:1000/1555 val_step:221/320 val_loss:3.5760 chunk_loss:0.0000 is_adam_step=True train_time:603425ms step_avg:603.43ms
step:1000/1555 val_step:222/320 val_loss:3.5760 chunk_loss:0.0000 is_adam_step=False train_time:603425ms step_avg:603.43ms
step:1000/1555 val_step:223/320 val_loss:3.5759 chunk_loss:0.0000 is_adam_step=True train_time:603425ms step_avg:603.43ms
step:1000/1555 val_step:224/320 val_loss:3.5752 chunk_loss:0.0000 is_adam_step=False train_time:603425ms step_avg:603.43ms
step:1000/1555 val_step:225/320 val_loss:3.5745 chunk_loss:0.0000 is_adam_step=True train_time:603425ms step_avg:603.43ms
step:1000/1555 val_step:226/320 val_loss:3.5740 chunk_loss:0.0000 is_adam_step=False train_time:603425ms step_avg:603.43ms
step:1000/1555 val_step:227/320 val_loss:3.5742 chunk_loss:0.0000 is_adam_step=True train_time:603425ms step_avg:603.43ms
step:1000/1555 val_step:228/320 val_loss:3.5743 chunk_loss:0.0000 is_adam_step=False train_time:603425ms step_avg:603.43ms
step:1000/1555 val_step:229/320 val_loss:3.5748 chunk_loss:0.0000 is_adam_step=True train_time:603425ms step_avg:603.43ms
step:1000/1555 val_step:230/320 val_loss:3.5749 chunk_loss:0.0000 is_adam_step=False train_time:603425ms step_avg:603.43ms
step:1000/1555 val_step:231/320 val_loss:3.5746 chunk_loss:0.0000 is_adam_step=True train_time:603425ms step_avg:603.43ms
step:1000/1555 val_step:232/320 val_loss:3.5750 chunk_loss:0.0000 is_adam_step=False train_time:603425ms step_avg:603.43ms
step:1000/1555 val_step:233/320 val_loss:3.5754 chunk_loss:0.0000 is_adam_step=True train_time:603425ms step_avg:603.43ms
step:1000/1555 val_step:234/320 val_loss:3.5752 chunk_loss:0.0000 is_adam_step=False train_time:603425ms step_avg:603.43ms
step:1000/1555 val_step:235/320 val_loss:3.5751 chunk_loss:0.0000 is_adam_step=True train_time:603425ms step_avg:603.43ms
step:1000/1555 val_step:236/320 val_loss:3.5752 chunk_loss:0.0000 is_adam_step=False train_time:603425ms step_avg:603.43ms
step:1000/1555 val_step:237/320 val_loss:3.5751 chunk_loss:0.0000 is_adam_step=True train_time:603425ms step_avg:603.43ms
step:1000/1555 val_step:238/320 val_loss:3.5749 chunk_loss:0.0000 is_adam_step=False train_time:603425ms step_avg:603.43ms
step:1000/1555 val_step:239/320 val_loss:3.5746 chunk_loss:0.0000 is_adam_step=True train_time:603425ms step_avg:603.43ms
step:1000/1555 val_step:240/320 val_loss:3.5744 chunk_loss:0.0000 is_adam_step=False train_time:603425ms step_avg:603.43ms
step:1000/1555 val_step:241/320 val_loss:3.5745 chunk_loss:0.0000 is_adam_step=True train_time:603425ms step_avg:603.43ms
step:1000/1555 val_step:242/320 val_loss:3.5756 chunk_loss:0.0000 is_adam_step=False train_time:603425ms step_avg:603.43ms
step:1000/1555 val_step:243/320 val_loss:3.5754 chunk_loss:0.0000 is_adam_step=True train_time:603425ms step_avg:603.43ms
step:1000/1555 val_step:244/320 val_loss:3.5759 chunk_loss:0.0000 is_adam_step=False train_time:603425ms step_avg:603.43ms
step:1000/1555 val_step:245/320 val_loss:3.5761 chunk_loss:0.0000 is_adam_step=True train_time:603425ms step_avg:603.43ms
step:1000/1555 val_step:246/320 val_loss:3.5765 chunk_loss:0.0000 is_adam_step=False train_time:603425ms step_avg:603.43ms
step:1000/1555 val_step:247/320 val_loss:3.5764 chunk_loss:0.0000 is_adam_step=True train_time:603425ms step_avg:603.43ms
step:1000/1555 val_step:248/320 val_loss:3.5763 chunk_loss:0.0000 is_adam_step=False train_time:603425ms step_avg:603.43ms
step:1000/1555 val_step:249/320 val_loss:3.5775 chunk_loss:0.0000 is_adam_step=True train_time:603425ms step_avg:603.43ms
step:1000/1555 val_step:250/320 val_loss:3.5775 chunk_loss:0.0000 is_adam_step=False train_time:603425ms step_avg:603.43ms
step:1000/1555 val_step:251/320 val_loss:3.5776 chunk_loss:0.0000 is_adam_step=True train_time:603425ms step_avg:603.43ms
step:1000/1555 val_step:252/320 val_loss:3.5780 chunk_loss:0.0000 is_adam_step=False train_time:603425ms step_avg:603.43ms
step:1000/1555 val_step:253/320 val_loss:3.5778 chunk_loss:0.0000 is_adam_step=True train_time:603425ms step_avg:603.43ms
step:1000/1555 val_step:254/320 val_loss:3.5781 chunk_loss:0.0000 is_adam_step=False train_time:603425ms step_avg:603.43ms
step:1000/1555 val_step:255/320 val_loss:3.5782 chunk_loss:0.0000 is_adam_step=True train_time:603425ms step_avg:603.43ms
step:1000/1555 val_step:256/320 val_loss:3.5782 chunk_loss:0.0000 is_adam_step=False train_time:603425ms step_avg:603.43ms
step:1000/1555 val_step:257/320 val_loss:3.5791 chunk_loss:0.0000 is_adam_step=True train_time:603425ms step_avg:603.43ms
step:1000/1555 val_step:258/320 val_loss:3.5785 chunk_loss:0.0000 is_adam_step=False train_time:603425ms step_avg:603.43ms
step:1000/1555 val_step:259/320 val_loss:3.5785 chunk_loss:0.0000 is_adam_step=True train_time:603425ms step_avg:603.43ms
step:1000/1555 val_step:260/320 val_loss:3.5783 chunk_loss:0.0000 is_adam_step=False train_time:603425ms step_avg:603.43ms
step:1000/1555 val_step:261/320 val_loss:3.5784 chunk_loss:0.0000 is_adam_step=True train_time:603425ms step_avg:603.43ms
step:1000/1555 val_step:262/320 val_loss:3.5786 chunk_loss:0.0000 is_adam_step=False train_time:603425ms step_avg:603.43ms
step:1000/1555 val_step:263/320 val_loss:3.5782 chunk_loss:0.0000 is_adam_step=True train_time:603425ms step_avg:603.43ms
step:1000/1555 val_step:264/320 val_loss:3.5785 chunk_loss:0.0000 is_adam_step=False train_time:603425ms step_avg:603.43ms
step:1000/1555 val_step:265/320 val_loss:3.5780 chunk_loss:0.0000 is_adam_step=True train_time:603425ms step_avg:603.43ms
step:1000/1555 val_step:266/320 val_loss:3.5782 chunk_loss:0.0000 is_adam_step=False train_time:603425ms step_avg:603.43ms
step:1000/1555 val_step:267/320 val_loss:3.5776 chunk_loss:0.0000 is_adam_step=True train_time:603425ms step_avg:603.43ms
step:1000/1555 val_step:268/320 val_loss:3.5771 chunk_loss:0.0000 is_adam_step=False train_time:603425ms step_avg:603.43ms
step:1000/1555 val_step:269/320 val_loss:3.5768 chunk_loss:0.0000 is_adam_step=True train_time:603425ms step_avg:603.43ms
step:1000/1555 val_step:270/320 val_loss:3.5764 chunk_loss:0.0000 is_adam_step=False train_time:603425ms step_avg:603.43ms
step:1000/1555 val_step:271/320 val_loss:3.5756 chunk_loss:0.0000 is_adam_step=True train_time:603425ms step_avg:603.43ms
step:1000/1555 val_step:272/320 val_loss:3.5748 chunk_loss:0.0000 is_adam_step=False train_time:603425ms step_avg:603.43ms
step:1000/1555 val_step:273/320 val_loss:3.5748 chunk_loss:0.0000 is_adam_step=True train_time:603425ms step_avg:603.43ms
step:1000/1555 val_step:274/320 val_loss:3.5748 chunk_loss:0.0000 is_adam_step=False train_time:603425ms step_avg:603.43ms
step:1000/1555 val_step:275/320 val_loss:3.5754 chunk_loss:0.0000 is_adam_step=True train_time:603425ms step_avg:603.43ms
step:1000/1555 val_step:276/320 val_loss:3.5750 chunk_loss:0.0000 is_adam_step=False train_time:603425ms step_avg:603.43ms
step:1000/1555 val_step:277/320 val_loss:3.5743 chunk_loss:0.0000 is_adam_step=True train_time:603425ms step_avg:603.43ms
step:1000/1555 val_step:278/320 val_loss:3.5741 chunk_loss:0.0000 is_adam_step=False train_time:603425ms step_avg:603.43ms
step:1000/1555 val_step:279/320 val_loss:3.5747 chunk_loss:0.0000 is_adam_step=True train_time:603425ms step_avg:603.43ms
step:1000/1555 val_step:280/320 val_loss:3.5747 chunk_loss:0.0000 is_adam_step=False train_time:603425ms step_avg:603.43ms
step:1000/1555 val_step:281/320 val_loss:3.5744 chunk_loss:0.0000 is_adam_step=True train_time:603425ms step_avg:603.43ms
step:1000/1555 val_step:282/320 val_loss:3.5742 chunk_loss:0.0000 is_adam_step=False train_time:603425ms step_avg:603.43ms
step:1000/1555 val_step:283/320 val_loss:3.5739 chunk_loss:0.0000 is_adam_step=True train_time:603425ms step_avg:603.43ms
step:1000/1555 val_step:284/320 val_loss:3.5743 chunk_loss:0.0000 is_adam_step=False train_time:603425ms step_avg:603.43ms
step:1000/1555 val_step:285/320 val_loss:3.5737 chunk_loss:0.0000 is_adam_step=True train_time:603425ms step_avg:603.43ms
step:1000/1555 val_step:286/320 val_loss:3.5734 chunk_loss:0.0000 is_adam_step=False train_time:603425ms step_avg:603.43ms
step:1000/1555 val_step:287/320 val_loss:3.5737 chunk_loss:0.0000 is_adam_step=True train_time:603425ms step_avg:603.43ms
step:1000/1555 val_step:288/320 val_loss:3.5736 chunk_loss:0.0000 is_adam_step=False train_time:603425ms step_avg:603.43ms
step:1000/1555 val_step:289/320 val_loss:3.5740 chunk_loss:0.0000 is_adam_step=True train_time:603425ms step_avg:603.43ms
step:1000/1555 val_step:290/320 val_loss:3.5744 chunk_loss:0.0000 is_adam_step=False train_time:603425ms step_avg:603.43ms
step:1000/1555 val_step:291/320 val_loss:3.5744 chunk_loss:0.0000 is_adam_step=True train_time:603425ms step_avg:603.43ms
step:1000/1555 val_step:292/320 val_loss:3.5738 chunk_loss:0.0000 is_adam_step=False train_time:603425ms step_avg:603.43ms
step:1000/1555 val_step:293/320 val_loss:3.5736 chunk_loss:0.0000 is_adam_step=True train_time:603425ms step_avg:603.43ms
step:1000/1555 val_step:294/320 val_loss:3.5738 chunk_loss:0.0000 is_adam_step=False train_time:603425ms step_avg:603.43ms
step:1000/1555 val_step:295/320 val_loss:3.5740 chunk_loss:0.0000 is_adam_step=True train_time:603425ms step_avg:603.43ms
step:1000/1555 val_step:296/320 val_loss:3.5740 chunk_loss:0.0000 is_adam_step=False train_time:603425ms step_avg:603.43ms
step:1000/1555 val_step:297/320 val_loss:3.5734 chunk_loss:0.0000 is_adam_step=True train_time:603425ms step_avg:603.43ms
step:1000/1555 val_step:298/320 val_loss:3.5731 chunk_loss:0.0000 is_adam_step=False train_time:603425ms step_avg:603.43ms
step:1000/1555 val_step:299/320 val_loss:3.5729 chunk_loss:0.0000 is_adam_step=True train_time:603425ms step_avg:603.43ms
step:1000/1555 val_step:300/320 val_loss:3.5725 chunk_loss:0.0000 is_adam_step=False train_time:603425ms step_avg:603.43ms
step:1000/1555 val_step:301/320 val_loss:3.5721 chunk_loss:0.0000 is_adam_step=True train_time:603425ms step_avg:603.43ms
step:1000/1555 val_step:302/320 val_loss:3.5720 chunk_loss:0.0000 is_adam_step=False train_time:603425ms step_avg:603.43ms
step:1000/1555 val_step:303/320 val_loss:3.5724 chunk_loss:0.0000 is_adam_step=True train_time:603425ms step_avg:603.43ms
step:1000/1555 val_step:304/320 val_loss:3.5715 chunk_loss:0.0000 is_adam_step=False train_time:603425ms step_avg:603.43ms
step:1000/1555 val_step:305/320 val_loss:3.5713 chunk_loss:0.0000 is_adam_step=True train_time:603425ms step_avg:603.43ms
step:1000/1555 val_step:306/320 val_loss:3.5712 chunk_loss:0.0000 is_adam_step=False train_time:603425ms step_avg:603.43ms
step:1000/1555 val_step:307/320 val_loss:3.5711 chunk_loss:0.0000 is_adam_step=True train_time:603425ms step_avg:603.43ms
step:1000/1555 val_step:308/320 val_loss:3.5712 chunk_loss:0.0000 is_adam_step=False train_time:603425ms step_avg:603.43ms
step:1000/1555 val_step:309/320 val_loss:3.5713 chunk_loss:0.0000 is_adam_step=True train_time:603425ms step_avg:603.43ms
step:1000/1555 val_step:310/320 val_loss:3.5709 chunk_loss:0.0000 is_adam_step=False train_time:603425ms step_avg:603.43ms
step:1000/1555 val_step:311/320 val_loss:3.5713 chunk_loss:0.0000 is_adam_step=True train_time:603425ms step_avg:603.43ms
step:1000/1555 val_step:312/320 val_loss:3.5714 chunk_loss:0.0000 is_adam_step=False train_time:603425ms step_avg:603.43ms
step:1000/1555 val_step:313/320 val_loss:3.5715 chunk_loss:0.0000 is_adam_step=True train_time:603425ms step_avg:603.43ms
step:1000/1555 val_step:314/320 val_loss:3.5719 chunk_loss:0.0000 is_adam_step=False train_time:603425ms step_avg:603.43ms
step:1000/1555 val_step:315/320 val_loss:3.5721 chunk_loss:0.0000 is_adam_step=True train_time:603425ms step_avg:603.43ms
step:1000/1555 val_step:316/320 val_loss:3.5719 chunk_loss:0.0000 is_adam_step=False train_time:603425ms step_avg:603.43ms
step:1000/1555 val_step:317/320 val_loss:3.5718 chunk_loss:0.0000 is_adam_step=True train_time:603425ms step_avg:603.43ms
step:1000/1555 val_step:318/320 val_loss:3.5721 chunk_loss:0.0000 is_adam_step=False train_time:603425ms step_avg:603.43ms
step:1000/1555 val_step:319/320 val_loss:3.5719 chunk_loss:0.0000 is_adam_step=True train_time:603425ms step_avg:603.43ms
step:1000/1555 val_loss:3.5719 train_time:603425ms step_avg:603.43ms
step:1001/1555 loss.item()=123331.109375 train_time:604162ms step_avg:603.56ms
step:1002/1555 loss.item()=115632.640625 train_time:604945ms step_avg:603.74ms
step:1003/1555 loss.item()=119892.03125 train_time:605717ms step_avg:603.90ms
step:1004/1555 loss.item()=121865.609375 train_time:606480ms step_avg:604.06ms
step:1005/1555 loss.item()=115149.515625 train_time:607251ms step_avg:604.23ms
step:1006/1555 loss.item()=117226.1796875 train_time:608020ms step_avg:604.39ms
step:1007/1555 loss.item()=114572.9765625 train_time:608788ms step_avg:604.56ms
step:1008/1555 loss.item()=116981.109375 train_time:609558ms step_avg:604.72ms
step:1009/1555 loss.item()=116988.1953125 train_time:610329ms step_avg:604.89ms
step:1010/1555 loss.item()=117880.6953125 train_time:611095ms step_avg:605.04ms
step:1011/1555 loss.item()=175457.71875 train_time:625715ms step_avg:618.91ms
step:1012/1555 loss.item()=177664.59375 train_time:630845ms step_avg:623.36ms
step:1013/1555 loss.item()=176445.4375 train_time:635632ms step_avg:627.47ms
step:1014/1555 loss.item()=176018.34375 train_time:640970ms step_avg:632.12ms
step:1015/1555 loss.item()=180236.03125 train_time:645864ms step_avg:636.32ms
step:1016/1555 loss.item()=168672.625 train_time:651021ms step_avg:640.77ms
step:1017/1555 loss.item()=169870.9375 train_time:656763ms step_avg:645.78ms
step:1018/1555 loss.item()=173527.25 train_time:662022ms step_avg:650.32ms
step:1019/1555 loss.item()=179121.515625 train_time:667133ms step_avg:654.69ms
step:1020/1555 loss.item()=175600.375 train_time:672350ms step_avg:659.17ms
step:1021/1555 loss.item()=180574.90625 train_time:677161ms step_avg:663.23ms
step:1022/1555 loss.item()=177658.15625 train_time:682159ms step_avg:667.47ms
step:1023/1555 loss.item()=187520.015625 train_time:687360ms step_avg:671.91ms
step:1024/1555 loss.item()=175196.8125 train_time:692737ms step_avg:676.50ms
step:1025/1555 loss.item()=168218.6875 train_time:697560ms step_avg:680.55ms
step:1026/1555 loss.item()=174018.90625 train_time:702665ms step_avg:684.86ms
step:1027/1555 loss.item()=175914.03125 train_time:707921ms step_avg:689.31ms
step:1028/1555 loss.item()=176749.640625 train_time:712962ms step_avg:693.54ms
step:1029/1555 loss.item()=171195.578125 train_time:718319ms step_avg:698.08ms
step:1030/1555 loss.item()=178795.75 train_time:723363ms step_avg:702.29ms
step:1031/1555 loss.item()=175335.125 train_time:728238ms step_avg:706.34ms
step:1032/1555 loss.item()=171794.734375 train_time:733220ms step_avg:710.48ms
step:1033/1555 loss.item()=175448.84375 train_time:737962ms step_avg:714.39ms
step:1034/1555 loss.item()=179331.359375 train_time:743163ms step_avg:718.73ms
step:1035/1555 loss.item()=181088.828125 train_time:748333ms step_avg:723.03ms
step:1036/1555 loss.item()=166811.84375 train_time:753534ms step_avg:727.35ms
step:1037/1555 loss.item()=177416.90625 train_time:758761ms step_avg:731.69ms
step:1038/1555 loss.item()=177521.109375 train_time:764040ms step_avg:736.07ms
step:1039/1555 loss.item()=173716.921875 train_time:769149ms step_avg:740.28ms
step:1040/1555 loss.item()=177425.125 train_time:774160ms step_avg:744.38ms
step:1041/1555 loss.item()=177700.546875 train_time:778720ms step_avg:748.05ms
step:1042/1555 loss.item()=176160.125 train_time:780421ms step_avg:748.96ms
step:1043/1555 loss.item()=175509.28125 train_time:784478ms step_avg:752.14ms
step:1044/1555 loss.item()=168514.0 train_time:786241ms step_avg:753.10ms
step:1045/1555 loss.item()=176008.953125 train_time:788085ms step_avg:754.15ms
step:1046/1555 loss.item()=170179.78125 train_time:790122ms step_avg:755.37ms
step:1047/1555 loss.item()=170982.0 train_time:796149ms step_avg:760.41ms
step:1048/1555 loss.item()=173709.328125 train_time:801620ms step_avg:764.91ms
step:1049/1555 loss.item()=170667.5 train_time:806263ms step_avg:768.60ms
step:1050/1555 loss.item()=175687.453125 train_time:811562ms step_avg:772.92ms
step:1051/1555 loss.item()=173385.1875 train_time:816851ms step_avg:777.21ms
step:1052/1555 loss.item()=172169.09375 train_time:821761ms step_avg:781.14ms
step:1053/1555 loss.item()=171632.4375 train_time:826562ms step_avg:784.96ms
step:1054/1555 loss.item()=171638.15625 train_time:831562ms step_avg:788.96ms
step:1055/1555 loss.item()=173379.90625 train_time:836720ms step_avg:793.10ms
step:1056/1555 loss.item()=177904.53125 train_time:841749ms step_avg:797.11ms
step:1057/1555 loss.item()=166856.0625 train_time:845731ms step_avg:800.12ms
step:1058/1555 loss.item()=167048.65625 train_time:848518ms step_avg:802.00ms
step:1059/1555 loss.item()=172098.125 train_time:850421ms step_avg:803.04ms
step:1060/1555 loss.item()=173260.1875 train_time:852332ms step_avg:804.09ms
step:1061/1555 loss.item()=171936.390625 train_time:854060ms step_avg:804.96ms
step:1062/1555 loss.item()=178775.71875 train_time:857437ms step_avg:807.38ms
step:1063/1555 loss.item()=175710.9375 train_time:861732ms step_avg:810.66ms
step:1064/1555 loss.item()=176680.21875 train_time:864846ms step_avg:812.83ms
step:1065/1555 loss.item()=172685.125 train_time:866639ms step_avg:813.75ms
step:1066/1555 loss.item()=171343.90625 train_time:868958ms step_avg:815.16ms
step:1067/1555 loss.item()=179370.046875 train_time:871155ms step_avg:816.45ms
step:1068/1555 loss.item()=169837.34375 train_time:873021ms step_avg:817.44ms
step:1069/1555 loss.item()=173848.59375 train_time:877564ms step_avg:820.92ms
step:1070/1555 loss.item()=162966.625 train_time:881078ms step_avg:823.44ms
step:1071/1555 loss.item()=179183.90625 train_time:882861ms step_avg:824.33ms
step:1072/1555 loss.item()=174331.21875 train_time:887420ms step_avg:827.82ms
step:1073/1555 loss.item()=171796.90625 train_time:890642ms step_avg:830.05ms
step:1074/1555 loss.item()=166472.09375 train_time:897040ms step_avg:835.23ms
step:1075/1555 loss.item()=176526.25 train_time:902549ms step_avg:839.58ms
step:1076/1555 loss.item()=170324.03125 train_time:907657ms step_avg:843.55ms
step:1077/1555 loss.item()=171905.375 train_time:913862ms step_avg:848.53ms
step:1078/1555 loss.item()=175729.734375 train_time:919063ms step_avg:852.56ms
step:1079/1555 loss.item()=169256.28125 train_time:924362ms step_avg:856.68ms
step:1080/1555 loss.item()=171685.625 train_time:929334ms step_avg:860.49ms
step:1081/1555 loss.item()=166753.21875 train_time:934420ms step_avg:864.40ms
step:1082/1555 loss.item()=173561.3125 train_time:939462ms step_avg:868.26ms
step:1083/1555 loss.item()=168393.015625 train_time:944650ms step_avg:872.25ms
step:1084/1555 loss.item()=171909.15625 train_time:949662ms step_avg:876.07ms
step:1085/1555 loss.item()=165319.546875 train_time:952961ms step_avg:878.31ms
step:1086/1555 loss.item()=172165.46875 train_time:958462ms step_avg:882.56ms
step:1087/1555 loss.item()=168258.8125 train_time:962432ms step_avg:885.40ms
step:1088/1555 loss.item()=174718.5625 train_time:966962ms step_avg:888.75ms
step:1089/1555 loss.item()=174177.015625 train_time:970497ms step_avg:891.18ms
step:1090/1555 loss.item()=175305.484375 train_time:974734ms step_avg:894.25ms
step:1091/1555 loss.item()=173579.328125 train_time:978860ms step_avg:897.21ms
step:1092/1555 loss.item()=168372.75 train_time:983121ms step_avg:900.29ms
step:1093/1555 loss.item()=176644.75 train_time:986561ms step_avg:902.62ms
step:1094/1555 loss.item()=165263.203125 train_time:991220ms step_avg:906.05ms
step:1095/1555 loss.item()=183742.75 train_time:996031ms step_avg:909.62ms
step:1096/1555 loss.item()=171622.921875 train_time:1000040ms step_avg:912.45ms
step:1097/1555 loss.item()=173441.265625 train_time:1005133ms step_avg:916.26ms
step:1098/1555 loss.item()=172675.125 train_time:1008542ms step_avg:918.53ms
step:1099/1555 loss.item()=173041.5625 train_time:1013731ms step_avg:922.41ms
step:1100/1555 loss.item()=167322.625 train_time:1016466ms step_avg:924.06ms
step:1101/1555 loss.item()=167893.59375 train_time:1018832ms step_avg:925.37ms
step:1102/1555 loss.item()=171549.84375 train_time:1021020ms step_avg:926.52ms
step:1103/1555 loss.item()=165620.875 train_time:1022331ms step_avg:926.86ms
step:1104/1555 loss.item()=174443.78125 train_time:1023934ms step_avg:927.48ms
step:1105/1555 loss.item()=173154.6875 train_time:1025309ms step_avg:927.88ms
step:1106/1555 loss.item()=173160.25 train_time:1030163ms step_avg:931.43ms
step:1107/1555 loss.item()=167005.53125 train_time:1035261ms step_avg:935.20ms
step:1108/1555 loss.item()=174096.890625 train_time:1040665ms step_avg:939.23ms
step:1109/1555 loss.item()=171922.703125 train_time:1045520ms step_avg:942.76ms
step:1110/1555 loss.item()=171529.96875 train_time:1050621ms step_avg:946.51ms
step:1111/1555 loss.item()=173697.0625 train_time:1055562ms step_avg:950.10ms
step:1112/1555 loss.item()=171002.65625 train_time:1060662ms step_avg:953.83ms
step:1113/1555 loss.item()=176437.8125 train_time:1065748ms step_avg:957.55ms
step:1114/1555 loss.item()=171004.921875 train_time:1071734ms step_avg:962.06ms
step:1115/1555 loss.item()=180768.4375 train_time:1078121ms step_avg:966.93ms
step:1116/1555 loss.item()=170859.671875 train_time:1082354ms step_avg:969.85ms
step:1117/1555 loss.item()=174153.234375 train_time:1083554ms step_avg:970.06ms
step:1118/1555 loss.item()=170074.203125 train_time:1085400ms step_avg:970.84ms
step:1119/1555 loss.item()=168863.8125 train_time:1086934ms step_avg:971.34ms
step:1120/1555 loss.item()=177591.46875 train_time:1088365ms step_avg:971.75ms
step:1121/1555 loss.item()=169766.171875 train_time:1089720ms step_avg:972.10ms
step:1122/1555 loss.item()=168270.203125 train_time:1091201ms step_avg:972.55ms
step:1123/1555 loss.item()=168048.15625 train_time:1092337ms step_avg:972.70ms
step:1124/1555 loss.item()=174170.390625 train_time:1093767ms step_avg:973.10ms
step:1125/1555 loss.item()=173719.984375 train_time:1095052ms step_avg:973.38ms
step:1126/1555 loss.item()=171156.4375 train_time:1096166ms step_avg:973.50ms
step:1127/1555 loss.item()=169457.984375 train_time:1097763ms step_avg:974.06ms
step:1128/1555 loss.item()=166891.09375 train_time:1098958ms step_avg:974.25ms
step:1129/1555 loss.item()=167218.140625 train_time:1104165ms step_avg:978.00ms
step:1130/1555 loss.item()=165411.9375 train_time:1108234ms step_avg:980.74ms
step:1131/1555 loss.item()=170089.21875 train_time:1110723ms step_avg:982.07ms
step:1132/1555 loss.item()=174159.34375 train_time:1113433ms step_avg:983.60ms
step:1133/1555 loss.item()=174200.703125 train_time:1117843ms step_avg:986.62ms
step:1134/1555 loss.item()=171040.453125 train_time:1124067ms step_avg:991.24ms
step:1135/1555 loss.item()=174956.53125 train_time:1128598ms step_avg:994.36ms
step:1136/1555 loss.item()=169417.3125 train_time:1133361ms step_avg:997.68ms
step:1137/1555 loss.item()=171906.53125 train_time:1137546ms step_avg:1000.48ms
step:1138/1555 loss.item()=165882.140625 train_time:1142962ms step_avg:1004.36ms
step:1139/1555 loss.item()=166844.34375 train_time:1147220ms step_avg:1007.22ms
step:1140/1555 loss.item()=175827.875 train_time:1152249ms step_avg:1010.74ms
step:1141/1555 loss.item()=171663.734375 train_time:1157461ms step_avg:1014.43ms
step:1142/1555 loss.item()=170453.796875 train_time:1162462ms step_avg:1017.92ms
step:1143/1555 loss.item()=172482.53125 train_time:1167654ms step_avg:1021.57ms
step:1144/1555 loss.item()=176058.0 train_time:1172766ms step_avg:1025.14ms
step:1145/1555 loss.item()=170707.28125 train_time:1177861ms step_avg:1028.70ms
step:1146/1555 loss.item()=166799.9375 train_time:1183033ms step_avg:1032.31ms
step:1147/1555 loss.item()=171902.625 train_time:1187549ms step_avg:1035.35ms
step:1148/1555 loss.item()=171519.1875 train_time:1193058ms step_avg:1039.25ms
step:1149/1555 loss.item()=175668.34375 train_time:1198662ms step_avg:1043.22ms
step:1150/1555 loss.item()=171610.296875 train_time:1203859ms step_avg:1046.83ms
step:1151/1555 loss.item()=171692.5625 train_time:1209055ms step_avg:1050.44ms
step:1152/1555 loss.item()=167009.59375 train_time:1214320ms step_avg:1054.10ms
step:1153/1555 loss.item()=163267.625 train_time:1219475ms step_avg:1057.65ms
step:1154/1555 loss.item()=164305.75 train_time:1224763ms step_avg:1061.32ms
step:1155/1555 loss.item()=168225.671875 train_time:1229833ms step_avg:1064.79ms
step:1156/1555 loss.item()=171471.59375 train_time:1235058ms step_avg:1068.39ms
step:1157/1555 loss.item()=165521.234375 train_time:1239755ms step_avg:1071.53ms
step:1158/1555 loss.item()=167629.0 train_time:1244664ms step_avg:1074.84ms
step:1159/1555 loss.item()=171555.890625 train_time:1249633ms step_avg:1078.20ms
step:1160/1555 loss.item()=179960.125 train_time:1254462ms step_avg:1081.43ms
step:1161/1555 loss.item()=162578.0625 train_time:1259132ms step_avg:1084.52ms
step:1162/1555 loss.item()=169227.375 train_time:1264363ms step_avg:1088.09ms
step:1163/1555 loss.item()=171163.328125 train_time:1269637ms step_avg:1091.69ms
step:1164/1555 loss.item()=168548.296875 train_time:1274656ms step_avg:1095.07ms
step:1165/1555 loss.item()=175941.03125 train_time:1279620ms step_avg:1098.39ms
step:1166/1555 loss.item()=170796.65625 train_time:1284650ms step_avg:1101.76ms
step:1167/1555 loss.item()=168816.96875 train_time:1289721ms step_avg:1105.16ms
step:1168/1555 loss.item()=173272.21875 train_time:1294722ms step_avg:1108.50ms
step:1169/1555 loss.item()=175676.90625 train_time:1299920ms step_avg:1111.99ms
step:1170/1555 loss.item()=168658.53125 train_time:1304820ms step_avg:1115.23ms
step:1171/1555 loss.item()=174097.65625 train_time:1310159ms step_avg:1118.84ms
step:1172/1555 loss.item()=166631.3125 train_time:1313420ms step_avg:1120.67ms
step:1173/1555 loss.item()=170181.34375 train_time:1316530ms step_avg:1122.36ms
step:1174/1555 loss.item()=169018.625 train_time:1317854ms step_avg:1122.53ms
step:1175/1555 loss.item()=170110.90625 train_time:1319298ms step_avg:1122.81ms
step:1176/1555 loss.item()=169630.15625 train_time:1320705ms step_avg:1123.05ms
step:1177/1555 loss.item()=166474.3125 train_time:1324119ms step_avg:1125.00ms
step:1178/1555 loss.item()=173335.90625 train_time:1329032ms step_avg:1128.21ms
step:1179/1555 loss.item()=175068.5625 train_time:1330149ms step_avg:1128.20ms
step:1180/1555 loss.item()=170852.78125 train_time:1334362ms step_avg:1130.82ms
step:1181/1555 loss.item()=172615.875 train_time:1338446ms step_avg:1133.32ms
step:1182/1555 loss.item()=170715.78125 train_time:1343957ms step_avg:1137.02ms
step:1183/1555 loss.item()=169153.90625 train_time:1349962ms step_avg:1141.13ms
step:1184/1555 loss.item()=167126.84375 train_time:1355963ms step_avg:1145.24ms
step:1185/1555 loss.item()=175153.078125 train_time:1362260ms step_avg:1149.59ms
step:1186/1555 loss.item()=168946.328125 train_time:1368234ms step_avg:1153.65ms
step:1187/1555 loss.item()=174886.5 train_time:1374349ms step_avg:1157.83ms
step:1188/1555 loss.item()=176545.34375 train_time:1380463ms step_avg:1162.01ms
step:1189/1555 loss.item()=173506.625 train_time:1386859ms step_avg:1166.41ms
step:1190/1555 loss.item()=170402.84375 train_time:1393161ms step_avg:1170.72ms
step:1191/1555 loss.item()=171140.90625 train_time:1399535ms step_avg:1175.09ms
step:1192/1555 loss.item()=166283.953125 train_time:1406140ms step_avg:1179.65ms
step:1193/1555 loss.item()=166398.3125 train_time:1412745ms step_avg:1184.20ms
step:1194/1555 loss.item()=167429.625 train_time:1418721ms step_avg:1188.21ms
step:1195/1555 loss.item()=172799.53125 train_time:1425320ms step_avg:1192.74ms
step:1196/1555 loss.item()=169381.25 train_time:1431461ms step_avg:1196.87ms
step:1197/1555 loss.item()=170189.8125 train_time:1437220ms step_avg:1200.68ms
step:1198/1555 loss.item()=171870.203125 train_time:1442652ms step_avg:1204.22ms
step:1199/1555 loss.item()=165595.34375 train_time:1448133ms step_avg:1207.78ms
step:1200/1555 loss.item()=168938.75 train_time:1454362ms step_avg:1211.97ms
step:1201/1555 loss.item()=168869.5625 train_time:1460220ms step_avg:1215.84ms
step:1202/1555 loss.item()=173095.84375 train_time:1465761ms step_avg:1219.44ms
step:1203/1555 loss.item()=165072.390625 train_time:1470649ms step_avg:1222.48ms
step:1204/1555 loss.item()=166577.703125 train_time:1475921ms step_avg:1225.85ms
step:1205/1555 loss.item()=168290.5625 train_time:1481558ms step_avg:1229.51ms
step:1206/1555 loss.item()=167039.84375 train_time:1486356ms step_avg:1232.47ms
step:1207/1555 loss.item()=174050.5 train_time:1491948ms step_avg:1236.08ms
step:1208/1555 loss.item()=167615.96875 train_time:1497023ms step_avg:1239.26ms
step:1209/1555 loss.item()=171795.0625 train_time:1501850ms step_avg:1242.22ms
step:1210/1555 loss.item()=168653.90625 train_time:1506934ms step_avg:1245.40ms
step:1211/1555 loss.item()=164140.40625 train_time:1512962ms step_avg:1249.35ms
step:1212/1555 loss.item()=167306.171875 train_time:1518865ms step_avg:1253.19ms
step:1213/1555 loss.item()=167863.75 train_time:1522265ms step_avg:1254.96ms
step:1214/1555 loss.item()=169919.171875 train_time:1524321ms step_avg:1255.62ms
step:1215/1555 loss.item()=164543.96875 train_time:1526434ms step_avg:1256.32ms
step:1216/1555 loss.item()=177683.875 train_time:1528121ms step_avg:1256.68ms
step:1217/1555 loss.item()=167879.953125 train_time:1529489ms step_avg:1256.77ms
step:1218/1555 loss.item()=167754.15625 train_time:1533364ms step_avg:1258.92ms
step:1219/1555 loss.item()=168489.0 train_time:1537245ms step_avg:1261.07ms
step:1220/1555 loss.item()=167010.75 train_time:1540462ms step_avg:1262.67ms
step:1221/1555 loss.item()=173083.03125 train_time:1544830ms step_avg:1265.22ms
step:1222/1555 loss.item()=166142.96875 train_time:1549935ms step_avg:1268.36ms
step:1223/1555 loss.item()=173945.25 train_time:1555520ms step_avg:1271.89ms
step:1224/1555 loss.item()=175684.046875 train_time:1560633ms step_avg:1275.03ms
step:1225/1555 loss.item()=167610.5 train_time:1565663ms step_avg:1278.09ms
step:1226/1555 loss.item()=167444.71875 train_time:1570932ms step_avg:1281.35ms
step:1227/1555 loss.item()=168386.484375 train_time:1576536ms step_avg:1284.87ms
step:1228/1555 loss.item()=162938.984375 train_time:1581334ms step_avg:1287.73ms
step:1229/1555 loss.item()=163416.109375 train_time:1585942ms step_avg:1290.43ms
step:1230/1555 loss.item()=170978.765625 train_time:1590921ms step_avg:1293.43ms
step:1231/1555 loss.item()=159447.53125 train_time:1595822ms step_avg:1296.36ms
step:1232/1555 loss.item()=179113.609375 train_time:1601035ms step_avg:1299.54ms
step:1233/1555 loss.item()=169988.71875 train_time:1606463ms step_avg:1302.89ms
step:1234/1555 loss.item()=164767.03125 train_time:1611449ms step_avg:1305.87ms
step:1235/1555 loss.item()=169558.578125 train_time:1616649ms step_avg:1309.03ms
step:1236/1555 loss.item()=168714.515625 train_time:1622121ms step_avg:1312.40ms
step:1237/1555 loss.item()=168403.46875 train_time:1627358ms step_avg:1315.57ms
step:1238/1555 loss.item()=169312.65625 train_time:1632663ms step_avg:1318.79ms
step:1239/1555 loss.item()=171359.171875 train_time:1637649ms step_avg:1321.75ms
step:1240/1555 loss.item()=165596.046875 train_time:1642944ms step_avg:1324.95ms
step:1241/1555 loss.item()=176964.15625 train_time:1648162ms step_avg:1328.09ms
step:1242/1555 loss.item()=167705.625 train_time:1653247ms step_avg:1331.12ms
step:1243/1555 loss.item()=170670.59375 train_time:1658162ms step_avg:1334.00ms
step:1244/1555 loss.item()=166276.578125 train_time:1662544ms step_avg:1336.45ms
step:1245/1555 loss.item()=158222.71875 train_time:1667820ms step_avg:1339.61ms
step:1246/1555 loss.item()=166914.046875 train_time:1672557ms step_avg:1342.34ms
step:1247/1555 loss.item()=162392.6875 train_time:1677664ms step_avg:1345.36ms
step:1248/1555 loss.item()=163449.6875 train_time:1683120ms step_avg:1348.65ms
step:1249/1555 loss.item()=165641.96875 train_time:1688460ms step_avg:1351.85ms
step:1250/1555 loss.item()=171246.609375 train_time:1693647ms step_avg:1354.92ms
step:1250/1555 starting test-time training...
step:1250/1555 val_step:0/320 val_loss:3.3173 chunk_loss:0.0000 is_adam_step=False train_time:1693658ms step_avg:1354.93ms
step:1250/1555 val_step:1/320 val_loss:3.3568 chunk_loss:0.0000 is_adam_step=True train_time:1693658ms step_avg:1354.93ms
step:1250/1555 val_step:2/320 val_loss:3.4005 chunk_loss:0.0000 is_adam_step=False train_time:1693658ms step_avg:1354.93ms
step:1250/1555 val_step:3/320 val_loss:3.3744 chunk_loss:0.0000 is_adam_step=True train_time:1693658ms step_avg:1354.93ms
step:1250/1555 val_step:4/320 val_loss:3.3974 chunk_loss:0.0000 is_adam_step=False train_time:1693658ms step_avg:1354.93ms
step:1250/1555 val_step:5/320 val_loss:3.3928 chunk_loss:0.0000 is_adam_step=True train_time:1693658ms step_avg:1354.93ms
step:1250/1555 val_step:6/320 val_loss:3.3273 chunk_loss:0.0000 is_adam_step=False train_time:1693658ms step_avg:1354.93ms
step:1250/1555 val_step:7/320 val_loss:3.3576 chunk_loss:0.0000 is_adam_step=True train_time:1693658ms step_avg:1354.93ms
step:1250/1555 val_step:8/320 val_loss:3.3667 chunk_loss:0.0000 is_adam_step=False train_time:1693658ms step_avg:1354.93ms
step:1250/1555 val_step:9/320 val_loss:3.3848 chunk_loss:0.0000 is_adam_step=True train_time:1693658ms step_avg:1354.93ms
step:1250/1555 val_step:10/320 val_loss:3.3886 chunk_loss:0.0000 is_adam_step=False train_time:1693658ms step_avg:1354.93ms
step:1250/1555 val_step:11/320 val_loss:3.3734 chunk_loss:0.0000 is_adam_step=True train_time:1693658ms step_avg:1354.93ms
step:1250/1555 val_step:12/320 val_loss:3.3819 chunk_loss:0.0000 is_adam_step=False train_time:1693658ms step_avg:1354.93ms
step:1250/1555 val_step:13/320 val_loss:3.3826 chunk_loss:0.0000 is_adam_step=True train_time:1693658ms step_avg:1354.93ms
step:1250/1555 val_step:14/320 val_loss:3.3823 chunk_loss:0.0000 is_adam_step=False train_time:1693658ms step_avg:1354.93ms
step:1250/1555 val_step:15/320 val_loss:3.3842 chunk_loss:0.0000 is_adam_step=True train_time:1693658ms step_avg:1354.93ms
step:1250/1555 val_step:16/320 val_loss:3.3748 chunk_loss:0.0000 is_adam_step=False train_time:1693658ms step_avg:1354.93ms
step:1250/1555 val_step:17/320 val_loss:3.3935 chunk_loss:0.0000 is_adam_step=True train_time:1693658ms step_avg:1354.93ms
step:1250/1555 val_step:18/320 val_loss:3.3862 chunk_loss:0.0000 is_adam_step=False train_time:1693658ms step_avg:1354.93ms
step:1250/1555 val_step:19/320 val_loss:3.3892 chunk_loss:0.0000 is_adam_step=True train_time:1693658ms step_avg:1354.93ms
step:1250/1555 val_step:20/320 val_loss:3.3898 chunk_loss:0.0000 is_adam_step=False train_time:1693658ms step_avg:1354.93ms
step:1250/1555 val_step:21/320 val_loss:3.3987 chunk_loss:0.0000 is_adam_step=True train_time:1693658ms step_avg:1354.93ms
step:1250/1555 val_step:22/320 val_loss:3.3970 chunk_loss:0.0000 is_adam_step=False train_time:1693658ms step_avg:1354.93ms
step:1250/1555 val_step:23/320 val_loss:3.4050 chunk_loss:0.0000 is_adam_step=True train_time:1693658ms step_avg:1354.93ms
step:1250/1555 val_step:24/320 val_loss:3.4061 chunk_loss:0.0000 is_adam_step=False train_time:1693658ms step_avg:1354.93ms
step:1250/1555 val_step:25/320 val_loss:3.4025 chunk_loss:0.0000 is_adam_step=True train_time:1693658ms step_avg:1354.93ms
step:1250/1555 val_step:26/320 val_loss:3.4155 chunk_loss:0.0000 is_adam_step=False train_time:1693658ms step_avg:1354.93ms
step:1250/1555 val_step:27/320 val_loss:3.4248 chunk_loss:0.0000 is_adam_step=True train_time:1693658ms step_avg:1354.93ms
step:1250/1555 val_step:28/320 val_loss:3.4199 chunk_loss:0.0000 is_adam_step=False train_time:1693658ms step_avg:1354.93ms
step:1250/1555 val_step:29/320 val_loss:3.4108 chunk_loss:0.0000 is_adam_step=True train_time:1693658ms step_avg:1354.93ms
step:1250/1555 val_step:30/320 val_loss:3.4092 chunk_loss:0.0000 is_adam_step=False train_time:1693658ms step_avg:1354.93ms
step:1250/1555 val_step:31/320 val_loss:3.4076 chunk_loss:0.0000 is_adam_step=True train_time:1693658ms step_avg:1354.93ms
step:1250/1555 val_step:32/320 val_loss:3.4043 chunk_loss:0.0000 is_adam_step=False train_time:1693658ms step_avg:1354.93ms
step:1250/1555 val_step:33/320 val_loss:3.4058 chunk_loss:0.0000 is_adam_step=True train_time:1693658ms step_avg:1354.93ms
step:1250/1555 val_step:34/320 val_loss:3.4072 chunk_loss:0.0000 is_adam_step=False train_time:1693658ms step_avg:1354.93ms
step:1250/1555 val_step:35/320 val_loss:3.4065 chunk_loss:0.0000 is_adam_step=True train_time:1693658ms step_avg:1354.93ms
step:1250/1555 val_step:36/320 val_loss:3.4073 chunk_loss:0.0000 is_adam_step=False train_time:1693658ms step_avg:1354.93ms
step:1250/1555 val_step:37/320 val_loss:3.4096 chunk_loss:0.0000 is_adam_step=True train_time:1693658ms step_avg:1354.93ms
step:1250/1555 val_step:38/320 val_loss:3.4026 chunk_loss:0.0000 is_adam_step=False train_time:1693658ms step_avg:1354.93ms
step:1250/1555 val_step:39/320 val_loss:3.4061 chunk_loss:0.0000 is_adam_step=True train_time:1693658ms step_avg:1354.93ms
step:1250/1555 val_step:40/320 val_loss:3.4106 chunk_loss:0.0000 is_adam_step=False train_time:1693658ms step_avg:1354.93ms
step:1250/1555 val_step:41/320 val_loss:3.4176 chunk_loss:0.0000 is_adam_step=True train_time:1693658ms step_avg:1354.93ms
step:1250/1555 val_step:42/320 val_loss:3.4169 chunk_loss:0.0000 is_adam_step=False train_time:1693658ms step_avg:1354.93ms
step:1250/1555 val_step:43/320 val_loss:3.4185 chunk_loss:0.0000 is_adam_step=True train_time:1693658ms step_avg:1354.93ms
step:1250/1555 val_step:44/320 val_loss:3.4243 chunk_loss:0.0000 is_adam_step=False train_time:1693658ms step_avg:1354.93ms
step:1250/1555 val_step:45/320 val_loss:3.4246 chunk_loss:0.0000 is_adam_step=True train_time:1693658ms step_avg:1354.93ms
step:1250/1555 val_step:46/320 val_loss:3.4252 chunk_loss:0.0000 is_adam_step=False train_time:1693658ms step_avg:1354.93ms
step:1250/1555 val_step:47/320 val_loss:3.4255 chunk_loss:0.0000 is_adam_step=True train_time:1693658ms step_avg:1354.93ms
step:1250/1555 val_step:48/320 val_loss:3.4238 chunk_loss:0.0000 is_adam_step=False train_time:1693658ms step_avg:1354.93ms
step:1250/1555 val_step:49/320 val_loss:3.4219 chunk_loss:0.0000 is_adam_step=True train_time:1693658ms step_avg:1354.93ms
step:1250/1555 val_step:50/320 val_loss:3.4208 chunk_loss:0.0000 is_adam_step=False train_time:1693658ms step_avg:1354.93ms
step:1250/1555 val_step:51/320 val_loss:3.4188 chunk_loss:0.0000 is_adam_step=True train_time:1693658ms step_avg:1354.93ms
step:1250/1555 val_step:52/320 val_loss:3.4201 chunk_loss:0.0000 is_adam_step=False train_time:1693658ms step_avg:1354.93ms
step:1250/1555 val_step:53/320 val_loss:3.4199 chunk_loss:0.0000 is_adam_step=True train_time:1693658ms step_avg:1354.93ms
step:1250/1555 val_step:54/320 val_loss:3.4169 chunk_loss:0.0000 is_adam_step=False train_time:1693658ms step_avg:1354.93ms
step:1250/1555 val_step:55/320 val_loss:3.4163 chunk_loss:0.0000 is_adam_step=True train_time:1693658ms step_avg:1354.93ms
step:1250/1555 val_step:56/320 val_loss:3.4148 chunk_loss:0.0000 is_adam_step=False train_time:1693658ms step_avg:1354.93ms
step:1250/1555 val_step:57/320 val_loss:3.4137 chunk_loss:0.0000 is_adam_step=True train_time:1693658ms step_avg:1354.93ms
step:1250/1555 val_step:58/320 val_loss:3.4134 chunk_loss:0.0000 is_adam_step=False train_time:1693658ms step_avg:1354.93ms
step:1250/1555 val_step:59/320 val_loss:3.4149 chunk_loss:0.0000 is_adam_step=True train_time:1693658ms step_avg:1354.93ms
step:1250/1555 val_step:60/320 val_loss:3.4134 chunk_loss:0.0000 is_adam_step=False train_time:1693658ms step_avg:1354.93ms
step:1250/1555 val_step:61/320 val_loss:3.4133 chunk_loss:0.0000 is_adam_step=True train_time:1693658ms step_avg:1354.93ms
step:1250/1555 val_step:62/320 val_loss:3.4132 chunk_loss:0.0000 is_adam_step=False train_time:1693658ms step_avg:1354.93ms
step:1250/1555 val_step:63/320 val_loss:3.4132 chunk_loss:0.0000 is_adam_step=True train_time:1693658ms step_avg:1354.93ms
step:1250/1555 val_step:64/320 val_loss:3.4153 chunk_loss:0.0000 is_adam_step=False train_time:1693658ms step_avg:1354.93ms
step:1250/1555 val_step:65/320 val_loss:3.4170 chunk_loss:0.0000 is_adam_step=True train_time:1693658ms step_avg:1354.93ms
step:1250/1555 val_step:66/320 val_loss:3.4204 chunk_loss:0.0000 is_adam_step=False train_time:1693658ms step_avg:1354.93ms
step:1250/1555 val_step:67/320 val_loss:3.4210 chunk_loss:0.0000 is_adam_step=True train_time:1693658ms step_avg:1354.93ms
step:1250/1555 val_step:68/320 val_loss:3.4196 chunk_loss:0.0000 is_adam_step=False train_time:1693658ms step_avg:1354.93ms
step:1250/1555 val_step:69/320 val_loss:3.4203 chunk_loss:0.0000 is_adam_step=True train_time:1693658ms step_avg:1354.93ms
step:1250/1555 val_step:70/320 val_loss:3.4190 chunk_loss:0.0000 is_adam_step=False train_time:1693658ms step_avg:1354.93ms
step:1250/1555 val_step:71/320 val_loss:3.4166 chunk_loss:0.0000 is_adam_step=True train_time:1693658ms step_avg:1354.93ms
step:1250/1555 val_step:72/320 val_loss:3.4145 chunk_loss:0.0000 is_adam_step=False train_time:1693658ms step_avg:1354.93ms
step:1250/1555 val_step:73/320 val_loss:3.4147 chunk_loss:0.0000 is_adam_step=True train_time:1693658ms step_avg:1354.93ms
step:1250/1555 val_step:74/320 val_loss:3.4173 chunk_loss:0.0000 is_adam_step=False train_time:1693658ms step_avg:1354.93ms
step:1250/1555 val_step:75/320 val_loss:3.4174 chunk_loss:0.0000 is_adam_step=True train_time:1693658ms step_avg:1354.93ms
step:1250/1555 val_step:76/320 val_loss:3.4166 chunk_loss:0.0000 is_adam_step=False train_time:1693658ms step_avg:1354.93ms
step:1250/1555 val_step:77/320 val_loss:3.4183 chunk_loss:0.0000 is_adam_step=True train_time:1693658ms step_avg:1354.93ms
step:1250/1555 val_step:78/320 val_loss:3.4165 chunk_loss:0.0000 is_adam_step=False train_time:1693658ms step_avg:1354.93ms
step:1250/1555 val_step:79/320 val_loss:3.4145 chunk_loss:0.0000 is_adam_step=True train_time:1693658ms step_avg:1354.93ms
step:1250/1555 val_step:80/320 val_loss:3.4132 chunk_loss:0.0000 is_adam_step=False train_time:1693658ms step_avg:1354.93ms
step:1250/1555 val_step:81/320 val_loss:3.4110 chunk_loss:0.0000 is_adam_step=True train_time:1693658ms step_avg:1354.93ms
step:1250/1555 val_step:82/320 val_loss:3.4113 chunk_loss:0.0000 is_adam_step=False train_time:1693658ms step_avg:1354.93ms
step:1250/1555 val_step:83/320 val_loss:3.4086 chunk_loss:0.0000 is_adam_step=True train_time:1693658ms step_avg:1354.93ms
step:1250/1555 val_step:84/320 val_loss:3.4091 chunk_loss:0.0000 is_adam_step=False train_time:1693658ms step_avg:1354.93ms
step:1250/1555 val_step:85/320 val_loss:3.4087 chunk_loss:0.0000 is_adam_step=True train_time:1693658ms step_avg:1354.93ms
step:1250/1555 val_step:86/320 val_loss:3.4087 chunk_loss:0.0000 is_adam_step=False train_time:1693658ms step_avg:1354.93ms
step:1250/1555 val_step:87/320 val_loss:3.4084 chunk_loss:0.0000 is_adam_step=True train_time:1693658ms step_avg:1354.93ms
step:1250/1555 val_step:88/320 val_loss:3.4083 chunk_loss:0.0000 is_adam_step=False train_time:1693658ms step_avg:1354.93ms
step:1250/1555 val_step:89/320 val_loss:3.4091 chunk_loss:0.0000 is_adam_step=True train_time:1693658ms step_avg:1354.93ms
step:1250/1555 val_step:90/320 val_loss:3.4077 chunk_loss:0.0000 is_adam_step=False train_time:1693658ms step_avg:1354.93ms
step:1250/1555 val_step:91/320 val_loss:3.4066 chunk_loss:0.0000 is_adam_step=True train_time:1693658ms step_avg:1354.93ms
step:1250/1555 val_step:92/320 val_loss:3.4079 chunk_loss:0.0000 is_adam_step=False train_time:1693658ms step_avg:1354.93ms
step:1250/1555 val_step:93/320 val_loss:3.4085 chunk_loss:0.0000 is_adam_step=True train_time:1693658ms step_avg:1354.93ms
step:1250/1555 val_step:94/320 val_loss:3.4094 chunk_loss:0.0000 is_adam_step=False train_time:1693658ms step_avg:1354.93ms
step:1250/1555 val_step:95/320 val_loss:3.4098 chunk_loss:0.0000 is_adam_step=True train_time:1693658ms step_avg:1354.93ms
step:1250/1555 val_step:96/320 val_loss:3.4111 chunk_loss:0.0000 is_adam_step=False train_time:1693658ms step_avg:1354.93ms
step:1250/1555 val_step:97/320 val_loss:3.4148 chunk_loss:0.0000 is_adam_step=True train_time:1693658ms step_avg:1354.93ms
step:1250/1555 val_step:98/320 val_loss:3.4153 chunk_loss:0.0000 is_adam_step=False train_time:1693658ms step_avg:1354.93ms
step:1250/1555 val_step:99/320 val_loss:3.4155 chunk_loss:0.0000 is_adam_step=True train_time:1693658ms step_avg:1354.93ms
step:1250/1555 val_step:100/320 val_loss:3.4153 chunk_loss:0.0000 is_adam_step=False train_time:1693658ms step_avg:1354.93ms
step:1250/1555 val_step:101/320 val_loss:3.4146 chunk_loss:0.0000 is_adam_step=True train_time:1693658ms step_avg:1354.93ms
step:1250/1555 val_step:102/320 val_loss:3.4157 chunk_loss:0.0000 is_adam_step=False train_time:1693658ms step_avg:1354.93ms
step:1250/1555 val_step:103/320 val_loss:3.4176 chunk_loss:0.0000 is_adam_step=True train_time:1693658ms step_avg:1354.93ms
step:1250/1555 val_step:104/320 val_loss:3.4173 chunk_loss:0.0000 is_adam_step=False train_time:1693658ms step_avg:1354.93ms
step:1250/1555 val_step:105/320 val_loss:3.4169 chunk_loss:0.0000 is_adam_step=True train_time:1693658ms step_avg:1354.93ms
step:1250/1555 val_step:106/320 val_loss:3.4147 chunk_loss:0.0000 is_adam_step=False train_time:1693658ms step_avg:1354.93ms
step:1250/1555 val_step:107/320 val_loss:3.4142 chunk_loss:0.0000 is_adam_step=True train_time:1693658ms step_avg:1354.93ms
step:1250/1555 val_step:108/320 val_loss:3.4137 chunk_loss:0.0000 is_adam_step=False train_time:1693658ms step_avg:1354.93ms
step:1250/1555 val_step:109/320 val_loss:3.4135 chunk_loss:0.0000 is_adam_step=True train_time:1693658ms step_avg:1354.93ms
step:1250/1555 val_step:110/320 val_loss:3.4134 chunk_loss:0.0000 is_adam_step=False train_time:1693658ms step_avg:1354.93ms
step:1250/1555 val_step:111/320 val_loss:3.4147 chunk_loss:0.0000 is_adam_step=True train_time:1693658ms step_avg:1354.93ms
step:1250/1555 val_step:112/320 val_loss:3.4144 chunk_loss:0.0000 is_adam_step=False train_time:1693658ms step_avg:1354.93ms
step:1250/1555 val_step:113/320 val_loss:3.4129 chunk_loss:0.0000 is_adam_step=True train_time:1693658ms step_avg:1354.93ms
step:1250/1555 val_step:114/320 val_loss:3.4115 chunk_loss:0.0000 is_adam_step=False train_time:1693658ms step_avg:1354.93ms
step:1250/1555 val_step:115/320 val_loss:3.4104 chunk_loss:0.0000 is_adam_step=True train_time:1693658ms step_avg:1354.93ms
step:1250/1555 val_step:116/320 val_loss:3.4099 chunk_loss:0.0000 is_adam_step=False train_time:1693658ms step_avg:1354.93ms
step:1250/1555 val_step:117/320 val_loss:3.4104 chunk_loss:0.0000 is_adam_step=True train_time:1693658ms step_avg:1354.93ms
step:1250/1555 val_step:118/320 val_loss:3.4111 chunk_loss:0.0000 is_adam_step=False train_time:1693658ms step_avg:1354.93ms
step:1250/1555 val_step:119/320 val_loss:3.4105 chunk_loss:0.0000 is_adam_step=True train_time:1693658ms step_avg:1354.93ms
step:1250/1555 val_step:120/320 val_loss:3.4108 chunk_loss:0.0000 is_adam_step=False train_time:1693658ms step_avg:1354.93ms
step:1250/1555 val_step:121/320 val_loss:3.4103 chunk_loss:0.0000 is_adam_step=True train_time:1693658ms step_avg:1354.93ms
step:1250/1555 val_step:122/320 val_loss:3.4101 chunk_loss:0.0000 is_adam_step=False train_time:1693658ms step_avg:1354.93ms
step:1250/1555 val_step:123/320 val_loss:3.4091 chunk_loss:0.0000 is_adam_step=True train_time:1693658ms step_avg:1354.93ms
step:1250/1555 val_step:124/320 val_loss:3.4092 chunk_loss:0.0000 is_adam_step=False train_time:1693658ms step_avg:1354.93ms
step:1250/1555 val_step:125/320 val_loss:3.4096 chunk_loss:0.0000 is_adam_step=True train_time:1693658ms step_avg:1354.93ms
step:1250/1555 val_step:126/320 val_loss:3.4078 chunk_loss:0.0000 is_adam_step=False train_time:1693658ms step_avg:1354.93ms
step:1250/1555 val_step:127/320 val_loss:3.4082 chunk_loss:0.0000 is_adam_step=True train_time:1693658ms step_avg:1354.93ms
step:1250/1555 val_step:128/320 val_loss:3.4076 chunk_loss:0.0000 is_adam_step=False train_time:1693658ms step_avg:1354.93ms
step:1250/1555 val_step:129/320 val_loss:3.4062 chunk_loss:0.0000 is_adam_step=True train_time:1693658ms step_avg:1354.93ms
step:1250/1555 val_step:130/320 val_loss:3.4064 chunk_loss:0.0000 is_adam_step=False train_time:1693658ms step_avg:1354.93ms
step:1250/1555 val_step:131/320 val_loss:3.4061 chunk_loss:0.0000 is_adam_step=True train_time:1693658ms step_avg:1354.93ms
step:1250/1555 val_step:132/320 val_loss:3.4080 chunk_loss:0.0000 is_adam_step=False train_time:1693658ms step_avg:1354.93ms
step:1250/1555 val_step:133/320 val_loss:3.4093 chunk_loss:0.0000 is_adam_step=True train_time:1693658ms step_avg:1354.93ms
step:1250/1555 val_step:134/320 val_loss:3.4070 chunk_loss:0.0000 is_adam_step=False train_time:1693658ms step_avg:1354.93ms
step:1250/1555 val_step:135/320 val_loss:3.4063 chunk_loss:0.0000 is_adam_step=True train_time:1693658ms step_avg:1354.93ms
step:1250/1555 val_step:136/320 val_loss:3.4068 chunk_loss:0.0000 is_adam_step=False train_time:1693658ms step_avg:1354.93ms
step:1250/1555 val_step:137/320 val_loss:3.4073 chunk_loss:0.0000 is_adam_step=True train_time:1693658ms step_avg:1354.93ms
step:1250/1555 val_step:138/320 val_loss:3.4093 chunk_loss:0.0000 is_adam_step=False train_time:1693658ms step_avg:1354.93ms
step:1250/1555 val_step:139/320 val_loss:3.4096 chunk_loss:0.0000 is_adam_step=True train_time:1693658ms step_avg:1354.93ms
step:1250/1555 val_step:140/320 val_loss:3.4097 chunk_loss:0.0000 is_adam_step=False train_time:1693658ms step_avg:1354.93ms
step:1250/1555 val_step:141/320 val_loss:3.4096 chunk_loss:0.0000 is_adam_step=True train_time:1693658ms step_avg:1354.93ms
step:1250/1555 val_step:142/320 val_loss:3.4103 chunk_loss:0.0000 is_adam_step=False train_time:1693658ms step_avg:1354.93ms
step:1250/1555 val_step:143/320 val_loss:3.4116 chunk_loss:0.0000 is_adam_step=True train_time:1693658ms step_avg:1354.93ms
step:1250/1555 val_step:144/320 val_loss:3.4125 chunk_loss:0.0000 is_adam_step=False train_time:1693658ms step_avg:1354.93ms
step:1250/1555 val_step:145/320 val_loss:3.4121 chunk_loss:0.0000 is_adam_step=True train_time:1693658ms step_avg:1354.93ms
step:1250/1555 val_step:146/320 val_loss:3.4124 chunk_loss:0.0000 is_adam_step=False train_time:1693658ms step_avg:1354.93ms
step:1250/1555 val_step:147/320 val_loss:3.4131 chunk_loss:0.0000 is_adam_step=True train_time:1693658ms step_avg:1354.93ms
step:1250/1555 val_step:148/320 val_loss:3.4141 chunk_loss:0.0000 is_adam_step=False train_time:1693658ms step_avg:1354.93ms
step:1250/1555 val_step:149/320 val_loss:3.4132 chunk_loss:0.0000 is_adam_step=True train_time:1693658ms step_avg:1354.93ms
step:1250/1555 val_step:150/320 val_loss:3.4127 chunk_loss:0.0000 is_adam_step=False train_time:1693658ms step_avg:1354.93ms
step:1250/1555 val_step:151/320 val_loss:3.4129 chunk_loss:0.0000 is_adam_step=True train_time:1693658ms step_avg:1354.93ms
step:1250/1555 val_step:152/320 val_loss:3.4120 chunk_loss:0.0000 is_adam_step=False train_time:1693658ms step_avg:1354.93ms
step:1250/1555 val_step:153/320 val_loss:3.4113 chunk_loss:0.0000 is_adam_step=True train_time:1693658ms step_avg:1354.93ms
step:1250/1555 val_step:154/320 val_loss:3.4112 chunk_loss:0.0000 is_adam_step=False train_time:1693658ms step_avg:1354.93ms
step:1250/1555 val_step:155/320 val_loss:3.4114 chunk_loss:0.0000 is_adam_step=True train_time:1693658ms step_avg:1354.93ms
step:1250/1555 val_step:156/320 val_loss:3.4111 chunk_loss:0.0000 is_adam_step=False train_time:1693658ms step_avg:1354.93ms
step:1250/1555 val_step:157/320 val_loss:3.4113 chunk_loss:0.0000 is_adam_step=True train_time:1693658ms step_avg:1354.93ms
step:1250/1555 val_step:158/320 val_loss:3.4113 chunk_loss:0.0000 is_adam_step=False train_time:1693658ms step_avg:1354.93ms
step:1250/1555 val_step:159/320 val_loss:3.4113 chunk_loss:0.0000 is_adam_step=True train_time:1693658ms step_avg:1354.93ms
step:1250/1555 val_step:160/320 val_loss:3.4123 chunk_loss:0.0000 is_adam_step=False train_time:1693658ms step_avg:1354.93ms
step:1250/1555 val_step:161/320 val_loss:3.4122 chunk_loss:0.0000 is_adam_step=True train_time:1693658ms step_avg:1354.93ms
step:1250/1555 val_step:162/320 val_loss:3.4127 chunk_loss:0.0000 is_adam_step=False train_time:1693658ms step_avg:1354.93ms
step:1250/1555 val_step:163/320 val_loss:3.4119 chunk_loss:0.0000 is_adam_step=True train_time:1693658ms step_avg:1354.93ms
step:1250/1555 val_step:164/320 val_loss:3.4118 chunk_loss:0.0000 is_adam_step=False train_time:1693658ms step_avg:1354.93ms
step:1250/1555 val_step:165/320 val_loss:3.4153 chunk_loss:0.0000 is_adam_step=True train_time:1693658ms step_avg:1354.93ms
step:1250/1555 val_step:166/320 val_loss:3.4164 chunk_loss:0.0000 is_adam_step=False train_time:1693658ms step_avg:1354.93ms
step:1250/1555 val_step:167/320 val_loss:3.4168 chunk_loss:0.0000 is_adam_step=True train_time:1693658ms step_avg:1354.93ms
step:1250/1555 val_step:168/320 val_loss:3.4166 chunk_loss:0.0000 is_adam_step=False train_time:1693658ms step_avg:1354.93ms
step:1250/1555 val_step:169/320 val_loss:3.4167 chunk_loss:0.0000 is_adam_step=True train_time:1693658ms step_avg:1354.93ms
step:1250/1555 val_step:170/320 val_loss:3.4164 chunk_loss:0.0000 is_adam_step=False train_time:1693658ms step_avg:1354.93ms
step:1250/1555 val_step:171/320 val_loss:3.4153 chunk_loss:0.0000 is_adam_step=True train_time:1693658ms step_avg:1354.93ms
step:1250/1555 val_step:172/320 val_loss:3.4152 chunk_loss:0.0000 is_adam_step=False train_time:1693658ms step_avg:1354.93ms
step:1250/1555 val_step:173/320 val_loss:3.4147 chunk_loss:0.0000 is_adam_step=True train_time:1693658ms step_avg:1354.93ms
step:1250/1555 val_step:174/320 val_loss:3.4160 chunk_loss:0.0000 is_adam_step=False train_time:1693658ms step_avg:1354.93ms
step:1250/1555 val_step:175/320 val_loss:3.4159 chunk_loss:0.0000 is_adam_step=True train_time:1693658ms step_avg:1354.93ms
step:1250/1555 val_step:176/320 val_loss:3.4161 chunk_loss:0.0000 is_adam_step=False train_time:1693658ms step_avg:1354.93ms
step:1250/1555 val_step:177/320 val_loss:3.4148 chunk_loss:0.0000 is_adam_step=True train_time:1693658ms step_avg:1354.93ms
step:1250/1555 val_step:178/320 val_loss:3.4149 chunk_loss:0.0000 is_adam_step=False train_time:1693658ms step_avg:1354.93ms
step:1250/1555 val_step:179/320 val_loss:3.4149 chunk_loss:0.0000 is_adam_step=True train_time:1693658ms step_avg:1354.93ms
step:1250/1555 val_step:180/320 val_loss:3.4143 chunk_loss:0.0000 is_adam_step=False train_time:1693658ms step_avg:1354.93ms
step:1250/1555 val_step:181/320 val_loss:3.4147 chunk_loss:0.0000 is_adam_step=True train_time:1693658ms step_avg:1354.93ms
step:1250/1555 val_step:182/320 val_loss:3.4132 chunk_loss:0.0000 is_adam_step=False train_time:1693658ms step_avg:1354.93ms
step:1250/1555 val_step:183/320 val_loss:3.4140 chunk_loss:0.0000 is_adam_step=True train_time:1693658ms step_avg:1354.93ms
step:1250/1555 val_step:184/320 val_loss:3.4129 chunk_loss:0.0000 is_adam_step=False train_time:1693658ms step_avg:1354.93ms
step:1250/1555 val_step:185/320 val_loss:3.4109 chunk_loss:0.0000 is_adam_step=True train_time:1693658ms step_avg:1354.93ms
step:1250/1555 val_step:186/320 val_loss:3.4105 chunk_loss:0.0000 is_adam_step=False train_time:1693658ms step_avg:1354.93ms
step:1250/1555 val_step:187/320 val_loss:3.4099 chunk_loss:0.0000 is_adam_step=True train_time:1693658ms step_avg:1354.93ms
step:1250/1555 val_step:188/320 val_loss:3.4105 chunk_loss:0.0000 is_adam_step=False train_time:1693658ms step_avg:1354.93ms
step:1250/1555 val_step:189/320 val_loss:3.4092 chunk_loss:0.0000 is_adam_step=True train_time:1693658ms step_avg:1354.93ms
step:1250/1555 val_step:190/320 val_loss:3.4090 chunk_loss:0.0000 is_adam_step=False train_time:1693658ms step_avg:1354.93ms
step:1250/1555 val_step:191/320 val_loss:3.4087 chunk_loss:0.0000 is_adam_step=True train_time:1693658ms step_avg:1354.93ms
step:1250/1555 val_step:192/320 val_loss:3.4085 chunk_loss:0.0000 is_adam_step=False train_time:1693658ms step_avg:1354.93ms
step:1250/1555 val_step:193/320 val_loss:3.4087 chunk_loss:0.0000 is_adam_step=True train_time:1693658ms step_avg:1354.93ms
step:1250/1555 val_step:194/320 val_loss:3.4093 chunk_loss:0.0000 is_adam_step=False train_time:1693658ms step_avg:1354.93ms
step:1250/1555 val_step:195/320 val_loss:3.4084 chunk_loss:0.0000 is_adam_step=True train_time:1693658ms step_avg:1354.93ms
step:1250/1555 val_step:196/320 val_loss:3.4081 chunk_loss:0.0000 is_adam_step=False train_time:1693658ms step_avg:1354.93ms
step:1250/1555 val_step:197/320 val_loss:3.4083 chunk_loss:0.0000 is_adam_step=True train_time:1693658ms step_avg:1354.93ms
step:1250/1555 val_step:198/320 val_loss:3.4087 chunk_loss:0.0000 is_adam_step=False train_time:1693658ms step_avg:1354.93ms
step:1250/1555 val_step:199/320 val_loss:3.4081 chunk_loss:0.0000 is_adam_step=True train_time:1693658ms step_avg:1354.93ms
step:1250/1555 val_step:200/320 val_loss:3.4076 chunk_loss:0.0000 is_adam_step=False train_time:1693658ms step_avg:1354.93ms
step:1250/1555 val_step:201/320 val_loss:3.4056 chunk_loss:0.0000 is_adam_step=True train_time:1693658ms step_avg:1354.93ms
step:1250/1555 val_step:202/320 val_loss:3.4067 chunk_loss:0.0000 is_adam_step=False train_time:1693658ms step_avg:1354.93ms
step:1250/1555 val_step:203/320 val_loss:3.4058 chunk_loss:0.0000 is_adam_step=True train_time:1693658ms step_avg:1354.93ms
step:1250/1555 val_step:204/320 val_loss:3.4054 chunk_loss:0.0000 is_adam_step=False train_time:1693658ms step_avg:1354.93ms
step:1250/1555 val_step:205/320 val_loss:3.4058 chunk_loss:0.0000 is_adam_step=True train_time:1693658ms step_avg:1354.93ms
step:1250/1555 val_step:206/320 val_loss:3.4054 chunk_loss:0.0000 is_adam_step=False train_time:1693658ms step_avg:1354.93ms
step:1250/1555 val_step:207/320 val_loss:3.4055 chunk_loss:0.0000 is_adam_step=True train_time:1693658ms step_avg:1354.93ms
step:1250/1555 val_step:208/320 val_loss:3.4043 chunk_loss:0.0000 is_adam_step=False train_time:1693658ms step_avg:1354.93ms
step:1250/1555 val_step:209/320 val_loss:3.4047 chunk_loss:0.0000 is_adam_step=True train_time:1693658ms step_avg:1354.93ms
step:1250/1555 val_step:210/320 val_loss:3.4034 chunk_loss:0.0000 is_adam_step=False train_time:1693658ms step_avg:1354.93ms
step:1250/1555 val_step:211/320 val_loss:3.4029 chunk_loss:0.0000 is_adam_step=True train_time:1693658ms step_avg:1354.93ms
step:1250/1555 val_step:212/320 val_loss:3.4044 chunk_loss:0.0000 is_adam_step=False train_time:1693658ms step_avg:1354.93ms
step:1250/1555 val_step:213/320 val_loss:3.4042 chunk_loss:0.0000 is_adam_step=True train_time:1693658ms step_avg:1354.93ms
step:1250/1555 val_step:214/320 val_loss:3.4051 chunk_loss:0.0000 is_adam_step=False train_time:1693658ms step_avg:1354.93ms
step:1250/1555 val_step:215/320 val_loss:3.4040 chunk_loss:0.0000 is_adam_step=True train_time:1693658ms step_avg:1354.93ms
step:1250/1555 val_step:216/320 val_loss:3.4038 chunk_loss:0.0000 is_adam_step=False train_time:1693658ms step_avg:1354.93ms
step:1250/1555 val_step:217/320 val_loss:3.4045 chunk_loss:0.0000 is_adam_step=True train_time:1693658ms step_avg:1354.93ms
step:1250/1555 val_step:218/320 val_loss:3.4045 chunk_loss:0.0000 is_adam_step=False train_time:1693658ms step_avg:1354.93ms
step:1250/1555 val_step:219/320 val_loss:3.4048 chunk_loss:0.0000 is_adam_step=True train_time:1693658ms step_avg:1354.93ms
step:1250/1555 val_step:220/320 val_loss:3.4048 chunk_loss:0.0000 is_adam_step=False train_time:1693658ms step_avg:1354.93ms
step:1250/1555 val_step:221/320 val_loss:3.4046 chunk_loss:0.0000 is_adam_step=True train_time:1693658ms step_avg:1354.93ms
step:1250/1555 val_step:222/320 val_loss:3.4047 chunk_loss:0.0000 is_adam_step=False train_time:1693658ms step_avg:1354.93ms
step:1250/1555 val_step:223/320 val_loss:3.4046 chunk_loss:0.0000 is_adam_step=True train_time:1693658ms step_avg:1354.93ms
step:1250/1555 val_step:224/320 val_loss:3.4040 chunk_loss:0.0000 is_adam_step=False train_time:1693658ms step_avg:1354.93ms
step:1250/1555 val_step:225/320 val_loss:3.4031 chunk_loss:0.0000 is_adam_step=True train_time:1693658ms step_avg:1354.93ms
step:1250/1555 val_step:226/320 val_loss:3.4027 chunk_loss:0.0000 is_adam_step=False train_time:1693658ms step_avg:1354.93ms
step:1250/1555 val_step:227/320 val_loss:3.4029 chunk_loss:0.0000 is_adam_step=True train_time:1693658ms step_avg:1354.93ms
step:1250/1555 val_step:228/320 val_loss:3.4030 chunk_loss:0.0000 is_adam_step=False train_time:1693658ms step_avg:1354.93ms
step:1250/1555 val_step:229/320 val_loss:3.4035 chunk_loss:0.0000 is_adam_step=True train_time:1693658ms step_avg:1354.93ms
step:1250/1555 val_step:230/320 val_loss:3.4036 chunk_loss:0.0000 is_adam_step=False train_time:1693658ms step_avg:1354.93ms
step:1250/1555 val_step:231/320 val_loss:3.4033 chunk_loss:0.0000 is_adam_step=True train_time:1693658ms step_avg:1354.93ms
step:1250/1555 val_step:232/320 val_loss:3.4037 chunk_loss:0.0000 is_adam_step=False train_time:1693658ms step_avg:1354.93ms
step:1250/1555 val_step:233/320 val_loss:3.4042 chunk_loss:0.0000 is_adam_step=True train_time:1693658ms step_avg:1354.93ms
step:1250/1555 val_step:234/320 val_loss:3.4040 chunk_loss:0.0000 is_adam_step=False train_time:1693658ms step_avg:1354.93ms
step:1250/1555 val_step:235/320 val_loss:3.4038 chunk_loss:0.0000 is_adam_step=True train_time:1693658ms step_avg:1354.93ms
step:1250/1555 val_step:236/320 val_loss:3.4039 chunk_loss:0.0000 is_adam_step=False train_time:1693658ms step_avg:1354.93ms
step:1250/1555 val_step:237/320 val_loss:3.4038 chunk_loss:0.0000 is_adam_step=True train_time:1693658ms step_avg:1354.93ms
step:1250/1555 val_step:238/320 val_loss:3.4036 chunk_loss:0.0000 is_adam_step=False train_time:1693658ms step_avg:1354.93ms
step:1250/1555 val_step:239/320 val_loss:3.4033 chunk_loss:0.0000 is_adam_step=True train_time:1693658ms step_avg:1354.93ms
step:1250/1555 val_step:240/320 val_loss:3.4030 chunk_loss:0.0000 is_adam_step=False train_time:1693658ms step_avg:1354.93ms
step:1250/1555 val_step:241/320 val_loss:3.4032 chunk_loss:0.0000 is_adam_step=True train_time:1693658ms step_avg:1354.93ms
step:1250/1555 val_step:242/320 val_loss:3.4043 chunk_loss:0.0000 is_adam_step=False train_time:1693658ms step_avg:1354.93ms
step:1250/1555 val_step:243/320 val_loss:3.4040 chunk_loss:0.0000 is_adam_step=True train_time:1693658ms step_avg:1354.93ms
step:1250/1555 val_step:244/320 val_loss:3.4045 chunk_loss:0.0000 is_adam_step=False train_time:1693658ms step_avg:1354.93ms
step:1250/1555 val_step:245/320 val_loss:3.4047 chunk_loss:0.0000 is_adam_step=True train_time:1693658ms step_avg:1354.93ms
step:1250/1555 val_step:246/320 val_loss:3.4049 chunk_loss:0.0000 is_adam_step=False train_time:1693658ms step_avg:1354.93ms
step:1250/1555 val_step:247/320 val_loss:3.4049 chunk_loss:0.0000 is_adam_step=True train_time:1693658ms step_avg:1354.93ms
step:1250/1555 val_step:248/320 val_loss:3.4047 chunk_loss:0.0000 is_adam_step=False train_time:1693658ms step_avg:1354.93ms
step:1250/1555 val_step:249/320 val_loss:3.4060 chunk_loss:0.0000 is_adam_step=True train_time:1693658ms step_avg:1354.93ms
step:1250/1555 val_step:250/320 val_loss:3.4060 chunk_loss:0.0000 is_adam_step=False train_time:1693658ms step_avg:1354.93ms
step:1250/1555 val_step:251/320 val_loss:3.4061 chunk_loss:0.0000 is_adam_step=True train_time:1693658ms step_avg:1354.93ms
step:1250/1555 val_step:252/320 val_loss:3.4065 chunk_loss:0.0000 is_adam_step=False train_time:1693658ms step_avg:1354.93ms
step:1250/1555 val_step:253/320 val_loss:3.4063 chunk_loss:0.0000 is_adam_step=True train_time:1693658ms step_avg:1354.93ms
step:1250/1555 val_step:254/320 val_loss:3.4067 chunk_loss:0.0000 is_adam_step=False train_time:1693658ms step_avg:1354.93ms
step:1250/1555 val_step:255/320 val_loss:3.4068 chunk_loss:0.0000 is_adam_step=True train_time:1693658ms step_avg:1354.93ms
step:1250/1555 val_step:256/320 val_loss:3.4068 chunk_loss:0.0000 is_adam_step=False train_time:1693658ms step_avg:1354.93ms
step:1250/1555 val_step:257/320 val_loss:3.4078 chunk_loss:0.0000 is_adam_step=True train_time:1693658ms step_avg:1354.93ms
step:1250/1555 val_step:258/320 val_loss:3.4072 chunk_loss:0.0000 is_adam_step=False train_time:1693658ms step_avg:1354.93ms
step:1250/1555 val_step:259/320 val_loss:3.4072 chunk_loss:0.0000 is_adam_step=True train_time:1693658ms step_avg:1354.93ms
step:1250/1555 val_step:260/320 val_loss:3.4070 chunk_loss:0.0000 is_adam_step=False train_time:1693658ms step_avg:1354.93ms
step:1250/1555 val_step:261/320 val_loss:3.4071 chunk_loss:0.0000 is_adam_step=True train_time:1693658ms step_avg:1354.93ms
step:1250/1555 val_step:262/320 val_loss:3.4073 chunk_loss:0.0000 is_adam_step=False train_time:1693658ms step_avg:1354.93ms
step:1250/1555 val_step:263/320 val_loss:3.4070 chunk_loss:0.0000 is_adam_step=True train_time:1693658ms step_avg:1354.93ms
step:1250/1555 val_step:264/320 val_loss:3.4071 chunk_loss:0.0000 is_adam_step=False train_time:1693658ms step_avg:1354.93ms
step:1250/1555 val_step:265/320 val_loss:3.4066 chunk_loss:0.0000 is_adam_step=True train_time:1693658ms step_avg:1354.93ms
step:1250/1555 val_step:266/320 val_loss:3.4068 chunk_loss:0.0000 is_adam_step=False train_time:1693658ms step_avg:1354.93ms
step:1250/1555 val_step:267/320 val_loss:3.4061 chunk_loss:0.0000 is_adam_step=True train_time:1693658ms step_avg:1354.93ms
step:1250/1555 val_step:268/320 val_loss:3.4057 chunk_loss:0.0000 is_adam_step=False train_time:1693658ms step_avg:1354.93ms
step:1250/1555 val_step:269/320 val_loss:3.4055 chunk_loss:0.0000 is_adam_step=True train_time:1693658ms step_avg:1354.93ms
step:1250/1555 val_step:270/320 val_loss:3.4051 chunk_loss:0.0000 is_adam_step=False train_time:1693658ms step_avg:1354.93ms
step:1250/1555 val_step:271/320 val_loss:3.4043 chunk_loss:0.0000 is_adam_step=True train_time:1693658ms step_avg:1354.93ms
step:1250/1555 val_step:272/320 val_loss:3.4035 chunk_loss:0.0000 is_adam_step=False train_time:1693658ms step_avg:1354.93ms
step:1250/1555 val_step:273/320 val_loss:3.4035 chunk_loss:0.0000 is_adam_step=True train_time:1693658ms step_avg:1354.93ms
step:1250/1555 val_step:274/320 val_loss:3.4035 chunk_loss:0.0000 is_adam_step=False train_time:1693658ms step_avg:1354.93ms
step:1250/1555 val_step:275/320 val_loss:3.4040 chunk_loss:0.0000 is_adam_step=True train_time:1693658ms step_avg:1354.93ms
step:1250/1555 val_step:276/320 val_loss:3.4035 chunk_loss:0.0000 is_adam_step=False train_time:1693658ms step_avg:1354.93ms
step:1250/1555 val_step:277/320 val_loss:3.4028 chunk_loss:0.0000 is_adam_step=True train_time:1693658ms step_avg:1354.93ms
step:1250/1555 val_step:278/320 val_loss:3.4026 chunk_loss:0.0000 is_adam_step=False train_time:1693658ms step_avg:1354.93ms
step:1250/1555 val_step:279/320 val_loss:3.4031 chunk_loss:0.0000 is_adam_step=True train_time:1693658ms step_avg:1354.93ms
step:1250/1555 val_step:280/320 val_loss:3.4031 chunk_loss:0.0000 is_adam_step=False train_time:1693658ms step_avg:1354.93ms
step:1250/1555 val_step:281/320 val_loss:3.4028 chunk_loss:0.0000 is_adam_step=True train_time:1693658ms step_avg:1354.93ms
step:1250/1555 val_step:282/320 val_loss:3.4026 chunk_loss:0.0000 is_adam_step=False train_time:1693658ms step_avg:1354.93ms
step:1250/1555 val_step:283/320 val_loss:3.4024 chunk_loss:0.0000 is_adam_step=True train_time:1693658ms step_avg:1354.93ms
step:1250/1555 val_step:284/320 val_loss:3.4027 chunk_loss:0.0000 is_adam_step=False train_time:1693658ms step_avg:1354.93ms
step:1250/1555 val_step:285/320 val_loss:3.4020 chunk_loss:0.0000 is_adam_step=True train_time:1693658ms step_avg:1354.93ms
step:1250/1555 val_step:286/320 val_loss:3.4017 chunk_loss:0.0000 is_adam_step=False train_time:1693658ms step_avg:1354.93ms
step:1250/1555 val_step:287/320 val_loss:3.4020 chunk_loss:0.0000 is_adam_step=True train_time:1693658ms step_avg:1354.93ms
step:1250/1555 val_step:288/320 val_loss:3.4018 chunk_loss:0.0000 is_adam_step=False train_time:1693658ms step_avg:1354.93ms
step:1250/1555 val_step:289/320 val_loss:3.4022 chunk_loss:0.0000 is_adam_step=True train_time:1693658ms step_avg:1354.93ms
step:1250/1555 val_step:290/320 val_loss:3.4027 chunk_loss:0.0000 is_adam_step=False train_time:1693658ms step_avg:1354.93ms
step:1250/1555 val_step:291/320 val_loss:3.4026 chunk_loss:0.0000 is_adam_step=True train_time:1693658ms step_avg:1354.93ms
step:1250/1555 val_step:292/320 val_loss:3.4021 chunk_loss:0.0000 is_adam_step=False train_time:1693658ms step_avg:1354.93ms
step:1250/1555 val_step:293/320 val_loss:3.4019 chunk_loss:0.0000 is_adam_step=True train_time:1693658ms step_avg:1354.93ms
step:1250/1555 val_step:294/320 val_loss:3.4021 chunk_loss:0.0000 is_adam_step=False train_time:1693658ms step_avg:1354.93ms
step:1250/1555 val_step:295/320 val_loss:3.4024 chunk_loss:0.0000 is_adam_step=True train_time:1693658ms step_avg:1354.93ms
step:1250/1555 val_step:296/320 val_loss:3.4025 chunk_loss:0.0000 is_adam_step=False train_time:1693658ms step_avg:1354.93ms
step:1250/1555 val_step:297/320 val_loss:3.4018 chunk_loss:0.0000 is_adam_step=True train_time:1693658ms step_avg:1354.93ms
step:1250/1555 val_step:298/320 val_loss:3.4015 chunk_loss:0.0000 is_adam_step=False train_time:1693658ms step_avg:1354.93ms
step:1250/1555 val_step:299/320 val_loss:3.4013 chunk_loss:0.0000 is_adam_step=True train_time:1693658ms step_avg:1354.93ms
step:1250/1555 val_step:300/320 val_loss:3.4009 chunk_loss:0.0000 is_adam_step=False train_time:1693658ms step_avg:1354.93ms
step:1250/1555 val_step:301/320 val_loss:3.4006 chunk_loss:0.0000 is_adam_step=True train_time:1693658ms step_avg:1354.93ms
step:1250/1555 val_step:302/320 val_loss:3.4004 chunk_loss:0.0000 is_adam_step=False train_time:1693658ms step_avg:1354.93ms
step:1250/1555 val_step:303/320 val_loss:3.4008 chunk_loss:0.0000 is_adam_step=True train_time:1693658ms step_avg:1354.93ms
step:1250/1555 val_step:304/320 val_loss:3.3998 chunk_loss:0.0000 is_adam_step=False train_time:1693658ms step_avg:1354.93ms
step:1250/1555 val_step:305/320 val_loss:3.3996 chunk_loss:0.0000 is_adam_step=True train_time:1693658ms step_avg:1354.93ms
step:1250/1555 val_step:306/320 val_loss:3.3996 chunk_loss:0.0000 is_adam_step=False train_time:1693658ms step_avg:1354.93ms
step:1250/1555 val_step:307/320 val_loss:3.3995 chunk_loss:0.0000 is_adam_step=True train_time:1693658ms step_avg:1354.93ms
step:1250/1555 val_step:308/320 val_loss:3.3996 chunk_loss:0.0000 is_adam_step=False train_time:1693658ms step_avg:1354.93ms
step:1250/1555 val_step:309/320 val_loss:3.3996 chunk_loss:0.0000 is_adam_step=True train_time:1693658ms step_avg:1354.93ms
step:1250/1555 val_step:310/320 val_loss:3.3992 chunk_loss:0.0000 is_adam_step=False train_time:1693658ms step_avg:1354.93ms
step:1250/1555 val_step:311/320 val_loss:3.3995 chunk_loss:0.0000 is_adam_step=True train_time:1693658ms step_avg:1354.93ms
step:1250/1555 val_step:312/320 val_loss:3.3996 chunk_loss:0.0000 is_adam_step=False train_time:1693658ms step_avg:1354.93ms
step:1250/1555 val_step:313/320 val_loss:3.3997 chunk_loss:0.0000 is_adam_step=True train_time:1693658ms step_avg:1354.93ms
step:1250/1555 val_step:314/320 val_loss:3.4000 chunk_loss:0.0000 is_adam_step=False train_time:1693658ms step_avg:1354.93ms
step:1250/1555 val_step:315/320 val_loss:3.4002 chunk_loss:0.0000 is_adam_step=True train_time:1693658ms step_avg:1354.93ms
step:1250/1555 val_step:316/320 val_loss:3.4000 chunk_loss:0.0000 is_adam_step=False train_time:1693658ms step_avg:1354.93ms
step:1250/1555 val_step:317/320 val_loss:3.4000 chunk_loss:0.0000 is_adam_step=True train_time:1693658ms step_avg:1354.93ms
step:1250/1555 val_step:318/320 val_loss:3.4003 chunk_loss:0.0000 is_adam_step=False train_time:1693658ms step_avg:1354.93ms
step:1250/1555 val_step:319/320 val_loss:3.4001 chunk_loss:0.0000 is_adam_step=True train_time:1693658ms step_avg:1354.93ms
step:1250/1555 val_loss:3.4001 train_time:1693658ms step_avg:1354.93ms
step:1251/1555 loss.item()=166521.0625 train_time:1698894ms step_avg:1358.03ms
step:1252/1555 loss.item()=175788.609375 train_time:1704025ms step_avg:1361.04ms
step:1253/1555 loss.item()=168744.546875 train_time:1708415ms step_avg:1363.46ms
step:1254/1555 loss.item()=173009.265625 train_time:1710822ms step_avg:1364.29ms
step:1255/1555 loss.item()=165300.125 train_time:1712709ms step_avg:1364.71ms
step:1256/1555 loss.item()=164256.921875 train_time:1715803ms step_avg:1366.09ms
step:1257/1555 loss.item()=172907.515625 train_time:1717572ms step_avg:1366.41ms
step:1258/1555 loss.item()=166064.40625 train_time:1718850ms step_avg:1366.34ms
step:1259/1555 loss.item()=174170.5 train_time:1720697ms step_avg:1366.72ms
step:1260/1555 loss.item()=167243.515625 train_time:1721826ms step_avg:1366.53ms
step:1261/1555 loss.item()=169181.953125 train_time:1723946ms step_avg:1367.13ms
step:1262/1555 loss.item()=165869.9375 train_time:1727196ms step_avg:1368.62ms
step:1263/1555 loss.item()=169306.234375 train_time:1730582ms step_avg:1370.22ms
step:1264/1555 loss.item()=171966.125 train_time:1732716ms step_avg:1370.82ms
step:1265/1555 loss.item()=172473.21875 train_time:1734801ms step_avg:1371.38ms
step:1266/1555 loss.item()=169255.640625 train_time:1736204ms step_avg:1371.41ms
step:1267/1555 loss.item()=161477.46875 train_time:1739624ms step_avg:1373.03ms
step:1268/1555 loss.item()=170380.15625 train_time:1742029ms step_avg:1373.84ms
step:1269/1555 loss.item()=167509.828125 train_time:1743192ms step_avg:1373.67ms
step:1270/1555 loss.item()=164029.375 train_time:1745318ms step_avg:1374.27ms
step:1271/1555 loss.item()=162359.796875 train_time:1746467ms step_avg:1374.09ms
step:1272/1555 loss.item()=162162.90625 train_time:1747800ms step_avg:1374.06ms
step:1273/1555 loss.item()=169429.265625 train_time:1749696ms step_avg:1374.47ms
step:1274/1555 loss.item()=156477.4375 train_time:1751317ms step_avg:1374.66ms
step:1275/1555 loss.item()=171967.71875 train_time:1752551ms step_avg:1374.55ms
step:1276/1555 loss.item()=168366.0 train_time:1753818ms step_avg:1374.47ms
step:1277/1555 loss.item()=163562.4375 train_time:1754962ms step_avg:1374.29ms
step:1278/1555 loss.item()=167478.4375 train_time:1756726ms step_avg:1374.59ms
step:1279/1555 loss.item()=169098.375 train_time:1758805ms step_avg:1375.14ms
step:1280/1555 loss.item()=165259.15625 train_time:1762184ms step_avg:1376.71ms
step:1281/1555 loss.item()=158567.53125 train_time:1764000ms step_avg:1377.05ms
step:1282/1555 loss.item()=163055.71875 train_time:1765501ms step_avg:1377.15ms
step:1283/1555 loss.item()=168474.28125 train_time:1766795ms step_avg:1377.08ms
step:1284/1555 loss.item()=170717.90625 train_time:1768098ms step_avg:1377.02ms
step:1285/1555 loss.item()=171567.0625 train_time:1769795ms step_avg:1377.27ms
step:1286/1555 loss.item()=166949.8125 train_time:1771529ms step_avg:1377.55ms
step:1287/1555 loss.item()=172809.90625 train_time:1773818ms step_avg:1378.26ms
step:1288/1555 loss.item()=163173.796875 train_time:1776426ms step_avg:1379.21ms
step:1289/1555 loss.item()=167710.75 train_time:1777716ms step_avg:1379.14ms
step:1290/1555 loss.item()=162409.828125 train_time:1779484ms step_avg:1379.45ms
step:1291/1555 loss.item()=167210.984375 train_time:1781016ms step_avg:1379.56ms
step:1292/1555 loss.item()=173380.5625 train_time:1782585ms step_avg:1379.71ms
step:1293/1555 loss.item()=167125.65625 train_time:1784085ms step_avg:1379.80ms
step:1294/1555 loss.item()=168194.40625 train_time:1785466ms step_avg:1379.80ms
step:1295/1555 loss.item()=166848.140625 train_time:1787483ms step_avg:1380.30ms
step:1296/1555 loss.item()=167998.71875 train_time:1788618ms step_avg:1380.11ms
step:1297/1555 loss.item()=166438.9375 train_time:1789939ms step_avg:1380.06ms
step:1298/1555 loss.item()=160503.0 train_time:1792923ms step_avg:1381.30ms
step:1299/1555 loss.item()=168036.78125 train_time:1796361ms step_avg:1382.88ms
step:1300/1555 loss.item()=164910.890625 train_time:1798031ms step_avg:1383.10ms
step:1301/1555 loss.item()=166089.71875 train_time:1799517ms step_avg:1383.18ms
step:1302/1555 loss.item()=175301.40625 train_time:1802515ms step_avg:1384.42ms
step:1303/1555 loss.item()=167490.8125 train_time:1803951ms step_avg:1384.46ms
step:1304/1555 loss.item()=164416.90625 train_time:1805484ms step_avg:1384.57ms
step:1305/1555 loss.item()=170670.890625 train_time:1807317ms step_avg:1384.92ms
step:1306/1555 loss.item()=159147.015625 train_time:1809005ms step_avg:1385.15ms
step:1307/1555 loss.item()=168905.0 train_time:1810999ms step_avg:1385.62ms
step:1308/1555 loss.item()=177735.28125 train_time:1812629ms step_avg:1385.80ms
step:1309/1555 loss.item()=163808.09375 train_time:1815894ms step_avg:1387.24ms
step:1310/1555 loss.item()=170868.09375 train_time:1818018ms step_avg:1387.80ms
step:1311/1555 loss.item()=161529.71875 train_time:1819583ms step_avg:1387.94ms
step:1312/1555 loss.item()=167797.0625 train_time:1821102ms step_avg:1388.04ms
step:1313/1555 loss.item()=173334.21875 train_time:1822953ms step_avg:1388.39ms
step:1314/1555 loss.item()=162698.375 train_time:1824284ms step_avg:1388.34ms
step:1315/1555 loss.item()=168075.84375 train_time:1825711ms step_avg:1388.37ms
step:1316/1555 loss.item()=164994.0625 train_time:1827017ms step_avg:1388.31ms
step:1317/1555 loss.item()=167808.5 train_time:1828684ms step_avg:1388.52ms
step:1318/1555 loss.item()=167442.46875 train_time:1830007ms step_avg:1388.47ms
step:1319/1555 loss.item()=172508.625 train_time:1831297ms step_avg:1388.40ms
step:1320/1555 loss.item()=162091.328125 train_time:1832985ms step_avg:1388.62ms
step:1321/1555 loss.item()=168837.640625 train_time:1834498ms step_avg:1388.72ms
step:1322/1555 loss.item()=165225.359375 train_time:1836806ms step_avg:1389.41ms
step:1323/1555 loss.item()=161304.65625 train_time:1838861ms step_avg:1389.92ms
step:1324/1555 loss.item()=169258.359375 train_time:1840118ms step_avg:1389.82ms
step:1325/1555 loss.item()=168644.5625 train_time:1841722ms step_avg:1389.98ms
step:1326/1555 loss.item()=167462.078125 train_time:1843806ms step_avg:1390.50ms
step:1327/1555 loss.item()=163386.625 train_time:1845300ms step_avg:1390.58ms
step:1328/1555 loss.item()=166039.734375 train_time:1846664ms step_avg:1390.56ms
step:1329/1555 loss.item()=169441.59375 train_time:1847917ms step_avg:1390.46ms
step:1330/1555 loss.item()=164777.53125 train_time:1849504ms step_avg:1390.60ms
step:1331/1555 loss.item()=172807.9375 train_time:1850784ms step_avg:1390.52ms
step:1332/1555 loss.item()=166195.5625 train_time:1853084ms step_avg:1391.20ms
step:1333/1555 loss.item()=163883.140625 train_time:1854320ms step_avg:1391.09ms
step:1334/1555 loss.item()=167612.84375 train_time:1858026ms step_avg:1392.82ms
step:1335/1555 loss.item()=168290.96875 train_time:1859718ms step_avg:1393.05ms
step:1336/1555 loss.item()=166889.734375 train_time:1861184ms step_avg:1393.10ms
step:1337/1555 loss.item()=158282.96875 train_time:1863582ms step_avg:1393.85ms
step:1338/1555 loss.item()=165935.046875 train_time:1864992ms step_avg:1393.87ms
step:1339/1555 loss.item()=164385.1875 train_time:1866301ms step_avg:1393.80ms
step:1340/1555 loss.item()=164379.71875 train_time:1867512ms step_avg:1393.67ms
step:1341/1555 loss.item()=168324.765625 train_time:1869120ms step_avg:1393.83ms
step:1342/1555 loss.item()=166386.421875 train_time:1870656ms step_avg:1393.93ms
step:1343/1555 loss.item()=178076.203125 train_time:1872017ms step_avg:1393.91ms
step:1344/1555 loss.item()=174194.390625 train_time:1873223ms step_avg:1393.77ms
step:1345/1555 loss.item()=165848.9375 train_time:1874619ms step_avg:1393.77ms
step:1346/1555 loss.item()=165969.71875 train_time:1876117ms step_avg:1393.85ms
step:1347/1555 loss.item()=166838.78125 train_time:1877259ms step_avg:1393.66ms
step:1348/1555 loss.item()=167846.8125 train_time:1878803ms step_avg:1393.77ms
step:1349/1555 loss.item()=164995.8125 train_time:1880969ms step_avg:1394.34ms
step:1350/1555 loss.item()=166593.90625 train_time:1882484ms step_avg:1394.43ms
step:1351/1555 loss.item()=161659.9375 train_time:1884201ms step_avg:1394.67ms
step:1352/1555 loss.item()=168732.03125 train_time:1885654ms step_avg:1394.71ms
step:1353/1555 loss.item()=167498.828125 train_time:1887183ms step_avg:1394.81ms
step:1354/1555 loss.item()=165488.3125 train_time:1888504ms step_avg:1394.76ms
step:1355/1555 loss.item()=170904.46875 train_time:1890032ms step_avg:1394.86ms
step:1356/1555 loss.item()=164029.875 train_time:1891255ms step_avg:1394.73ms
step:1357/1555 loss.item()=165907.65625 train_time:1892584ms step_avg:1394.68ms
step:1358/1555 loss.item()=165669.25 train_time:1893885ms step_avg:1394.61ms
step:1359/1555 loss.item()=161978.28125 train_time:1896583ms step_avg:1395.57ms
step:1360/1555 loss.item()=167303.453125 train_time:1897819ms step_avg:1395.46ms
step:1361/1555 loss.item()=166882.53125 train_time:1899317ms step_avg:1395.53ms
step:1362/1555 loss.item()=167548.6875 train_time:1901098ms step_avg:1395.81ms
step:1363/1555 loss.item()=166914.25 train_time:1902462ms step_avg:1395.79ms
step:1364/1555 loss.item()=162555.171875 train_time:1904020ms step_avg:1395.91ms
step:1365/1555 loss.item()=172889.515625 train_time:1905421ms step_avg:1395.91ms
step:1366/1555 loss.item()=167225.453125 train_time:1906732ms step_avg:1395.85ms
step:1367/1555 loss.item()=164531.515625 train_time:1908267ms step_avg:1395.95ms
step:1368/1555 loss.item()=169231.875 train_time:1909667ms step_avg:1395.96ms
step:1369/1555 loss.item()=160777.65625 train_time:1910796ms step_avg:1395.76ms
step:1370/1555 loss.item()=169532.40625 train_time:1913028ms step_avg:1396.37ms
step:1371/1555 loss.item()=168155.21875 train_time:1914384ms step_avg:1396.34ms
step:1372/1555 loss.item()=163723.09375 train_time:1916584ms step_avg:1396.93ms
step:1373/1555 loss.item()=158997.90625 train_time:1918147ms step_avg:1397.05ms
step:1374/1555 loss.item()=164326.84375 train_time:1920029ms step_avg:1397.40ms
step:1375/1555 loss.item()=161884.359375 train_time:1924407ms step_avg:1399.57ms
step:1376/1555 loss.item()=169452.78125 train_time:1926392ms step_avg:1399.99ms
step:1377/1555 loss.item()=167659.15625 train_time:1928018ms step_avg:1400.16ms
step:1378/1555 loss.item()=156843.875 train_time:1929376ms step_avg:1400.13ms
step:1379/1555 loss.item()=163664.75 train_time:1931083ms step_avg:1400.35ms
step:1380/1555 loss.item()=159238.125 train_time:1932272ms step_avg:1400.20ms
step:1381/1555 loss.item()=164406.0625 train_time:1933531ms step_avg:1400.09ms
step:1382/1555 loss.item()=159500.5 train_time:1935022ms step_avg:1400.16ms
step:1383/1555 loss.item()=162035.1875 train_time:1936481ms step_avg:1400.20ms
step:1384/1555 loss.item()=175430.59375 train_time:1937992ms step_avg:1400.28ms
step:1385/1555 loss.item()=170463.453125 train_time:1939619ms step_avg:1400.45ms
step:1386/1555 loss.item()=166972.71875 train_time:1940985ms step_avg:1400.42ms
step:1387/1555 loss.item()=168693.03125 train_time:1942864ms step_avg:1400.77ms
step:1388/1555 loss.item()=163467.28125 train_time:1944034ms step_avg:1400.60ms
step:1389/1555 loss.item()=159515.90625 train_time:1945503ms step_avg:1400.65ms
step:1390/1555 loss.item()=158945.921875 train_time:1946958ms step_avg:1400.69ms
step:1391/1555 loss.item()=165587.65625 train_time:1948332ms step_avg:1400.67ms
step:1392/1555 loss.item()=162889.78125 train_time:1949584ms step_avg:1400.56ms
step:1393/1555 loss.item()=161035.4375 train_time:1950919ms step_avg:1400.52ms
step:1394/1555 loss.item()=162580.03125 train_time:1952321ms step_avg:1400.52ms
step:1395/1555 loss.item()=162422.25 train_time:1953887ms step_avg:1400.64ms
step:1396/1555 loss.item()=168547.125 train_time:1956403ms step_avg:1401.43ms
step:1397/1555 loss.item()=156919.46875 train_time:1957783ms step_avg:1401.42ms
step:1398/1555 loss.item()=165612.171875 train_time:1959297ms step_avg:1401.50ms
step:1399/1555 loss.item()=168326.484375 train_time:1960789ms step_avg:1401.56ms
step:1400/1555 loss.item()=157548.375 train_time:1962297ms step_avg:1401.64ms
step:1401/1555 loss.item()=165835.984375 train_time:1963583ms step_avg:1401.56ms
step:1402/1555 loss.item()=159280.78125 train_time:1964966ms step_avg:1401.54ms
step:1403/1555 loss.item()=164425.03125 train_time:1966600ms step_avg:1401.71ms
step:1404/1555 loss.item()=166005.0 train_time:1968223ms step_avg:1401.87ms
step:1405/1555 loss.item()=164176.453125 train_time:1969896ms step_avg:1402.06ms
step:1406/1555 loss.item()=164448.984375 train_time:1972227ms step_avg:1402.72ms
step:1407/1555 loss.item()=164895.59375 train_time:1974038ms step_avg:1403.01ms
step:1408/1555 loss.item()=167150.1875 train_time:1975501ms step_avg:1403.05ms
step:1409/1555 loss.item()=167763.84375 train_time:1977696ms step_avg:1403.62ms
step:1410/1555 loss.item()=165279.15625 train_time:1979161ms step_avg:1403.66ms
step:1411/1555 loss.item()=171108.453125 train_time:1980884ms step_avg:1403.89ms
step:1412/1555 loss.item()=161744.46875 train_time:1982157ms step_avg:1403.79ms
step:1413/1555 loss.item()=168233.734375 train_time:1984908ms step_avg:1404.75ms
step:1414/1555 loss.item()=165577.4375 train_time:1988096ms step_avg:1406.01ms
step:1415/1555 loss.item()=151724.203125 train_time:1989230ms step_avg:1405.82ms
step:1416/1555 loss.item()=170754.328125 train_time:1990684ms step_avg:1405.85ms
step:1417/1555 loss.item()=164452.984375 train_time:1991883ms step_avg:1405.70ms
step:1418/1555 loss.item()=167273.59375 train_time:1993400ms step_avg:1405.78ms
step:1419/1555 loss.item()=158024.34375 train_time:1994684ms step_avg:1405.70ms
step:1420/1555 loss.item()=158947.71875 train_time:1995862ms step_avg:1405.54ms
step:1421/1555 loss.item()=163126.453125 train_time:1997498ms step_avg:1405.70ms
step:1422/1555 loss.item()=161449.875 train_time:1998769ms step_avg:1405.60ms
step:1423/1555 loss.item()=162949.1875 train_time:2000408ms step_avg:1405.77ms
step:1424/1555 loss.item()=165134.28125 train_time:2001934ms step_avg:1405.85ms
step:1425/1555 loss.item()=163177.0625 train_time:2003416ms step_avg:1405.91ms
step:1426/1555 loss.item()=160825.796875 train_time:2004619ms step_avg:1405.76ms
step:1427/1555 loss.item()=165898.34375 train_time:2006235ms step_avg:1405.91ms
step:1428/1555 loss.item()=164535.109375 train_time:2007537ms step_avg:1405.84ms
step:1429/1555 loss.item()=162379.96875 train_time:2008932ms step_avg:1405.83ms
step:1430/1555 loss.item()=164128.546875 train_time:2010185ms step_avg:1405.72ms
step:1431/1555 loss.item()=165682.859375 train_time:2011632ms step_avg:1405.75ms
step:1432/1555 loss.item()=165494.21875 train_time:2013242ms step_avg:1405.90ms
step:1433/1555 loss.item()=165141.828125 train_time:2014785ms step_avg:1405.99ms
step:1434/1555 loss.item()=166163.90625 train_time:2017260ms step_avg:1406.74ms
step:1435/1555 loss.item()=168328.34375 train_time:2018438ms step_avg:1406.58ms
step:1436/1555 loss.item()=164976.28125 train_time:2019719ms step_avg:1406.49ms
step:1437/1555 loss.item()=162312.34375 train_time:2020924ms step_avg:1406.35ms
step:1438/1555 loss.item()=163886.703125 train_time:2022398ms step_avg:1406.40ms
step:1439/1555 loss.item()=162297.3125 train_time:2023819ms step_avg:1406.41ms
step:1440/1555 loss.item()=160398.515625 train_time:2025197ms step_avg:1406.39ms
step:1441/1555 loss.item()=160607.65625 train_time:2026500ms step_avg:1406.31ms
step:1442/1555 loss.item()=171984.9375 train_time:2027719ms step_avg:1406.19ms
step:1443/1555 loss.item()=161807.75 train_time:2029078ms step_avg:1406.15ms
step:1444/1555 loss.item()=164327.09375 train_time:2030684ms step_avg:1406.29ms
step:1445/1555 loss.item()=163321.234375 train_time:2032896ms step_avg:1406.85ms
step:1446/1555 loss.item()=158369.375 train_time:2034059ms step_avg:1406.68ms
step:1447/1555 loss.item()=165659.015625 train_time:2035619ms step_avg:1406.79ms
step:1448/1555 loss.item()=164077.625 train_time:2037003ms step_avg:1406.77ms
step:1449/1555 loss.item()=161729.40625 train_time:2038958ms step_avg:1407.15ms
step:1450/1555 loss.item()=161154.171875 train_time:2040335ms step_avg:1407.13ms
step:1451/1555 loss.item()=161503.96875 train_time:2041919ms step_avg:1407.25ms
step:1452/1555 loss.item()=161868.84375 train_time:2043124ms step_avg:1407.11ms
step:1453/1555 loss.item()=162463.734375 train_time:2044701ms step_avg:1407.23ms
step:1454/1555 loss.item()=164101.296875 train_time:2046025ms step_avg:1407.17ms
step:1455/1555 loss.item()=163926.5 train_time:2048418ms step_avg:1407.85ms
step:1456/1555 loss.item()=166696.625 train_time:2051969ms step_avg:1409.32ms
step:1457/1555 loss.item()=165525.0625 train_time:2053795ms step_avg:1409.61ms
step:1458/1555 loss.item()=163623.15625 train_time:2055037ms step_avg:1409.49ms
step:1459/1555 loss.item()=163332.59375 train_time:2056484ms step_avg:1409.52ms
step:1460/1555 loss.item()=161833.234375 train_time:2057984ms step_avg:1409.58ms
step:1461/1555 loss.item()=165504.546875 train_time:2059254ms step_avg:1409.48ms
step:1462/1555 loss.item()=161533.265625 train_time:2060766ms step_avg:1409.55ms
step:1463/1555 loss.item()=159746.4375 train_time:2062217ms step_avg:1409.58ms
step:1464/1555 loss.item()=165705.421875 train_time:2063792ms step_avg:1409.69ms
step:1465/1555 loss.item()=161070.875 train_time:2065357ms step_avg:1409.80ms
step:1466/1555 loss.item()=164530.96875 train_time:2066725ms step_avg:1409.77ms
step:1467/1555 loss.item()=162797.625 train_time:2068523ms step_avg:1410.04ms
step:1468/1555 loss.item()=159310.875 train_time:2069769ms step_avg:1409.92ms
step:1469/1555 loss.item()=166829.671875 train_time:2070916ms step_avg:1409.75ms
step:1470/1555 loss.item()=156830.296875 train_time:2072457ms step_avg:1409.83ms
step:1471/1555 loss.item()=159072.265625 train_time:2074119ms step_avg:1410.01ms
step:1472/1555 loss.item()=164788.34375 train_time:2076819ms step_avg:1410.88ms
step:1473/1555 loss.item()=157202.5625 train_time:2078131ms step_avg:1410.82ms
step:1474/1555 loss.item()=167462.15625 train_time:2080185ms step_avg:1411.25ms
step:1475/1555 loss.item()=165723.09375 train_time:2081883ms step_avg:1411.45ms
step:1476/1555 loss.item()=154581.40625 train_time:2083320ms step_avg:1411.46ms
step:1477/1555 loss.item()=165357.03125 train_time:2084583ms step_avg:1411.36ms
step:1478/1555 loss.item()=168282.25 train_time:2086185ms step_avg:1411.49ms
step:1479/1555 loss.item()=167396.34375 train_time:2087983ms step_avg:1411.75ms
step:1480/1555 loss.item()=167047.21875 train_time:2093596ms step_avg:1414.59ms
step:1481/1555 loss.item()=174623.28125 train_time:2098600ms step_avg:1417.02ms
step:1482/1555 loss.item()=160124.0 train_time:2102197ms step_avg:1418.49ms
step:1483/1555 loss.item()=164631.96875 train_time:2104799ms step_avg:1419.28ms
step:1484/1555 loss.item()=160994.46875 train_time:2106018ms step_avg:1419.15ms
step:1485/1555 loss.item()=159095.671875 train_time:2107569ms step_avg:1419.24ms
step:1486/1555 loss.item()=171200.671875 train_time:2110299ms step_avg:1420.12ms
step:1487/1555 loss.item()=162178.65625 train_time:2111833ms step_avg:1420.20ms
step:1488/1555 loss.item()=162306.3125 train_time:2115920ms step_avg:1421.99ms
step:1489/1555 loss.item()=161028.859375 train_time:2117118ms step_avg:1421.84ms
step:1490/1555 loss.item()=161091.25 train_time:2118852ms step_avg:1422.05ms
step:1491/1555 loss.item()=161219.90625 train_time:2120709ms step_avg:1422.34ms
step:1492/1555 loss.item()=158169.046875 train_time:2123285ms step_avg:1423.11ms
step:1493/1555 loss.item()=161763.53125 train_time:2124485ms step_avg:1422.96ms
step:1494/1555 loss.item()=160203.53125 train_time:2126082ms step_avg:1423.08ms
step:1495/1555 loss.item()=164119.4375 train_time:2127483ms step_avg:1423.07ms
step:1496/1555 loss.item()=166065.8125 train_time:2128984ms step_avg:1423.12ms
step:1497/1555 loss.item()=163278.578125 train_time:2130454ms step_avg:1423.15ms
step:1498/1555 loss.item()=161247.015625 train_time:2131853ms step_avg:1423.13ms
step:1499/1555 loss.item()=168678.765625 train_time:2132984ms step_avg:1422.94ms
step:1500/1555 loss.item()=169363.46875 train_time:2134638ms step_avg:1423.09ms
step:1500/1555 starting test-time training...
step:1500/1555 val_step:0/320 val_loss:3.2116 chunk_loss:0.0000 is_adam_step=False train_time:2134649ms step_avg:1423.10ms
step:1500/1555 val_step:1/320 val_loss:3.2500 chunk_loss:0.0000 is_adam_step=True train_time:2134649ms step_avg:1423.10ms
step:1500/1555 val_step:2/320 val_loss:3.2940 chunk_loss:0.0000 is_adam_step=False train_time:2134649ms step_avg:1423.10ms
step:1500/1555 val_step:3/320 val_loss:3.2685 chunk_loss:0.0000 is_adam_step=True train_time:2134649ms step_avg:1423.10ms
step:1500/1555 val_step:4/320 val_loss:3.2908 chunk_loss:0.0000 is_adam_step=False train_time:2134649ms step_avg:1423.10ms
step:1500/1555 val_step:5/320 val_loss:3.2850 chunk_loss:0.0000 is_adam_step=True train_time:2134649ms step_avg:1423.10ms
step:1500/1555 val_step:6/320 val_loss:3.2219 chunk_loss:0.0000 is_adam_step=False train_time:2134649ms step_avg:1423.10ms
step:1500/1555 val_step:7/320 val_loss:3.2516 chunk_loss:0.0000 is_adam_step=True train_time:2134649ms step_avg:1423.10ms
step:1500/1555 val_step:8/320 val_loss:3.2605 chunk_loss:0.0000 is_adam_step=False train_time:2134649ms step_avg:1423.10ms
step:1500/1555 val_step:9/320 val_loss:3.2797 chunk_loss:0.0000 is_adam_step=True train_time:2134649ms step_avg:1423.10ms
step:1500/1555 val_step:10/320 val_loss:3.2840 chunk_loss:0.0000 is_adam_step=False train_time:2134649ms step_avg:1423.10ms
step:1500/1555 val_step:11/320 val_loss:3.2681 chunk_loss:0.0000 is_adam_step=True train_time:2134649ms step_avg:1423.10ms
step:1500/1555 val_step:12/320 val_loss:3.2764 chunk_loss:0.0000 is_adam_step=False train_time:2134649ms step_avg:1423.10ms
step:1500/1555 val_step:13/320 val_loss:3.2768 chunk_loss:0.0000 is_adam_step=True train_time:2134649ms step_avg:1423.10ms
step:1500/1555 val_step:14/320 val_loss:3.2765 chunk_loss:0.0000 is_adam_step=False train_time:2134649ms step_avg:1423.10ms
step:1500/1555 val_step:15/320 val_loss:3.2790 chunk_loss:0.0000 is_adam_step=True train_time:2134649ms step_avg:1423.10ms
step:1500/1555 val_step:16/320 val_loss:3.2700 chunk_loss:0.0000 is_adam_step=False train_time:2134649ms step_avg:1423.10ms
step:1500/1555 val_step:17/320 val_loss:3.2885 chunk_loss:0.0000 is_adam_step=True train_time:2134649ms step_avg:1423.10ms
step:1500/1555 val_step:18/320 val_loss:3.2807 chunk_loss:0.0000 is_adam_step=False train_time:2134649ms step_avg:1423.10ms
step:1500/1555 val_step:19/320 val_loss:3.2835 chunk_loss:0.0000 is_adam_step=True train_time:2134649ms step_avg:1423.10ms
step:1500/1555 val_step:20/320 val_loss:3.2844 chunk_loss:0.0000 is_adam_step=False train_time:2134649ms step_avg:1423.10ms
step:1500/1555 val_step:21/320 val_loss:3.2934 chunk_loss:0.0000 is_adam_step=True train_time:2134649ms step_avg:1423.10ms
step:1500/1555 val_step:22/320 val_loss:3.2921 chunk_loss:0.0000 is_adam_step=False train_time:2134649ms step_avg:1423.10ms
step:1500/1555 val_step:23/320 val_loss:3.2993 chunk_loss:0.0000 is_adam_step=True train_time:2134649ms step_avg:1423.10ms
step:1500/1555 val_step:24/320 val_loss:3.3008 chunk_loss:0.0000 is_adam_step=False train_time:2134649ms step_avg:1423.10ms
step:1500/1555 val_step:25/320 val_loss:3.2970 chunk_loss:0.0000 is_adam_step=True train_time:2134649ms step_avg:1423.10ms
step:1500/1555 val_step:26/320 val_loss:3.3102 chunk_loss:0.0000 is_adam_step=False train_time:2134649ms step_avg:1423.10ms
step:1500/1555 val_step:27/320 val_loss:3.3196 chunk_loss:0.0000 is_adam_step=True train_time:2134649ms step_avg:1423.10ms
step:1500/1555 val_step:28/320 val_loss:3.3147 chunk_loss:0.0000 is_adam_step=False train_time:2134649ms step_avg:1423.10ms
step:1500/1555 val_step:29/320 val_loss:3.3055 chunk_loss:0.0000 is_adam_step=True train_time:2134649ms step_avg:1423.10ms
step:1500/1555 val_step:30/320 val_loss:3.3040 chunk_loss:0.0000 is_adam_step=False train_time:2134649ms step_avg:1423.10ms
step:1500/1555 val_step:31/320 val_loss:3.3027 chunk_loss:0.0000 is_adam_step=True train_time:2134649ms step_avg:1423.10ms
step:1500/1555 val_step:32/320 val_loss:3.2992 chunk_loss:0.0000 is_adam_step=False train_time:2134649ms step_avg:1423.10ms
step:1500/1555 val_step:33/320 val_loss:3.3008 chunk_loss:0.0000 is_adam_step=True train_time:2134649ms step_avg:1423.10ms
step:1500/1555 val_step:34/320 val_loss:3.3022 chunk_loss:0.0000 is_adam_step=False train_time:2134649ms step_avg:1423.10ms
step:1500/1555 val_step:35/320 val_loss:3.3017 chunk_loss:0.0000 is_adam_step=True train_time:2134649ms step_avg:1423.10ms
step:1500/1555 val_step:36/320 val_loss:3.3024 chunk_loss:0.0000 is_adam_step=False train_time:2134649ms step_avg:1423.10ms
step:1500/1555 val_step:37/320 val_loss:3.3047 chunk_loss:0.0000 is_adam_step=True train_time:2134649ms step_avg:1423.10ms
step:1500/1555 val_step:38/320 val_loss:3.2979 chunk_loss:0.0000 is_adam_step=False train_time:2134649ms step_avg:1423.10ms
step:1500/1555 val_step:39/320 val_loss:3.3016 chunk_loss:0.0000 is_adam_step=True train_time:2134649ms step_avg:1423.10ms
step:1500/1555 val_step:40/320 val_loss:3.3060 chunk_loss:0.0000 is_adam_step=False train_time:2134649ms step_avg:1423.10ms
step:1500/1555 val_step:41/320 val_loss:3.3133 chunk_loss:0.0000 is_adam_step=True train_time:2134649ms step_avg:1423.10ms
step:1500/1555 val_step:42/320 val_loss:3.3126 chunk_loss:0.0000 is_adam_step=False train_time:2134649ms step_avg:1423.10ms
step:1500/1555 val_step:43/320 val_loss:3.3143 chunk_loss:0.0000 is_adam_step=True train_time:2134649ms step_avg:1423.10ms
step:1500/1555 val_step:44/320 val_loss:3.3200 chunk_loss:0.0000 is_adam_step=False train_time:2134649ms step_avg:1423.10ms
step:1500/1555 val_step:45/320 val_loss:3.3202 chunk_loss:0.0000 is_adam_step=True train_time:2134649ms step_avg:1423.10ms
step:1500/1555 val_step:46/320 val_loss:3.3209 chunk_loss:0.0000 is_adam_step=False train_time:2134649ms step_avg:1423.10ms
step:1500/1555 val_step:47/320 val_loss:3.3210 chunk_loss:0.0000 is_adam_step=True train_time:2134649ms step_avg:1423.10ms
step:1500/1555 val_step:48/320 val_loss:3.3194 chunk_loss:0.0000 is_adam_step=False train_time:2134649ms step_avg:1423.10ms
step:1500/1555 val_step:49/320 val_loss:3.3174 chunk_loss:0.0000 is_adam_step=True train_time:2134649ms step_avg:1423.10ms
step:1500/1555 val_step:50/320 val_loss:3.3162 chunk_loss:0.0000 is_adam_step=False train_time:2134649ms step_avg:1423.10ms
step:1500/1555 val_step:51/320 val_loss:3.3142 chunk_loss:0.0000 is_adam_step=True train_time:2134649ms step_avg:1423.10ms
step:1500/1555 val_step:52/320 val_loss:3.3155 chunk_loss:0.0000 is_adam_step=False train_time:2134649ms step_avg:1423.10ms
step:1500/1555 val_step:53/320 val_loss:3.3154 chunk_loss:0.0000 is_adam_step=True train_time:2134649ms step_avg:1423.10ms
step:1500/1555 val_step:54/320 val_loss:3.3126 chunk_loss:0.0000 is_adam_step=False train_time:2134649ms step_avg:1423.10ms
step:1500/1555 val_step:55/320 val_loss:3.3122 chunk_loss:0.0000 is_adam_step=True train_time:2134649ms step_avg:1423.10ms
step:1500/1555 val_step:56/320 val_loss:3.3107 chunk_loss:0.0000 is_adam_step=False train_time:2134649ms step_avg:1423.10ms
step:1500/1555 val_step:57/320 val_loss:3.3096 chunk_loss:0.0000 is_adam_step=True train_time:2134649ms step_avg:1423.10ms
step:1500/1555 val_step:58/320 val_loss:3.3094 chunk_loss:0.0000 is_adam_step=False train_time:2134649ms step_avg:1423.10ms
step:1500/1555 val_step:59/320 val_loss:3.3110 chunk_loss:0.0000 is_adam_step=True train_time:2134649ms step_avg:1423.10ms
step:1500/1555 val_step:60/320 val_loss:3.3095 chunk_loss:0.0000 is_adam_step=False train_time:2134649ms step_avg:1423.10ms
step:1500/1555 val_step:61/320 val_loss:3.3094 chunk_loss:0.0000 is_adam_step=True train_time:2134649ms step_avg:1423.10ms
step:1500/1555 val_step:62/320 val_loss:3.3094 chunk_loss:0.0000 is_adam_step=False train_time:2134649ms step_avg:1423.10ms
step:1500/1555 val_step:63/320 val_loss:3.3095 chunk_loss:0.0000 is_adam_step=True train_time:2134649ms step_avg:1423.10ms
step:1500/1555 val_step:64/320 val_loss:3.3116 chunk_loss:0.0000 is_adam_step=False train_time:2134649ms step_avg:1423.10ms
step:1500/1555 val_step:65/320 val_loss:3.3132 chunk_loss:0.0000 is_adam_step=True train_time:2134649ms step_avg:1423.10ms
step:1500/1555 val_step:66/320 val_loss:3.3166 chunk_loss:0.0000 is_adam_step=False train_time:2134649ms step_avg:1423.10ms
step:1500/1555 val_step:67/320 val_loss:3.3172 chunk_loss:0.0000 is_adam_step=True train_time:2134649ms step_avg:1423.10ms
step:1500/1555 val_step:68/320 val_loss:3.3159 chunk_loss:0.0000 is_adam_step=False train_time:2134649ms step_avg:1423.10ms
step:1500/1555 val_step:69/320 val_loss:3.3164 chunk_loss:0.0000 is_adam_step=True train_time:2134649ms step_avg:1423.10ms
step:1500/1555 val_step:70/320 val_loss:3.3152 chunk_loss:0.0000 is_adam_step=False train_time:2134649ms step_avg:1423.10ms
step:1500/1555 val_step:71/320 val_loss:3.3127 chunk_loss:0.0000 is_adam_step=True train_time:2134649ms step_avg:1423.10ms
step:1500/1555 val_step:72/320 val_loss:3.3108 chunk_loss:0.0000 is_adam_step=False train_time:2134649ms step_avg:1423.10ms
step:1500/1555 val_step:73/320 val_loss:3.3109 chunk_loss:0.0000 is_adam_step=True train_time:2134649ms step_avg:1423.10ms
step:1500/1555 val_step:74/320 val_loss:3.3136 chunk_loss:0.0000 is_adam_step=False train_time:2134649ms step_avg:1423.10ms
step:1500/1555 val_step:75/320 val_loss:3.3137 chunk_loss:0.0000 is_adam_step=True train_time:2134649ms step_avg:1423.10ms
step:1500/1555 val_step:76/320 val_loss:3.3130 chunk_loss:0.0000 is_adam_step=False train_time:2134649ms step_avg:1423.10ms
step:1500/1555 val_step:77/320 val_loss:3.3146 chunk_loss:0.0000 is_adam_step=True train_time:2134649ms step_avg:1423.10ms
step:1500/1555 val_step:78/320 val_loss:3.3129 chunk_loss:0.0000 is_adam_step=False train_time:2134649ms step_avg:1423.10ms
step:1500/1555 val_step:79/320 val_loss:3.3108 chunk_loss:0.0000 is_adam_step=True train_time:2134649ms step_avg:1423.10ms
step:1500/1555 val_step:80/320 val_loss:3.3095 chunk_loss:0.0000 is_adam_step=False train_time:2134649ms step_avg:1423.10ms
step:1500/1555 val_step:81/320 val_loss:3.3073 chunk_loss:0.0000 is_adam_step=True train_time:2134649ms step_avg:1423.10ms
step:1500/1555 val_step:82/320 val_loss:3.3077 chunk_loss:0.0000 is_adam_step=False train_time:2134649ms step_avg:1423.10ms
step:1500/1555 val_step:83/320 val_loss:3.3050 chunk_loss:0.0000 is_adam_step=True train_time:2134649ms step_avg:1423.10ms
step:1500/1555 val_step:84/320 val_loss:3.3054 chunk_loss:0.0000 is_adam_step=False train_time:2134649ms step_avg:1423.10ms
step:1500/1555 val_step:85/320 val_loss:3.3050 chunk_loss:0.0000 is_adam_step=True train_time:2134649ms step_avg:1423.10ms
step:1500/1555 val_step:86/320 val_loss:3.3048 chunk_loss:0.0000 is_adam_step=False train_time:2134649ms step_avg:1423.10ms
step:1500/1555 val_step:87/320 val_loss:3.3045 chunk_loss:0.0000 is_adam_step=True train_time:2134649ms step_avg:1423.10ms
step:1500/1555 val_step:88/320 val_loss:3.3043 chunk_loss:0.0000 is_adam_step=False train_time:2134649ms step_avg:1423.10ms
step:1500/1555 val_step:89/320 val_loss:3.3051 chunk_loss:0.0000 is_adam_step=True train_time:2134649ms step_avg:1423.10ms
step:1500/1555 val_step:90/320 val_loss:3.3037 chunk_loss:0.0000 is_adam_step=False train_time:2134649ms step_avg:1423.10ms
step:1500/1555 val_step:91/320 val_loss:3.3026 chunk_loss:0.0000 is_adam_step=True train_time:2134649ms step_avg:1423.10ms
step:1500/1555 val_step:92/320 val_loss:3.3039 chunk_loss:0.0000 is_adam_step=False train_time:2134649ms step_avg:1423.10ms
step:1500/1555 val_step:93/320 val_loss:3.3046 chunk_loss:0.0000 is_adam_step=True train_time:2134649ms step_avg:1423.10ms
step:1500/1555 val_step:94/320 val_loss:3.3055 chunk_loss:0.0000 is_adam_step=False train_time:2134649ms step_avg:1423.10ms
step:1500/1555 val_step:95/320 val_loss:3.3060 chunk_loss:0.0000 is_adam_step=True train_time:2134649ms step_avg:1423.10ms
step:1500/1555 val_step:96/320 val_loss:3.3072 chunk_loss:0.0000 is_adam_step=False train_time:2134649ms step_avg:1423.10ms
step:1500/1555 val_step:97/320 val_loss:3.3110 chunk_loss:0.0000 is_adam_step=True train_time:2134649ms step_avg:1423.10ms
step:1500/1555 val_step:98/320 val_loss:3.3114 chunk_loss:0.0000 is_adam_step=False train_time:2134649ms step_avg:1423.10ms
step:1500/1555 val_step:99/320 val_loss:3.3116 chunk_loss:0.0000 is_adam_step=True train_time:2134649ms step_avg:1423.10ms
step:1500/1555 val_step:100/320 val_loss:3.3114 chunk_loss:0.0000 is_adam_step=False train_time:2134649ms step_avg:1423.10ms
step:1500/1555 val_step:101/320 val_loss:3.3107 chunk_loss:0.0000 is_adam_step=True train_time:2134649ms step_avg:1423.10ms
step:1500/1555 val_step:102/320 val_loss:3.3119 chunk_loss:0.0000 is_adam_step=False train_time:2134649ms step_avg:1423.10ms
step:1500/1555 val_step:103/320 val_loss:3.3138 chunk_loss:0.0000 is_adam_step=True train_time:2134649ms step_avg:1423.10ms
step:1500/1555 val_step:104/320 val_loss:3.3136 chunk_loss:0.0000 is_adam_step=False train_time:2134649ms step_avg:1423.10ms
step:1500/1555 val_step:105/320 val_loss:3.3133 chunk_loss:0.0000 is_adam_step=True train_time:2134649ms step_avg:1423.10ms
step:1500/1555 val_step:106/320 val_loss:3.3112 chunk_loss:0.0000 is_adam_step=False train_time:2134649ms step_avg:1423.10ms
step:1500/1555 val_step:107/320 val_loss:3.3107 chunk_loss:0.0000 is_adam_step=True train_time:2134649ms step_avg:1423.10ms
step:1500/1555 val_step:108/320 val_loss:3.3102 chunk_loss:0.0000 is_adam_step=False train_time:2134649ms step_avg:1423.10ms
step:1500/1555 val_step:109/320 val_loss:3.3100 chunk_loss:0.0000 is_adam_step=True train_time:2134649ms step_avg:1423.10ms
step:1500/1555 val_step:110/320 val_loss:3.3100 chunk_loss:0.0000 is_adam_step=False train_time:2134649ms step_avg:1423.10ms
step:1500/1555 val_step:111/320 val_loss:3.3112 chunk_loss:0.0000 is_adam_step=True train_time:2134649ms step_avg:1423.10ms
step:1500/1555 val_step:112/320 val_loss:3.3109 chunk_loss:0.0000 is_adam_step=False train_time:2134649ms step_avg:1423.10ms
step:1500/1555 val_step:113/320 val_loss:3.3095 chunk_loss:0.0000 is_adam_step=True train_time:2134649ms step_avg:1423.10ms
step:1500/1555 val_step:114/320 val_loss:3.3083 chunk_loss:0.0000 is_adam_step=False train_time:2134649ms step_avg:1423.10ms
step:1500/1555 val_step:115/320 val_loss:3.3072 chunk_loss:0.0000 is_adam_step=True train_time:2134649ms step_avg:1423.10ms
step:1500/1555 val_step:116/320 val_loss:3.3068 chunk_loss:0.0000 is_adam_step=False train_time:2134649ms step_avg:1423.10ms
step:1500/1555 val_step:117/320 val_loss:3.3072 chunk_loss:0.0000 is_adam_step=True train_time:2134649ms step_avg:1423.10ms
step:1500/1555 val_step:118/320 val_loss:3.3080 chunk_loss:0.0000 is_adam_step=False train_time:2134649ms step_avg:1423.10ms
step:1500/1555 val_step:119/320 val_loss:3.3074 chunk_loss:0.0000 is_adam_step=True train_time:2134649ms step_avg:1423.10ms
step:1500/1555 val_step:120/320 val_loss:3.3077 chunk_loss:0.0000 is_adam_step=False train_time:2134649ms step_avg:1423.10ms
step:1500/1555 val_step:121/320 val_loss:3.3071 chunk_loss:0.0000 is_adam_step=True train_time:2134649ms step_avg:1423.10ms
step:1500/1555 val_step:122/320 val_loss:3.3070 chunk_loss:0.0000 is_adam_step=False train_time:2134649ms step_avg:1423.10ms
step:1500/1555 val_step:123/320 val_loss:3.3059 chunk_loss:0.0000 is_adam_step=True train_time:2134649ms step_avg:1423.10ms
step:1500/1555 val_step:124/320 val_loss:3.3060 chunk_loss:0.0000 is_adam_step=False train_time:2134649ms step_avg:1423.10ms
step:1500/1555 val_step:125/320 val_loss:3.3064 chunk_loss:0.0000 is_adam_step=True train_time:2134649ms step_avg:1423.10ms
step:1500/1555 val_step:126/320 val_loss:3.3046 chunk_loss:0.0000 is_adam_step=False train_time:2134649ms step_avg:1423.10ms
step:1500/1555 val_step:127/320 val_loss:3.3049 chunk_loss:0.0000 is_adam_step=True train_time:2134649ms step_avg:1423.10ms
step:1500/1555 val_step:128/320 val_loss:3.3042 chunk_loss:0.0000 is_adam_step=False train_time:2134649ms step_avg:1423.10ms
step:1500/1555 val_step:129/320 val_loss:3.3029 chunk_loss:0.0000 is_adam_step=True train_time:2134649ms step_avg:1423.10ms
step:1500/1555 val_step:130/320 val_loss:3.3032 chunk_loss:0.0000 is_adam_step=False train_time:2134649ms step_avg:1423.10ms
step:1500/1555 val_step:131/320 val_loss:3.3029 chunk_loss:0.0000 is_adam_step=True train_time:2134649ms step_avg:1423.10ms
step:1500/1555 val_step:132/320 val_loss:3.3046 chunk_loss:0.0000 is_adam_step=False train_time:2134649ms step_avg:1423.10ms
step:1500/1555 val_step:133/320 val_loss:3.3059 chunk_loss:0.0000 is_adam_step=True train_time:2134649ms step_avg:1423.10ms
step:1500/1555 val_step:134/320 val_loss:3.3036 chunk_loss:0.0000 is_adam_step=False train_time:2134649ms step_avg:1423.10ms
step:1500/1555 val_step:135/320 val_loss:3.3029 chunk_loss:0.0000 is_adam_step=True train_time:2134649ms step_avg:1423.10ms
step:1500/1555 val_step:136/320 val_loss:3.3034 chunk_loss:0.0000 is_adam_step=False train_time:2134649ms step_avg:1423.10ms
step:1500/1555 val_step:137/320 val_loss:3.3039 chunk_loss:0.0000 is_adam_step=True train_time:2134649ms step_avg:1423.10ms
step:1500/1555 val_step:138/320 val_loss:3.3059 chunk_loss:0.0000 is_adam_step=False train_time:2134649ms step_avg:1423.10ms
step:1500/1555 val_step:139/320 val_loss:3.3063 chunk_loss:0.0000 is_adam_step=True train_time:2134649ms step_avg:1423.10ms
step:1500/1555 val_step:140/320 val_loss:3.3064 chunk_loss:0.0000 is_adam_step=False train_time:2134649ms step_avg:1423.10ms
step:1500/1555 val_step:141/320 val_loss:3.3063 chunk_loss:0.0000 is_adam_step=True train_time:2134649ms step_avg:1423.10ms
step:1500/1555 val_step:142/320 val_loss:3.3070 chunk_loss:0.0000 is_adam_step=False train_time:2134649ms step_avg:1423.10ms
step:1500/1555 val_step:143/320 val_loss:3.3083 chunk_loss:0.0000 is_adam_step=True train_time:2134649ms step_avg:1423.10ms
step:1500/1555 val_step:144/320 val_loss:3.3092 chunk_loss:0.0000 is_adam_step=False train_time:2134649ms step_avg:1423.10ms
step:1500/1555 val_step:145/320 val_loss:3.3087 chunk_loss:0.0000 is_adam_step=True train_time:2134649ms step_avg:1423.10ms
step:1500/1555 val_step:146/320 val_loss:3.3091 chunk_loss:0.0000 is_adam_step=False train_time:2134649ms step_avg:1423.10ms
step:1500/1555 val_step:147/320 val_loss:3.3098 chunk_loss:0.0000 is_adam_step=True train_time:2134649ms step_avg:1423.10ms
step:1500/1555 val_step:148/320 val_loss:3.3109 chunk_loss:0.0000 is_adam_step=False train_time:2134649ms step_avg:1423.10ms
step:1500/1555 val_step:149/320 val_loss:3.3101 chunk_loss:0.0000 is_adam_step=True train_time:2134649ms step_avg:1423.10ms
step:1500/1555 val_step:150/320 val_loss:3.3096 chunk_loss:0.0000 is_adam_step=False train_time:2134649ms step_avg:1423.10ms
step:1500/1555 val_step:151/320 val_loss:3.3099 chunk_loss:0.0000 is_adam_step=True train_time:2134649ms step_avg:1423.10ms
step:1500/1555 val_step:152/320 val_loss:3.3091 chunk_loss:0.0000 is_adam_step=False train_time:2134649ms step_avg:1423.10ms
step:1500/1555 val_step:153/320 val_loss:3.3084 chunk_loss:0.0000 is_adam_step=True train_time:2134649ms step_avg:1423.10ms
step:1500/1555 val_step:154/320 val_loss:3.3083 chunk_loss:0.0000 is_adam_step=False train_time:2134649ms step_avg:1423.10ms
step:1500/1555 val_step:155/320 val_loss:3.3086 chunk_loss:0.0000 is_adam_step=True train_time:2134649ms step_avg:1423.10ms
step:1500/1555 val_step:156/320 val_loss:3.3083 chunk_loss:0.0000 is_adam_step=False train_time:2134649ms step_avg:1423.10ms
step:1500/1555 val_step:157/320 val_loss:3.3085 chunk_loss:0.0000 is_adam_step=True train_time:2134649ms step_avg:1423.10ms
step:1500/1555 val_step:158/320 val_loss:3.3085 chunk_loss:0.0000 is_adam_step=False train_time:2134649ms step_avg:1423.10ms
step:1500/1555 val_step:159/320 val_loss:3.3085 chunk_loss:0.0000 is_adam_step=True train_time:2134649ms step_avg:1423.10ms
step:1500/1555 val_step:160/320 val_loss:3.3095 chunk_loss:0.0000 is_adam_step=False train_time:2134649ms step_avg:1423.10ms
step:1500/1555 val_step:161/320 val_loss:3.3093 chunk_loss:0.0000 is_adam_step=True train_time:2134649ms step_avg:1423.10ms
step:1500/1555 val_step:162/320 val_loss:3.3099 chunk_loss:0.0000 is_adam_step=False train_time:2134649ms step_avg:1423.10ms
step:1500/1555 val_step:163/320 val_loss:3.3091 chunk_loss:0.0000 is_adam_step=True train_time:2134649ms step_avg:1423.10ms
step:1500/1555 val_step:164/320 val_loss:3.3090 chunk_loss:0.0000 is_adam_step=False train_time:2134649ms step_avg:1423.10ms
step:1500/1555 val_step:165/320 val_loss:3.3121 chunk_loss:0.0000 is_adam_step=True train_time:2134649ms step_avg:1423.10ms
step:1500/1555 val_step:166/320 val_loss:3.3130 chunk_loss:0.0000 is_adam_step=False train_time:2134649ms step_avg:1423.10ms
step:1500/1555 val_step:167/320 val_loss:3.3134 chunk_loss:0.0000 is_adam_step=True train_time:2134649ms step_avg:1423.10ms
step:1500/1555 val_step:168/320 val_loss:3.3131 chunk_loss:0.0000 is_adam_step=False train_time:2134649ms step_avg:1423.10ms
step:1500/1555 val_step:169/320 val_loss:3.3132 chunk_loss:0.0000 is_adam_step=True train_time:2134649ms step_avg:1423.10ms
step:1500/1555 val_step:170/320 val_loss:3.3129 chunk_loss:0.0000 is_adam_step=False train_time:2134649ms step_avg:1423.10ms
step:1500/1555 val_step:171/320 val_loss:3.3118 chunk_loss:0.0000 is_adam_step=True train_time:2134649ms step_avg:1423.10ms
step:1500/1555 val_step:172/320 val_loss:3.3116 chunk_loss:0.0000 is_adam_step=False train_time:2134649ms step_avg:1423.10ms
step:1500/1555 val_step:173/320 val_loss:3.3112 chunk_loss:0.0000 is_adam_step=True train_time:2134649ms step_avg:1423.10ms
step:1500/1555 val_step:174/320 val_loss:3.3125 chunk_loss:0.0000 is_adam_step=False train_time:2134649ms step_avg:1423.10ms
step:1500/1555 val_step:175/320 val_loss:3.3124 chunk_loss:0.0000 is_adam_step=True train_time:2134649ms step_avg:1423.10ms
step:1500/1555 val_step:176/320 val_loss:3.3126 chunk_loss:0.0000 is_adam_step=False train_time:2134649ms step_avg:1423.10ms
step:1500/1555 val_step:177/320 val_loss:3.3114 chunk_loss:0.0000 is_adam_step=True train_time:2134649ms step_avg:1423.10ms
step:1500/1555 val_step:178/320 val_loss:3.3115 chunk_loss:0.0000 is_adam_step=False train_time:2134649ms step_avg:1423.10ms
step:1500/1555 val_step:179/320 val_loss:3.3115 chunk_loss:0.0000 is_adam_step=True train_time:2134649ms step_avg:1423.10ms
step:1500/1555 val_step:180/320 val_loss:3.3109 chunk_loss:0.0000 is_adam_step=False train_time:2134649ms step_avg:1423.10ms
step:1500/1555 val_step:181/320 val_loss:3.3114 chunk_loss:0.0000 is_adam_step=True train_time:2134649ms step_avg:1423.10ms
step:1500/1555 val_step:182/320 val_loss:3.3099 chunk_loss:0.0000 is_adam_step=False train_time:2134649ms step_avg:1423.10ms
step:1500/1555 val_step:183/320 val_loss:3.3107 chunk_loss:0.0000 is_adam_step=True train_time:2134649ms step_avg:1423.10ms
step:1500/1555 val_step:184/320 val_loss:3.3096 chunk_loss:0.0000 is_adam_step=False train_time:2134649ms step_avg:1423.10ms
step:1500/1555 val_step:185/320 val_loss:3.3076 chunk_loss:0.0000 is_adam_step=True train_time:2134649ms step_avg:1423.10ms
step:1500/1555 val_step:186/320 val_loss:3.3072 chunk_loss:0.0000 is_adam_step=False train_time:2134649ms step_avg:1423.10ms
step:1500/1555 val_step:187/320 val_loss:3.3066 chunk_loss:0.0000 is_adam_step=True train_time:2134649ms step_avg:1423.10ms
step:1500/1555 val_step:188/320 val_loss:3.3073 chunk_loss:0.0000 is_adam_step=False train_time:2134649ms step_avg:1423.10ms
step:1500/1555 val_step:189/320 val_loss:3.3060 chunk_loss:0.0000 is_adam_step=True train_time:2134649ms step_avg:1423.10ms
step:1500/1555 val_step:190/320 val_loss:3.3059 chunk_loss:0.0000 is_adam_step=False train_time:2134649ms step_avg:1423.10ms
step:1500/1555 val_step:191/320 val_loss:3.3055 chunk_loss:0.0000 is_adam_step=True train_time:2134649ms step_avg:1423.10ms
step:1500/1555 val_step:192/320 val_loss:3.3053 chunk_loss:0.0000 is_adam_step=False train_time:2134649ms step_avg:1423.10ms
step:1500/1555 val_step:193/320 val_loss:3.3055 chunk_loss:0.0000 is_adam_step=True train_time:2134649ms step_avg:1423.10ms
step:1500/1555 val_step:194/320 val_loss:3.3061 chunk_loss:0.0000 is_adam_step=False train_time:2134649ms step_avg:1423.10ms
step:1500/1555 val_step:195/320 val_loss:3.3052 chunk_loss:0.0000 is_adam_step=True train_time:2134649ms step_avg:1423.10ms
step:1500/1555 val_step:196/320 val_loss:3.3049 chunk_loss:0.0000 is_adam_step=False train_time:2134649ms step_avg:1423.10ms
step:1500/1555 val_step:197/320 val_loss:3.3051 chunk_loss:0.0000 is_adam_step=True train_time:2134649ms step_avg:1423.10ms
step:1500/1555 val_step:198/320 val_loss:3.3055 chunk_loss:0.0000 is_adam_step=False train_time:2134649ms step_avg:1423.10ms
step:1500/1555 val_step:199/320 val_loss:3.3049 chunk_loss:0.0000 is_adam_step=True train_time:2134649ms step_avg:1423.10ms
step:1500/1555 val_step:200/320 val_loss:3.3044 chunk_loss:0.0000 is_adam_step=False train_time:2134649ms step_avg:1423.10ms
step:1500/1555 val_step:201/320 val_loss:3.3024 chunk_loss:0.0000 is_adam_step=True train_time:2134649ms step_avg:1423.10ms
step:1500/1555 val_step:202/320 val_loss:3.3035 chunk_loss:0.0000 is_adam_step=False train_time:2134649ms step_avg:1423.10ms
step:1500/1555 val_step:203/320 val_loss:3.3025 chunk_loss:0.0000 is_adam_step=True train_time:2134649ms step_avg:1423.10ms
step:1500/1555 val_step:204/320 val_loss:3.3021 chunk_loss:0.0000 is_adam_step=False train_time:2134649ms step_avg:1423.10ms
step:1500/1555 val_step:205/320 val_loss:3.3025 chunk_loss:0.0000 is_adam_step=True train_time:2134649ms step_avg:1423.10ms
step:1500/1555 val_step:206/320 val_loss:3.3021 chunk_loss:0.0000 is_adam_step=False train_time:2134649ms step_avg:1423.10ms
step:1500/1555 val_step:207/320 val_loss:3.3022 chunk_loss:0.0000 is_adam_step=True train_time:2134649ms step_avg:1423.10ms
step:1500/1555 val_step:208/320 val_loss:3.3011 chunk_loss:0.0000 is_adam_step=False train_time:2134649ms step_avg:1423.10ms
step:1500/1555 val_step:209/320 val_loss:3.3015 chunk_loss:0.0000 is_adam_step=True train_time:2134649ms step_avg:1423.10ms
step:1500/1555 val_step:210/320 val_loss:3.3004 chunk_loss:0.0000 is_adam_step=False train_time:2134649ms step_avg:1423.10ms
step:1500/1555 val_step:211/320 val_loss:3.2998 chunk_loss:0.0000 is_adam_step=True train_time:2134649ms step_avg:1423.10ms
step:1500/1555 val_step:212/320 val_loss:3.3013 chunk_loss:0.0000 is_adam_step=False train_time:2134649ms step_avg:1423.10ms
step:1500/1555 val_step:213/320 val_loss:3.3012 chunk_loss:0.0000 is_adam_step=True train_time:2134649ms step_avg:1423.10ms
step:1500/1555 val_step:214/320 val_loss:3.3020 chunk_loss:0.0000 is_adam_step=False train_time:2134649ms step_avg:1423.10ms
step:1500/1555 val_step:215/320 val_loss:3.3009 chunk_loss:0.0000 is_adam_step=True train_time:2134649ms step_avg:1423.10ms
step:1500/1555 val_step:216/320 val_loss:3.3008 chunk_loss:0.0000 is_adam_step=False train_time:2134649ms step_avg:1423.10ms
step:1500/1555 val_step:217/320 val_loss:3.3014 chunk_loss:0.0000 is_adam_step=True train_time:2134649ms step_avg:1423.10ms
step:1500/1555 val_step:218/320 val_loss:3.3014 chunk_loss:0.0000 is_adam_step=False train_time:2134649ms step_avg:1423.10ms
step:1500/1555 val_step:219/320 val_loss:3.3017 chunk_loss:0.0000 is_adam_step=True train_time:2134649ms step_avg:1423.10ms
step:1500/1555 val_step:220/320 val_loss:3.3017 chunk_loss:0.0000 is_adam_step=False train_time:2134649ms step_avg:1423.10ms
step:1500/1555 val_step:221/320 val_loss:3.3015 chunk_loss:0.0000 is_adam_step=True train_time:2134649ms step_avg:1423.10ms
step:1500/1555 val_step:222/320 val_loss:3.3016 chunk_loss:0.0000 is_adam_step=False train_time:2134649ms step_avg:1423.10ms
step:1500/1555 val_step:223/320 val_loss:3.3015 chunk_loss:0.0000 is_adam_step=True train_time:2134649ms step_avg:1423.10ms
step:1500/1555 val_step:224/320 val_loss:3.3009 chunk_loss:0.0000 is_adam_step=False train_time:2134649ms step_avg:1423.10ms
step:1500/1555 val_step:225/320 val_loss:3.3000 chunk_loss:0.0000 is_adam_step=True train_time:2134649ms step_avg:1423.10ms
step:1500/1555 val_step:226/320 val_loss:3.2996 chunk_loss:0.0000 is_adam_step=False train_time:2134649ms step_avg:1423.10ms
step:1500/1555 val_step:227/320 val_loss:3.2998 chunk_loss:0.0000 is_adam_step=True train_time:2134649ms step_avg:1423.10ms
step:1500/1555 val_step:228/320 val_loss:3.3000 chunk_loss:0.0000 is_adam_step=False train_time:2134649ms step_avg:1423.10ms
step:1500/1555 val_step:229/320 val_loss:3.3005 chunk_loss:0.0000 is_adam_step=True train_time:2134649ms step_avg:1423.10ms
step:1500/1555 val_step:230/320 val_loss:3.3006 chunk_loss:0.0000 is_adam_step=False train_time:2134649ms step_avg:1423.10ms
step:1500/1555 val_step:231/320 val_loss:3.3002 chunk_loss:0.0000 is_adam_step=True train_time:2134649ms step_avg:1423.10ms
step:1500/1555 val_step:232/320 val_loss:3.3006 chunk_loss:0.0000 is_adam_step=False train_time:2134649ms step_avg:1423.10ms
step:1500/1555 val_step:233/320 val_loss:3.3012 chunk_loss:0.0000 is_adam_step=True train_time:2134649ms step_avg:1423.10ms
step:1500/1555 val_step:234/320 val_loss:3.3009 chunk_loss:0.0000 is_adam_step=False train_time:2134649ms step_avg:1423.10ms
step:1500/1555 val_step:235/320 val_loss:3.3008 chunk_loss:0.0000 is_adam_step=True train_time:2134649ms step_avg:1423.10ms
step:1500/1555 val_step:236/320 val_loss:3.3009 chunk_loss:0.0000 is_adam_step=False train_time:2134649ms step_avg:1423.10ms
step:1500/1555 val_step:237/320 val_loss:3.3007 chunk_loss:0.0000 is_adam_step=True train_time:2134649ms step_avg:1423.10ms
step:1500/1555 val_step:238/320 val_loss:3.3005 chunk_loss:0.0000 is_adam_step=False train_time:2134649ms step_avg:1423.10ms
step:1500/1555 val_step:239/320 val_loss:3.3002 chunk_loss:0.0000 is_adam_step=True train_time:2134649ms step_avg:1423.10ms
step:1500/1555 val_step:240/320 val_loss:3.2999 chunk_loss:0.0000 is_adam_step=False train_time:2134649ms step_avg:1423.10ms
step:1500/1555 val_step:241/320 val_loss:3.3000 chunk_loss:0.0000 is_adam_step=True train_time:2134649ms step_avg:1423.10ms
step:1500/1555 val_step:242/320 val_loss:3.3011 chunk_loss:0.0000 is_adam_step=False train_time:2134649ms step_avg:1423.10ms
step:1500/1555 val_step:243/320 val_loss:3.3009 chunk_loss:0.0000 is_adam_step=True train_time:2134649ms step_avg:1423.10ms
step:1500/1555 val_step:244/320 val_loss:3.3013 chunk_loss:0.0000 is_adam_step=False train_time:2134649ms step_avg:1423.10ms
step:1500/1555 val_step:245/320 val_loss:3.3015 chunk_loss:0.0000 is_adam_step=True train_time:2134649ms step_avg:1423.10ms
step:1500/1555 val_step:246/320 val_loss:3.3018 chunk_loss:0.0000 is_adam_step=False train_time:2134649ms step_avg:1423.10ms
step:1500/1555 val_step:247/320 val_loss:3.3018 chunk_loss:0.0000 is_adam_step=True train_time:2134649ms step_avg:1423.10ms
step:1500/1555 val_step:248/320 val_loss:3.3017 chunk_loss:0.0000 is_adam_step=False train_time:2134649ms step_avg:1423.10ms
step:1500/1555 val_step:249/320 val_loss:3.3030 chunk_loss:0.0000 is_adam_step=True train_time:2134649ms step_avg:1423.10ms
step:1500/1555 val_step:250/320 val_loss:3.3030 chunk_loss:0.0000 is_adam_step=False train_time:2134649ms step_avg:1423.10ms
step:1500/1555 val_step:251/320 val_loss:3.3031 chunk_loss:0.0000 is_adam_step=True train_time:2134649ms step_avg:1423.10ms
step:1500/1555 val_step:252/320 val_loss:3.3035 chunk_loss:0.0000 is_adam_step=False train_time:2134649ms step_avg:1423.10ms
step:1500/1555 val_step:253/320 val_loss:3.3033 chunk_loss:0.0000 is_adam_step=True train_time:2134649ms step_avg:1423.10ms
step:1500/1555 val_step:254/320 val_loss:3.3037 chunk_loss:0.0000 is_adam_step=False train_time:2134649ms step_avg:1423.10ms
step:1500/1555 val_step:255/320 val_loss:3.3038 chunk_loss:0.0000 is_adam_step=True train_time:2134649ms step_avg:1423.10ms
step:1500/1555 val_step:256/320 val_loss:3.3038 chunk_loss:0.0000 is_adam_step=False train_time:2134649ms step_avg:1423.10ms
step:1500/1555 val_step:257/320 val_loss:3.3048 chunk_loss:0.0000 is_adam_step=True train_time:2134649ms step_avg:1423.10ms
step:1500/1555 val_step:258/320 val_loss:3.3042 chunk_loss:0.0000 is_adam_step=False train_time:2134649ms step_avg:1423.10ms
step:1500/1555 val_step:259/320 val_loss:3.3043 chunk_loss:0.0000 is_adam_step=True train_time:2134649ms step_avg:1423.10ms
step:1500/1555 val_step:260/320 val_loss:3.3042 chunk_loss:0.0000 is_adam_step=False train_time:2134649ms step_avg:1423.10ms
step:1500/1555 val_step:261/320 val_loss:3.3042 chunk_loss:0.0000 is_adam_step=True train_time:2134649ms step_avg:1423.10ms
step:1500/1555 val_step:262/320 val_loss:3.3044 chunk_loss:0.0000 is_adam_step=False train_time:2134649ms step_avg:1423.10ms
step:1500/1555 val_step:263/320 val_loss:3.3041 chunk_loss:0.0000 is_adam_step=True train_time:2134649ms step_avg:1423.10ms
step:1500/1555 val_step:264/320 val_loss:3.3043 chunk_loss:0.0000 is_adam_step=False train_time:2134649ms step_avg:1423.10ms
step:1500/1555 val_step:265/320 val_loss:3.3039 chunk_loss:0.0000 is_adam_step=True train_time:2134649ms step_avg:1423.10ms
step:1500/1555 val_step:266/320 val_loss:3.3040 chunk_loss:0.0000 is_adam_step=False train_time:2134649ms step_avg:1423.10ms
step:1500/1555 val_step:267/320 val_loss:3.3034 chunk_loss:0.0000 is_adam_step=True train_time:2134649ms step_avg:1423.10ms
step:1500/1555 val_step:268/320 val_loss:3.3030 chunk_loss:0.0000 is_adam_step=False train_time:2134649ms step_avg:1423.10ms
step:1500/1555 val_step:269/320 val_loss:3.3027 chunk_loss:0.0000 is_adam_step=True train_time:2134649ms step_avg:1423.10ms
step:1500/1555 val_step:270/320 val_loss:3.3023 chunk_loss:0.0000 is_adam_step=False train_time:2134649ms step_avg:1423.10ms
step:1500/1555 val_step:271/320 val_loss:3.3015 chunk_loss:0.0000 is_adam_step=True train_time:2134649ms step_avg:1423.10ms
step:1500/1555 val_step:272/320 val_loss:3.3007 chunk_loss:0.0000 is_adam_step=False train_time:2134649ms step_avg:1423.10ms
step:1500/1555 val_step:273/320 val_loss:3.3008 chunk_loss:0.0000 is_adam_step=True train_time:2134649ms step_avg:1423.10ms
step:1500/1555 val_step:274/320 val_loss:3.3008 chunk_loss:0.0000 is_adam_step=False train_time:2134649ms step_avg:1423.10ms
step:1500/1555 val_step:275/320 val_loss:3.3013 chunk_loss:0.0000 is_adam_step=True train_time:2134649ms step_avg:1423.10ms
step:1500/1555 val_step:276/320 val_loss:3.3008 chunk_loss:0.0000 is_adam_step=False train_time:2134649ms step_avg:1423.10ms
step:1500/1555 val_step:277/320 val_loss:3.3000 chunk_loss:0.0000 is_adam_step=True train_time:2134649ms step_avg:1423.10ms
step:1500/1555 val_step:278/320 val_loss:3.2999 chunk_loss:0.0000 is_adam_step=False train_time:2134649ms step_avg:1423.10ms
step:1500/1555 val_step:279/320 val_loss:3.3003 chunk_loss:0.0000 is_adam_step=True train_time:2134649ms step_avg:1423.10ms
step:1500/1555 val_step:280/320 val_loss:3.3004 chunk_loss:0.0000 is_adam_step=False train_time:2134649ms step_avg:1423.10ms
step:1500/1555 val_step:281/320 val_loss:3.3000 chunk_loss:0.0000 is_adam_step=True train_time:2134649ms step_avg:1423.10ms
step:1500/1555 val_step:282/320 val_loss:3.2998 chunk_loss:0.0000 is_adam_step=False train_time:2134649ms step_avg:1423.10ms
step:1500/1555 val_step:283/320 val_loss:3.2996 chunk_loss:0.0000 is_adam_step=True train_time:2134649ms step_avg:1423.10ms
step:1500/1555 val_step:284/320 val_loss:3.2999 chunk_loss:0.0000 is_adam_step=False train_time:2134649ms step_avg:1423.10ms
step:1500/1555 val_step:285/320 val_loss:3.2993 chunk_loss:0.0000 is_adam_step=True train_time:2134649ms step_avg:1423.10ms
step:1500/1555 val_step:286/320 val_loss:3.2990 chunk_loss:0.0000 is_adam_step=False train_time:2134649ms step_avg:1423.10ms
step:1500/1555 val_step:287/320 val_loss:3.2993 chunk_loss:0.0000 is_adam_step=True train_time:2134649ms step_avg:1423.10ms
step:1500/1555 val_step:288/320 val_loss:3.2991 chunk_loss:0.0000 is_adam_step=False train_time:2134649ms step_avg:1423.10ms
step:1500/1555 val_step:289/320 val_loss:3.2995 chunk_loss:0.0000 is_adam_step=True train_time:2134649ms step_avg:1423.10ms
step:1500/1555 val_step:290/320 val_loss:3.3000 chunk_loss:0.0000 is_adam_step=False train_time:2134649ms step_avg:1423.10ms
step:1500/1555 val_step:291/320 val_loss:3.2999 chunk_loss:0.0000 is_adam_step=True train_time:2134649ms step_avg:1423.10ms
step:1500/1555 val_step:292/320 val_loss:3.2994 chunk_loss:0.0000 is_adam_step=False train_time:2134649ms step_avg:1423.10ms
step:1500/1555 val_step:293/320 val_loss:3.2992 chunk_loss:0.0000 is_adam_step=True train_time:2134649ms step_avg:1423.10ms
step:1500/1555 val_step:294/320 val_loss:3.2994 chunk_loss:0.0000 is_adam_step=False train_time:2134649ms step_avg:1423.10ms
step:1500/1555 val_step:295/320 val_loss:3.2996 chunk_loss:0.0000 is_adam_step=True train_time:2134649ms step_avg:1423.10ms
step:1500/1555 val_step:296/320 val_loss:3.2997 chunk_loss:0.0000 is_adam_step=False train_time:2134649ms step_avg:1423.10ms
step:1500/1555 val_step:297/320 val_loss:3.2991 chunk_loss:0.0000 is_adam_step=True train_time:2134649ms step_avg:1423.10ms
step:1500/1555 val_step:298/320 val_loss:3.2987 chunk_loss:0.0000 is_adam_step=False train_time:2134649ms step_avg:1423.10ms
step:1500/1555 val_step:299/320 val_loss:3.2985 chunk_loss:0.0000 is_adam_step=True train_time:2134649ms step_avg:1423.10ms
step:1500/1555 val_step:300/320 val_loss:3.2982 chunk_loss:0.0000 is_adam_step=False train_time:2134649ms step_avg:1423.10ms
step:1500/1555 val_step:301/320 val_loss:3.2979 chunk_loss:0.0000 is_adam_step=True train_time:2134649ms step_avg:1423.10ms
step:1500/1555 val_step:302/320 val_loss:3.2977 chunk_loss:0.0000 is_adam_step=False train_time:2134649ms step_avg:1423.10ms
step:1500/1555 val_step:303/320 val_loss:3.2981 chunk_loss:0.0000 is_adam_step=True train_time:2134649ms step_avg:1423.10ms
step:1500/1555 val_step:304/320 val_loss:3.2972 chunk_loss:0.0000 is_adam_step=False train_time:2134649ms step_avg:1423.10ms
step:1500/1555 val_step:305/320 val_loss:3.2970 chunk_loss:0.0000 is_adam_step=True train_time:2134649ms step_avg:1423.10ms
step:1500/1555 val_step:306/320 val_loss:3.2969 chunk_loss:0.0000 is_adam_step=False train_time:2134649ms step_avg:1423.10ms
step:1500/1555 val_step:307/320 val_loss:3.2968 chunk_loss:0.0000 is_adam_step=True train_time:2134649ms step_avg:1423.10ms
step:1500/1555 val_step:308/320 val_loss:3.2969 chunk_loss:0.0000 is_adam_step=False train_time:2134649ms step_avg:1423.10ms
step:1500/1555 val_step:309/320 val_loss:3.2969 chunk_loss:0.0000 is_adam_step=True train_time:2134649ms step_avg:1423.10ms
step:1500/1555 val_step:310/320 val_loss:3.2965 chunk_loss:0.0000 is_adam_step=False train_time:2134649ms step_avg:1423.10ms
step:1500/1555 val_step:311/320 val_loss:3.2969 chunk_loss:0.0000 is_adam_step=True train_time:2134649ms step_avg:1423.10ms
step:1500/1555 val_step:312/320 val_loss:3.2970 chunk_loss:0.0000 is_adam_step=False train_time:2134649ms step_avg:1423.10ms
step:1500/1555 val_step:313/320 val_loss:3.2971 chunk_loss:0.0000 is_adam_step=True train_time:2134649ms step_avg:1423.10ms
step:1500/1555 val_step:314/320 val_loss:3.2974 chunk_loss:0.0000 is_adam_step=False train_time:2134649ms step_avg:1423.10ms
step:1500/1555 val_step:315/320 val_loss:3.2976 chunk_loss:0.0000 is_adam_step=True train_time:2134649ms step_avg:1423.10ms
step:1500/1555 val_step:316/320 val_loss:3.2974 chunk_loss:0.0000 is_adam_step=False train_time:2134649ms step_avg:1423.10ms
step:1500/1555 val_step:317/320 val_loss:3.2973 chunk_loss:0.0000 is_adam_step=True train_time:2134649ms step_avg:1423.10ms
step:1500/1555 val_step:318/320 val_loss:3.2976 chunk_loss:0.0000 is_adam_step=False train_time:2134649ms step_avg:1423.10ms
step:1500/1555 val_step:319/320 val_loss:3.2974 chunk_loss:0.0000 is_adam_step=True train_time:2134649ms step_avg:1423.10ms
step:1500/1555 val_loss:3.2974 train_time:2134649ms step_avg:1423.10ms
step:1501/1555 loss.item()=167896.5625 train_time:2136133ms step_avg:1423.14ms
step:1502/1555 loss.item()=167072.71875 train_time:2137745ms step_avg:1423.27ms
step:1503/1555 loss.item()=159282.71875 train_time:2139230ms step_avg:1423.31ms
step:1504/1555 loss.item()=158373.53125 train_time:2140457ms step_avg:1423.18ms
step:1505/1555 loss.item()=157433.265625 train_time:2141756ms step_avg:1423.09ms
step:1506/1555 loss.item()=168905.34375 train_time:2142917ms step_avg:1422.92ms
step:1507/1555 loss.item()=166975.6875 train_time:2145035ms step_avg:1423.38ms
step:1508/1555 loss.item()=171077.40625 train_time:2146466ms step_avg:1423.39ms
step:1509/1555 loss.item()=164995.078125 train_time:2147694ms step_avg:1423.26ms
step:1510/1555 loss.item()=162670.28125 train_time:2148930ms step_avg:1423.13ms
step:1511/1555 loss.item()=168295.625 train_time:2150163ms step_avg:1423.01ms
step:1512/1555 loss.item()=164103.078125 train_time:2151516ms step_avg:1422.96ms
step:1513/1555 loss.item()=164001.40625 train_time:2152794ms step_avg:1422.86ms
step:1514/1555 loss.item()=156999.59375 train_time:2154152ms step_avg:1422.82ms
step:1515/1555 loss.item()=159007.40625 train_time:2156927ms step_avg:1423.71ms
step:1516/1555 loss.item()=163715.515625 train_time:2168117ms step_avg:1430.16ms
step:1517/1555 loss.item()=163200.28125 train_time:2169336ms step_avg:1430.02ms
step:1518/1555 loss.item()=162491.71875 train_time:2171117ms step_avg:1430.25ms
step:1519/1555 loss.item()=159676.28125 train_time:2172425ms step_avg:1430.17ms
step:1520/1555 loss.item()=164474.125 train_time:2174053ms step_avg:1430.30ms
step:1521/1555 loss.item()=158044.25 train_time:2175465ms step_avg:1430.29ms
step:1522/1555 loss.item()=160258.6875 train_time:2177053ms step_avg:1430.39ms
step:1523/1555 loss.item()=166741.125 train_time:2178252ms step_avg:1430.24ms
step:1524/1555 loss.item()=157098.203125 train_time:2180233ms step_avg:1430.60ms
step:1525/1555 loss.item()=162835.34375 train_time:2182516ms step_avg:1431.16ms
step:1526/1555 loss.item()=156918.96875 train_time:2184121ms step_avg:1431.27ms
step:1527/1555 loss.item()=164803.46875 train_time:2185493ms step_avg:1431.23ms
step:1528/1555 loss.item()=167750.53125 train_time:2186787ms step_avg:1431.14ms
step:1529/1555 loss.item()=165669.671875 train_time:2188229ms step_avg:1431.15ms
step:1530/1555 loss.item()=159198.1875 train_time:2189473ms step_avg:1431.03ms
step:1531/1555 loss.item()=168729.4375 train_time:2190801ms step_avg:1430.96ms
step:1532/1555 loss.item()=172462.0625 train_time:2192129ms step_avg:1430.89ms
step:1533/1555 loss.item()=156385.3125 train_time:2193799ms step_avg:1431.05ms
step:1534/1555 loss.item()=159073.25 train_time:2195266ms step_avg:1431.07ms
step:1535/1555 loss.item()=158841.359375 train_time:2197148ms step_avg:1431.37ms
step:1536/1555 loss.item()=162401.140625 train_time:2198804ms step_avg:1431.51ms
step:1537/1555 loss.item()=163236.046875 train_time:2200128ms step_avg:1431.44ms
step:1538/1555 loss.item()=156665.765625 train_time:2201764ms step_avg:1431.58ms
step:1539/1555 loss.item()=161088.28125 train_time:2203251ms step_avg:1431.61ms
step:1540/1555 loss.item()=169206.9375 train_time:2204731ms step_avg:1431.64ms
step:1541/1555 loss.item()=170473.96875 train_time:2206863ms step_avg:1432.10ms
step:1542/1555 loss.item()=160774.0625 train_time:2208431ms step_avg:1432.19ms
step:1543/1555 loss.item()=160507.953125 train_time:2209687ms step_avg:1432.07ms
step:1544/1555 loss.item()=161790.84375 train_time:2211328ms step_avg:1432.21ms
step:1545/1555 loss.item()=158186.5625 train_time:2213156ms step_avg:1432.46ms
step:1546/1555 loss.item()=166495.328125 train_time:2214312ms step_avg:1432.28ms
step:1547/1555 loss.item()=166516.640625 train_time:2215806ms step_avg:1432.32ms
step:1548/1555 loss.item()=164353.0 train_time:2218538ms step_avg:1433.16ms
step:1549/1555 loss.item()=157872.3125 train_time:2220141ms step_avg:1433.27ms
step:1550/1555 loss.item()=161716.9375 train_time:2221352ms step_avg:1433.13ms
step:1551/1555 loss.item()=164810.296875 train_time:2222951ms step_avg:1433.24ms
step:1552/1555 loss.item()=162843.296875 train_time:2224095ms step_avg:1433.05ms
step:1553/1555 loss.item()=159597.234375 train_time:2225452ms step_avg:1433.00ms
step:1554/1555 loss.item()=162735.96875 train_time:2229454ms step_avg:1434.65ms
step:1555/1555 loss.item()=166307.34375 train_time:2230735ms step_avg:1434.56ms
step:1555/1555 starting test-time training...
step:1555/1555 val_step:0/320 val_loss:3.1999 chunk_loss:0.0000 is_adam_step=True train_time:2230742ms step_avg:1434.56ms
step:1555/1555 val_step:1/320 val_loss:3.2398 chunk_loss:0.0000 is_adam_step=False train_time:2230742ms step_avg:1434.56ms
step:1555/1555 val_step:2/320 val_loss:3.2835 chunk_loss:0.0000 is_adam_step=True train_time:2230742ms step_avg:1434.56ms
step:1555/1555 val_step:3/320 val_loss:3.2563 chunk_loss:0.0000 is_adam_step=False train_time:2230742ms step_avg:1434.56ms
step:1555/1555 val_step:4/320 val_loss:3.2783 chunk_loss:0.0000 is_adam_step=True train_time:2230742ms step_avg:1434.56ms
step:1555/1555 val_step:5/320 val_loss:3.2722 chunk_loss:0.0000 is_adam_step=False train_time:2230742ms step_avg:1434.56ms
step:1555/1555 val_step:6/320 val_loss:3.2071 chunk_loss:0.0000 is_adam_step=True train_time:2230742ms step_avg:1434.56ms
step:1555/1555 val_step:7/320 val_loss:3.2371 chunk_loss:0.0000 is_adam_step=False train_time:2230742ms step_avg:1434.56ms
step:1555/1555 val_step:8/320 val_loss:3.2466 chunk_loss:0.0000 is_adam_step=True train_time:2230742ms step_avg:1434.56ms
step:1555/1555 val_step:9/320 val_loss:3.2654 chunk_loss:0.0000 is_adam_step=False train_time:2230742ms step_avg:1434.56ms
step:1555/1555 val_step:10/320 val_loss:3.2698 chunk_loss:0.0000 is_adam_step=True train_time:2230742ms step_avg:1434.56ms
step:1555/1555 val_step:11/320 val_loss:3.2538 chunk_loss:0.0000 is_adam_step=False train_time:2230742ms step_avg:1434.56ms
step:1555/1555 val_step:12/320 val_loss:3.2626 chunk_loss:0.0000 is_adam_step=True train_time:2230742ms step_avg:1434.56ms
step:1555/1555 val_step:13/320 val_loss:3.2630 chunk_loss:0.0000 is_adam_step=False train_time:2230742ms step_avg:1434.56ms
step:1555/1555 val_step:14/320 val_loss:3.2622 chunk_loss:0.0000 is_adam_step=True train_time:2230742ms step_avg:1434.56ms
step:1555/1555 val_step:15/320 val_loss:3.2644 chunk_loss:0.0000 is_adam_step=False train_time:2230742ms step_avg:1434.56ms
step:1555/1555 val_step:16/320 val_loss:3.2557 chunk_loss:0.0000 is_adam_step=True train_time:2230742ms step_avg:1434.56ms
step:1555/1555 val_step:17/320 val_loss:3.2741 chunk_loss:0.0000 is_adam_step=False train_time:2230742ms step_avg:1434.56ms
step:1555/1555 val_step:18/320 val_loss:3.2664 chunk_loss:0.0000 is_adam_step=True train_time:2230742ms step_avg:1434.56ms
step:1555/1555 val_step:19/320 val_loss:3.2692 chunk_loss:0.0000 is_adam_step=False train_time:2230742ms step_avg:1434.56ms
step:1555/1555 val_step:20/320 val_loss:3.2701 chunk_loss:0.0000 is_adam_step=True train_time:2230742ms step_avg:1434.56ms
step:1555/1555 val_step:21/320 val_loss:3.2789 chunk_loss:0.0000 is_adam_step=False train_time:2230742ms step_avg:1434.56ms
step:1555/1555 val_step:22/320 val_loss:3.2777 chunk_loss:0.0000 is_adam_step=True train_time:2230742ms step_avg:1434.56ms
step:1555/1555 val_step:23/320 val_loss:3.2850 chunk_loss:0.0000 is_adam_step=False train_time:2230742ms step_avg:1434.56ms
step:1555/1555 val_step:24/320 val_loss:3.2866 chunk_loss:0.0000 is_adam_step=True train_time:2230742ms step_avg:1434.56ms
step:1555/1555 val_step:25/320 val_loss:3.2828 chunk_loss:0.0000 is_adam_step=False train_time:2230742ms step_avg:1434.56ms
step:1555/1555 val_step:26/320 val_loss:3.2952 chunk_loss:0.0000 is_adam_step=True train_time:2230742ms step_avg:1434.56ms
step:1555/1555 val_step:27/320 val_loss:3.3046 chunk_loss:0.0000 is_adam_step=False train_time:2230742ms step_avg:1434.56ms
step:1555/1555 val_step:28/320 val_loss:3.2998 chunk_loss:0.0000 is_adam_step=True train_time:2230742ms step_avg:1434.56ms
step:1555/1555 val_step:29/320 val_loss:3.2906 chunk_loss:0.0000 is_adam_step=False train_time:2230742ms step_avg:1434.56ms
step:1555/1555 val_step:30/320 val_loss:3.2892 chunk_loss:0.0000 is_adam_step=True train_time:2230742ms step_avg:1434.56ms
step:1555/1555 val_step:31/320 val_loss:3.2881 chunk_loss:0.0000 is_adam_step=False train_time:2230742ms step_avg:1434.56ms
step:1555/1555 val_step:32/320 val_loss:3.2847 chunk_loss:0.0000 is_adam_step=True train_time:2230742ms step_avg:1434.56ms
step:1555/1555 val_step:33/320 val_loss:3.2862 chunk_loss:0.0000 is_adam_step=False train_time:2230742ms step_avg:1434.56ms
step:1555/1555 val_step:34/320 val_loss:3.2876 chunk_loss:0.0000 is_adam_step=True train_time:2230742ms step_avg:1434.56ms
step:1555/1555 val_step:35/320 val_loss:3.2872 chunk_loss:0.0000 is_adam_step=False train_time:2230742ms step_avg:1434.56ms
step:1555/1555 val_step:36/320 val_loss:3.2874 chunk_loss:0.0000 is_adam_step=True train_time:2230742ms step_avg:1434.56ms
step:1555/1555 val_step:37/320 val_loss:3.2898 chunk_loss:0.0000 is_adam_step=False train_time:2230742ms step_avg:1434.56ms
step:1555/1555 val_step:38/320 val_loss:3.2830 chunk_loss:0.0000 is_adam_step=True train_time:2230742ms step_avg:1434.56ms
step:1555/1555 val_step:39/320 val_loss:3.2863 chunk_loss:0.0000 is_adam_step=False train_time:2230742ms step_avg:1434.56ms
step:1555/1555 val_step:40/320 val_loss:3.2908 chunk_loss:0.0000 is_adam_step=True train_time:2230742ms step_avg:1434.56ms
step:1555/1555 val_step:41/320 val_loss:3.2980 chunk_loss:0.0000 is_adam_step=False train_time:2230742ms step_avg:1434.56ms
step:1555/1555 val_step:42/320 val_loss:3.2973 chunk_loss:0.0000 is_adam_step=True train_time:2230742ms step_avg:1434.56ms
step:1555/1555 val_step:43/320 val_loss:3.2990 chunk_loss:0.0000 is_adam_step=False train_time:2230742ms step_avg:1434.56ms
step:1555/1555 val_step:44/320 val_loss:3.3047 chunk_loss:0.0000 is_adam_step=True train_time:2230742ms step_avg:1434.56ms
step:1555/1555 val_step:45/320 val_loss:3.3050 chunk_loss:0.0000 is_adam_step=False train_time:2230742ms step_avg:1434.56ms
step:1555/1555 val_step:46/320 val_loss:3.3058 chunk_loss:0.0000 is_adam_step=True train_time:2230742ms step_avg:1434.56ms
step:1555/1555 val_step:47/320 val_loss:3.3060 chunk_loss:0.0000 is_adam_step=False train_time:2230742ms step_avg:1434.56ms
step:1555/1555 val_step:48/320 val_loss:3.3044 chunk_loss:0.0000 is_adam_step=True train_time:2230742ms step_avg:1434.56ms
step:1555/1555 val_step:49/320 val_loss:3.3024 chunk_loss:0.0000 is_adam_step=False train_time:2230742ms step_avg:1434.56ms
step:1555/1555 val_step:50/320 val_loss:3.3011 chunk_loss:0.0000 is_adam_step=True train_time:2230742ms step_avg:1434.56ms
step:1555/1555 val_step:51/320 val_loss:3.2991 chunk_loss:0.0000 is_adam_step=False train_time:2230742ms step_avg:1434.56ms
step:1555/1555 val_step:52/320 val_loss:3.3004 chunk_loss:0.0000 is_adam_step=True train_time:2230742ms step_avg:1434.56ms
step:1555/1555 val_step:53/320 val_loss:3.3002 chunk_loss:0.0000 is_adam_step=False train_time:2230742ms step_avg:1434.56ms
step:1555/1555 val_step:54/320 val_loss:3.2974 chunk_loss:0.0000 is_adam_step=True train_time:2230742ms step_avg:1434.56ms
step:1555/1555 val_step:55/320 val_loss:3.2970 chunk_loss:0.0000 is_adam_step=False train_time:2230742ms step_avg:1434.56ms
step:1555/1555 val_step:56/320 val_loss:3.2955 chunk_loss:0.0000 is_adam_step=True train_time:2230742ms step_avg:1434.56ms
step:1555/1555 val_step:57/320 val_loss:3.2942 chunk_loss:0.0000 is_adam_step=False train_time:2230742ms step_avg:1434.56ms
step:1555/1555 val_step:58/320 val_loss:3.2940 chunk_loss:0.0000 is_adam_step=True train_time:2230742ms step_avg:1434.56ms
step:1555/1555 val_step:59/320 val_loss:3.2957 chunk_loss:0.0000 is_adam_step=False train_time:2230742ms step_avg:1434.56ms
step:1555/1555 val_step:60/320 val_loss:3.2943 chunk_loss:0.0000 is_adam_step=True train_time:2230742ms step_avg:1434.56ms
step:1555/1555 val_step:61/320 val_loss:3.2942 chunk_loss:0.0000 is_adam_step=False train_time:2230742ms step_avg:1434.56ms
step:1555/1555 val_step:62/320 val_loss:3.2942 chunk_loss:0.0000 is_adam_step=True train_time:2230742ms step_avg:1434.56ms
step:1555/1555 val_step:63/320 val_loss:3.2940 chunk_loss:0.0000 is_adam_step=False train_time:2230742ms step_avg:1434.56ms
step:1555/1555 val_step:64/320 val_loss:3.2962 chunk_loss:0.0000 is_adam_step=True train_time:2230742ms step_avg:1434.56ms
step:1555/1555 val_step:65/320 val_loss:3.2978 chunk_loss:0.0000 is_adam_step=False train_time:2230742ms step_avg:1434.56ms
step:1555/1555 val_step:66/320 val_loss:3.3012 chunk_loss:0.0000 is_adam_step=True train_time:2230742ms step_avg:1434.56ms
step:1555/1555 val_step:67/320 val_loss:3.3018 chunk_loss:0.0000 is_adam_step=False train_time:2230742ms step_avg:1434.56ms
step:1555/1555 val_step:68/320 val_loss:3.3005 chunk_loss:0.0000 is_adam_step=True train_time:2230742ms step_avg:1434.56ms
step:1555/1555 val_step:69/320 val_loss:3.3012 chunk_loss:0.0000 is_adam_step=False train_time:2230742ms step_avg:1434.56ms
step:1555/1555 val_step:70/320 val_loss:3.2999 chunk_loss:0.0000 is_adam_step=True train_time:2230742ms step_avg:1434.56ms
step:1555/1555 val_step:71/320 val_loss:3.2975 chunk_loss:0.0000 is_adam_step=False train_time:2230742ms step_avg:1434.56ms
step:1555/1555 val_step:72/320 val_loss:3.2955 chunk_loss:0.0000 is_adam_step=True train_time:2230742ms step_avg:1434.56ms
step:1555/1555 val_step:73/320 val_loss:3.2958 chunk_loss:0.0000 is_adam_step=False train_time:2230742ms step_avg:1434.56ms
step:1555/1555 val_step:74/320 val_loss:3.2985 chunk_loss:0.0000 is_adam_step=True train_time:2230742ms step_avg:1434.56ms
step:1555/1555 val_step:75/320 val_loss:3.2986 chunk_loss:0.0000 is_adam_step=False train_time:2230742ms step_avg:1434.56ms
step:1555/1555 val_step:76/320 val_loss:3.2979 chunk_loss:0.0000 is_adam_step=True train_time:2230742ms step_avg:1434.56ms
step:1555/1555 val_step:77/320 val_loss:3.2994 chunk_loss:0.0000 is_adam_step=False train_time:2230742ms step_avg:1434.56ms
step:1555/1555 val_step:78/320 val_loss:3.2978 chunk_loss:0.0000 is_adam_step=True train_time:2230742ms step_avg:1434.56ms
step:1555/1555 val_step:79/320 val_loss:3.2956 chunk_loss:0.0000 is_adam_step=False train_time:2230742ms step_avg:1434.56ms
step:1555/1555 val_step:80/320 val_loss:3.2942 chunk_loss:0.0000 is_adam_step=True train_time:2230742ms step_avg:1434.56ms
step:1555/1555 val_step:81/320 val_loss:3.2921 chunk_loss:0.0000 is_adam_step=False train_time:2230742ms step_avg:1434.56ms
step:1555/1555 val_step:82/320 val_loss:3.2924 chunk_loss:0.0000 is_adam_step=True train_time:2230742ms step_avg:1434.56ms
step:1555/1555 val_step:83/320 val_loss:3.2898 chunk_loss:0.0000 is_adam_step=False train_time:2230742ms step_avg:1434.56ms
step:1555/1555 val_step:84/320 val_loss:3.2902 chunk_loss:0.0000 is_adam_step=True train_time:2230742ms step_avg:1434.56ms
step:1555/1555 val_step:85/320 val_loss:3.2898 chunk_loss:0.0000 is_adam_step=False train_time:2230742ms step_avg:1434.56ms
step:1555/1555 val_step:86/320 val_loss:3.2896 chunk_loss:0.0000 is_adam_step=True train_time:2230742ms step_avg:1434.56ms
step:1555/1555 val_step:87/320 val_loss:3.2894 chunk_loss:0.0000 is_adam_step=False train_time:2230742ms step_avg:1434.56ms
step:1555/1555 val_step:88/320 val_loss:3.2892 chunk_loss:0.0000 is_adam_step=True train_time:2230742ms step_avg:1434.56ms
step:1555/1555 val_step:89/320 val_loss:3.2900 chunk_loss:0.0000 is_adam_step=False train_time:2230742ms step_avg:1434.56ms
step:1555/1555 val_step:90/320 val_loss:3.2886 chunk_loss:0.0000 is_adam_step=True train_time:2230742ms step_avg:1434.56ms
step:1555/1555 val_step:91/320 val_loss:3.2874 chunk_loss:0.0000 is_adam_step=False train_time:2230742ms step_avg:1434.56ms
step:1555/1555 val_step:92/320 val_loss:3.2887 chunk_loss:0.0000 is_adam_step=True train_time:2230742ms step_avg:1434.56ms
step:1555/1555 val_step:93/320 val_loss:3.2894 chunk_loss:0.0000 is_adam_step=False train_time:2230742ms step_avg:1434.56ms
step:1555/1555 val_step:94/320 val_loss:3.2903 chunk_loss:0.0000 is_adam_step=True train_time:2230742ms step_avg:1434.56ms
step:1555/1555 val_step:95/320 val_loss:3.2908 chunk_loss:0.0000 is_adam_step=False train_time:2230742ms step_avg:1434.56ms
step:1555/1555 val_step:96/320 val_loss:3.2921 chunk_loss:0.0000 is_adam_step=True train_time:2230742ms step_avg:1434.56ms
step:1555/1555 val_step:97/320 val_loss:3.2959 chunk_loss:0.0000 is_adam_step=False train_time:2230742ms step_avg:1434.56ms
step:1555/1555 val_step:98/320 val_loss:3.2963 chunk_loss:0.0000 is_adam_step=True train_time:2230742ms step_avg:1434.56ms
step:1555/1555 val_step:99/320 val_loss:3.2965 chunk_loss:0.0000 is_adam_step=False train_time:2230742ms step_avg:1434.56ms
step:1555/1555 val_step:100/320 val_loss:3.2963 chunk_loss:0.0000 is_adam_step=True train_time:2230742ms step_avg:1434.56ms
step:1555/1555 val_step:101/320 val_loss:3.2957 chunk_loss:0.0000 is_adam_step=False train_time:2230742ms step_avg:1434.56ms
step:1555/1555 val_step:102/320 val_loss:3.2968 chunk_loss:0.0000 is_adam_step=True train_time:2230742ms step_avg:1434.56ms
step:1555/1555 val_step:103/320 val_loss:3.2988 chunk_loss:0.0000 is_adam_step=False train_time:2230742ms step_avg:1434.56ms
step:1555/1555 val_step:104/320 val_loss:3.2986 chunk_loss:0.0000 is_adam_step=True train_time:2230742ms step_avg:1434.56ms
step:1555/1555 val_step:105/320 val_loss:3.2983 chunk_loss:0.0000 is_adam_step=False train_time:2230742ms step_avg:1434.56ms
step:1555/1555 val_step:106/320 val_loss:3.2962 chunk_loss:0.0000 is_adam_step=True train_time:2230742ms step_avg:1434.56ms
step:1555/1555 val_step:107/320 val_loss:3.2958 chunk_loss:0.0000 is_adam_step=False train_time:2230742ms step_avg:1434.56ms
step:1555/1555 val_step:108/320 val_loss:3.2953 chunk_loss:0.0000 is_adam_step=True train_time:2230742ms step_avg:1434.56ms
step:1555/1555 val_step:109/320 val_loss:3.2951 chunk_loss:0.0000 is_adam_step=False train_time:2230742ms step_avg:1434.56ms
step:1555/1555 val_step:110/320 val_loss:3.2951 chunk_loss:0.0000 is_adam_step=True train_time:2230742ms step_avg:1434.56ms
step:1555/1555 val_step:111/320 val_loss:3.2963 chunk_loss:0.0000 is_adam_step=False train_time:2230742ms step_avg:1434.56ms
step:1555/1555 val_step:112/320 val_loss:3.2960 chunk_loss:0.0000 is_adam_step=True train_time:2230742ms step_avg:1434.56ms
step:1555/1555 val_step:113/320 val_loss:3.2946 chunk_loss:0.0000 is_adam_step=False train_time:2230742ms step_avg:1434.56ms
step:1555/1555 val_step:114/320 val_loss:3.2933 chunk_loss:0.0000 is_adam_step=True train_time:2230742ms step_avg:1434.56ms
step:1555/1555 val_step:115/320 val_loss:3.2922 chunk_loss:0.0000 is_adam_step=False train_time:2230742ms step_avg:1434.56ms
step:1555/1555 val_step:116/320 val_loss:3.2918 chunk_loss:0.0000 is_adam_step=True train_time:2230742ms step_avg:1434.56ms
step:1555/1555 val_step:117/320 val_loss:3.2922 chunk_loss:0.0000 is_adam_step=False train_time:2230742ms step_avg:1434.56ms
step:1555/1555 val_step:118/320 val_loss:3.2930 chunk_loss:0.0000 is_adam_step=True train_time:2230742ms step_avg:1434.56ms
step:1555/1555 val_step:119/320 val_loss:3.2925 chunk_loss:0.0000 is_adam_step=False train_time:2230742ms step_avg:1434.56ms
step:1555/1555 val_step:120/320 val_loss:3.2927 chunk_loss:0.0000 is_adam_step=True train_time:2230742ms step_avg:1434.56ms
step:1555/1555 val_step:121/320 val_loss:3.2922 chunk_loss:0.0000 is_adam_step=False train_time:2230742ms step_avg:1434.56ms
step:1555/1555 val_step:122/320 val_loss:3.2920 chunk_loss:0.0000 is_adam_step=True train_time:2230742ms step_avg:1434.56ms
step:1555/1555 val_step:123/320 val_loss:3.2909 chunk_loss:0.0000 is_adam_step=False train_time:2230742ms step_avg:1434.56ms
step:1555/1555 val_step:124/320 val_loss:3.2910 chunk_loss:0.0000 is_adam_step=True train_time:2230742ms step_avg:1434.56ms
step:1555/1555 val_step:125/320 val_loss:3.2914 chunk_loss:0.0000 is_adam_step=False train_time:2230742ms step_avg:1434.56ms
step:1555/1555 val_step:126/320 val_loss:3.2895 chunk_loss:0.0000 is_adam_step=True train_time:2230742ms step_avg:1434.56ms
step:1555/1555 val_step:127/320 val_loss:3.2898 chunk_loss:0.0000 is_adam_step=False train_time:2230742ms step_avg:1434.56ms
step:1555/1555 val_step:128/320 val_loss:3.2891 chunk_loss:0.0000 is_adam_step=True train_time:2230742ms step_avg:1434.56ms
step:1555/1555 val_step:129/320 val_loss:3.2878 chunk_loss:0.0000 is_adam_step=False train_time:2230742ms step_avg:1434.56ms
step:1555/1555 val_step:130/320 val_loss:3.2881 chunk_loss:0.0000 is_adam_step=True train_time:2230742ms step_avg:1434.56ms
step:1555/1555 val_step:131/320 val_loss:3.2878 chunk_loss:0.0000 is_adam_step=False train_time:2230742ms step_avg:1434.56ms
step:1555/1555 val_step:132/320 val_loss:3.2895 chunk_loss:0.0000 is_adam_step=True train_time:2230742ms step_avg:1434.56ms
step:1555/1555 val_step:133/320 val_loss:3.2908 chunk_loss:0.0000 is_adam_step=False train_time:2230742ms step_avg:1434.56ms
step:1555/1555 val_step:134/320 val_loss:3.2883 chunk_loss:0.0000 is_adam_step=True train_time:2230742ms step_avg:1434.56ms
step:1555/1555 val_step:135/320 val_loss:3.2876 chunk_loss:0.0000 is_adam_step=False train_time:2230742ms step_avg:1434.56ms
step:1555/1555 val_step:136/320 val_loss:3.2881 chunk_loss:0.0000 is_adam_step=True train_time:2230742ms step_avg:1434.56ms
step:1555/1555 val_step:137/320 val_loss:3.2886 chunk_loss:0.0000 is_adam_step=False train_time:2230742ms step_avg:1434.56ms
step:1555/1555 val_step:138/320 val_loss:3.2906 chunk_loss:0.0000 is_adam_step=True train_time:2230742ms step_avg:1434.56ms
step:1555/1555 val_step:139/320 val_loss:3.2910 chunk_loss:0.0000 is_adam_step=False train_time:2230742ms step_avg:1434.56ms
step:1555/1555 val_step:140/320 val_loss:3.2911 chunk_loss:0.0000 is_adam_step=True train_time:2230742ms step_avg:1434.56ms
step:1555/1555 val_step:141/320 val_loss:3.2911 chunk_loss:0.0000 is_adam_step=False train_time:2230742ms step_avg:1434.56ms
step:1555/1555 val_step:142/320 val_loss:3.2917 chunk_loss:0.0000 is_adam_step=True train_time:2230742ms step_avg:1434.56ms
step:1555/1555 val_step:143/320 val_loss:3.2931 chunk_loss:0.0000 is_adam_step=False train_time:2230742ms step_avg:1434.56ms
step:1555/1555 val_step:144/320 val_loss:3.2939 chunk_loss:0.0000 is_adam_step=True train_time:2230742ms step_avg:1434.56ms
step:1555/1555 val_step:145/320 val_loss:3.2934 chunk_loss:0.0000 is_adam_step=False train_time:2230742ms step_avg:1434.56ms
step:1555/1555 val_step:146/320 val_loss:3.2938 chunk_loss:0.0000 is_adam_step=True train_time:2230742ms step_avg:1434.56ms
step:1555/1555 val_step:147/320 val_loss:3.2946 chunk_loss:0.0000 is_adam_step=False train_time:2230742ms step_avg:1434.56ms
step:1555/1555 val_step:148/320 val_loss:3.2957 chunk_loss:0.0000 is_adam_step=True train_time:2230742ms step_avg:1434.56ms
step:1555/1555 val_step:149/320 val_loss:3.2949 chunk_loss:0.0000 is_adam_step=False train_time:2230742ms step_avg:1434.56ms
step:1555/1555 val_step:150/320 val_loss:3.2943 chunk_loss:0.0000 is_adam_step=True train_time:2230742ms step_avg:1434.56ms
step:1555/1555 val_step:151/320 val_loss:3.2947 chunk_loss:0.0000 is_adam_step=False train_time:2230742ms step_avg:1434.56ms
step:1555/1555 val_step:152/320 val_loss:3.2939 chunk_loss:0.0000 is_adam_step=True train_time:2230742ms step_avg:1434.56ms
step:1555/1555 val_step:153/320 val_loss:3.2932 chunk_loss:0.0000 is_adam_step=False train_time:2230742ms step_avg:1434.56ms
step:1555/1555 val_step:154/320 val_loss:3.2931 chunk_loss:0.0000 is_adam_step=True train_time:2230742ms step_avg:1434.56ms
step:1555/1555 val_step:155/320 val_loss:3.2934 chunk_loss:0.0000 is_adam_step=False train_time:2230742ms step_avg:1434.56ms
step:1555/1555 val_step:156/320 val_loss:3.2932 chunk_loss:0.0000 is_adam_step=True train_time:2230742ms step_avg:1434.56ms
step:1555/1555 val_step:157/320 val_loss:3.2932 chunk_loss:0.0000 is_adam_step=False train_time:2230742ms step_avg:1434.56ms
step:1555/1555 val_step:158/320 val_loss:3.2933 chunk_loss:0.0000 is_adam_step=True train_time:2230742ms step_avg:1434.56ms
step:1555/1555 val_step:159/320 val_loss:3.2933 chunk_loss:0.0000 is_adam_step=False train_time:2230742ms step_avg:1434.56ms
step:1555/1555 val_step:160/320 val_loss:3.2943 chunk_loss:0.0000 is_adam_step=True train_time:2230742ms step_avg:1434.56ms
step:1555/1555 val_step:161/320 val_loss:3.2942 chunk_loss:0.0000 is_adam_step=False train_time:2230742ms step_avg:1434.56ms
step:1555/1555 val_step:162/320 val_loss:3.2947 chunk_loss:0.0000 is_adam_step=True train_time:2230742ms step_avg:1434.56ms
step:1555/1555 val_step:163/320 val_loss:3.2939 chunk_loss:0.0000 is_adam_step=False train_time:2230742ms step_avg:1434.56ms
step:1555/1555 val_step:164/320 val_loss:3.2938 chunk_loss:0.0000 is_adam_step=True train_time:2230742ms step_avg:1434.56ms
step:1555/1555 val_step:165/320 val_loss:3.2969 chunk_loss:0.0000 is_adam_step=False train_time:2230742ms step_avg:1434.56ms
step:1555/1555 val_step:166/320 val_loss:3.2978 chunk_loss:0.0000 is_adam_step=True train_time:2230742ms step_avg:1434.56ms
step:1555/1555 val_step:167/320 val_loss:3.2981 chunk_loss:0.0000 is_adam_step=False train_time:2230742ms step_avg:1434.56ms
step:1555/1555 val_step:168/320 val_loss:3.2979 chunk_loss:0.0000 is_adam_step=True train_time:2230742ms step_avg:1434.56ms
step:1555/1555 val_step:169/320 val_loss:3.2979 chunk_loss:0.0000 is_adam_step=False train_time:2230742ms step_avg:1434.56ms
step:1555/1555 val_step:170/320 val_loss:3.2977 chunk_loss:0.0000 is_adam_step=True train_time:2230742ms step_avg:1434.56ms
step:1555/1555 val_step:171/320 val_loss:3.2966 chunk_loss:0.0000 is_adam_step=False train_time:2230742ms step_avg:1434.56ms
step:1555/1555 val_step:172/320 val_loss:3.2963 chunk_loss:0.0000 is_adam_step=True train_time:2230742ms step_avg:1434.56ms
step:1555/1555 val_step:173/320 val_loss:3.2959 chunk_loss:0.0000 is_adam_step=False train_time:2230742ms step_avg:1434.56ms
step:1555/1555 val_step:174/320 val_loss:3.2972 chunk_loss:0.0000 is_adam_step=True train_time:2230742ms step_avg:1434.56ms
step:1555/1555 val_step:175/320 val_loss:3.2971 chunk_loss:0.0000 is_adam_step=False train_time:2230742ms step_avg:1434.56ms
step:1555/1555 val_step:176/320 val_loss:3.2973 chunk_loss:0.0000 is_adam_step=True train_time:2230742ms step_avg:1434.56ms
step:1555/1555 val_step:177/320 val_loss:3.2961 chunk_loss:0.0000 is_adam_step=False train_time:2230742ms step_avg:1434.56ms
step:1555/1555 val_step:178/320 val_loss:3.2963 chunk_loss:0.0000 is_adam_step=True train_time:2230742ms step_avg:1434.56ms
step:1555/1555 val_step:179/320 val_loss:3.2963 chunk_loss:0.0000 is_adam_step=False train_time:2230742ms step_avg:1434.56ms
step:1555/1555 val_step:180/320 val_loss:3.2957 chunk_loss:0.0000 is_adam_step=True train_time:2230742ms step_avg:1434.56ms
step:1555/1555 val_step:181/320 val_loss:3.2961 chunk_loss:0.0000 is_adam_step=False train_time:2230742ms step_avg:1434.56ms
step:1555/1555 val_step:182/320 val_loss:3.2947 chunk_loss:0.0000 is_adam_step=True train_time:2230742ms step_avg:1434.56ms
step:1555/1555 val_step:183/320 val_loss:3.2954 chunk_loss:0.0000 is_adam_step=False train_time:2230742ms step_avg:1434.56ms
step:1555/1555 val_step:184/320 val_loss:3.2944 chunk_loss:0.0000 is_adam_step=True train_time:2230742ms step_avg:1434.56ms
step:1555/1555 val_step:185/320 val_loss:3.2923 chunk_loss:0.0000 is_adam_step=False train_time:2230742ms step_avg:1434.56ms
step:1555/1555 val_step:186/320 val_loss:3.2919 chunk_loss:0.0000 is_adam_step=True train_time:2230742ms step_avg:1434.56ms
step:1555/1555 val_step:187/320 val_loss:3.2913 chunk_loss:0.0000 is_adam_step=False train_time:2230742ms step_avg:1434.56ms
step:1555/1555 val_step:188/320 val_loss:3.2919 chunk_loss:0.0000 is_adam_step=True train_time:2230742ms step_avg:1434.56ms
step:1555/1555 val_step:189/320 val_loss:3.2906 chunk_loss:0.0000 is_adam_step=False train_time:2230742ms step_avg:1434.56ms
step:1555/1555 val_step:190/320 val_loss:3.2906 chunk_loss:0.0000 is_adam_step=True train_time:2230742ms step_avg:1434.56ms
step:1555/1555 val_step:191/320 val_loss:3.2902 chunk_loss:0.0000 is_adam_step=False train_time:2230742ms step_avg:1434.56ms
step:1555/1555 val_step:192/320 val_loss:3.2900 chunk_loss:0.0000 is_adam_step=True train_time:2230742ms step_avg:1434.56ms
step:1555/1555 val_step:193/320 val_loss:3.2902 chunk_loss:0.0000 is_adam_step=False train_time:2230742ms step_avg:1434.56ms
step:1555/1555 val_step:194/320 val_loss:3.2908 chunk_loss:0.0000 is_adam_step=True train_time:2230742ms step_avg:1434.56ms
step:1555/1555 val_step:195/320 val_loss:3.2899 chunk_loss:0.0000 is_adam_step=False train_time:2230742ms step_avg:1434.56ms
step:1555/1555 val_step:196/320 val_loss:3.2896 chunk_loss:0.0000 is_adam_step=True train_time:2230742ms step_avg:1434.56ms
step:1555/1555 val_step:197/320 val_loss:3.2897 chunk_loss:0.0000 is_adam_step=False train_time:2230742ms step_avg:1434.56ms
step:1555/1555 val_step:198/320 val_loss:3.2902 chunk_loss:0.0000 is_adam_step=True train_time:2230742ms step_avg:1434.56ms
step:1555/1555 val_step:199/320 val_loss:3.2895 chunk_loss:0.0000 is_adam_step=False train_time:2230742ms step_avg:1434.56ms
step:1555/1555 val_step:200/320 val_loss:3.2890 chunk_loss:0.0000 is_adam_step=True train_time:2230742ms step_avg:1434.56ms
step:1555/1555 val_step:201/320 val_loss:3.2871 chunk_loss:0.0000 is_adam_step=False train_time:2230742ms step_avg:1434.56ms
step:1555/1555 val_step:202/320 val_loss:3.2881 chunk_loss:0.0000 is_adam_step=True train_time:2230742ms step_avg:1434.56ms
step:1555/1555 val_step:203/320 val_loss:3.2872 chunk_loss:0.0000 is_adam_step=False train_time:2230742ms step_avg:1434.56ms
step:1555/1555 val_step:204/320 val_loss:3.2867 chunk_loss:0.0000 is_adam_step=True train_time:2230742ms step_avg:1434.56ms
step:1555/1555 val_step:205/320 val_loss:3.2871 chunk_loss:0.0000 is_adam_step=False train_time:2230742ms step_avg:1434.56ms
step:1555/1555 val_step:206/320 val_loss:3.2867 chunk_loss:0.0000 is_adam_step=True train_time:2230742ms step_avg:1434.56ms
step:1555/1555 val_step:207/320 val_loss:3.2868 chunk_loss:0.0000 is_adam_step=False train_time:2230742ms step_avg:1434.56ms
step:1555/1555 val_step:208/320 val_loss:3.2857 chunk_loss:0.0000 is_adam_step=True train_time:2230742ms step_avg:1434.56ms
step:1555/1555 val_step:209/320 val_loss:3.2861 chunk_loss:0.0000 is_adam_step=False train_time:2230742ms step_avg:1434.56ms
step:1555/1555 val_step:210/320 val_loss:3.2849 chunk_loss:0.0000 is_adam_step=True train_time:2230742ms step_avg:1434.56ms
step:1555/1555 val_step:211/320 val_loss:3.2843 chunk_loss:0.0000 is_adam_step=False train_time:2230742ms step_avg:1434.56ms
step:1555/1555 val_step:212/320 val_loss:3.2859 chunk_loss:0.0000 is_adam_step=True train_time:2230742ms step_avg:1434.56ms
step:1555/1555 val_step:213/320 val_loss:3.2857 chunk_loss:0.0000 is_adam_step=False train_time:2230742ms step_avg:1434.56ms
step:1555/1555 val_step:214/320 val_loss:3.2865 chunk_loss:0.0000 is_adam_step=True train_time:2230742ms step_avg:1434.56ms
step:1555/1555 val_step:215/320 val_loss:3.2855 chunk_loss:0.0000 is_adam_step=False train_time:2230742ms step_avg:1434.56ms
step:1555/1555 val_step:216/320 val_loss:3.2853 chunk_loss:0.0000 is_adam_step=True train_time:2230742ms step_avg:1434.56ms
step:1555/1555 val_step:217/320 val_loss:3.2859 chunk_loss:0.0000 is_adam_step=False train_time:2230742ms step_avg:1434.56ms
step:1555/1555 val_step:218/320 val_loss:3.2859 chunk_loss:0.0000 is_adam_step=True train_time:2230742ms step_avg:1434.56ms
step:1555/1555 val_step:219/320 val_loss:3.2863 chunk_loss:0.0000 is_adam_step=False train_time:2230742ms step_avg:1434.56ms
step:1555/1555 val_step:220/320 val_loss:3.2862 chunk_loss:0.0000 is_adam_step=True train_time:2230742ms step_avg:1434.56ms
step:1555/1555 val_step:221/320 val_loss:3.2861 chunk_loss:0.0000 is_adam_step=False train_time:2230742ms step_avg:1434.56ms
step:1555/1555 val_step:222/320 val_loss:3.2862 chunk_loss:0.0000 is_adam_step=True train_time:2230742ms step_avg:1434.56ms
step:1555/1555 val_step:223/320 val_loss:3.2861 chunk_loss:0.0000 is_adam_step=False train_time:2230742ms step_avg:1434.56ms
step:1555/1555 val_step:224/320 val_loss:3.2854 chunk_loss:0.0000 is_adam_step=True train_time:2230742ms step_avg:1434.56ms
step:1555/1555 val_step:225/320 val_loss:3.2845 chunk_loss:0.0000 is_adam_step=False train_time:2230742ms step_avg:1434.56ms
step:1555/1555 val_step:226/320 val_loss:3.2840 chunk_loss:0.0000 is_adam_step=True train_time:2230742ms step_avg:1434.56ms
step:1555/1555 val_step:227/320 val_loss:3.2842 chunk_loss:0.0000 is_adam_step=False train_time:2230742ms step_avg:1434.56ms
step:1555/1555 val_step:228/320 val_loss:3.2844 chunk_loss:0.0000 is_adam_step=True train_time:2230742ms step_avg:1434.56ms
step:1555/1555 val_step:229/320 val_loss:3.2849 chunk_loss:0.0000 is_adam_step=False train_time:2230742ms step_avg:1434.56ms
step:1555/1555 val_step:230/320 val_loss:3.2851 chunk_loss:0.0000 is_adam_step=True train_time:2230742ms step_avg:1434.56ms
step:1555/1555 val_step:231/320 val_loss:3.2847 chunk_loss:0.0000 is_adam_step=False train_time:2230742ms step_avg:1434.56ms
step:1555/1555 val_step:232/320 val_loss:3.2850 chunk_loss:0.0000 is_adam_step=True train_time:2230742ms step_avg:1434.56ms
step:1555/1555 val_step:233/320 val_loss:3.2856 chunk_loss:0.0000 is_adam_step=False train_time:2230742ms step_avg:1434.56ms
step:1555/1555 val_step:234/320 val_loss:3.2853 chunk_loss:0.0000 is_adam_step=True train_time:2230742ms step_avg:1434.56ms
step:1555/1555 val_step:235/320 val_loss:3.2851 chunk_loss:0.0000 is_adam_step=False train_time:2230742ms step_avg:1434.56ms
step:1555/1555 val_step:236/320 val_loss:3.2852 chunk_loss:0.0000 is_adam_step=True train_time:2230742ms step_avg:1434.56ms
step:1555/1555 val_step:237/320 val_loss:3.2850 chunk_loss:0.0000 is_adam_step=False train_time:2230742ms step_avg:1434.56ms
step:1555/1555 val_step:238/320 val_loss:3.2848 chunk_loss:0.0000 is_adam_step=True train_time:2230742ms step_avg:1434.56ms
step:1555/1555 val_step:239/320 val_loss:3.2845 chunk_loss:0.0000 is_adam_step=False train_time:2230742ms step_avg:1434.56ms
step:1555/1555 val_step:240/320 val_loss:3.2842 chunk_loss:0.0000 is_adam_step=True train_time:2230742ms step_avg:1434.56ms
step:1555/1555 val_step:241/320 val_loss:3.2842 chunk_loss:0.0000 is_adam_step=False train_time:2230742ms step_avg:1434.56ms
step:1555/1555 val_step:242/320 val_loss:3.2851 chunk_loss:0.0000 is_adam_step=True train_time:2230742ms step_avg:1434.56ms
step:1555/1555 val_step:243/320 val_loss:3.2848 chunk_loss:0.0000 is_adam_step=False train_time:2230742ms step_avg:1434.56ms
step:1555/1555 val_step:244/320 val_loss:3.2853 chunk_loss:0.0000 is_adam_step=True train_time:2230742ms step_avg:1434.56ms
step:1555/1555 val_step:245/320 val_loss:3.2855 chunk_loss:0.0000 is_adam_step=False train_time:2230742ms step_avg:1434.56ms
step:1555/1555 val_step:246/320 val_loss:3.2858 chunk_loss:0.0000 is_adam_step=True train_time:2230742ms step_avg:1434.56ms
step:1555/1555 val_step:247/320 val_loss:3.2858 chunk_loss:0.0000 is_adam_step=False train_time:2230742ms step_avg:1434.56ms
step:1555/1555 val_step:248/320 val_loss:3.2857 chunk_loss:0.0000 is_adam_step=True train_time:2230742ms step_avg:1434.56ms
step:1555/1555 val_step:249/320 val_loss:3.2869 chunk_loss:0.0000 is_adam_step=False train_time:2230742ms step_avg:1434.56ms
step:1555/1555 val_step:250/320 val_loss:3.2869 chunk_loss:0.0000 is_adam_step=True train_time:2230742ms step_avg:1434.56ms
step:1555/1555 val_step:251/320 val_loss:3.2871 chunk_loss:0.0000 is_adam_step=False train_time:2230742ms step_avg:1434.56ms
step:1555/1555 val_step:252/320 val_loss:3.2875 chunk_loss:0.0000 is_adam_step=True train_time:2230742ms step_avg:1434.56ms
step:1555/1555 val_step:253/320 val_loss:3.2873 chunk_loss:0.0000 is_adam_step=False train_time:2230742ms step_avg:1434.56ms
step:1555/1555 val_step:254/320 val_loss:3.2877 chunk_loss:0.0000 is_adam_step=True train_time:2230742ms step_avg:1434.56ms
step:1555/1555 val_step:255/320 val_loss:3.2878 chunk_loss:0.0000 is_adam_step=False train_time:2230742ms step_avg:1434.56ms
step:1555/1555 val_step:256/320 val_loss:3.2878 chunk_loss:0.0000 is_adam_step=True train_time:2230742ms step_avg:1434.56ms
step:1555/1555 val_step:257/320 val_loss:3.2887 chunk_loss:0.0000 is_adam_step=False train_time:2230742ms step_avg:1434.56ms
step:1555/1555 val_step:258/320 val_loss:3.2882 chunk_loss:0.0000 is_adam_step=True train_time:2230742ms step_avg:1434.56ms
step:1555/1555 val_step:259/320 val_loss:3.2883 chunk_loss:0.0000 is_adam_step=False train_time:2230742ms step_avg:1434.56ms
step:1555/1555 val_step:260/320 val_loss:3.2881 chunk_loss:0.0000 is_adam_step=True train_time:2230742ms step_avg:1434.56ms
step:1555/1555 val_step:261/320 val_loss:3.2882 chunk_loss:0.0000 is_adam_step=False train_time:2230742ms step_avg:1434.56ms
step:1555/1555 val_step:262/320 val_loss:3.2884 chunk_loss:0.0000 is_adam_step=True train_time:2230742ms step_avg:1434.56ms
step:1555/1555 val_step:263/320 val_loss:3.2880 chunk_loss:0.0000 is_adam_step=False train_time:2230742ms step_avg:1434.56ms
step:1555/1555 val_step:264/320 val_loss:3.2883 chunk_loss:0.0000 is_adam_step=True train_time:2230742ms step_avg:1434.56ms
step:1555/1555 val_step:265/320 val_loss:3.2878 chunk_loss:0.0000 is_adam_step=False train_time:2230742ms step_avg:1434.56ms
step:1555/1555 val_step:266/320 val_loss:3.2880 chunk_loss:0.0000 is_adam_step=True train_time:2230742ms step_avg:1434.56ms
step:1555/1555 val_step:267/320 val_loss:3.2873 chunk_loss:0.0000 is_adam_step=False train_time:2230742ms step_avg:1434.56ms
step:1555/1555 val_step:268/320 val_loss:3.2869 chunk_loss:0.0000 is_adam_step=True train_time:2230742ms step_avg:1434.56ms
step:1555/1555 val_step:269/320 val_loss:3.2866 chunk_loss:0.0000 is_adam_step=False train_time:2230742ms step_avg:1434.56ms
step:1555/1555 val_step:270/320 val_loss:3.2862 chunk_loss:0.0000 is_adam_step=True train_time:2230742ms step_avg:1434.56ms
step:1555/1555 val_step:271/320 val_loss:3.2855 chunk_loss:0.0000 is_adam_step=False train_time:2230742ms step_avg:1434.56ms
step:1555/1555 val_step:272/320 val_loss:3.2847 chunk_loss:0.0000 is_adam_step=True train_time:2230742ms step_avg:1434.56ms
step:1555/1555 val_step:273/320 val_loss:3.2847 chunk_loss:0.0000 is_adam_step=False train_time:2230742ms step_avg:1434.56ms
step:1555/1555 val_step:274/320 val_loss:3.2848 chunk_loss:0.0000 is_adam_step=True train_time:2230742ms step_avg:1434.56ms
step:1555/1555 val_step:275/320 val_loss:3.2853 chunk_loss:0.0000 is_adam_step=False train_time:2230742ms step_avg:1434.56ms
step:1555/1555 val_step:276/320 val_loss:3.2848 chunk_loss:0.0000 is_adam_step=True train_time:2230742ms step_avg:1434.56ms
step:1555/1555 val_step:277/320 val_loss:3.2840 chunk_loss:0.0000 is_adam_step=False train_time:2230742ms step_avg:1434.56ms
step:1555/1555 val_step:278/320 val_loss:3.2839 chunk_loss:0.0000 is_adam_step=True train_time:2230742ms step_avg:1434.56ms
step:1555/1555 val_step:279/320 val_loss:3.2843 chunk_loss:0.0000 is_adam_step=False train_time:2230742ms step_avg:1434.56ms
step:1555/1555 val_step:280/320 val_loss:3.2843 chunk_loss:0.0000 is_adam_step=True train_time:2230742ms step_avg:1434.56ms
step:1555/1555 val_step:281/320 val_loss:3.2840 chunk_loss:0.0000 is_adam_step=False train_time:2230742ms step_avg:1434.56ms
step:1555/1555 val_step:282/320 val_loss:3.2838 chunk_loss:0.0000 is_adam_step=True train_time:2230742ms step_avg:1434.56ms
step:1555/1555 val_step:283/320 val_loss:3.2836 chunk_loss:0.0000 is_adam_step=False train_time:2230742ms step_avg:1434.56ms
step:1555/1555 val_step:284/320 val_loss:3.2839 chunk_loss:0.0000 is_adam_step=True train_time:2230742ms step_avg:1434.56ms
step:1555/1555 val_step:285/320 val_loss:3.2833 chunk_loss:0.0000 is_adam_step=False train_time:2230742ms step_avg:1434.56ms
step:1555/1555 val_step:286/320 val_loss:3.2830 chunk_loss:0.0000 is_adam_step=True train_time:2230742ms step_avg:1434.56ms
step:1555/1555 val_step:287/320 val_loss:3.2833 chunk_loss:0.0000 is_adam_step=False train_time:2230742ms step_avg:1434.56ms
step:1555/1555 val_step:288/320 val_loss:3.2831 chunk_loss:0.0000 is_adam_step=True train_time:2230742ms step_avg:1434.56ms
step:1555/1555 val_step:289/320 val_loss:3.2835 chunk_loss:0.0000 is_adam_step=False train_time:2230742ms step_avg:1434.56ms
step:1555/1555 val_step:290/320 val_loss:3.2839 chunk_loss:0.0000 is_adam_step=True train_time:2230742ms step_avg:1434.56ms
step:1555/1555 val_step:291/320 val_loss:3.2839 chunk_loss:0.0000 is_adam_step=False train_time:2230742ms step_avg:1434.56ms
step:1555/1555 val_step:292/320 val_loss:3.2834 chunk_loss:0.0000 is_adam_step=True train_time:2230742ms step_avg:1434.56ms
step:1555/1555 val_step:293/320 val_loss:3.2832 chunk_loss:0.0000 is_adam_step=False train_time:2230742ms step_avg:1434.56ms
step:1555/1555 val_step:294/320 val_loss:3.2834 chunk_loss:0.0000 is_adam_step=True train_time:2230742ms step_avg:1434.56ms
step:1555/1555 val_step:295/320 val_loss:3.2837 chunk_loss:0.0000 is_adam_step=False train_time:2230742ms step_avg:1434.56ms
step:1555/1555 val_step:296/320 val_loss:3.2838 chunk_loss:0.0000 is_adam_step=True train_time:2230742ms step_avg:1434.56ms
step:1555/1555 val_step:297/320 val_loss:3.2831 chunk_loss:0.0000 is_adam_step=False train_time:2230742ms step_avg:1434.56ms
step:1555/1555 val_step:298/320 val_loss:3.2828 chunk_loss:0.0000 is_adam_step=True train_time:2230742ms step_avg:1434.56ms
step:1555/1555 val_step:299/320 val_loss:3.2826 chunk_loss:0.0000 is_adam_step=False train_time:2230742ms step_avg:1434.56ms
step:1555/1555 val_step:300/320 val_loss:3.2823 chunk_loss:0.0000 is_adam_step=True train_time:2230742ms step_avg:1434.56ms
step:1555/1555 val_step:301/320 val_loss:3.2820 chunk_loss:0.0000 is_adam_step=False train_time:2230742ms step_avg:1434.56ms
step:1555/1555 val_step:302/320 val_loss:3.2818 chunk_loss:0.0000 is_adam_step=True train_time:2230742ms step_avg:1434.56ms
step:1555/1555 val_step:303/320 val_loss:3.2822 chunk_loss:0.0000 is_adam_step=False train_time:2230742ms step_avg:1434.56ms
step:1555/1555 val_step:304/320 val_loss:3.2812 chunk_loss:0.0000 is_adam_step=True train_time:2230742ms step_avg:1434.56ms
step:1555/1555 val_step:305/320 val_loss:3.2810 chunk_loss:0.0000 is_adam_step=False train_time:2230742ms step_avg:1434.56ms
step:1555/1555 val_step:306/320 val_loss:3.2810 chunk_loss:0.0000 is_adam_step=True train_time:2230742ms step_avg:1434.56ms
step:1555/1555 val_step:307/320 val_loss:3.2810 chunk_loss:0.0000 is_adam_step=False train_time:2230742ms step_avg:1434.56ms
step:1555/1555 val_step:308/320 val_loss:3.2810 chunk_loss:0.0000 is_adam_step=True train_time:2230742ms step_avg:1434.56ms
step:1555/1555 val_step:309/320 val_loss:3.2810 chunk_loss:0.0000 is_adam_step=False train_time:2230742ms step_avg:1434.56ms
step:1555/1555 val_step:310/320 val_loss:3.2806 chunk_loss:0.0000 is_adam_step=True train_time:2230742ms step_avg:1434.56ms
step:1555/1555 val_step:311/320 val_loss:3.2810 chunk_loss:0.0000 is_adam_step=False train_time:2230742ms step_avg:1434.56ms
step:1555/1555 val_step:312/320 val_loss:3.2811 chunk_loss:0.0000 is_adam_step=True train_time:2230742ms step_avg:1434.56ms
step:1555/1555 val_step:313/320 val_loss:3.2812 chunk_loss:0.0000 is_adam_step=False train_time:2230742ms step_avg:1434.56ms
step:1555/1555 val_step:314/320 val_loss:3.2815 chunk_loss:0.0000 is_adam_step=True train_time:2230742ms step_avg:1434.56ms
step:1555/1555 val_step:315/320 val_loss:3.2817 chunk_loss:0.0000 is_adam_step=False train_time:2230742ms step_avg:1434.56ms
step:1555/1555 val_step:316/320 val_loss:3.2815 chunk_loss:0.0000 is_adam_step=True train_time:2230742ms step_avg:1434.56ms
step:1555/1555 val_step:317/320 val_loss:3.2815 chunk_loss:0.0000 is_adam_step=False train_time:2230742ms step_avg:1434.56ms
step:1555/1555 val_step:318/320 val_loss:3.2817 chunk_loss:0.0000 is_adam_step=True train_time:2230742ms step_avg:1434.56ms
step:1555/1555 val_step:319/320 val_loss:3.2815 chunk_loss:0.0000 is_adam_step=False train_time:2230742ms step_avg:1434.56ms
step:1555/1555 val_loss:3.2815 train_time:2230742ms step_avg:1434.56ms
peak memory allocated: 32552 MiB reserved: 32820 MiB
