import os
import sys

# Read the current file and the kernels file code ASAP, for logging
with open(sys.argv[0], 'r') as f:
    code = f.read()
with open(os.path.join(os.path.dirname(sys.argv[0]), 'triton_kernels.py'), 'r') as f:
    code += f"\n\n{'-'*40}\n# triton_kernels.py\n{'-'*40}\n\n"
    code += f.read()

import copy
import glob
import math
import threading
import time
import uuid
from dataclasses import dataclass
from itertools import accumulate, pairwise
from pathlib import Path
import gc

os.environ["PYTORCH_ALLOC_CONF"] = "expandable_segments:True"
import torch
torch.autograd.set_detect_anomaly(True)
import triton

torch.empty(
    1, device=f"cuda:{os.environ['LOCAL_RANK']}", requires_grad=True
).backward()  # prevents a bug on some systems
import torch._dynamo as dynamo
import torch.distributed as dist
import torch.nn.functional as F

# torch._inductor.config.coordinate_descent_tuning = True # we have banned this flag for new records because it causes compilation to take 30min
from kernels import get_kernel
from torch import Tensor, nn

from triton_kernels import XXT, ba_plus_cAA, FusedLinearReLUSquareFunction, FusedSoftcappedCrossEntropy

dynamo.config.recompile_limit = 64

# -----------------------------------------------------------------------------
# Distributed training setup
rank = int(os.environ["RANK"])
world_size = int(os.environ["WORLD_SIZE"])
assert 8 % world_size == 0, "world_size must be a divisor of 8"
grad_accum_steps = 8 // world_size
grad_scale = 2 / grad_accum_steps # consistent grad magnitudes between different num_devices
assert torch.cuda.is_available()
device = torch.device("cuda", int(os.environ["LOCAL_RANK"]))
torch.cuda.set_device(device)
dist.init_process_group(backend="nccl", device_id=device)
dist.barrier()
master_process = (rank == 0) # this process will do logging, checkpointing etc.

# -----------------------------------------------------------------------------
# Custom operators: FP8 matmul by @YouJiacheng
# Transposed layout by @ChrisJMcCormick allows for faster gradient accumulation.

@torch.library.custom_op("nanogpt::mm_t", mutates_args=())
def mm_t_op(x: Tensor, w: Tensor, x_s: float, w_s: float, grad_s: float) -> tuple[Tensor, Tensor, Tensor]:
    """Computes y = x @ w with F8 weights stored as (in_features, out_features)."""
    @torch.compile
    def impl(x: Tensor, w: Tensor):
        assert x.is_contiguous() and w.is_contiguous()
        assert x.shape[1] == w.shape[0]  # x: (batch, in), w: (in, out)

        x_f8 = x.div(x_s).to(torch.float8_e4m3fn)
        w_f8 = w.div(w_s).to(torch.float8_e4m3fn)

        # _scaled_mm requires column-major B. w_f8 is row-major (in, out).
        # .T.contiguous().T creates a column-major view without changing logical shape.
        w_f8_col_major = w_f8.T.contiguous().T

        out = torch._scaled_mm(
            x_f8,
            w_f8_col_major,
            out_dtype=torch.bfloat16,
            scale_a=x.new_tensor(x_s, dtype=torch.float32),
            scale_b=x.new_tensor(w_s, dtype=torch.float32),
            use_fast_accum=True,
        )
        return out, x_f8, w_f8

    return impl(x, w)

@mm_t_op.register_fake
def _(x: Tensor, w: Tensor, *_):
    assert x.ndim == w.ndim == 2
    assert x.shape[1] == w.shape[0]
    assert x.device == w.device
    assert x.is_contiguous() and w.is_contiguous()
    return x @ w, x.to(torch.float8_e4m3fn), w.to(torch.float8_e4m3fn)

@torch.library.custom_op("nanogpt::mm_t_backward", mutates_args=())
def mm_t_backward_op(g: Tensor, x_f8: Tensor, w_f8: Tensor, x_s: float, w_s: float, grad_s: float) -> tuple[Tensor, Tensor]:
    @torch.compile
    def impl(grad: Tensor, x_f8: Tensor, w_f8: Tensor):
        assert grad.is_contiguous()

        x_scale = grad.new_tensor(x_s, dtype=torch.float32)
        w_scale = grad.new_tensor(w_s, dtype=torch.float32)
        grad_scale = grad.new_tensor(grad_s, dtype=torch.float32)
        grad_f8 = grad.div(grad_s).to(torch.float8_e5m2)

        # grad_x = grad @ w.T
        grad_x = torch._scaled_mm(
            grad_f8,
            w_f8.T,
            out_dtype=torch.bfloat16,
            scale_a=grad_scale,
            scale_b=w_scale,
            use_fast_accum=False,
        )

        # grad_w = x.T @ grad
        # Result is (in, out), naturally matching weight storage. No final .T needed.
        grad_w = torch._scaled_mm(
            x_f8.T.contiguous(),
            grad_f8.T.contiguous().T,
            out_dtype=torch.float32,
            scale_a=x_scale,
            scale_b=grad_scale,
            use_fast_accum=False,
        )

        return grad_x, grad_w

    grad_x, grad_w = impl(g, x_f8, w_f8)

    return grad_x, grad_w

@mm_t_backward_op.register_fake
def _(g: Tensor, x_f8: Tensor, w_f8: Tensor, *_):
    return x_f8.to(torch.bfloat16), w_f8.to(torch.float32)

def backward_t(ctx, grad_out: Tensor, *_):
    x_f8, w_f8 = ctx.saved_tensors
    x_s, w_s, grad_s = ctx.scales
    grad_x, grad_w = torch.ops.nanogpt.mm_t_backward(
        grad_out, x_f8, w_f8, x_s, w_s, grad_s
    )
    return grad_x, grad_w, None, None, None

def setup_context_t(ctx: torch.autograd.function.FunctionCtx, inputs, output):
    *_, x_s, w_s, grad_s = inputs
    _, x_f8, w_f8 = output
    ctx.save_for_backward(x_f8, w_f8)
    ctx.scales = x_s, w_s, grad_s
    ctx.set_materialize_grads(False)

mm_t_op.register_autograd(backward_t, setup_context=setup_context_t)

# -----------------------------------------------------------------------------
# Polar Express

# Computed for num_iters=5, safety_factor=2e-2, cushion=2
polar_express_coeffs = [
    (8.156554524902461, -22.48329292557795, 15.878769915207462),
    (4.042929935166739, -2.808917465908714, 0.5000178451051316),
    (3.8916678022926607, -2.772484153217685, 0.5060648178503393),
    (3.285753657755655, -2.3681294933425376, 0.46449024233003106),
    (2.3465413258596377, -1.7097828382687081, 0.42323551169305323)
]

@torch.compile(dynamic=False, fullgraph=True) # Must use dynamic=False or else it's much slower
def polar_express(G: torch.Tensor, split_baddbmm: bool = False):
    """
    Polar Express Sign Method: https://arxiv.org/pdf/2505.16932
    by Noah Amsel, David Persson, Christopher Musco, Robert M. Gower.
    """
    X = G.bfloat16()
    if G.size(-2) > G.size(-1):
        X = X.mT

    # Ensure spectral norm is at most 1
    X = X / (X.norm(dim=(-2, -1), keepdim=True) * (1 + 2e-2) + 1e-6)

    # Allocate buffers
    X = X.contiguous()
    A = torch.empty((*X.shape[:-1], X.size(-2)), device=X.device, dtype=X.dtype)
    B = torch.empty_like(A)
    C = torch.empty_like(X)

    # Select batched vs unbatched
    if split_baddbmm:
        BX_matmul = torch.bmm if X.ndim > 2 else torch.mm
    else:
        aX_plus_BX = torch.baddbmm if X.ndim > 2 else torch.addmm

    # Perform the iterations
    for a, b, c in polar_express_coeffs:
        XXT(X, out=A)  # A = X @ X.mT
        ba_plus_cAA(A, alpha=c, beta=b, out=B)  # B = b * A + c * A @ A

        # Referencing X twice causes pytorch to make a defensive copy,
        # resulting in a cudaMemcpyAsync in baddbmm.
        # For large matrices (i.e., the mlp weights), it's faster to split
        # the operation into two kernels to avoid this.
        if split_baddbmm:
            BX_matmul(B, X, out=C)  # C = B @ X
            C.add_(X, alpha=a)      # C = C + a*X  (in-place, X only read)
        else:
            aX_plus_BX(X, B, X, beta=a, out=C)  # C = a * X + B @ X

        X, C = C, X  # Swap references to avoid unnecessary copies

    if G.size(-2) > G.size(-1):
        X = X.mT
    return X


# -----------------------------------------------------------------------------
# Combined NorMuon + Adam Optimizer

@dataclass
class ParamConfig:
    """Per-parameter configuration for NorMuonAndAdam optimizer."""
    label: str
    optim: str  # "adam" or "normuon"
    comms: str  # "none", "replicated", or "sharded"
    adam_betas: tuple[float, float] | None
    lr_mul: float
    wd_mul: float
    lr: float
    initial_lr: float
    weight_decay: float
    # Adam-specific
    eps: float | None = None
    # NorMuon-specific
    reshape: tuple | None = None
    chunk_size: int | None = None
    momentum: float | None = None
    beta2: float | None = None
    per_matrix_lr_mul: list[float] | None = None


class NorMuonAndAdam:
    """
    Combined optimizer that handles both NorMuon (for projection matrices) and
    Adam (for embeddings/scalars/gate weights).

    Muon - MomentUm Orthogonalized by Newton-schulz

    https://kellerjordan.github.io/posts/muon/

    Muon internally runs standard SGD-momentum, and then performs an orthogonalization post-
    processing step, in which each 2D parameter's update is replaced with the nearest orthogonal
    matrix. To efficiently orthogonalize each update, Muon uses a Newton-Schulz iteration (replaced
    here with Polar Express), which has the advantage that it can be stably run in bfloat16 on the GPU.

    Muon is applied only to the projection matrices in the attention and MLP layers, and is not recommended
    for embeddings, scalars, or individual weight vectors (e.g., bias terms or gate weights).

    Differences from standard Muon:
    - Newton-Shulz is replaced with Polar Express for the orthogonalization step
    - NorMuon adds a low-rank variance estimator similar to Adafactor. https://arxiv.org/pdf/2510.05491
    - Cautious weight decay, a gated version of decoupled weight decay
    - Mantissa tracking for precision

    Adam (for embeddings/scalars/gates):
    - Standard Adam with bias correction
    - Cautious weight decay

    Configuration:
    Unlike torch.optim.Optimizer, this class uses per-parameter configs from a `param_table` dict
    and does not include parameter "groups". All parameters require a .label attribute, and a
    corresponding entry in the param_table to specify their hyperparameters (lr_mul, wd_mul, adam_betas, etc.).

    Communication and ordering:
    Gradient communication is explicitly scheduled rather than hook-driven.
    Reductions are launched in `scatter_order`, while update math and final
    gathers are executed in `work_order`. These orders are independent and
    must each contain every parameter label exactly once.

    Two communication modes are supported per parameter:
    - 'replicated': Gradients are all-reduced and each rank computes the full update.
    - 'sharded': Gradients are reduce-scattered, each rank updates its shard,
      and results are all-gathered.

    Adam parameters may be freely sharded. NorMuon operates on full matrices; sharding is
    supported by grouping matrices into parameter banks. NorMuon parameters must have a
    `.reshape` attribute that reshapes the bank so that the leading dimension is divisible
    by world_size.

    # Contributors include @YouJiacheng, @KonstantinWilleke, @alexrgilbert, @adricarda,
    # @tuttyfrutyee, @vdlad, @ryanyang0, @vagrawal, @varunneal, @chrisjmccormick
    """
    def __init__(self, named_params, param_table: dict, scatter_order: list, work_order: list,
                 adam_defaults: dict, normuon_defaults: dict):
        self.world_size = dist.get_world_size() if dist.is_initialized() else 1

        # Store defaults for each optimizer type
        self.adam_defaults = adam_defaults
        self.normuon_defaults = normuon_defaults
        self.param_table = param_table
        self.scatter_order = scatter_order
        self.work_order = work_order

        # Collect params by label and build config
        self.param_cfgs: dict[nn.Parameter, ParamConfig] = {}
        self.param_states: dict[nn.Parameter, dict] = {}
        self._param_by_label: dict[str, nn.Parameter] = {}
        for name, param in named_params:
            label = getattr(param, "label", None)
            assert label is not None and label in param_table  # all params must have valid label
            assert label not in self._param_by_label  # exactly one param per label
            self._param_by_label[label] = param
            self._build_param_cfg(param, label)

        # Assert scatter_order and work_order match present labels exactly
        present = set(self._param_by_label.keys())
        assert set(scatter_order) == present and set(work_order) == present

        # Handle world_size=1: overwrite comms to "none"
        if self.world_size == 1:
            for p_cfg in self.param_cfgs.values():
                p_cfg.comms = "none"

        # Initialize state for all params
        self._init_state()

        # 0-D CPU tensors to avoid recompilation
        self._step_size_t = torch.tensor(0.0, dtype=torch.float32, device="cpu")
        self._eff_wd_t = torch.tensor(0.0, dtype=torch.float32, device="cpu")
        self._eff_lr_t = torch.tensor(0.0, dtype=torch.float32, device="cpu")

        # Track async operations
        self._reduce_futures: dict[nn.Parameter, tuple] = {}

        # Embed/lm_head tying state
        self.split_embed = False
        self._lm_head_param = self._param_by_label.get("lm_head")
        self._embed_param = self._param_by_label.get("embed")

    def _build_param_cfg(self, param: nn.Parameter, label: str):
        """Build config for a single parameter from param_table."""
        table_entry = self.param_table[label]
        optim = table_entry["optim"]
        comms = table_entry["comms"]
        adam_betas = table_entry.get("adam_betas")
        lr_mul = table_entry.get("lr_mul", 1.0)
        wd_mul = table_entry.get("wd_mul", 1.0)

        if optim == "adam":
            chunk_size = param.shape[0] // self.world_size if comms == "sharded" else None
            p_cfg = ParamConfig(
                label=label,
                optim=optim,
                comms=comms,
                adam_betas=tuple(adam_betas) if adam_betas else None,
                lr_mul=lr_mul,
                wd_mul=wd_mul,
                lr=self.adam_defaults["lr"],
                initial_lr=self.adam_defaults["lr"],
                weight_decay=self.adam_defaults["weight_decay"],
                eps=self.adam_defaults["eps"],
                chunk_size=chunk_size,
            )
        elif optim == "normuon":
            reshape = getattr(param, "reshape", None)
            if reshape is None:
                raise ValueError(f"NorMuon param {label} must have .reshape attribute")
            if reshape[0] % self.world_size != 0:
                raise ValueError(f"reshape[0]={reshape[0]} must be divisible by world_size")

            chunk_size = reshape[0] // self.world_size
            chunk_shape = (chunk_size, *reshape[1:])
            # Shape-based LR multiplier for NorMuon
            shape_mult = max(1.0, chunk_shape[-2] / chunk_shape[-1]) ** 0.5 if len(chunk_shape) >= 2 else 1.0
            lr_mul = shape_mult * lr_mul

            # Per-matrix LR multipliers for MLP c_proj (2x LR on odd indices)
            per_matrix_lr_mul = None
            if label == "mlp":
                rank = dist.get_rank() if dist.is_initialized() else 0
                start_idx = rank * chunk_size
                per_matrix_lr_mul = []
                for i in range(chunk_size):
                    global_idx = start_idx + i
                    is_c_proj = (global_idx % 2 == 1)
                    per_matrix_lr_mul.append(2.0 if is_c_proj else 1.0)

            p_cfg = ParamConfig(
                label=label,
                optim=optim,
                comms=comms,
                adam_betas=tuple(adam_betas) if adam_betas else None,
                lr_mul=lr_mul,
                wd_mul=wd_mul,
                lr=self.normuon_defaults["lr"],
                initial_lr=self.normuon_defaults["lr"],
                weight_decay=self.normuon_defaults["weight_decay"],
                reshape=reshape,
                chunk_size=chunk_size,
                momentum=self.normuon_defaults["momentum"],
                beta2=self.normuon_defaults["beta2"],
                per_matrix_lr_mul=per_matrix_lr_mul,
            )
        else:
            raise ValueError(f"Unknown optim type: {optim}")

        self.param_cfgs[param] = p_cfg

    def _init_state(self):
        """Initialize optimizer state for all parameters."""
        for param, p_cfg in self.param_cfgs.items():
            if p_cfg.optim == "adam":
                # Sharded params use chunk state, replicated use full state
                if p_cfg.comms == "sharded":
                    chunk = param[:p_cfg.chunk_size]
                else:
                    chunk = param
                exp_avg = torch.zeros_like(chunk, dtype=torch.float32, device=param.device)
                self.param_states[param] = dict(step=0, exp_avg=exp_avg, exp_avg_sq=torch.zeros_like(exp_avg))

            elif p_cfg.optim == "normuon":
                chunk_shape = (p_cfg.chunk_size, *p_cfg.reshape[1:])

                # Momentum buffer (FP32 for precision)
                momentum_buffer = torch.zeros(
                    chunk_shape, dtype=torch.float32, device=param.device
                )

                # Second momentum buffer - reduced along one dimension
                if chunk_shape[-2] >= chunk_shape[-1]:
                    second_mom_shape = (*chunk_shape[:-1], 1)
                else:
                    second_mom_shape = (*chunk_shape[:-2], 1, chunk_shape[-1])
                second_momentum_buffer = torch.zeros(
                    second_mom_shape, dtype=torch.float32, device=param.device
                )

                # Mantissa buffer for precision tracking
                mantissa = torch.zeros(
                    chunk_shape, dtype=torch.uint16, device=param.device
                )

                self.param_states[param] = dict(
                    momentum_buffer=momentum_buffer,
                    second_momentum_buffer=second_momentum_buffer,
                    mantissa=mantissa,
                )

    # -----------------------------------
    # Reduce/Gather operations

    def _launch_reduce(self, param: nn.Parameter, grad: Tensor):
        """Launch async reduce for a parameter based on its comms policy."""
        p_cfg = self.param_cfgs[param]

        if p_cfg.comms == "none":
            if p_cfg.optim == "normuon":
                # NorMuon needs reshaped gradient even without communication
                grad = grad.view(p_cfg.reshape)
            self._reduce_futures[param] = (None, grad)
        elif p_cfg.comms == "replicated":
            future = dist.all_reduce(grad, op=dist.ReduceOp.AVG, async_op=True).get_future()
            self._reduce_futures[param] = (future, grad)
        elif p_cfg.comms == "sharded":
            if p_cfg.optim == "normuon":
                # NorMuon: reshape before reduce_scatter
                grad_reshaped = grad.view(p_cfg.reshape)
                grad_chunk = torch.empty(
                    (p_cfg.chunk_size, *grad_reshaped.shape[1:]),
                    dtype=grad.dtype,
                    device=grad.device
                )
                future = dist.reduce_scatter_tensor(
                    grad_chunk, grad_reshaped.contiguous(), op=dist.ReduceOp.AVG, async_op=True
                ).get_future()
                self._reduce_futures[param] = (future, grad_chunk)
            else:
                # Adam: simple reduce_scatter
                grad_chunk = torch.empty_like(grad[:p_cfg.chunk_size])
                future = dist.reduce_scatter_tensor(
                    grad_chunk, grad, op=dist.ReduceOp.AVG, async_op=True
                ).get_future()
                self._reduce_futures[param] = (future, grad_chunk)

    def _launch_gather(self, param: nn.Parameter, p_slice: Tensor) -> "torch.futures.Future":
        """Launch async all_gather for a sharded parameter."""
        p_cfg = self.param_cfgs[param]
        if p_cfg.optim == "normuon":
            full_param = param.data.view(p_cfg.reshape)
            assert full_param.is_contiguous()
            return dist.all_gather_into_tensor(
                full_param, p_slice.contiguous(), async_op=True
            ).get_future()
        else:
            return dist.all_gather_into_tensor(
                param, p_slice.contiguous(), async_op=True
            ).get_future()

    # -----------------------------------
    # State management

    def reset(self):
        """Reset NorMuon momentum buffers and split_embed state (called on training reset)."""
        self.split_embed = False
        for param, p_cfg in self.param_cfgs.items():
            if p_cfg.optim == "normuon":
                p_state = self.param_states[param]
                p_state["momentum_buffer"].zero_()
                p_state["mantissa"].zero_()
                p_state["second_momentum_buffer"].zero_()

    def copy_lm_state_to_embed(self):
        """
        Copy the optimizer state from the lm_head to the embed at the untie point.
        This requires an all-gather + reshard because of different sharding:
        - lm_head (768, 50304) is sharded to (96, 50304) per rank (along model_dim)
        - embed (50304, 768) is sharded to (6288, 768) per rank (along vocab_size)

        We all-gather the lm_head momentum, transpose it, then each rank takes their
        embed shard to get the correct momentum state.
        """
        lm_head = self._lm_head_param
        embed = self._embed_param
        lm_state = self.param_states[lm_head]
        embed_state = self.param_states[embed]
        lm_cfg = self.param_cfgs[lm_head]
        embed_cfg = self.param_cfgs[embed]

        embed_state['step'] = lm_state['step'] # Preserve step count for bias correction

        # Copy optimizer state with all-gather + transpose + reshard
        if self.world_size > 1:
            rank = dist.get_rank()
            lm_chunk_size = lm_cfg.chunk_size  # 96
            embed_chunk_size = embed_cfg.chunk_size  # 6288

            # All-gather lm_head momentum to get full (768, 50304) tensor
            for key in ["exp_avg", "exp_avg_sq"]:
                lm_chunk = lm_state[key]  # (96, 50304)
                full_lm = torch.empty(lm_head.shape[0], lm_head.shape[1], dtype=lm_chunk.dtype, device=lm_chunk.device)
                dist.all_gather_into_tensor(full_lm, lm_chunk.contiguous())
                embed_state[key].copy_(full_lm.T[rank * embed_chunk_size:(rank + 1) * embed_chunk_size])
        else:
            # Single GPU: simple transpose
            for key in ["exp_avg", "exp_avg_sq"]:
                embed_state[key].copy_(lm_state[key].T)

        # Mark as split
        self.split_embed = True

    def state_dict(self):
        """Return the optimizer state as a dict."""
        return {
            "param_states": {id(p): s for p, s in self.param_states.items()},
            "param_cfgs": {id(p): s for p, s in self.param_cfgs.items()},
        }

    def load_state_dict(self, state_dict):
        """Load optimizer state from a dict."""
        # Build id->param mapping
        id_to_param = {id(p): p for p in self.param_cfgs.keys()}

        # Load state, preserving dtypes
        for param_id, saved_p_state in state_dict["param_states"].items():
            if param_id in id_to_param:
                param = id_to_param[param_id]
                p_state = self.param_states[param]
                for k, v in saved_p_state.items():
                    if isinstance(v, torch.Tensor) and k in p_state:
                        target_dtype = p_state[k].dtype
                        p_state[k] = v.to(dtype=target_dtype, device=p_state[k].device)
                    else:
                        p_state[k] = v

    # -----------------------------------
    # Unified optimizer step with explicit ordering

    @torch.no_grad()
    def step(self, do_adam: bool = True):
        """
        Combined optimizer step with explicit ordering.

        Args:
            do_adam: If True, update Adam params. NorMuon params always updated.

        Flow:
        1. Scatter phase: Launch reduces in scatter_order
        2. Work phase: Process updates in work_order
           - Wait for reduce, compute update, launch gather
        3. Finalize phase: Wait for gathers

        While the embeddings are tied:
        - Comms and update math are only done on lm_head.
        - We add embed.grad.T into lm_head.grad before comms.
        - After lm_head gather, we copy lm_head.data.T --> embed.data
        """
        rank = dist.get_rank() if dist.is_initialized() else 0
        lm_param, embed_param = self._lm_head_param, self._embed_param

        # ===== Phase 1: Launch reduces in scatter_order =====
        for label in self.scatter_order:
            param = self._param_by_label[label]
            p_cfg = self.param_cfgs[param]

            if p_cfg.optim == "adam" and not do_adam:
                continue
            if param.grad is None:
                continue

            # lm_head when tied: aggregate embed.grad.T (transposed shapes)
            if label == "lm_head" and do_adam and not self.split_embed:
                if embed_param is not None and embed_param.grad is not None:
                    param.grad.add_(embed_param.grad.T)

            # Skip embed when tied (copied from lm_head after gather)
            if label == "embed" and not self.split_embed:
                continue

            self._launch_reduce(param, param.grad)

        # ===== Phase 2: Process updates in work_order =====
        gather_futures = []
        lm_head_gather_future = None

        for label in self.work_order:
            param = self._param_by_label[label]
            if param not in self._reduce_futures:
                continue

            p_cfg = self.param_cfgs[param]
            if p_cfg.optim == "adam" and not do_adam:
                continue
            # Wait for reduce
            future, grad_chunk = self._reduce_futures[param]
            if future is not None:
                future.wait()
            # Apply update based on optim type
            if p_cfg.optim == "adam":
                p_slice = self._adam_update(param, grad_chunk, p_cfg, rank)
            else:
                p_slice = self._normuon_update(param, grad_chunk, p_cfg, rank)
            # Launch gather for sharded params
            if p_cfg.comms == "sharded" and self.world_size > 1:
                gather_fut = self._launch_gather(param, p_slice)
                if label == "lm_head":
                    lm_head_gather_future = gather_fut
                else:
                    gather_futures.append(gather_fut)

        # ===== Phase 3: Wait for gathers, sync embed if tied =====
        # Wait for lm_head gather first so we can copy to embed while other gathers complete
        if lm_head_gather_future is not None:
            lm_head_gather_future.wait()

        # When tied: copy lm_head.T to embed
        if do_adam and not self.split_embed and embed_param is not None and lm_param is not None:
            embed_param.data.copy_(lm_param.data.T)

        # Wait for remaining gathers
        for fut in gather_futures:
            fut.wait()

        self._reduce_futures.clear()

        # Clear grads for updated params
        for param, p_cfg in self.param_cfgs.items():
            if p_cfg.optim == "adam" and not do_adam:
                continue  # Don't clear Adam grads on even steps
            param.grad = None

    # -----------------------------------
    # Adam update

    def _adam_update(self, param: nn.Parameter, grad_chunk: Tensor, p_cfg: ParamConfig, rank: int) -> Tensor:
        """Apply Adam update to a parameter. Returns the updated p_slice."""
        beta1, beta2 = p_cfg.adam_betas
        lr = p_cfg.lr * p_cfg.lr_mul

        # Get parameter slice
        if p_cfg.comms == "sharded":
            p_slice = param[rank * p_cfg.chunk_size:(rank + 1) * p_cfg.chunk_size]
        else:
            p_slice = param

        p_state = self.param_states[param]
        p_state["step"] += 1
        t = p_state["step"]

        bias1, bias2 = 1 - beta1 ** t, 1 - beta2 ** t
        self._step_size_t.fill_(lr * (bias2 ** 0.5 / bias1))
        self._eff_wd_t.fill_(lr * lr * p_cfg.weight_decay * p_cfg.wd_mul)

        NorMuonAndAdam._adam_update_step(
            p_slice, grad_chunk, p_state["exp_avg"], p_state["exp_avg_sq"],
            beta1, beta2, p_cfg.eps, self._step_size_t, self._eff_wd_t
        )

        return p_slice

    @staticmethod
    @torch.compile(dynamic=False, fullgraph=True)
    def _adam_update_step(p_slice, g_slice, exp_avg, exp_avg_sq, beta1, beta2, eps, step_size_t, eff_wd_t):
        """Compiled Adam update step."""
        exp_avg.mul_(beta1).add_(g_slice, alpha=1 - beta1)
        exp_avg_sq.mul_(beta2).addcmul_(g_slice, g_slice, value=1 - beta2)
        update = exp_avg.div(exp_avg_sq.sqrt().add_(eps)).mul_(step_size_t)
        # Cautious weight decay
        mask = (update * p_slice) > 0
        update.addcmul_(p_slice, mask, value=eff_wd_t)
        p_slice.add_(other=update, alpha=-1.0)

    # -----------------------------------
    # NorMuon update

    def _normuon_update(self, param: nn.Parameter, grad_chunk: Tensor, p_cfg: ParamConfig, rank: int) -> Tensor:
        """Apply NorMuon update to a parameter. Returns the updated p_slice."""
        chunk_shape = grad_chunk.shape

        p_state = self.param_states[param]
        grad_chunk = grad_chunk.float()  # FP32 for momentum

        # Momentum update
        momentum_buffer = p_state["momentum_buffer"]
        momentum_buffer.lerp_(grad_chunk, 1 - p_cfg.momentum)
        updated_grads = grad_chunk.lerp_(momentum_buffer, p_cfg.momentum)

        self._eff_lr_t.fill_(p_cfg.lr_mul * p_cfg.lr)
        self._eff_wd_t.fill_(p_cfg.wd_mul * p_cfg.weight_decay * p_cfg.lr)

        # Polar Express orthogonalization
        is_large_matrix = chunk_shape[-2] > 1024
        v_chunk = polar_express(updated_grads, split_baddbmm=is_large_matrix)

        # Variance reduction
        red_dim = -1 if chunk_shape[-2] >= chunk_shape[-1] else -2
        v_chunk = NorMuonAndAdam._apply_normuon_variance_reduction(
            v_chunk, p_state["second_momentum_buffer"], p_cfg.beta2, red_dim
        )

        # Update parameter, in place, with cautious weight decay
        param_view = param.data.view(p_cfg.reshape)
        p_slice = param_view[rank * p_cfg.chunk_size:(rank + 1) * p_cfg.chunk_size]

        # MLP has per-matrix LR multipliers (c_proj gets 2x LR)
        if p_cfg.per_matrix_lr_mul is not None:
            for mat_idx in range(p_cfg.chunk_size):
                self._eff_lr_t.fill_(p_cfg.lr_mul * p_cfg.per_matrix_lr_mul[mat_idx] * p_cfg.lr)
                self._eff_wd_t.fill_(p_cfg.wd_mul * p_cfg.weight_decay * p_cfg.lr)
                NorMuonAndAdam._cautious_wd_and_update_inplace(
                    p_slice[mat_idx].view(torch.uint16), p_state["mantissa"][mat_idx], v_chunk[mat_idx],
                    self._eff_wd_t, self._eff_lr_t
                )
        else:
            NorMuonAndAdam._cautious_wd_and_update_inplace(
                p_slice.view(torch.uint16), p_state["mantissa"], v_chunk,
                self._eff_wd_t, self._eff_lr_t
            )

        return p_slice

    @staticmethod
    @torch.compile(dynamic=False, fullgraph=True)
    def _cautious_wd_and_update_inplace(p, mantissa, grad, wd_tensor, lr_tensor):
        """
        Cautious weight decay + parameter update. wd_tensor and lr_tensor are 0-D CPU tensors.
        Mantissa is tracked to enable higher precision updates on bfloat16 parameters.
        bfloat16 format: 1 sign bit + 8 exponent bits + 7 mantissa bits = 16 bits total
        float32 format: 1 sign bit + 8 exponent bits + 23 mantissa bits = 32 bits total
        """
        assert p.dtype == mantissa.dtype == torch.uint16
        grad = grad.float()
        wd_factor = wd_tensor.to(torch.float32)
        lr_factor = lr_tensor.to(torch.float32)
        p_precise_raw = (p.to(torch.uint32) << 16) | mantissa.to(torch.uint32)
        p_precise = p_precise_raw.view(torch.float32)
        mask = (grad * p_precise) >= 0
        p_precise.copy_(p_precise - (p_precise * mask * wd_factor * lr_factor) - (grad * lr_factor))
        p.copy_((p_precise_raw >> 16).to(torch.uint16))
        mantissa.copy_(p_precise_raw.to(torch.uint16))

    @staticmethod
    @torch.compile(dynamic=False, fullgraph=True)
    def _apply_normuon_variance_reduction(v_chunk, second_momentum_buffer, beta2, red_dim):
        """NorMuon variance reduction. Algebraically fuses the normalization steps to minimize memory ops."""
        v_mean = v_chunk.float().square().mean(dim=red_dim, keepdim=True)
        red_dim_size = v_chunk.size(red_dim)
        v_norm_sq = v_mean.sum(dim=(-2, -1), keepdim=True).mul_(red_dim_size)
        v_norm = v_norm_sq.sqrt_()
        second_momentum_buffer.lerp_(v_mean.to(dtype=second_momentum_buffer.dtype), 1 - beta2)
        step_size = second_momentum_buffer.clamp_min(1e-10).rsqrt_()
        scaled_sq_sum = (v_mean * red_dim_size) * step_size.float().square()
        v_norm_new = scaled_sq_sum.sum(dim=(-2, -1), keepdim=True).sqrt_()
        final_scale = step_size * (v_norm / v_norm_new.clamp_min_(1e-10))
        return v_chunk.mul_(final_scale.type_as(v_chunk))

# -----------------------------------------------------------------------------
# PyTorch nn.Module definitions for the model

def norm(x: Tensor):
    return F.rms_norm(x, (x.size(-1),))


class CastedLinearT(nn.Module):
    """
    Linear layer with transposed weight storage (in_features, out_features) which
    addresses the slow kernel that was used for gradient accumulation. @chrisjmccormick
    """
    def __init__(self, in_features: int, out_features: int, use_fp8=False, x_s=1.0, w_s=1.0, grad_s=1.0):
        super().__init__()
        self.in_features = in_features
        self.out_features = out_features
        self.use_fp8 = use_fp8
        self.x_s = x_s
        self.w_s = w_s
        self.grad_s = grad_s

        self.weight = nn.Parameter(torch.empty(in_features, out_features, dtype=torch.bfloat16))
        self.reset_parameters()

    def reset_parameters(self) -> None:
        with torch.no_grad():
            nn.init.zeros_(self.weight) # @Grad62304977 and others

    def forward(self, x: Tensor):
        if self.use_fp8 and self.training:
            _x = x.flatten(0, -2)
            out = torch.ops.nanogpt.mm_t(_x, self.weight, x_s=self.x_s, w_s=self.w_s, grad_s=self.grad_s)[0]
            return out.reshape(*x.shape[:-1], -1)
        else:
            return x @ self.weight.type_as(x)

# -----------------------------------------------------------------------------
# PyTorch nn.Module definitions for the model

class Yarn(nn.Module):
    def __init__(self, head_dim, max_seq_len, paired=False):
        super().__init__()
        self.head_dim = head_dim
        self.max_seq_len = max_seq_len
        self.paired = paired
        self.reset()

    def rotary(self, x_BTHD):
        assert self.factor1.size(0) >= x_BTHD.size(-3)
        factor1, factor2 = (
            self.factor1[None, : x_BTHD.size(-3), None, :],
            self.factor2[None, : x_BTHD.size(-3), None, :],
        )
        x_flip = x_BTHD.view(*x_BTHD.shape[:-1], x_BTHD.shape[-1] // 2, 2).flip(-1).view(x_BTHD.shape)
        return factor1 * x_BTHD + factor2 * x_flip

    def reset(self):
        angular_freq = (1 / 1024) ** torch.linspace(0, 1, steps=self.head_dim//4, dtype=torch.float32, device=device)
        angular_freq = angular_freq.repeat_interleave(2)
        # half-truncate RoPE by @YouJiacheng (w/ base freq tuning)
        angular_freq = torch.cat([angular_freq, angular_freq.new_zeros(self.head_dim//2)])
        t = torch.arange(2*self.max_seq_len, dtype=torch.float32, device=device)
        if not self.paired:
            theta = torch.outer(t, angular_freq)
            self.factor1 = nn.Buffer(
                theta.cos().to(torch.bfloat16), persistent=False
            )
            self.factor2 = nn.Buffer(
                theta.sin().to(torch.bfloat16), persistent=False
            )
        else:
            t_even = 2 * t
            t_odd = 2 * t + 1
            theta1 = torch.outer(t_even, angular_freq)
            theta2 = torch.outer(t_odd, angular_freq)
            self.factor1 = nn.Buffer(
                torch.cat((theta1.cos(), theta2.cos()), dim=-1).to(torch.bfloat16),
                persistent=False
            )
            self.factor2 = nn.Buffer(
                torch.cat((theta1.sin(), theta2.sin()), dim=-1).to(torch.bfloat16),
                persistent=False
            )
        self.factor2[..., 1::2] *= -1
        self.angular_freq = angular_freq
        # start with 0.1, inspired by 0.12 from @leloykun and learnable scalars used by @brendanh0gan https://x.com/hi_tysam/status/1879693583898591283
        self.attn_scale = 0.1

    def apply(self, old_window: int, new_window: int, alpha: int=1, beta: int=32):
        rotations = old_window * self.angular_freq / (2 * torch.pi)
        scaling_factor = old_window / new_window
        interpolation_weight = torch.clamp((rotations - alpha) / (beta - alpha), 0, 1)
        self.angular_freq *= scaling_factor + interpolation_weight * (1 - scaling_factor)
        t = torch.arange(2*self.max_seq_len, dtype=torch.float32, device=self.angular_freq.device)
        if not self.paired:
            theta = torch.outer(t, self.angular_freq)
            self.factor1.copy_(theta.cos())
            self.factor2.copy_(theta.sin())
        else:
            t_even = 2 * t
            t_odd = 2 * t + 1
            theta1 = torch.outer(t_even, self.angular_freq)
            theta2 = torch.outer(t_odd, self.angular_freq)
            self.factor1.copy_(torch.cat((theta1.cos(), theta2.cos()), dim=-1))
            self.factor2.copy_(torch.cat((theta1.sin(), theta2.sin()), dim=-1))
        self.factor2[..., 1::2] *= -1
        self.attn_scale *= 0.2 * math.log(new_window / old_window) + 1

@dataclass
class AttnArgs:
    ve: torch.Tensor
    sa_lambdas: torch.Tensor
    seqlens: torch.Tensor
    bm_size: int
    yarn: Yarn
    key_offset: bool
    attn_gate_w: torch.Tensor
    ve_gate_w: torch.Tensor

flash_attn_interface = get_kernel('varunneal/flash-attention-3').flash_attn_interface

class CausalSelfAttention(nn.Module):
    def __init__(self, dim: int, head_dim: int, num_heads: int, paired: bool = False):
        super().__init__()
        self.num_heads = num_heads
        self.head_dim = head_dim
        self.dim = dim
        self.hdim = num_heads * head_dim
        self.paired = paired
        assert self.hdim == self.dim, "num_heads * head_dim must equal model_dim"
        # Weights are stored in parameter banks and passed via forward()

    def forward(self, x: Tensor, attn_args: AttnArgs, qkvo_w: Tensor):
        B, T = x.size(0), x.size(1) # batch size, sequence length
        assert B == 1, "varlen sequences requires B == 1"
        assert T % 16 == 0
        # unpack attention args
        yarn = attn_args.yarn
        ve, sa_lambdas, key_offset = attn_args.ve, attn_args.sa_lambdas, attn_args.key_offset
        seqlens, bm_size = attn_args.seqlens, attn_args.bm_size
        # sparse gated attention to enable context based no-op by @classiclarryd
        # only include gates on layers with value embeds used on forward pass
        attn_gate_w, ve_gate_w = attn_args.attn_gate_w, attn_args.ve_gate_w

        q, k, v = F.linear(x, sa_lambdas[0] * qkvo_w[:self.dim * 3].type_as(x)).view(B, T, 3 * self.num_heads, self.head_dim).chunk(3, dim=-2)
        max_len = args.train_max_seq_len if self.training else (args.val_batch_size // (grad_accum_steps * world_size))

        q, k = norm(q), norm(k) # QK norm @Grad62304977

        if not self.paired:
            q, k = yarn.rotary(q), yarn.rotary(k)

            if key_offset:
                # shift keys forward for the stationary head dims. Enables 1-layer induction.
                k[:, 1:, :, self.head_dim // 2:] = k[:, :-1, :, self.head_dim // 2:]

            if ve is not None:
                ve_gate_out = 2 * torch.sigmoid(F.linear(x[..., :12], ve_gate_w)).view(B, T, self.num_heads, 1)
                v = v + ve_gate_out * ve.view_as(v) # @ KoszarskyB & @Grad62304977

        else:
            # Paired heads: adjacent heads' queries attend to each other's keys.
            # Two copies of the input stream are interleaved to achieve this, which:
            # - doubles the length of each sequence
            # - halves the effective window size
            q = q.view(B, T, self.num_heads // 2, self.head_dim * 2)
            k = k.view(B, T, self.num_heads // 2, self.head_dim * 2)
            v = v.reshape(B, T * 2, self.num_heads // 2, self.head_dim)

            q, k = yarn.rotary(q), yarn.rotary(k)

            q = q.view(B, T * 2, self.num_heads // 2, self.head_dim)
            k = k.view(B, T * 2, self.num_heads // 2, self.head_dim)

            if ve is not None:
                ve_gate_out = 2 * torch.sigmoid(F.linear(x[..., :12], ve_gate_w)).view(B, T * 2, self.num_heads // 2, 1)
                v = v + ve_gate_out * ve.view_as(v)

            seqlens = 2 * seqlens
            max_len = 2 * max_len

        # use flash_attn over flex_attn @varunneal. flash_attn_varlen suggested by @YouJiacheng
        y = flash_attn_interface.flash_attn_varlen_func(q[0], k[0], v[0], cu_seqlens_q=seqlens, cu_seqlens_k=seqlens,
                                                        max_seqlen_q=max_len, max_seqlen_k=max_len,
                                                        causal=True, softmax_scale=yarn.attn_scale, window_size=(bm_size, 0))
        y = y.view(B, T, self.num_heads, self.head_dim)
        y = y * torch.sigmoid(F.linear(x[..., :12], attn_gate_w)).view(B, T, self.num_heads, 1)
        y = y.contiguous().view(B, T, self.num_heads * self.head_dim) # re-assemble all head outputs side by side
        y = F.linear(y, sa_lambdas[1] * qkvo_w[self.dim * 3:].type_as(y))  # sa_lambdas[1] pre-multiplied to O @shenberg
        return y

class MLP(nn.Module):
    def __init__(self):
        super().__init__()
        # Weights are stored in parameter banks and passed via forward()

    def forward(self, x: Tensor, c_fc: Tensor, c_proj: Tensor):
        # relu(x)^2:
        # https://arxiv.org/abs/2109.08668v2; ~1-2% better than GELU; suggested by @SKYLINEZ007 and @Grad62304977
        # Fused triton kernel for relu(x @ W1.T)^2 @ W2.T
        return FusedLinearReLUSquareFunction.apply(x, c_fc, c_proj)

class Block(nn.Module):
    def __init__(self, dim: int, head_dim: int, num_heads: int, has_attn: bool, has_mlp: bool, use_paired_head: bool):
        super().__init__()
        # skip attention of blocks.6 (the 7th layer) by @YouJiacheng
        self.attn = CausalSelfAttention(dim, head_dim, num_heads, paired=use_paired_head) if has_attn else None
        # skip MLP blocks for first MLP layer by @EmelyanenkoK
        self.mlp = MLP() if has_mlp else None

    def forward(self, x: Tensor, attn_args: AttnArgs, qkvo_w: Tensor = None, c_fc: Tensor = None, c_proj: Tensor = None):
        if self.attn is not None:
            x = x + self.attn(norm(x), attn_args, qkvo_w)
        if self.mlp is not None:
            x = x + self.mlp(norm(x), c_fc, c_proj)
        return x

# -----------------------------------------------------------------------------
# The main model

def next_multiple_of_n(v: float | int, *, n: int):
    return next(x for x in range(n, int(v) + 1 + n, n) if x >= v)

@dataclass
class ForwardScheduleConfig:
    mtp_weights: torch.Tensor
    ws_short: int
    ws_long: int

class GPT(nn.Module):
    def __init__(self, vocab_size: int, num_layers: int, num_heads: int, head_dim: int, model_dim: int, max_seq_len: int):
        super().__init__()
        self.num_layers = num_layers
        self.vocab_size = next_multiple_of_n(vocab_size, n=128)

        self.smear_gate = nn.Linear(12, 1, bias=False)
        nn.init.zeros_(self.smear_gate.weight)
        self.smear_gate.weight.label = 'smear_gate'

        self.skip_gate = nn.Linear(12, 1, bias=False)
        nn.init.zeros_(self.skip_gate.weight)
        self.skip_gate.weight.label = 'skip_gate'

        # token value embeddings by @KoszarskyB - inspired by @Grad62304977's value residual implementation following https://arxiv.org/abs/2410.17897
        # value embedding code simplification inspired by @ragulpr https://github.com/KellerJordan/modded-nanogpt/pull/78
        self.value_embeds = nn.Parameter(torch.zeros(5 * self.vocab_size, model_dim, dtype=torch.bfloat16))
        self.value_embeds.label = 'value_embed'

        # parameter banks for attention and value embedding gate weights
        self.attn_gate_bank = nn.Parameter(torch.zeros(10, num_heads, 12)) # 10 layers
        self.attn_gate_bank.label = 'attn_gate_bank'
        self.ve_gate_bank = nn.Parameter(torch.zeros(5, num_heads, 12)) # 5 unique gates
        self.ve_gate_bank.label = 've_gate_bank'

        # -----------------------------------
        # Parameter banks for sharded optimization, by @chrisjmccormick

        # Identify which layers have attention/MLP
        # Attention is skipped in layer 6 by @YouJiacheng
        self.attn_layer_indices = [i for i in range(num_layers) if i != 6]
        # All layers have MLP (At 11 layers--dropped first layer @EmelyanenkoK)
        self.mlp_layer_indices = list(range(num_layers))

        hdim = num_heads * head_dim
        mlp_hdim = 4 * model_dim

        # Create index mappings: layer_idx -> bank_idx
        self.layer_to_attn_idx = {layer_idx: bank_idx for bank_idx, layer_idx in enumerate(self.attn_layer_indices)}
        self.layer_to_mlp_idx = {layer_idx: bank_idx for bank_idx, layer_idx in enumerate(self.mlp_layer_indices)}

        # Attention bank: stores QKVO weights for all attention layers
        # merged QKVO weights: suggested by many, implemented by @fernbear.bsky.social, and further improved by @YouJiacheng
        # https://x.com/hi_tysam/status/1879699187107033311
        # Simplified layout by @chrisjmccormick
        # Shape: (num_attn_layers, 4*model_dim, hdim) = (10, 3072, 768)
        # Reshape for sharding: (40, 768, 768) for even distribution across 8 GPUs
        self.attn_bank = nn.Parameter(torch.empty(len(self.attn_layer_indices), 4 * model_dim, hdim))
        self.attn_bank.label = 'attn'
        self.attn_bank.reshape = (len(self.attn_layer_indices) * 4, hdim, hdim)  # (40, 768, 768)

        # MLP bank: stores c_fc and c_proj for all MLP layers
        # Shape: (num_mlp_layers + padding, 2, mlp_hdim, model_dim) = (12, 2, 3072, 768)
        # We add 1 padding layer (index 11) to get 12*2=24 matrices for even distribution across 8 GPUs
        # Reshape for sharding: (24, 3072, 768)
        num_mlp_with_padding = len(self.mlp_layer_indices) + 1  # 11 + 1 = 12
        self.mlp_bank = nn.Parameter(torch.empty(num_mlp_with_padding, 2, mlp_hdim, model_dim))
        self.mlp_bank.label = 'mlp'
        self.mlp_bank.reshape = (num_mlp_with_padding * 2, mlp_hdim, model_dim)  # (24, 3072, 768)

        # improved init scale by @YouJiacheng and @srashedll
        std = 0.5 * model_dim ** -0.5
        bound = (3 ** 0.5) * std
        with torch.no_grad():
            self.attn_bank.uniform_(-bound, bound)
            self.mlp_bank[:, 0, :, :].uniform_(-bound, bound)  # c_fc
            self.mlp_bank[:, 1, :, :].zero_()  # c_proj - zero init suggested by @Grad62304977

        # Create blocks with has_attn/has_mlp flags
        self.paired_head_layers = [0, 2, 5, 9]
        self.blocks = nn.ModuleList([
            Block(model_dim, head_dim, num_heads,
                  has_attn=(i in self.layer_to_attn_idx),
                  has_mlp=(i in self.layer_to_mlp_idx),
                  use_paired_head=(i in self.paired_head_layers))
            for i in range(num_layers)
        ])
        self.yarn = Yarn(head_dim, max_seq_len)
        self.yarn_paired_head = Yarn(head_dim, max_seq_len, paired=True)
        # there are only 50257 unique GPT-2 tokens; we extend to nearest multiple of 128 for efficiency.
        # suggested to me by @Grad62304977. this originates from Karpathy's experiments.
        use_fp8 = not os.environ.get("DISABLE_FP8", False)
        # Transposed weight storage for faster gradient accumulation
        self.lm_head = CastedLinearT(model_dim, self.vocab_size, use_fp8=use_fp8, x_s=100/448, w_s=1.6/448, grad_s=grad_scale * 0.75/448)

        nn.init.normal_(self.lm_head.weight, mean=0, std=0.005)
        self.lm_head.weight.label = 'lm_head'

        self.embed = nn.Embedding(self.vocab_size, model_dim)
        self.embed.weight.label = 'embed'
        with torch.no_grad():
            self.embed.weight.copy_(self.lm_head.weight.T)

        self.bigram_embed = nn.Embedding(args.bigram_vocab_size, model_dim)
        self.bigram_embed.weight.label = 'bigram_embed'
        nn.init.zeros_(self.bigram_embed.weight)

        # x0_lambdas separated out for different optimizer treatment (no beta smoothing)
        self.x0_lambdas = nn.Parameter(torch.zeros(num_layers))
        self.x0_lambdas.label = 'x0_lambdas'

        pad = (-num_layers * 3 - 3) % dist.get_world_size()  # updated: 3*num_layers instead of 4*
        self.scalars = nn.Parameter(
            torch.cat(
                [
                    1.1 * torch.ones(num_layers),  # resid lambdas. 1.1 init such that layer i weight is i^(num_layers-i).
                    *[torch.tensor([0.5, 1.0]) for _ in range(num_layers)],  # SA lambdas
                    0.1 * torch.ones(num_layers), # bigram lambdas
                    torch.zeros(1), # smear_lambda
                    0.5*torch.ones(1), # backout_lambda
                    -1.5 * torch.ones(1),  # skip_lambda -> σ(-1.5) ≈ 0.18
                    torch.ones(pad),
                ]
            )
        )
        self.scalars.label = 'scalars'

    def forward(self, input_seq: Tensor, target_seq: Tensor, seqlens: Tensor, bigram_input_seq: Tensor, schedule_cfg: ForwardScheduleConfig):
        assert input_seq.ndim == 1

        # unpack schedule_cfg
        mtp_weights, ws_short, ws_long = schedule_cfg.mtp_weights, schedule_cfg.ws_short, schedule_cfg.ws_long

        # set configs
        skip_connections = []
        skip_in = [3] # long attention window on layer 3
        skip_out = [6] # no attn op on layer 6
        x_backout = None
        backout_layer = 7

        # set lambdas
        resid_lambdas = self.scalars[: 1 * self.num_layers]
        x0_lambdas = self.x0_lambdas
        sa_lambdas = self.scalars[1 * self.num_layers: 3 * self.num_layers].view(-1, 2)
        bigram_lambdas = self.scalars[3 * self.num_layers: 4 * self.num_layers]
        smear_lambda = self.scalars[4 * self.num_layers]
        backout_lambda = self.scalars[4 * self.num_layers+1]
        skip_lambda = self.scalars[4 * self.num_layers+2]

        # set block masks and key shift
        bm_sizes = [ws_short, ws_short, ws_short, ws_long, ws_short, ws_short, None, ws_short, ws_short, ws_short, ws_long]
        assert len(bm_sizes) == self.num_layers
        key_offset = [b==ws_long for b in bm_sizes] # apply partial key offset to long windows

        # Embedding lookup - embed is synced from lm_head during tied phase by optimizer
        x = self.embed(input_seq)
        x0_bigram = self.bigram_embed(bigram_input_seq)[None]

        # Value embeddings - always computed (not precomputed)
        ve = self.value_embeds.view(5, self.vocab_size, -1)[:, input_seq]
        # 01 ... 234 structure on token value embeddings by @photomz
        ve = [ve[0], ve[1]] + [None] * (self.num_layers - 5) + [ve[2], ve[3], ve[4]]
        assert len(ve) == self.num_layers

        # smear token embed forward 1 position @classiclarryd
        smear_gate_out = smear_lambda * torch.sigmoid(self.smear_gate(x[1:, :self.smear_gate.weight.size(-1)]))
        x = torch.cat([x[:1], x[1:] + smear_gate_out * x[:-1]])
        x = x0 = norm(x[None])

        # unbind gate banks to avoid select_backwards kernel
        ag = [w.bfloat16() for w in self.attn_gate_bank.unbind(0)]
        veg = [w.bfloat16() for w in self.ve_gate_bank.unbind(0)]
        attn_gates = ag[:6] + [None] + ag[6:]
        ve_gates = [veg[0], veg[1]] + [None] * (self.num_layers - 5) + [veg[2], veg[3], veg[4]]
        assert len(attn_gates) == self.num_layers
        assert len(ve_gates) == self.num_layers

        # unbind weight banks to avoid select_backwards kernel
        attn_weights = self.attn_bank.unbind(0)  # tuple of [4*dim, hdim] tensors
        mlp_fcs = self.mlp_bank[:, 0, :, :].unbind(0)  # tuple of [mlp_hdim, dim] tensors
        mlp_projs = self.mlp_bank[:, 1, :, :].unbind(0)  # tuple of [mlp_hdim, dim] tensors

        for i in range(self.num_layers):
            yarn = self.yarn_paired_head if i in self.paired_head_layers else self.yarn
            attn_args = AttnArgs(
                ve=ve[i],
                sa_lambdas=sa_lambdas[i],
                seqlens=seqlens,
                bm_size=bm_sizes[i],
                yarn=yarn,
                key_offset=key_offset[i],
                attn_gate_w=attn_gates[i],
                ve_gate_w=ve_gates[i]
            )
            if i in skip_out:
                skip_gate_out = torch.sigmoid(skip_lambda) * 2 * torch.sigmoid(self.skip_gate(x0[..., :self.skip_gate.weight.size(-1)]))
                x = x + skip_gate_out * skip_connections.pop()
            if i == 0:
                x = (resid_lambdas[0] + x0_lambdas[0]) * x + bigram_lambdas[0] * x0_bigram
            else:
                x = resid_lambdas[i] * x + x0_lambdas[i] * x0 + bigram_lambdas[i] * x0_bigram

            # Get weights for this layer from banks
            qkvo_w = attn_weights[self.layer_to_attn_idx[i]] if i in self.layer_to_attn_idx else None
            c_fc = mlp_fcs[self.layer_to_mlp_idx[i]] if i in self.layer_to_mlp_idx else None
            c_proj = mlp_projs[self.layer_to_mlp_idx[i]] if i in self.layer_to_mlp_idx else None

            x = self.blocks[i](x, attn_args, qkvo_w, c_fc, c_proj)
            if i in skip_in:
                skip_connections.append(x)
            if i == backout_layer:
                x_backout = x

        # back out contributions from first 7 layers that are only required for downstream context and not direct prediction
        x -= backout_lambda * x_backout
        x = norm(x)
        logits = self.lm_head(x)
        # @Grad62304977 added tanh softcapping following Gemma 2 paper, @KoszarskyB reduced it from 30 to 15
        # @YouJiacheng shifted it by +15 (2*sigmoid(2*x)=tanh(x)+1). @classiclarryd updated to 23*sigmoid((logits+5)/7.5)
        if self.training:
            losses = FusedSoftcappedCrossEntropy.apply(logits.view(-1, logits.size(-1)), target_seq, mtp_weights, 23.0, 5.0, 7.5)
            loss = losses.sum()
        else:
            logits = 23 * torch.sigmoid((logits + 5) / 7.5)
            logits_for_loss = logits.float()
            loss = F.cross_entropy(logits_for_loss.view(-1, logits_for_loss.size(-1)), target_seq, reduction="mean")
        return loss
# -----------------------------------------------------------------------------
# Distributed data loader

def _load_data_shard(file: Path):
    header = torch.from_file(str(file), False, 256, dtype=torch.int32) # header is 256 int32
    assert header[0] == 20240520, "magic number mismatch in the data .bin file"
    assert header[1] == 1, "unsupported version"
    num_tokens = int(header[2]) # number of tokens (claimed)
    with file.open("rb", buffering=0) as f:
        tokens = torch.empty(num_tokens, dtype=torch.uint16, pin_memory=True) # avoid pin_memory copy by @YouJiacheng
        f.seek(256 * 4)
        nbytes = f.readinto(tokens.numpy()) # avoid bytes->array copy by @YouJiacheng
        assert nbytes == 2 * num_tokens, "number of tokens read does not match header"
    return tokens

BOS_ID = 50256

class Shard:
    def __init__(self, tokens: Tensor, world_size: int = 1):
        self.tokens = tokens
        self.size = tokens.numel()
        self.world_size = world_size
        self.i = 0

        # Partial index now, full index async
        self.bos_idx = (tokens[:6_000_000] == BOS_ID).nonzero(as_tuple=True)[0].to(torch.int64).cpu().numpy()
        self._full_idx = None
        self._loader_thread = None
        self._ready = threading.Event()
        self._loader_thread = threading.Thread(target=self._scan)
        self._loader_thread.start()

    def _scan(self):
        self._full_idx = (self.tokens == BOS_ID).nonzero(as_tuple=True)[0].to(torch.int64).cpu().numpy()
        self._ready.set()

    def _maybe_switch(self):
        # Switch to full index as soon as async scan completes
        if self.bos_idx is not self._full_idx and self._ready.is_set():
            self._loader_thread.join()
            self.bos_idx = self._full_idx

    def next_batch(self, num_tokens_local: int, max_seq_len: int):
        self._maybe_switch()
        n = len(self.bos_idx)
        starts = [[] for _ in range(self.world_size)]
        ends = [[] for _ in range(self.world_size)]

        idx = self.i
        for r in range(self.world_size):
            cur_len = 0
            while cur_len <= num_tokens_local:
                if idx >= n:
                    raise StopIteration(f"Insufficient BOS ahead; hit tail of shard.")
                cur = self.bos_idx[idx]
                starts[r].append(cur)
                end = min(self.bos_idx[idx + 1] if idx + 1 < n else self.size,
                          cur + max_seq_len,
                          cur + num_tokens_local - cur_len + 1)
                ends[r].append(end)
                cur_len += end - cur
                idx += 1

            assert cur_len == num_tokens_local + 1
        self.i = idx
        return starts, ends

    @staticmethod
    def load_async(file: Path, world_size: int = 1):
        """Returns getter function for async shard loading"""
        result = {}
        ready = threading.Event()
        def load():
            tokens = _load_data_shard(file)
            result['shard'] = Shard(tokens, world_size)
            ready.set()
        thread = threading.Thread(target=load)
        thread.start()
        def get():
            ready.wait()
            thread.join()
            return result['shard']
        return get

def get_bigram_hash(x):
    """
    Computes bigram hash for each position using [prev_token, curr_token].
    Multiply by arbitary large ints to get even spread over int32 range.
    Position 0 is mapped to the reserved index (vocab_size - 1).
    BOS_tokens within the batch will hash based on last token of prior doc. Masking this ran slower and showed no improvement.
    """
    rand_int_1 = 36313
    rand_int_2 = 27191
    mod = args.bigram_vocab_size-1
    x = x.to(torch.int32).clone()
    x[0] = mod
    x[1:] = torch.bitwise_xor(rand_int_1 * x[1:], rand_int_2 * x[:-1]) % mod
    return x

def distributed_data_generator(filename_pattern: str, num_tokens: int, max_seq_len: int, grad_accum_steps: int = 1, align_to_bos: bool = True):
    # align_to_bos: each sequence begins with Beginning of Sequence token, sequences truncated to max_seq_len
    rank = dist.get_rank() if dist.is_initialized() else 0
    world_size = dist.get_world_size() if dist.is_initialized() else 1
    assert num_tokens % (world_size * grad_accum_steps) == 0, "Batch size must be divisible by world size"
    num_tokens = num_tokens // grad_accum_steps

    files = [Path(file) for file in sorted(glob.glob(filename_pattern))]
    if not files:
        raise FileNotFoundError(f"No files found for pattern: {filename_pattern}")

    file_iter = iter(files)  # Use itertools.cycle(files) for multi-epoch training
    tokens = _load_data_shard(next(file_iter))
    if align_to_bos:
        shard = Shard(tokens, world_size)
        next_shard_getter = Shard.load_async(next(file_iter), world_size)
    else:
        pos = 0  # for unaligned case

    while True:
        num_tokens_local = num_tokens // world_size
        max_num_docs = next_multiple_of_n(num_tokens_local // 300, n=128)  # median doc length is ~400

        if align_to_bos:
            try:
                seq_starts, seq_ends = shard.next_batch(num_tokens_local, max_seq_len)
                start_idxs, end_idxs = torch.tensor(seq_starts[rank]), torch.tensor(seq_ends[rank])
            except StopIteration:
                # This shard is exhausted, load the next one in the next loop iteration.
                shard = next_shard_getter()
                tokens = shard.tokens
                try:
                    next_shard_getter = Shard.load_async(next(file_iter), world_size)
                except StopIteration:
                    next_shard_getter = None  # no more shards to preload
                continue

            buf = torch.cat([tokens[i:j] for i, j in zip(start_idxs, end_idxs)])
            _inputs = buf[:-1]
            _targets = buf[1:]
            end_idxs[-1] -= 1  # last document was too long to account for _targets offset
            cum_lengths = (end_idxs - start_idxs).cumsum(0)

        else:
            if pos + num_tokens + 1 >= len(tokens):  # should not occur for val data
                tokens, pos = _load_data_shard(next(file_iter)), 0

            pos_local = pos + rank * num_tokens_local
            buf = tokens[pos_local: pos_local + num_tokens_local + 1]
            _inputs = buf[:-1].view(num_tokens_local, )
            _targets = buf[1:].view(num_tokens_local, )

            cum_lengths = torch.nonzero(_inputs == BOS_ID)[:, 0]
            pos += num_tokens


        _cum_lengths = torch.full((max_num_docs,), num_tokens_local)
        _cum_lengths[0] = 0
        _cum_lengths[1:len(cum_lengths) + 1] = cum_lengths

        # Cast to int32 on CPU before transfer to avoid dtype conversion during .to()
        _inputs = _inputs.to(dtype=torch.int32)
        _targets = _targets.to(dtype=torch.int64)
        _cum_lengths = _cum_lengths.to(dtype=torch.int32)
        _bigram_inputs = get_bigram_hash(_inputs)

        new_params = yield (
            _inputs.to(device="cuda", non_blocking=True),
            _targets.to(device="cuda", non_blocking=True),
            _cum_lengths.to(device="cuda", non_blocking=True),
            _bigram_inputs.to(device="cuda", non_blocking=True)
        )

        if new_params is not None:
            # makes it possible for generator to receive new (num_tokens, max_seq_len, grad_accum_steps) via .send()
            new_num_tokens, new_max_seq_len, new_grad_accum_steps = new_params
            assert new_num_tokens % (world_size * new_grad_accum_steps) == 0, "Num tokens must be divisible by world size"
            num_tokens = new_num_tokens // new_grad_accum_steps
            max_seq_len = new_max_seq_len

# -----------------------------------------------------------------------------
# Training Management

@dataclass
class Hyperparameters:
    # data
    data_path = os.environ.get("DATA_PATH", ".")
    train_files: str = os.path.join(data_path, "data/fineweb10B/fineweb_train_*.bin") # input .bin to train on
    val_files: str = os.path.join(data_path, "data/fineweb10B/fineweb_val_*.bin") # input .bin to eval validation loss on
    val_tokens: int = 10485760 # how many tokens of validation data? it's important to keep this fixed for consistent comparisons
    # batch sizes
    train_max_seq_len: int = 128 * 16
    val_batch_size: int = 4 * 64 * 1024 * 1
    # schedule
    num_scheduled_iterations: int = 1515  # number of steps to complete lr and ws schedule
    num_extension_iterations: int = 40  # number of steps to continue training at final lr and ws
    # evaluation and logging
    run_id: str = f"{uuid.uuid4()}"
    val_loss_every: int = 250  # every how many steps to evaluate val loss? 0 for only at the end
    save_checkpoint: bool = False
    # bigram hash embedding
    bigram_vocab_size: int = 50304 * 5

args = Hyperparameters()

@dataclass
class TrainingStage:
    lr_mul: float
    batch_size: int
    window_sizes: tuple[int, int]  # (short, long) in block units
    mtp_weights_start: list[float]
    mtp_weights_end: list[float]
    duration: float = None

class TrainingSchedule:
    """
    Training schedule initialized via TRAINING_STAGES
        1. Multi Token Prediction schedule of [1, 0.5, 0.25->0] -> [1, 0.5->0] -> [1] @varunneal
        2. Sliding Attention window schedule of [1,3] -> [3,7] -> [5,11] -> [6,13]
        3. YaRN updates to RoPE on window changes
        4. Split embed and lm head at 2/3 of training
        5. Batch size schedule of 8 -> 16 -> 24
        6. Post training extension of long windows from 13 to 20
    """

    def __init__(self, stages: list[TrainingStage], scheduled_iterations: int, extension_iterations: int,
                 cooldown_frac: float = 0.5, split_embed_stage: int = 2, ws_post_yarn_ext: int = 20):
        self.stages = stages
        self.scheduled_iterations = scheduled_iterations
        self.cooldown_frac = cooldown_frac
        # increase final validation ws, used for YaRN extension and short window size @classiclarryd
        self.ws_post_yarn_ext = ws_post_yarn_ext

        self.total_steps = self.scheduled_iterations + extension_iterations

        # Build stage boundaries (last is extension stage)
        ends = [0] + [round(c * scheduled_iterations) for c in accumulate(s.duration for s in stages[:-1])] + [self.total_steps]
        assert self.scheduled_iterations == ends[-2]
        self.boundaries = list(pairwise(ends))

        # Split embed at specified stage (ensure odd step for Adam)
        self.split_step = self.boundaries[split_embed_stage][0] | 1

        # Precompute MTP weights for all steps
        self.mtp_weights = []
        for step in range(self.total_steps + 1):
            stage, t = self.lookup(step)
            w = [a + (b - a) * t for a, b in zip(stage.mtp_weights_start, stage.mtp_weights_end)]
            self.mtp_weights.append(torch.tensor(w, device=device))

    def lookup(self, step: int) -> tuple[TrainingStage, float]:
        # Returns stage and % of the way through that stage
        for i, (start, end) in enumerate(self.boundaries):
            if step < end:
                t = (step - start) / (end - start)
                return self.stages[i], t
        return self.stages[-1], 1.0

    def get_lr(self, step: int) -> float:
        # learning rate schedule: tied to batch size schedule, with cooldown at the end
        stage, _ = self.lookup(step)
        lr = stage.lr_mul
        cd_start = int(self.scheduled_iterations * (1 - self.cooldown_frac))
        if step >= cd_start:
            t = min(1.0, (step - cd_start) / (self.scheduled_iterations - cd_start))
            lr = lr * (1 - t) + 0.1 * t
        return lr

# window_sizes are in units of `block_size` tokens (defined in TrainingManager)
TRAINING_STAGES = [
    TrainingStage(duration=1/3, batch_size=8 * 2048 * 8, window_sizes=(1, 3), lr_mul=1.0,
                  mtp_weights_start=[1.0, 0.5, 0.25], mtp_weights_end=[1.0, 0.5, 0.0]),
    TrainingStage(duration=1/3, batch_size=16 * 2048 * 8, window_sizes=(3, 7), lr_mul=1.52,  # (16/8)**0.6
                  mtp_weights_start=[1.0, 0.5], mtp_weights_end=[1.0, 0.0]),
    TrainingStage(duration=1/3, batch_size=24 * 2048 * 8, window_sizes=(5, 11), lr_mul=1.73,  # (24/8)**0.5
                  mtp_weights_start=[1.0], mtp_weights_end=[1.0]),
    # extension stage
    TrainingStage(batch_size=24 * 2048 * 8, window_sizes=(6, 13), lr_mul=1.0,  # lr_mul is not used
                  mtp_weights_start=[1.0], mtp_weights_end=[1.0]),
]

training_schedule = TrainingSchedule(TRAINING_STAGES, args.num_scheduled_iterations, args.num_extension_iterations, cooldown_frac=0.55)

def get_muon_momentum(step: int, muon_warmup_steps=300, muon_cooldown_steps=50, momentum_min=0.85, momentum_max=0.95):
    # warmup phase: linearly increase momentum from min to max
    # cooldown phase: linearly decrease momentum from max to min
    momentum_cd_start = training_schedule.total_steps - muon_cooldown_steps
    if step < muon_warmup_steps:
        frac = step / muon_warmup_steps
        momentum = momentum_min + frac * (momentum_max - momentum_min)
    elif step > momentum_cd_start:
        frac = (step - momentum_cd_start) / muon_cooldown_steps
        momentum = momentum_max - frac * (momentum_max - momentum_min)
    else:
        momentum = momentum_max
    return momentum

class TrainingManager():
    """
    Manages the NorMuonAndAdam for all parameters with explicit ordering.
        1. Scalars are given higher momentum terms to smooth learning @ChrisJMcCormick
        2. Adam optimizers are only stepped on odd steps @classiclarryd
        3. Explicit scatter_order and work_order for communication scheduling (no backward hooks)
        4. Muon has a linear momentum warmup and cooldown schedule
        5. Learning rates follow a linear decay schedule
        6. Embed is tied to lm_head until split step (2/3 of training), then untied @classiclarryd
    """
    def __init__(self, model):
        self.model = model
        self.block_size = 128

        # - Ordering dictates when to launch reduce/reduce_scatter operations
        # - "sharded" parameters use reduce_scatter/all_gather and "replicated" ones use all_reduce
        # - lr_mul and wd_mul are per-parameter learning rate and weight decay multipliers
        self.param_table = {
            "attn":           {"optim": "normuon", "comms": "sharded",    "adam_betas": None},
            "mlp":            {"optim": "normuon", "comms": "sharded",    "adam_betas": None},
            "scalars":        {"optim": "adam",    "comms": "replicated", "adam_betas": [0.9,  0.99], "lr_mul": 5.0,  "wd_mul": 0.0},
            "value_embed":    {"optim": "adam",    "comms": "sharded",    "adam_betas": [0.75, 0.95], "lr_mul": 75.,  "wd_mul": 5.0},
            "bigram_embed":   {"optim": "adam",    "comms": "sharded",    "adam_betas": [0.75, 0.95], "lr_mul": 75.,  "wd_mul": 5.0},
            "smear_gate":     {"optim": "adam",    "comms": "replicated", "adam_betas": [0.9,  0.99], "lr_mul": 0.01, "wd_mul": 0.0},
            "skip_gate":      {"optim": "adam",    "comms": "replicated", "adam_betas": [0.9,  0.99], "lr_mul": 0.05, "wd_mul": 0.0},
            "attn_gate_bank": {"optim": "adam",    "comms": "replicated", "adam_betas": [0.9,  0.99]},
            "ve_gate_bank":   {"optim": "adam",    "comms": "replicated", "adam_betas": [0.9,  0.99]},
            "x0_lambdas":     {"optim": "adam",    "comms": "replicated", "adam_betas": [0.65, 0.95], "lr_mul": 5.0,  "wd_mul": 0.0},
            "lm_head":        {"optim": "adam",    "comms": "sharded",    "adam_betas": [0.5,  0.95], "wd_mul": 150.},
            "embed":          {"optim": "adam",    "comms": "sharded",    "adam_betas": [0.5,  0.95], "wd_mul": 150.},
        }

        # - Process smaller/faster params first while large reduces complete
        # - lm_head must complete before embed sync (when tied)
        self.work_order = [
            "scalars", "smear_gate", "skip_gate", "attn_gate_bank", "ve_gate_bank", "x0_lambdas",  # Small, fast
            "value_embed", "bigram_embed",  # Medium
            "lm_head", "embed",   # lm_head must complete before embed sync (when tied)
            "attn", "mlp",        # Large, polar express - process last to maximize overlap
        ]

        adam_defaults = dict(
            lr=0.008,
            eps=1e-10,
            weight_decay=0.005,
        )

        normuon_defaults = dict(
            lr=0.023,
            momentum=0.95,
            beta2=0.95,
            weight_decay=1.2,
        )

        self.optimizer = NorMuonAndAdam(
            model.named_parameters(),
            param_table=self.param_table,
            scatter_order=list(self.param_table.keys()),  # Dict order defines scatter priority
            work_order=self.work_order,
            adam_defaults=adam_defaults,
            normuon_defaults=normuon_defaults,
        )

        # Split embed from lm_head at 2/3 of training (on an odd step so Adam updates)
        self.split_step = training_schedule.split_step

        self.reset()

    def apply_final_ws_ext(self):
        self.ws_long = training_schedule.ws_post_yarn_ext

    def get_forward_args(self):
        return ForwardScheduleConfig(
            mtp_weights = self.mtp_weights,
            ws_short = self.ws_short * self.block_size,
            ws_long = self.ws_long * self.block_size
        )

    def _is_adam_step(self, step: int):
        """Adam params are only updated on odd steps."""
        return step % 2 == 1

    def get_transition_steps(self):
        return [start for start, _ in training_schedule.boundaries[1:]]

    def advance_schedule(self, step: int):
        stage, _ = training_schedule.lookup(step)
        self.ws_short, new_ws_long = stage.window_sizes
        if new_ws_long != self.ws_long:
            self.model.yarn.apply(self.ws_long * self.block_size, new_ws_long * self.block_size)
            self.model.yarn_paired_head.apply(self.ws_long * self.block_size, new_ws_long * self.block_size)

        new_batch_size = stage.batch_size
        if new_batch_size != self.batch_size:
            self.train_loader_send_args = (new_batch_size, args.train_max_seq_len, grad_accum_steps)
            self.batch_size = new_batch_size
        else:
            self.train_loader_send_args = None

        self.ws_long = new_ws_long
        self.mtp_weights = training_schedule.mtp_weights[step]

    def step_optimizers(self, step: int):
        step_lr = training_schedule.get_lr(step)
        muon_momentum = get_muon_momentum(step)
        do_adam = self._is_adam_step(step)

        # Update learning rates and momentum for all params
        for param, p_cfg in self.optimizer.param_cfgs.items():
            p_cfg.lr = p_cfg.initial_lr * step_lr
            if p_cfg.optim == "normuon":
                p_cfg.momentum = muon_momentum

        # Step optimizer with do_adam flag
        self.optimizer.step(do_adam=do_adam)

        # At split step: copy lm_head optimizer state to embed and mark as split
        if step == self.split_step:
            self.optimizer.copy_lm_state_to_embed()

    def reset(self, state=None):
        if state is not None:
            self.optimizer.load_state_dict(state)

        # Reset NorMuon momentum buffers and split_embed state
        self.optimizer.reset()

        stage, _ = training_schedule.lookup(0)
        self.ws_short, self.ws_long = stage.window_sizes
        self.batch_size = stage.batch_size
        self.model.yarn.reset()
        self.model.yarn_paired_head.reset()

    def get_state(self):
        return copy.deepcopy(self.optimizer.state_dict())

# -----------------------------------------------------------------------------
# int main

# begin logging
logfile = None
if master_process:
    run_id = args.run_id
    os.makedirs("logs", exist_ok=True)
    logfile = f"logs/{run_id}.txt"
    print(logfile)
def print0(s, console=False):
    if master_process:
        with open(logfile, "a") as f:
            if console:
                print(s)
            print(s, file=f)

# begin by printing this file (the Python code)
print0(code)
print0("="*100)
# log information about the hardware/software environment this is running on
print0(f"Running Python {sys.version}")
print0(f"Running PyTorch {torch.version.__version__} compiled for CUDA {torch.version.cuda}")
print0(f"Running Triton version {triton.__version__}")

def nvidia_smi():
    import subprocess  # avoid top level import
    return subprocess.run(["nvidia-smi"], stdout=subprocess.PIPE, stderr=subprocess.PIPE, text=True).stdout
print0(nvidia_smi())
print0("="*100)

model: nn.Module = GPT(
    vocab_size=50257,
    num_layers=11,
    num_heads=6,
    head_dim=128,
    model_dim=768,
    max_seq_len=args.val_batch_size // (grad_accum_steps * world_size)
).cuda()
for m in model.modules():
    if isinstance(m, (nn.Embedding, nn.Linear)):
        m.weight.data = m.weight.data.bfloat16()
model.attn_gate_bank.data = model.attn_gate_bank.data.bfloat16()
model.ve_gate_bank.data = model.ve_gate_bank.data.bfloat16()
model.attn_bank.data = model.attn_bank.data.bfloat16()
model.mlp_bank.data = model.mlp_bank.data.bfloat16()
for param in model.parameters():
    dist.broadcast(param.detach(), 0)

model: nn.Module = torch.compile(model, dynamic=False, fullgraph=True)
training_manager = TrainingManager(model)

########################################
#            Warmup kernels            #
########################################
print0("Compiling model and warming up kernels (~7 minutes on first execution)", console=True)
# Warmup the training kernels, then re-initialize the state so we aren't cheating
initial_state = dict(model=copy.deepcopy(model.state_dict()),
                     optimizer=training_manager.get_state()) # save the initial state
train_loader = distributed_data_generator(args.train_files, TRAINING_STAGES[0].batch_size, args.train_max_seq_len, grad_accum_steps=grad_accum_steps)
val_loader = distributed_data_generator(args.val_files, args.val_batch_size, -1, grad_accum_steps=grad_accum_steps, align_to_bos=False)

transition_steps = training_manager.get_transition_steps()
# first few steps plus transitions
warmup_steps = sorted({0, 1, 2} | set(s + offset for s in transition_steps for offset in [-1, 0, 1] if s + offset >= 0))
print0(f"Sampling steps {warmup_steps} for warmup", console=True)
for step in warmup_steps:
    training_manager.advance_schedule(step)
    model.eval()
    with torch.no_grad():
        inputs, targets, cum_seqlens, bigram_inputs = next(val_loader)
        model(inputs, targets, cum_seqlens, bigram_inputs, training_manager.get_forward_args())
    model.train()
    for idx in range(grad_accum_steps):
        send_args = training_manager.train_loader_send_args
        inputs, targets, cum_seqlens, bigram_inputs = train_loader.send(send_args)
        (model(inputs, targets, cum_seqlens, bigram_inputs, training_manager.get_forward_args()) * grad_scale).backward()
        break
    training_manager.step_optimizers(step)
    break
print0("Resetting Model", console=True)
model.zero_grad(set_to_none=True)
model.load_state_dict(initial_state["model"])
training_manager.reset(initial_state["optimizer"])
del val_loader, train_loader, initial_state
model.train()

########################################
#        Training and validation       #
########################################
train_loader = distributed_data_generator(args.train_files, TRAINING_STAGES[0].batch_size, args.train_max_seq_len, grad_accum_steps=grad_accum_steps)

gc.collect()

training_time_ms = 0
# start the clock
torch.cuda.synchronize()
t0 = time.perf_counter()
# begin training
train_steps = training_schedule.total_steps
for step in range(train_steps + 1):
    last_step = (step == train_steps)
    training_manager.advance_schedule(step)
    # --------------- VALIDATION SECTION -----------------
    if last_step or (args.val_loss_every > 0 and step % args.val_loss_every == 0):
        if last_step:
            training_manager.apply_final_ws_ext()
        # stop the clock
        torch.cuda.synchronize()
        training_time_ms += 1000 * (time.perf_counter() - t0)

        # ------------------- TEST-TIME TRAINING START -------------------
        print0(f"step:{step}/{train_steps} starting test-time training...", console=True)

        # 1. Save model and optimizer state to CPU with minimal memory usage
        # Offload model state dict to CPU
        saved_model_state_cpu = {k: v.cpu() for k, v in model.state_dict().items()}
        # Offload optimizer state to CPU with a granular, memory-safe approach
        original_optimizer_state = training_manager.optimizer.state_dict()
        saved_optimizer_state_cpu = {
            "param_cfgs": copy.deepcopy(original_optimizer_state["param_cfgs"]), # param_cfgs are typically simple Python objects, deepcopy is fine
            "param_states": {},
            "split_embed": training_manager.optimizer.split_embed # Explicitly save the flag
        }
        for param_id, param_state in original_optimizer_state['param_states'].items():
            saved_optimizer_state_cpu['param_states'][param_id] = {}
            for k, v in param_state.items():
                if isinstance(v, torch.Tensor):
                    saved_optimizer_state_cpu['param_states'][param_id][k] = v.cpu()
                else:
                    saved_optimizer_state_cpu['param_states'][param_id][k] = copy.deepcopy(v)

        # 2. Perform Test-Time Training and progressively calculate validation loss
        val_loader = distributed_data_generator(args.val_files, args.val_batch_size, -1, grad_accum_steps=grad_accum_steps, align_to_bos=False)
        assert args.val_tokens % args.val_batch_size == 0
        val_steps = grad_accum_steps * args.val_tokens // args.val_batch_size
        val_loss = 0

        for val_step in range(val_steps):
            inputs, targets, cum_seqlens, bigram_inputs = next(val_loader)

            model.eval()
            with torch.no_grad():
                val_loss += model(inputs, targets, cum_seqlens, bigram_inputs, training_manager.get_forward_args())

            # TTT start
            model.train()

            num_chunks = len(inputs) // args.train_max_seq_len

            chunk_loss = 0
            for chunk in range(num_chunks):
                start_chunk = chunk * args.train_max_seq_len
                end_chunk = (chunk + 1) * args.train_max_seq_len

                chunked_inputs = inputs[start_chunk:end_chunk]
                chunked_targets = targets[start_chunk:end_chunk]
                #chunked_cum_seqlens = cum_seqlens[start_chunk:end_chunk] # NB: this will *not* work
                chunked_cum_seqlens = torch.tensor([0, end_chunk - start_chunk], dtype=torch.int32, device=inputs.device) # TODO: mashes document boundaries
                chunked_bigram_inputs = bigram_inputs[start_chunk:end_chunk]

                loss = model(chunked_inputs, chunked_targets, chunked_cum_seqlens, chunked_bigram_inputs, training_manager.get_forward_args())
                (loss / num_chunks).backward()

                chunk_loss += loss.item() # TODO: gpu stall (?)

            is_adam_step = training_manager._is_adam_step(step + val_step)

            print0(f"step:{step}/{train_steps} val_step:{val_step}/{val_steps} val_loss:{val_loss/(val_step+1):.4f} chunk_loss:{chunk_loss/num_chunks:.4f} {is_adam_step=} train_time:{training_time_ms:.0f}ms step_avg:{training_time_ms/max(step, 1):.2f}ms", console=True)

            training_manager.step_optimizers(step + val_step)

            # TTT end

        val_loss /= val_steps
        del val_loader

        # 3. Restore original model and optimizer state from CPU
        model.load_state_dict(saved_model_state_cpu)
        training_manager.optimizer.load_state_dict(saved_optimizer_state_cpu)
        # Restore split_embed flag
        training_manager.optimizer.split_embed = saved_optimizer_state_cpu["split_embed"]
        # -------------------- TEST-TIME TRAINING END --------------------

        dist.reduce(val_loss, 0, op=dist.ReduceOp.AVG)
        print0(f"step:{step}/{train_steps} val_loss:{val_loss:.4f} train_time:{training_time_ms:.0f}ms step_avg:{training_time_ms/max(step, 1):.2f}ms", console=True)
        model.train()
        # start the clock again
        torch.cuda.synchronize()
        t0 = time.perf_counter()

    if last_step:
        if master_process and args.save_checkpoint:
            log = dict(step=step, code=code, model=model.state_dict(), optimizer=training_manager.get_state())
            os.makedirs(f"logs/{run_id}", exist_ok=True)
            torch.save(log, f"logs/{run_id}/state_step{step:06d}.pt")
        # the last step only has the validation loop, so break to avoid training
        break

    # --------------- TRAINING SECTION -----------------
    for idx in range(grad_accum_steps):
        inputs, targets, cum_seqlens, bigram_inputs = train_loader.send(training_manager.train_loader_send_args)
        loss = model(inputs, targets, cum_seqlens, bigram_inputs, training_manager.get_forward_args())
        (loss * grad_scale).backward()
    training_manager.step_optimizers(step)

    # logging
    approx_training_time_ms = training_time_ms + 1000 * (time.perf_counter() - t0)
    print0(f"step:{step+1}/{train_steps} {loss.item()=} train_time:{approx_training_time_ms:.0f}ms step_avg:{approx_training_time_ms/(step + 1):.2f}ms", console=True)

print0(f"peak memory allocated: {torch.cuda.max_memory_allocated() // 1024 // 1024} MiB "
       f"reserved: {torch.cuda.max_memory_reserved() // 1024 // 1024} MiB", console=True)
dist.destroy_process_group()


----------------------------------------
# triton_kernels.py
----------------------------------------

import torch
import triton
import triton.language as tl
from triton.tools.tensor_descriptor import TensorDescriptor

# -----------------------------------------------------------------------------
# Triton kernel for symmetric matrix multiplication by @byronxu99

@triton.jit
def _pid_to_block(
    pid,
    M,
    BLOCK_SIZE_M: tl.constexpr,
    BLOCK_SIZE_N: tl.constexpr,
    GROUP_SIZE_M: tl.constexpr,
):
    # Split output matrix into blocks of size (BLOCK_SIZE_M, BLOCK_SIZE_N)
    num_pid_m = tl.cdiv(M, BLOCK_SIZE_M)
    num_pid_n = tl.cdiv(M, BLOCK_SIZE_N)

    # Map PID to a single matrix in batch
    batch_idx = pid // (num_pid_m * num_pid_n)
    pid = pid % (num_pid_m * num_pid_n)

    # Map PID to 2D grid of blocks
    pid_m = pid // num_pid_n
    pid_n = pid % num_pid_n
    pid_m, pid_n = tl.swizzle2d(pid_m, pid_n, num_pid_m, num_pid_n, GROUP_SIZE_M)

    m_idx = pid_m * BLOCK_SIZE_M
    n_idx = pid_n * BLOCK_SIZE_N
    return batch_idx, m_idx, n_idx

@triton.jit
def XXT_kernel(
    A_ptr, C_ptr,
    M, K,
    a_stride_b, a_stride_r, a_stride_c,
    c_stride_b, c_stride_r, c_stride_c,
    BLOCK_SIZE_M: tl.constexpr,
    BLOCK_SIZE_N: tl.constexpr,
    BLOCK_SIZE_K: tl.constexpr,
    GROUP_SIZE_M: tl.constexpr,
    LOWER_UPPER: tl.constexpr,
):
    pid = tl.program_id(axis=0)
    batch_idx, m_idx, n_idx = _pid_to_block(
        pid, M, BLOCK_SIZE_M, BLOCK_SIZE_N, GROUP_SIZE_M
    )

    # Skip blocks that don't need to be computed
    skip_block_below_diag = (LOWER_UPPER == 0) and (n_idx + BLOCK_SIZE_N <= m_idx)
    skip_block_above_diag = (LOWER_UPPER != 0) and (m_idx + BLOCK_SIZE_M <= n_idx)
    if skip_block_below_diag or skip_block_above_diag:
        return

    # Index into one matrix of batch
    A_ptr += batch_idx * a_stride_b
    C_ptr += batch_idx * c_stride_b

    # Create pointer arrays for A and A.T
    offs_m = (m_idx + tl.arange(0, BLOCK_SIZE_M)) % M
    offs_n = (n_idx + tl.arange(0, BLOCK_SIZE_N)) % M
    offs_k = tl.arange(0, BLOCK_SIZE_K)
    a_ptrs = A_ptr + (offs_m[:, None] * a_stride_r + offs_k[None, :] * a_stride_c)
    at_ptrs = A_ptr + (offs_k[:, None] * a_stride_c + offs_n[None, :] * a_stride_r)

    accumulator = tl.zeros((BLOCK_SIZE_M, BLOCK_SIZE_N), dtype=tl.float32)

    # Accumulate over blocks of K
    for k in tl.range(0, tl.cdiv(K, BLOCK_SIZE_K)):
        a = tl.load(a_ptrs, mask=offs_k[None, :] < K - k * BLOCK_SIZE_K, other=0.0)
        at = tl.load(at_ptrs, mask=offs_k[:, None] < K - k * BLOCK_SIZE_K, other=0.0)
        accumulator = tl.dot(a, at, accumulator)
        a_ptrs += BLOCK_SIZE_K * a_stride_c
        at_ptrs += BLOCK_SIZE_K * a_stride_c

    out_dtype = C_ptr.dtype.element_ty
    output = accumulator.to(out_dtype)

    # Store block of C
    offs_cm = m_idx + tl.arange(0, BLOCK_SIZE_M)
    offs_cn = n_idx + tl.arange(0, BLOCK_SIZE_N)
    c_ptrs = C_ptr + (offs_cm[:, None] * c_stride_r + offs_cn[None, :] * c_stride_c)
    c_mask = (offs_cm[:, None] < M) & (offs_cn[None, :] < M)
    tl.store(c_ptrs, output, mask=c_mask)

    # Store block of C mirrored across the diagonal
    c_ptrs_t = C_ptr + (offs_cn[:, None] * c_stride_r + offs_cm[None, :] * c_stride_c)
    c_mask_t = (offs_cn[:, None] < M) & (offs_cm[None, :] < M)
    tl.store(c_ptrs_t, output.T, mask=c_mask_t)

def XXT(A: torch.Tensor, out: torch.Tensor):
    """
    Launch Triton kernel to compute C = A @ A.T
    """
    assert A.ndim == 2 or A.ndim == 3
    M, K = A.shape[-2:]
    assert out.size(-2) == M, "Output matrix has incorrect shape"
    assert out.size(-1) == M, "Output matrix has incorrect shape"

    batch_size = A.size(0) if A.ndim == 3 else 1
    input_batch_stride = A.stride(0) if A.ndim == 3 else 0
    output_batch_stride = out.stride(0) if out.ndim == 3 else 0

    # Hardcoded configs based on H100 autotuning
    if K == 768:
        BLOCK_SIZE_M, BLOCK_SIZE_N, BLOCK_SIZE_K = 128, 128, 64
        num_stages, num_warps = 4, 4
    else:
        BLOCK_SIZE_M, BLOCK_SIZE_N, BLOCK_SIZE_K = 64, 128, 128
        num_stages, num_warps = 4, 4

    grid = (batch_size * triton.cdiv(M, BLOCK_SIZE_M) * triton.cdiv(M, BLOCK_SIZE_N),)
    XXT_kernel[grid](
        A_ptr=A,
        C_ptr=out,
        M=M,
        K=K,
        a_stride_b=input_batch_stride,
        a_stride_r=A.stride(-2),
        a_stride_c=A.stride(-1),
        c_stride_b=output_batch_stride,
        c_stride_r=out.stride(-2),
        c_stride_c=out.stride(-1),
        BLOCK_SIZE_M=BLOCK_SIZE_M,
        BLOCK_SIZE_N=BLOCK_SIZE_N,
        BLOCK_SIZE_K=BLOCK_SIZE_K,
        GROUP_SIZE_M=8,
        LOWER_UPPER=1,
        num_stages=num_stages,
        num_warps=num_warps,
    )
    return out

@triton.jit
def ba_plus_cAA_kernel(
    A_ptr, C_ptr,
    M,
    a_stride_b, a_stride_r, a_stride_c,
    c_stride_b, c_stride_r, c_stride_c,
    alpha, beta,
    BLOCK_SIZE_M: tl.constexpr,
    BLOCK_SIZE_N: tl.constexpr,
    BLOCK_SIZE_K: tl.constexpr,
    GROUP_SIZE_M: tl.constexpr,
    LOWER_UPPER: tl.constexpr,
):
    # This is mostly duplicated from XXT_kernel, but also loads and adds a block of A
    # Performance is slightly slower than XXT_kernel, so we use two separate kernels
    pid = tl.program_id(axis=0)
    batch_idx, m_idx, n_idx = _pid_to_block(
        pid, M, BLOCK_SIZE_M, BLOCK_SIZE_N, GROUP_SIZE_M
    )

    # Skip blocks that don't need to be computed
    skip_block_below_diag = (LOWER_UPPER == 0) and (n_idx + BLOCK_SIZE_N <= m_idx)
    skip_block_above_diag = (LOWER_UPPER != 0) and (m_idx + BLOCK_SIZE_M <= n_idx)
    if skip_block_below_diag or skip_block_above_diag:
        return

    # Index into one matrix of batch
    A_ptr += batch_idx * a_stride_b
    C_ptr += batch_idx * c_stride_b

    # Create pointer arrays for A and A.T
    offs_m = (m_idx + tl.arange(0, BLOCK_SIZE_M)) % M
    offs_n = (n_idx + tl.arange(0, BLOCK_SIZE_N)) % M
    offs_k = tl.arange(0, BLOCK_SIZE_K)
    a_ptrs = A_ptr + (offs_m[:, None] * a_stride_r + offs_k[None, :] * a_stride_c)
    at_ptrs = A_ptr + (offs_k[:, None] * a_stride_c + offs_n[None, :] * a_stride_r)

    accumulator = tl.zeros((BLOCK_SIZE_M, BLOCK_SIZE_N), dtype=tl.float32)

    # Accumulate over blocks of K
    for k in tl.range(0, tl.cdiv(M, BLOCK_SIZE_K)):
        a = tl.load(a_ptrs, mask=offs_k[None, :] < M - k * BLOCK_SIZE_K, other=0.0)
        at = tl.load(at_ptrs, mask=offs_k[:, None] < M - k * BLOCK_SIZE_K, other=0.0)
        accumulator = tl.dot(a, at, accumulator)
        a_ptrs += BLOCK_SIZE_K * a_stride_c
        at_ptrs += BLOCK_SIZE_K * a_stride_c

    # Load block of A to add (corresponds to the current block of C)
    offs_am = m_idx + tl.arange(0, BLOCK_SIZE_M)
    offs_an = n_idx + tl.arange(0, BLOCK_SIZE_N)
    a_add_ptrs = A_ptr + (offs_am[:, None] * a_stride_r + offs_an[None, :] * a_stride_c)
    a_add_mask = (offs_am[:, None] < M) & (offs_an[None, :] < M)
    a_add = tl.load(a_add_ptrs, mask=a_add_mask, other=0.0).to(tl.float32)

    # Apply alpha and beta
    accumulator *= alpha
    accumulator += a_add * beta

    out_dtype = C_ptr.dtype.element_ty
    output = accumulator.to(out_dtype)

    # Store block of C
    offs_cm = m_idx + tl.arange(0, BLOCK_SIZE_M)
    offs_cn = n_idx + tl.arange(0, BLOCK_SIZE_N)
    c_ptrs = C_ptr + (offs_cm[:, None] * c_stride_r + offs_cn[None, :] * c_stride_c)
    c_mask = (offs_cm[:, None] < M) & (offs_cn[None, :] < M)
    tl.store(c_ptrs, output, mask=c_mask)

    # Store block of C mirrored across the diagonal
    c_ptrs_t = C_ptr + (offs_cn[:, None] * c_stride_r + offs_cm[None, :] * c_stride_c)
    c_mask_t = (offs_cn[:, None] < M) & (offs_cm[None, :] < M)
    tl.store(c_ptrs_t, output.T, mask=c_mask_t)

def ba_plus_cAA(A: torch.Tensor, alpha: float, beta: float, out: torch.Tensor):
    """
    Launch Triton kernel to compute C = alpha * A @ A.T + beta * A
    """
    assert A.ndim == 2 or A.ndim == 3
    M, K = A.shape[-2:]
    assert M == K, "Input matrix must be square"
    assert out.size(-2) == M
    assert out.size(-1) == M

    batch_size = A.size(0) if A.ndim == 3 else 1
    input_batch_stride = A.stride(0) if A.ndim == 3 else 0
    output_batch_stride = out.stride(0) if out.ndim == 3 else 0

    # Hardcoded config based on H100 autotuning (M=768)
    BLOCK_SIZE_M, BLOCK_SIZE_N, BLOCK_SIZE_K = 128, 128, 64
    num_stages, num_warps = 4, 4

    grid = (batch_size * triton.cdiv(M, BLOCK_SIZE_M) * triton.cdiv(M, BLOCK_SIZE_N),)
    ba_plus_cAA_kernel[grid](
        A_ptr=A,
        C_ptr=out,
        M=M,
        a_stride_b=input_batch_stride,
        a_stride_r=A.stride(-2),
        a_stride_c=A.stride(-1),
        c_stride_b=output_batch_stride,
        c_stride_r=out.stride(-2),
        c_stride_c=out.stride(-1),
        alpha=alpha,
        beta=beta,
        BLOCK_SIZE_M=BLOCK_SIZE_M,
        BLOCK_SIZE_N=BLOCK_SIZE_N,
        BLOCK_SIZE_K=BLOCK_SIZE_K,
        GROUP_SIZE_M=8,
        LOWER_UPPER=1,
        num_stages=num_stages,
        num_warps=num_warps,
    )
    return out

# -----------------------------------------------------------------------------
# Triton kernel for MLP: relu(x @ W1.T)^2, by @andrewbriand, @jrauvola

@triton.jit
def linear_relu_square_kernel(a_desc, b_desc, c_desc, aux_desc,
                                 M, N, K,
                                 BLOCK_SIZE_M: tl.constexpr,
                                 BLOCK_SIZE_N: tl.constexpr,
                                 BLOCK_SIZE_K: tl.constexpr,
                                 GROUP_SIZE_M: tl.constexpr,
                                 NUM_SMS: tl.constexpr,
                                 FORWARD: tl.constexpr,
                                 ):
    dtype = tl.bfloat16
    start_pid = tl.program_id(axis=0)
    num_pid_m = tl.cdiv(M, BLOCK_SIZE_M)
    num_pid_n = tl.cdiv(N, BLOCK_SIZE_N)
    k_tiles = tl.cdiv(K, BLOCK_SIZE_K)
    num_tiles = num_pid_m * num_pid_n

    tile_id_c = start_pid - NUM_SMS
    num_pid_in_group = GROUP_SIZE_M * num_pid_n

    for tile_id in tl.range(start_pid, num_tiles, NUM_SMS, flatten=True):
        pid_m = tile_id // num_pid_n
        pid_n = tile_id % num_pid_n
        offs_am = pid_m * BLOCK_SIZE_M
        offs_bn = pid_n * BLOCK_SIZE_N

        accumulator = tl.zeros((BLOCK_SIZE_M, BLOCK_SIZE_N), dtype=tl.float32)
        for ki in range(k_tiles):
            offs_k = ki * BLOCK_SIZE_K
            a = a_desc.load([offs_am, offs_k])
            b = b_desc.load([offs_bn, offs_k])
            accumulator = tl.dot(a, b.T, accumulator)

        tile_id_c += NUM_SMS
        pid_m = tile_id // num_pid_n
        pid_n = tile_id % num_pid_n
        offs_am_c = pid_m * BLOCK_SIZE_M
        offs_bn_c = pid_n * BLOCK_SIZE_N

        acc = tl.reshape(accumulator, (BLOCK_SIZE_M, 2, BLOCK_SIZE_N // 2))
        acc = tl.permute(acc, (0, 2, 1))
        acc0, acc1 = tl.split(acc)

        c0 = acc0.to(dtype)
        if not FORWARD:
            c0_pre = aux_desc.load([offs_am_c, offs_bn_c])
            c0 = 2 * c0 * tl.where(c0_pre > 0, c0_pre, 0)

        c_desc.store([offs_am_c, offs_bn_c], c0)

        if FORWARD:
            c0_post = tl.maximum(c0, 0)
            c0_post = c0_post * c0_post
            aux_desc.store([offs_am_c, offs_bn_c], c0_post)

        c1 = acc1.to(dtype)
        if not FORWARD:
            c1_pre = aux_desc.load([offs_am_c, offs_bn_c + BLOCK_SIZE_N // 2])
            c1 = 2 * c1 * tl.where(c1_pre > 0, c1_pre, 0)

        c_desc.store([offs_am_c, offs_bn_c + BLOCK_SIZE_N // 2], c1)

        if FORWARD:
            c1_post = tl.maximum(c1, 0)
            c1_post = c1_post * c1_post
            aux_desc.store([offs_am_c, offs_bn_c + BLOCK_SIZE_N // 2], c1_post)


def linear_relu_square(a, b, aux=None):
    M, K = a.shape
    N, K = b.shape
    dtype = a.dtype

    c = torch.empty((M, N), device=a.device, dtype=dtype)

    FORWARD = False
    if aux is None:
        FORWARD = True
        aux = torch.empty((M, N), device=a.device, dtype=dtype)

    NUM_SMS = torch.cuda.get_device_properties("cuda").multi_processor_count

    BLOCK_SIZE_M = 128
    BLOCK_SIZE_N = 256
    BLOCK_SIZE_K = 64
    num_stages = 4 if FORWARD else 3
    num_warps = 8

    a_desc = TensorDescriptor.from_tensor(a, [BLOCK_SIZE_M, BLOCK_SIZE_K])
    b_desc = TensorDescriptor.from_tensor(b, [BLOCK_SIZE_N, BLOCK_SIZE_K])
    c_desc = TensorDescriptor.from_tensor(c, [BLOCK_SIZE_M, BLOCK_SIZE_N // 2])
    aux_desc = TensorDescriptor.from_tensor(aux, [BLOCK_SIZE_M, BLOCK_SIZE_N // 2])

    def grid(META):
        return (min(
            NUM_SMS,
            triton.cdiv(M, BLOCK_SIZE_M) * triton.cdiv(N, BLOCK_SIZE_N),
        ), )

    linear_relu_square_kernel[grid](
        a_desc, b_desc, c_desc, aux_desc,
        M, N, K,
        BLOCK_SIZE_M=BLOCK_SIZE_M,
        BLOCK_SIZE_N=BLOCK_SIZE_N,
        BLOCK_SIZE_K=BLOCK_SIZE_K,
        GROUP_SIZE_M=1,
        NUM_SMS=NUM_SMS,
        FORWARD=FORWARD,
        num_stages=num_stages,
        num_warps=num_warps
    )

    if FORWARD:
        return c, aux
    else:
        return c

class FusedLinearReLUSquareFunction(torch.autograd.Function):
    @staticmethod
    def forward(ctx, x, W1, W2):
        pre, post = linear_relu_square(x.view((-1, x.shape[-1])), W1)
        x3 = post @ W2
        ctx.save_for_backward(x, W1, W2, pre, post)
        return x3.view(x.shape)

    @staticmethod
    def backward(ctx, grad_output):
        x, W1, W2, pre, post = ctx.saved_tensors
        dW2 = post.T @ grad_output
        dpre = linear_relu_square(grad_output.view((-1, grad_output.shape[-1])), W2, aux=pre)
        dW1 = dpre.T @ x
        dx = dpre @ W1
        return dx.view(x.shape), dW1, dW2

# -----------------------------------------------------------------------------
# Fused Softcapped Cross Entropy


@triton.jit
def fused_softcapped_entropy_fwd_kernel(
    logits_ptr, losses_ptr, lse_ptr, targets_ptr, mtp_weights_ptr,
    stride_logits_n, stride_logits_v,
    n_rows, n_cols, n_predict,
    A, B, C,
    BLOCK_SIZE: tl.constexpr
):
    row_idx = tl.program_id(0).to(tl.int64)
    logits_row_ptr = logits_ptr + row_idx * stride_logits_n

    max_val = -float('inf')
    sum_exp = 0.0

    for off in range(0, n_cols, BLOCK_SIZE):
        cols = off + tl.arange(0, BLOCK_SIZE)
        mask = cols < n_cols
        val = tl.load(logits_row_ptr + cols, mask=mask, other=-float('inf')).to(tl.float32)
        z = A * tl.sigmoid((val + B) / C)
        z = tl.where(mask, z, -float('inf'))
        curr_max = tl.max(z, axis=0)
        new_max = tl.maximum(max_val, curr_max)
        sum_exp = sum_exp * tl.exp(max_val - new_max) + tl.sum(tl.exp(z - new_max), axis=0)
        max_val = new_max

    lse = max_val + tl.log(sum_exp)
    tl.store(lse_ptr + row_idx, lse)

    total_loss = 0.0
    for k in range(n_predict):
        target_idx = row_idx + k
        if target_idx < n_rows:
            weight = tl.load(mtp_weights_ptr + k)
            if weight > 0:
                target = tl.load(targets_ptr + target_idx).to(tl.int32)
                if target >= 0 and target < n_cols:
                    val_target = tl.load(logits_row_ptr + target).to(tl.float32)
                    z_target = A * tl.sigmoid((val_target + B) / C)
                    total_loss += weight * (lse - z_target)

    tl.store(losses_ptr + row_idx, total_loss)

@triton.jit
def fused_softcapped_entropy_bwd_kernel(
    grad_input_ptr, grad_output_ptr, lse_ptr, logits_ptr, targets_ptr, mtp_weights_ptr,
    stride_logits_n, stride_logits_v, stride_grad_n, stride_grad_v,
    n_rows, n_cols, n_predict,
    A, B, C,
    BLOCK_SIZE: tl.constexpr
):
    row_idx = tl.program_id(0).to(tl.int64)

    logits_row_ptr = logits_ptr + row_idx * stride_logits_n
    grad_row_ptr = grad_input_ptr + row_idx * stride_grad_n

    lse = tl.load(lse_ptr + row_idx)
    grad_loss = tl.load(grad_output_ptr + row_idx)

    S_w = 0.0
    for k in range(n_predict):
        if row_idx + k < n_rows:
            S_w += tl.load(mtp_weights_ptr + k)

    for off in range(0, n_cols, BLOCK_SIZE):
        cols = off + tl.arange(0, BLOCK_SIZE)
        mask = cols < n_cols
        val = tl.load(logits_row_ptr + cols, mask=mask, other=0.0).to(tl.float32)
        u = (val + B) / C
        sigmoid_u = tl.sigmoid(u)
        z = A * sigmoid_u
        p = tl.exp(z - lse)

        term1 = S_w * p
        term2 = tl.zeros([BLOCK_SIZE], dtype=tl.float32)
        for k in range(n_predict):
            if row_idx + k < n_rows:
                target = tl.load(targets_ptr + row_idx + k).to(tl.int32)
                weight = tl.load(mtp_weights_ptr + k)
                term2 += tl.where(cols == target, weight, 0.0)

        grad_z = grad_loss * (term1 - term2)
        dz_dx = (1.0 / C) * z * (1.0 - sigmoid_u)
        grad_x = grad_z * dz_dx
        tl.store(grad_row_ptr + cols, grad_x.to(tl.bfloat16), mask=mask)

class FusedSoftcappedCrossEntropy(torch.autograd.Function):
    @staticmethod
    def forward(ctx, logits, targets, mtp_weights, A=23.0, B=5.0, C=7.5):
        n_rows, n_cols = logits.shape
        if mtp_weights is None:
             mtp_weights = torch.tensor([1.0], device=logits.device, dtype=torch.float32)
        n_predict = mtp_weights.shape[0]

        losses = torch.empty(n_rows, dtype=torch.float32, device=logits.device)
        lse = torch.empty(n_rows, dtype=torch.float32, device=logits.device)

        logits = logits.contiguous()
        targets = targets.contiguous()
        mtp_weights = mtp_weights.contiguous()

        grid = (n_rows,)
        fused_softcapped_entropy_fwd_kernel[grid](
            logits, losses, lse, targets, mtp_weights,
            logits.stride(0), logits.stride(1),
            n_rows, n_cols, n_predict,
            A, B, C,
            BLOCK_SIZE=1024,
            num_warps=8,
            num_stages=4
        )

        ctx.save_for_backward(logits, targets, mtp_weights, lse)
        ctx.params = (A, B, C)
        return losses

    @staticmethod
    def backward(ctx, grad_output):
        logits, targets, mtp_weights, lse = ctx.saved_tensors
        A, B, C = ctx.params
        n_rows, n_cols = logits.shape
        n_predict = mtp_weights.shape[0]

        grad_input = torch.empty((n_rows, n_cols), dtype=torch.bfloat16, device=logits.device)
        grad_output = grad_output.contiguous()

        grid = (n_rows,)
        fused_softcapped_entropy_bwd_kernel[grid](
            grad_input, grad_output, lse, logits, targets, mtp_weights,
            logits.stride(0), logits.stride(1), grad_input.stride(0), grad_input.stride(1),
            n_rows, n_cols, n_predict,
            A, B, C,
            BLOCK_SIZE=1024,
            num_warps=8,
            num_stages=4
        )
        return grad_input, None, None, None, None, None

====================================================================================================
Running Python 3.10.19 (main, Oct 21 2025, 16:43:05) [GCC 11.2.0]
Running PyTorch 2.10.0.dev20251210+cu126 compiled for CUDA 12.6
Running Triton version 3.6.0
Thu Feb  5 19:50:18 2026       
+-----------------------------------------------------------------------------------------+
| NVIDIA-SMI 570.195.03             Driver Version: 570.195.03     CUDA Version: 12.8     |
|-----------------------------------------+------------------------+----------------------+
| GPU  Name                 Persistence-M | Bus-Id          Disp.A | Volatile Uncorr. ECC |
| Fan  Temp   Perf          Pwr:Usage/Cap |           Memory-Usage | GPU-Util  Compute M. |
|                                         |                        |               MIG M. |
|=========================================+========================+======================|
|   0  NVIDIA H100 PCIe               On  |   00000000:00:0E.0 Off |                    0 |
| N/A   27C    P0             78W /  310W |    1103MiB /  81559MiB |      0%      Default |
|                                         |                        |             Disabled |
+-----------------------------------------+------------------------+----------------------+
                                                                                         
+-----------------------------------------------------------------------------------------+
| Processes:                                                                              |
|  GPU   GI   CI              PID   Type   Process name                        GPU Memory |
|        ID   ID                                                               Usage      |
|=========================================================================================|
|    0   N/A  N/A            1858      C   .../envs/speedrun/bin/python3.10       1094MiB |
+-----------------------------------------------------------------------------------------+

====================================================================================================
Compiling model and warming up kernels (~7 minutes on first execution)
Sampling steps [0, 1, 2, 504, 505, 506, 1009, 1010, 1011, 1514, 1515, 1516] for warmup
Resetting Model
step:0/1555 starting test-time training...
step:0/1555 val_step:0/320 val_loss:10.8278 chunk_loss:38778.1216 is_adam_step=False train_time:0ms step_avg:0.03ms
step:0/1555 val_step:1/320 val_loss:10.7958 chunk_loss:38579.7927 is_adam_step=True train_time:0ms step_avg:0.03ms
step:0/1555 val_step:2/320 val_loss:10.2044 chunk_loss:32426.2877 is_adam_step=False train_time:0ms step_avg:0.03ms
step:0/1555 val_step:3/320 val_loss:9.8900 chunk_loss:32213.8575 is_adam_step=True train_time:0ms step_avg:0.03ms
step:0/1555 val_step:4/320 val_loss:9.6709 chunk_loss:31688.3252 is_adam_step=False train_time:0ms step_avg:0.03ms
step:0/1555 val_step:5/320 val_loss:9.4614 chunk_loss:30431.1921 is_adam_step=True train_time:0ms step_avg:0.03ms
step:0/1555 val_step:6/320 val_loss:9.2470 chunk_loss:29008.7661 is_adam_step=False train_time:0ms step_avg:0.03ms
step:0/1555 val_step:7/320 val_loss:9.0895 chunk_loss:29113.0994 is_adam_step=True train_time:0ms step_avg:0.03ms
step:0/1555 val_step:8/320 val_loss:8.9364 chunk_loss:28165.7030 is_adam_step=False train_time:0ms step_avg:0.03ms
step:0/1555 val_step:9/320 val_loss:8.8167 chunk_loss:28353.8595 is_adam_step=True train_time:0ms step_avg:0.03ms
step:0/1555 val_step:10/320 val_loss:8.6896 chunk_loss:27347.3809 is_adam_step=False train_time:0ms step_avg:0.03ms
step:0/1555 val_step:11/320 val_loss:8.6000 chunk_loss:28038.3286 is_adam_step=True train_time:0ms step_avg:0.03ms
step:0/1555 val_step:12/320 val_loss:8.5111 chunk_loss:27520.9705 is_adam_step=False train_time:0ms step_avg:0.03ms
step:0/1555 val_step:13/320 val_loss:8.4392 chunk_loss:27728.4741 is_adam_step=True train_time:0ms step_avg:0.03ms
step:0/1555 val_step:14/320 val_loss:8.3437 chunk_loss:26152.6350 is_adam_step=False train_time:0ms step_avg:0.03ms
step:0/1555 val_step:15/320 val_loss:8.2593 chunk_loss:26042.9359 is_adam_step=True train_time:0ms step_avg:0.03ms
step:0/1555 val_step:16/320 val_loss:8.1816 chunk_loss:26042.3439 is_adam_step=False train_time:0ms step_avg:0.03ms
step:0/1555 val_step:17/320 val_loss:8.1256 chunk_loss:26721.3765 is_adam_step=True train_time:0ms step_avg:0.03ms
step:0/1555 val_step:18/320 val_loss:8.0643 chunk_loss:26146.9996 is_adam_step=False train_time:0ms step_avg:0.03ms
step:0/1555 val_step:19/320 val_loss:8.0064 chunk_loss:25906.4021 is_adam_step=True train_time:0ms step_avg:0.03ms
step:0/1555 val_step:20/320 val_loss:7.9547 chunk_loss:26044.5850 is_adam_step=False train_time:0ms step_avg:0.03ms
step:0/1555 val_step:21/320 val_loss:7.9159 chunk_loss:26613.1934 is_adam_step=True train_time:0ms step_avg:0.03ms
step:0/1555 val_step:22/320 val_loss:7.8745 chunk_loss:26228.6234 is_adam_step=False train_time:0ms step_avg:0.03ms
step:0/1555 val_step:23/320 val_loss:7.8389 chunk_loss:26381.4458 is_adam_step=True train_time:0ms step_avg:0.03ms
step:0/1555 val_step:24/320 val_loss:7.7901 chunk_loss:25148.4218 is_adam_step=False train_time:0ms step_avg:0.03ms
step:0/1555 val_step:25/320 val_loss:7.7567 chunk_loss:26070.9156 is_adam_step=True train_time:0ms step_avg:0.03ms
step:0/1555 val_step:26/320 val_loss:7.7423 chunk_loss:27508.2112 is_adam_step=False train_time:0ms step_avg:0.03ms
step:0/1555 val_step:27/320 val_loss:7.7113 chunk_loss:25936.0958 is_adam_step=True train_time:0ms step_avg:0.03ms
step:0/1555 val_step:28/320 val_loss:7.6758 chunk_loss:25291.5350 is_adam_step=False train_time:0ms step_avg:0.03ms
step:0/1555 val_step:29/320 val_loss:7.6438 chunk_loss:25478.4365 is_adam_step=True train_time:0ms step_avg:0.03ms
step:0/1555 val_step:30/320 val_loss:7.6130 chunk_loss:25390.2590 is_adam_step=False train_time:0ms step_avg:0.03ms
step:0/1555 val_step:31/320 val_loss:7.5807 chunk_loss:25066.0835 is_adam_step=True train_time:0ms step_avg:0.03ms
step:0/1555 val_step:32/320 val_loss:7.5508 chunk_loss:25075.9860 is_adam_step=False train_time:0ms step_avg:0.03ms
step:0/1555 val_step:33/320 val_loss:7.5281 chunk_loss:25719.8815 is_adam_step=True train_time:0ms step_avg:0.03ms
step:0/1555 val_step:34/320 val_loss:7.5040 chunk_loss:25400.1299 is_adam_step=False train_time:0ms step_avg:0.03ms
step:0/1555 val_step:35/320 val_loss:7.4758 chunk_loss:24892.6379 is_adam_step=True train_time:0ms step_avg:0.03ms
step:0/1555 val_step:36/320 val_loss:7.4634 chunk_loss:26546.3096 is_adam_step=False train_time:0ms step_avg:0.03ms
step:0/1555 val_step:37/320 val_loss:7.4402 chunk_loss:25164.1394 is_adam_step=True train_time:0ms step_avg:0.03ms
step:0/1555 val_step:38/320 val_loss:7.4182 chunk_loss:25128.4717 is_adam_step=False train_time:0ms step_avg:0.03ms
step:0/1555 val_step:39/320 val_loss:7.3997 chunk_loss:25506.9645 is_adam_step=True train_time:0ms step_avg:0.03ms
step:0/1555 val_step:40/320 val_loss:7.3884 chunk_loss:26298.3419 is_adam_step=False train_time:0ms step_avg:0.03ms
step:0/1555 val_step:41/320 val_loss:7.3665 chunk_loss:24628.2200 is_adam_step=True train_time:0ms step_avg:0.03ms
step:0/1555 val_step:42/320 val_loss:7.3505 chunk_loss:25461.0875 is_adam_step=False train_time:0ms step_avg:0.03ms
step:0/1555 val_step:43/320 val_loss:7.3304 chunk_loss:24858.1627 is_adam_step=True train_time:0ms step_avg:0.03ms
step:0/1555 val_step:44/320 val_loss:7.3119 chunk_loss:24805.2170 is_adam_step=False train_time:0ms step_avg:0.03ms
step:0/1555 val_step:45/320 val_loss:7.2934 chunk_loss:24734.1334 is_adam_step=True train_time:0ms step_avg:0.03ms
step:0/1555 val_step:46/320 val_loss:7.2762 chunk_loss:24925.5865 is_adam_step=False train_time:0ms step_avg:0.03ms
step:0/1555 val_step:47/320 val_loss:7.2610 chunk_loss:25085.9907 is_adam_step=True train_time:0ms step_avg:0.03ms
step:0/1555 val_step:48/320 val_loss:7.2448 chunk_loss:24853.6998 is_adam_step=False train_time:0ms step_avg:0.03ms
step:0/1555 val_step:49/320 val_loss:7.2282 chunk_loss:24728.1383 is_adam_step=True train_time:0ms step_avg:0.03ms
step:0/1555 val_step:50/320 val_loss:7.2126 chunk_loss:24739.6740 is_adam_step=False train_time:0ms step_avg:0.03ms
step:0/1555 val_step:51/320 val_loss:7.1995 chunk_loss:25065.0654 is_adam_step=True train_time:0ms step_avg:0.03ms
step:0/1555 val_step:52/320 val_loss:7.1840 chunk_loss:24616.6409 is_adam_step=False train_time:0ms step_avg:0.03ms
step:0/1555 val_step:53/320 val_loss:7.1668 chunk_loss:24215.8812 is_adam_step=True train_time:0ms step_avg:0.03ms
step:0/1555 val_step:54/320 val_loss:7.1534 chunk_loss:24751.3636 is_adam_step=False train_time:0ms step_avg:0.03ms
step:0/1555 val_step:55/320 val_loss:7.1282 chunk_loss:22507.9877 is_adam_step=True train_time:0ms step_avg:0.03ms
step:0/1555 val_step:56/320 val_loss:7.1130 chunk_loss:24182.1154 is_adam_step=False train_time:0ms step_avg:0.03ms
step:0/1555 val_step:57/320 val_loss:7.1026 chunk_loss:25072.7180 is_adam_step=True train_time:0ms step_avg:0.03ms
step:0/1555 val_step:58/320 val_loss:7.0884 chunk_loss:24251.4355 is_adam_step=False train_time:0ms step_avg:0.03ms
step:0/1555 val_step:59/320 val_loss:7.0752 chunk_loss:24351.8221 is_adam_step=True train_time:0ms step_avg:0.03ms
step:0/1555 val_step:60/320 val_loss:7.0611 chunk_loss:24078.2610 is_adam_step=False train_time:0ms step_avg:0.03ms
step:0/1555 val_step:61/320 val_loss:7.0480 chunk_loss:24182.0492 is_adam_step=True train_time:0ms step_avg:0.03ms
step:0/1555 val_step:62/320 val_loss:7.0364 chunk_loss:24456.8879 is_adam_step=False train_time:0ms step_avg:0.03ms
step:0/1555 val_step:63/320 val_loss:7.0232 chunk_loss:24075.9642 is_adam_step=True train_time:0ms step_avg:0.03ms
step:0/1555 val_step:64/320 val_loss:7.0107 chunk_loss:24110.9891 is_adam_step=False train_time:0ms step_avg:0.03ms
step:0/1555 val_step:65/320 val_loss:6.9994 chunk_loss:24279.6500 is_adam_step=True train_time:0ms step_avg:0.03ms
step:0/1555 val_step:66/320 val_loss:6.9891 chunk_loss:24404.0557 is_adam_step=False train_time:0ms step_avg:0.03ms
step:0/1555 val_step:67/320 val_loss:6.9769 chunk_loss:23944.7205 is_adam_step=True train_time:0ms step_avg:0.03ms
step:0/1555 val_step:68/320 val_loss:6.9643 chunk_loss:23744.1119 is_adam_step=False train_time:0ms step_avg:0.03ms
step:0/1555 val_step:69/320 val_loss:6.9520 chunk_loss:23798.3596 is_adam_step=True train_time:0ms step_avg:0.03ms
step:0/1555 val_step:70/320 val_loss:6.9415 chunk_loss:24124.3859 is_adam_step=False train_time:0ms step_avg:0.03ms
step:0/1555 val_step:71/320 val_loss:6.9285 chunk_loss:23559.1140 is_adam_step=True train_time:0ms step_avg:0.03ms
step:0/1555 val_step:72/320 val_loss:6.9188 chunk_loss:24162.9648 is_adam_step=False train_time:0ms step_avg:0.03ms
step:0/1555 val_step:73/320 val_loss:6.9092 chunk_loss:24182.3452 is_adam_step=True train_time:0ms step_avg:0.03ms
step:0/1555 val_step:74/320 val_loss:6.9006 chunk_loss:24410.6699 is_adam_step=False train_time:0ms step_avg:0.03ms
step:0/1555 val_step:75/320 val_loss:6.8914 chunk_loss:24185.0356 is_adam_step=True train_time:0ms step_avg:0.03ms
step:0/1555 val_step:76/320 val_loss:6.8800 chunk_loss:23553.9788 is_adam_step=False train_time:0ms step_avg:0.03ms
step:0/1555 val_step:77/320 val_loss:6.8715 chunk_loss:24238.1813 is_adam_step=True train_time:0ms step_avg:0.03ms
step:0/1555 val_step:78/320 val_loss:6.8610 chunk_loss:23683.5015 is_adam_step=False train_time:0ms step_avg:0.03ms
step:0/1555 val_step:79/320 val_loss:6.8521 chunk_loss:24079.9988 is_adam_step=True train_time:0ms step_avg:0.03ms
step:0/1555 val_step:80/320 val_loss:6.8422 chunk_loss:23724.0717 is_adam_step=False train_time:0ms step_avg:0.03ms
step:0/1555 val_step:81/320 val_loss:6.8318 chunk_loss:23491.7383 is_adam_step=True train_time:0ms step_avg:0.03ms
step:0/1555 val_step:82/320 val_loss:6.8224 chunk_loss:23779.8131 is_adam_step=False train_time:0ms step_avg:0.03ms
step:0/1555 val_step:83/320 val_loss:6.8123 chunk_loss:23510.6633 is_adam_step=True train_time:0ms step_avg:0.03ms
step:0/1555 val_step:84/320 val_loss:6.8036 chunk_loss:23859.2620 is_adam_step=False train_time:0ms step_avg:0.03ms
step:0/1555 val_step:85/320 val_loss:6.7947 chunk_loss:23746.4385 is_adam_step=True train_time:0ms step_avg:0.03ms
step:0/1555 val_step:86/320 val_loss:6.7870 chunk_loss:23956.6808 is_adam_step=False train_time:0ms step_avg:0.03ms
step:0/1555 val_step:87/320 val_loss:6.7773 chunk_loss:23387.0547 is_adam_step=True train_time:0ms step_avg:0.03ms
step:0/1555 val_step:88/320 val_loss:6.7695 chunk_loss:23856.1238 is_adam_step=False train_time:0ms step_avg:0.03ms
step:0/1555 val_step:89/320 val_loss:6.7599 chunk_loss:23246.3440 is_adam_step=True train_time:0ms step_avg:0.03ms
step:0/1555 val_step:90/320 val_loss:6.7495 chunk_loss:23000.4039 is_adam_step=False train_time:0ms step_avg:0.03ms
step:0/1555 val_step:91/320 val_loss:6.7372 chunk_loss:22292.5120 is_adam_step=True train_time:0ms step_avg:0.03ms
step:0/1555 val_step:92/320 val_loss:6.7293 chunk_loss:23593.4424 is_adam_step=False train_time:0ms step_avg:0.03ms
step:0/1555 val_step:93/320 val_loss:6.7203 chunk_loss:23193.3202 is_adam_step=True train_time:0ms step_avg:0.03ms
step:0/1555 val_step:94/320 val_loss:6.7114 chunk_loss:23182.4746 is_adam_step=False train_time:0ms step_avg:0.03ms
step:0/1555 val_step:95/320 val_loss:6.7032 chunk_loss:23347.6676 is_adam_step=True train_time:0ms step_avg:0.03ms
step:0/1555 val_step:96/320 val_loss:6.6943 chunk_loss:23102.4200 is_adam_step=False train_time:0ms step_avg:0.03ms
step:0/1555 val_step:97/320 val_loss:6.6872 chunk_loss:23605.9458 is_adam_step=True train_time:0ms step_avg:0.03ms
step:0/1555 val_step:98/320 val_loss:6.6818 chunk_loss:24165.4138 is_adam_step=False train_time:0ms step_avg:0.03ms
step:0/1555 val_step:99/320 val_loss:6.6749 chunk_loss:23558.9603 is_adam_step=True train_time:0ms step_avg:0.03ms
step:0/1555 val_step:100/320 val_loss:6.6668 chunk_loss:23190.2639 is_adam_step=False train_time:0ms step_avg:0.03ms
step:0/1555 val_step:101/320 val_loss:6.6575 chunk_loss:22692.7974 is_adam_step=True train_time:0ms step_avg:0.03ms
step:0/1555 val_step:102/320 val_loss:6.6481 chunk_loss:22613.6428 is_adam_step=False train_time:0ms step_avg:0.03ms
step:0/1555 val_step:103/320 val_loss:6.6406 chunk_loss:23248.6239 is_adam_step=True train_time:0ms step_avg:0.03ms
step:0/1555 val_step:104/320 val_loss:6.6333 chunk_loss:23351.0511 is_adam_step=False train_time:0ms step_avg:0.03ms
step:0/1555 val_step:105/320 val_loss:6.6253 chunk_loss:22968.8386 is_adam_step=True train_time:0ms step_avg:0.03ms
step:0/1555 val_step:106/320 val_loss:6.6168 chunk_loss:22746.0577 is_adam_step=False train_time:0ms step_avg:0.03ms
step:0/1555 val_step:107/320 val_loss:6.6081 chunk_loss:22620.8790 is_adam_step=True train_time:0ms step_avg:0.03ms
step:0/1555 val_step:108/320 val_loss:6.6003 chunk_loss:22932.7402 is_adam_step=False train_time:0ms step_avg:0.03ms
step:0/1555 val_step:109/320 val_loss:6.5933 chunk_loss:23056.7921 is_adam_step=True train_time:0ms step_avg:0.03ms
step:0/1555 val_step:110/320 val_loss:6.5853 chunk_loss:22802.7511 is_adam_step=False train_time:0ms step_avg:0.03ms
step:0/1555 val_step:111/320 val_loss:6.5789 chunk_loss:23277.5935 is_adam_step=True train_time:0ms step_avg:0.03ms
step:0/1555 val_step:112/320 val_loss:6.5711 chunk_loss:22613.6007 is_adam_step=False train_time:0ms step_avg:0.03ms
step:0/1555 val_step:113/320 val_loss:6.5629 chunk_loss:22513.2733 is_adam_step=True train_time:0ms step_avg:0.03ms
step:0/1555 val_step:114/320 val_loss:6.5540 chunk_loss:22339.2902 is_adam_step=False train_time:0ms step_avg:0.03ms
step:0/1555 val_step:115/320 val_loss:6.5456 chunk_loss:22319.8933 is_adam_step=True train_time:0ms step_avg:0.03ms
step:0/1555 val_step:116/320 val_loss:6.5384 chunk_loss:22752.8134 is_adam_step=False train_time:0ms step_avg:0.03ms
step:0/1555 val_step:117/320 val_loss:6.5321 chunk_loss:23107.4603 is_adam_step=True train_time:0ms step_avg:0.03ms
step:0/1555 val_step:118/320 val_loss:6.5261 chunk_loss:23235.5779 is_adam_step=False train_time:0ms step_avg:0.03ms
step:0/1555 val_step:119/320 val_loss:6.5188 chunk_loss:22651.7122 is_adam_step=True train_time:0ms step_avg:0.03ms
step:0/1555 val_step:120/320 val_loss:6.5129 chunk_loss:23107.5277 is_adam_step=False train_time:0ms step_avg:0.03ms
step:0/1555 val_step:121/320 val_loss:6.5062 chunk_loss:22832.6525 is_adam_step=True train_time:0ms step_avg:0.03ms
step:0/1555 val_step:122/320 val_loss:6.5000 chunk_loss:22942.0475 is_adam_step=False train_time:0ms step_avg:0.03ms
step:0/1555 val_step:123/320 val_loss:6.4948 chunk_loss:23317.2991 is_adam_step=True train_time:0ms step_avg:0.03ms
step:0/1555 val_step:124/320 val_loss:6.4890 chunk_loss:23079.1508 is_adam_step=False train_time:0ms step_avg:0.03ms
step:0/1555 val_step:125/320 val_loss:6.4829 chunk_loss:22890.9956 is_adam_step=True train_time:0ms step_avg:0.03ms
step:0/1555 val_step:126/320 val_loss:6.4759 chunk_loss:22481.6611 is_adam_step=False train_time:0ms step_avg:0.03ms
step:0/1555 val_step:127/320 val_loss:6.4705 chunk_loss:23178.0121 is_adam_step=True train_time:0ms step_avg:0.03ms
step:0/1555 val_step:128/320 val_loss:6.4648 chunk_loss:22972.8687 is_adam_step=False train_time:0ms step_avg:0.03ms
step:0/1555 val_step:129/320 val_loss:6.4576 chunk_loss:22343.6418 is_adam_step=True train_time:0ms step_avg:0.03ms
step:0/1555 val_step:130/320 val_loss:6.4511 chunk_loss:22522.6401 is_adam_step=False train_time:0ms step_avg:0.03ms
step:0/1555 val_step:131/320 val_loss:6.4443 chunk_loss:22289.9862 is_adam_step=True train_time:0ms step_avg:0.03ms
step:0/1555 val_step:132/320 val_loss:6.4402 chunk_loss:23407.3567 is_adam_step=False train_time:0ms step_avg:0.03ms
step:0/1555 val_step:133/320 val_loss:6.4354 chunk_loss:23144.3951 is_adam_step=True train_time:0ms step_avg:0.03ms
step:0/1555 val_step:134/320 val_loss:6.4309 chunk_loss:22855.0415 is_adam_step=False train_time:0ms step_avg:0.03ms
step:0/1555 val_step:135/320 val_loss:6.4252 chunk_loss:22784.3296 is_adam_step=True train_time:0ms step_avg:0.03ms
step:0/1555 val_step:136/320 val_loss:6.4192 chunk_loss:22461.4425 is_adam_step=False train_time:0ms step_avg:0.03ms
step:0/1555 val_step:137/320 val_loss:6.4145 chunk_loss:23112.6855 is_adam_step=True train_time:0ms step_avg:0.03ms
step:0/1555 val_step:138/320 val_loss:6.4110 chunk_loss:23648.4447 is_adam_step=False train_time:0ms step_avg:0.03ms
step:0/1555 val_step:139/320 val_loss:6.4062 chunk_loss:23053.0586 is_adam_step=True train_time:0ms step_avg:0.03ms
step:0/1555 val_step:140/320 val_loss:6.4007 chunk_loss:22592.1970 is_adam_step=False train_time:0ms step_avg:0.03ms
step:0/1555 val_step:141/320 val_loss:6.3944 chunk_loss:22241.3538 is_adam_step=True train_time:0ms step_avg:0.03ms
step:0/1555 val_step:142/320 val_loss:6.3886 chunk_loss:22335.7069 is_adam_step=False train_time:0ms step_avg:0.03ms
step:0/1555 val_step:143/320 val_loss:6.3841 chunk_loss:22972.1300 is_adam_step=True train_time:0ms step_avg:0.03ms
step:0/1555 val_step:144/320 val_loss:6.3798 chunk_loss:23044.1256 is_adam_step=False train_time:0ms step_avg:0.03ms
step:0/1555 val_step:145/320 val_loss:6.3742 chunk_loss:22439.9402 is_adam_step=True train_time:0ms step_avg:0.03ms
step:0/1555 val_step:146/320 val_loss:6.3683 chunk_loss:22192.6835 is_adam_step=False train_time:0ms step_avg:0.03ms
step:0/1555 val_step:147/320 val_loss:6.3630 chunk_loss:22468.9861 is_adam_step=True train_time:0ms step_avg:0.03ms
step:0/1555 val_step:148/320 val_loss:6.3578 chunk_loss:22478.8210 is_adam_step=False train_time:0ms step_avg:0.03ms
step:0/1555 val_step:149/320 val_loss:6.3512 chunk_loss:21866.3861 is_adam_step=True train_time:0ms step_avg:0.03ms
step:0/1555 val_step:150/320 val_loss:6.3453 chunk_loss:22059.9276 is_adam_step=False train_time:0ms step_avg:0.03ms
step:0/1555 val_step:151/320 val_loss:6.3401 chunk_loss:22430.3566 is_adam_step=True train_time:0ms step_avg:0.03ms
step:0/1555 val_step:152/320 val_loss:6.3336 chunk_loss:21664.7162 is_adam_step=False train_time:0ms step_avg:0.03ms
step:0/1555 val_step:153/320 val_loss:6.3278 chunk_loss:22056.0958 is_adam_step=True train_time:0ms step_avg:0.03ms
step:0/1555 val_step:154/320 val_loss:6.3215 chunk_loss:21727.3525 is_adam_step=False train_time:0ms step_avg:0.03ms
step:0/1555 val_step:155/320 val_loss:6.3168 chunk_loss:22468.9662 is_adam_step=True train_time:0ms step_avg:0.03ms
step:0/1555 val_step:156/320 val_loss:6.3114 chunk_loss:22137.3298 is_adam_step=False train_time:0ms step_avg:0.03ms
step:0/1555 val_step:157/320 val_loss:6.3067 chunk_loss:22464.6561 is_adam_step=True train_time:0ms step_avg:0.03ms
step:0/1555 val_step:158/320 val_loss:6.3016 chunk_loss:22177.8721 is_adam_step=False train_time:0ms step_avg:0.03ms
step:0/1555 val_step:159/320 val_loss:6.2964 chunk_loss:22141.3970 is_adam_step=True train_time:0ms step_avg:0.03ms
step:0/1555 val_step:160/320 val_loss:6.2922 chunk_loss:22671.9385 is_adam_step=False train_time:0ms step_avg:0.03ms
step:0/1555 val_step:161/320 val_loss:6.2870 chunk_loss:22077.4509 is_adam_step=True train_time:0ms step_avg:0.03ms
step:0/1555 val_step:162/320 val_loss:6.2825 chunk_loss:22414.1652 is_adam_step=False train_time:0ms step_avg:0.03ms
step:0/1555 val_step:163/320 val_loss:6.2772 chunk_loss:22019.3580 is_adam_step=True train_time:0ms step_avg:0.03ms
step:0/1555 val_step:164/320 val_loss:6.2719 chunk_loss:21875.5604 is_adam_step=False train_time:0ms step_avg:0.03ms
step:0/1555 val_step:165/320 val_loss:6.2680 chunk_loss:22666.2634 is_adam_step=True train_time:0ms step_avg:0.03ms
step:0/1555 val_step:166/320 val_loss:6.2631 chunk_loss:21909.0227 is_adam_step=False train_time:0ms step_avg:0.03ms
step:0/1555 val_step:167/320 val_loss:6.2594 chunk_loss:22730.9551 is_adam_step=True train_time:0ms step_avg:0.03ms
step:0/1555 val_step:168/320 val_loss:6.2554 chunk_loss:22546.2505 is_adam_step=False train_time:0ms step_avg:0.03ms
step:0/1555 val_step:169/320 val_loss:6.2514 chunk_loss:22681.6339 is_adam_step=True train_time:0ms step_avg:0.03ms
step:0/1555 val_step:170/320 val_loss:6.2465 chunk_loss:21913.7834 is_adam_step=False train_time:0ms step_avg:0.03ms
step:0/1555 val_step:171/320 val_loss:6.2412 chunk_loss:21703.9850 is_adam_step=True train_time:0ms step_avg:0.03ms
step:0/1555 val_step:172/320 val_loss:6.2368 chunk_loss:22243.9611 is_adam_step=False train_time:0ms step_avg:0.03ms
step:0/1555 val_step:173/320 val_loss:6.2311 chunk_loss:21453.1498 is_adam_step=True train_time:0ms step_avg:0.03ms
step:0/1555 val_step:174/320 val_loss:6.2283 chunk_loss:23045.6570 is_adam_step=False train_time:0ms step_avg:0.03ms
step:0/1555 val_step:175/320 val_loss:6.2232 chunk_loss:21664.1035 is_adam_step=True train_time:0ms step_avg:0.03ms
step:0/1555 val_step:176/320 val_loss:6.2196 chunk_loss:22619.7069 is_adam_step=False train_time:0ms step_avg:0.03ms
step:0/1555 val_step:177/320 val_loss:6.2131 chunk_loss:20808.8329 is_adam_step=True train_time:0ms step_avg:0.03ms
step:0/1555 val_step:178/320 val_loss:6.2087 chunk_loss:22037.4666 is_adam_step=False train_time:0ms step_avg:0.03ms
step:0/1555 val_step:179/320 val_loss:6.2042 chunk_loss:21916.6647 is_adam_step=True train_time:0ms step_avg:0.03ms
step:0/1555 val_step:180/320 val_loss:6.1986 chunk_loss:21172.0176 is_adam_step=False train_time:0ms step_avg:0.03ms
step:0/1555 val_step:181/320 val_loss:6.1943 chunk_loss:21994.3346 is_adam_step=True train_time:0ms step_avg:0.03ms
step:0/1555 val_step:182/320 val_loss:6.1885 chunk_loss:21074.6438 is_adam_step=False train_time:0ms step_avg:0.03ms
step:0/1555 val_step:183/320 val_loss:6.1851 chunk_loss:22513.5240 is_adam_step=True train_time:0ms step_avg:0.03ms
step:0/1555 val_step:184/320 val_loss:6.1808 chunk_loss:21912.8625 is_adam_step=False train_time:0ms step_avg:0.03ms
step:0/1555 val_step:185/320 val_loss:6.1761 chunk_loss:21736.3391 is_adam_step=True train_time:0ms step_avg:0.03ms
step:0/1555 val_step:186/320 val_loss:6.1716 chunk_loss:21839.9104 is_adam_step=False train_time:0ms step_avg:0.03ms
step:0/1555 val_step:187/320 val_loss:6.1673 chunk_loss:21886.8862 is_adam_step=True train_time:0ms step_avg:0.03ms
step:0/1555 val_step:188/320 val_loss:6.1639 chunk_loss:22272.7605 is_adam_step=False train_time:0ms step_avg:0.03ms
step:0/1555 val_step:189/320 val_loss:6.1589 chunk_loss:21402.7104 is_adam_step=True train_time:0ms step_avg:0.03ms
step:0/1555 val_step:190/320 val_loss:6.1542 chunk_loss:21479.8319 is_adam_step=False train_time:0ms step_avg:0.03ms
step:0/1555 val_step:191/320 val_loss:6.1497 chunk_loss:21622.0482 is_adam_step=True train_time:0ms step_avg:0.03ms
step:0/1555 val_step:192/320 val_loss:6.1453 chunk_loss:21635.9139 is_adam_step=False train_time:0ms step_avg:0.03ms
step:0/1555 val_step:193/320 val_loss:6.1409 chunk_loss:21554.0928 is_adam_step=True train_time:0ms step_avg:0.03ms
step:0/1555 val_step:194/320 val_loss:6.1380 chunk_loss:22584.1365 is_adam_step=False train_time:0ms step_avg:0.03ms
step:0/1555 val_step:195/320 val_loss:6.1338 chunk_loss:21841.1215 is_adam_step=True train_time:0ms step_avg:0.03ms
step:0/1555 val_step:196/320 val_loss:6.1303 chunk_loss:22197.3544 is_adam_step=False train_time:0ms step_avg:0.03ms
step:0/1555 val_step:197/320 val_loss:6.1270 chunk_loss:22248.1371 is_adam_step=True train_time:0ms step_avg:0.03ms
step:0/1555 val_step:198/320 val_loss:6.1237 chunk_loss:22254.7235 is_adam_step=False train_time:0ms step_avg:0.03ms
step:0/1555 val_step:199/320 val_loss:6.1196 chunk_loss:21707.4305 is_adam_step=True train_time:0ms step_avg:0.03ms
step:0/1555 val_step:200/320 val_loss:6.1157 chunk_loss:21814.8776 is_adam_step=False train_time:0ms step_avg:0.03ms
step:0/1555 val_step:201/320 val_loss:6.1113 chunk_loss:21563.3546 is_adam_step=True train_time:0ms step_avg:0.03ms
step:0/1555 val_step:202/320 val_loss:6.1091 chunk_loss:22758.9899 is_adam_step=False train_time:0ms step_avg:0.03ms
step:0/1555 val_step:203/320 val_loss:6.1049 chunk_loss:21487.3256 is_adam_step=True train_time:0ms step_avg:0.03ms
step:0/1555 val_step:204/320 val_loss:6.1007 chunk_loss:21416.1288 is_adam_step=False train_time:0ms step_avg:0.03ms
step:0/1555 val_step:205/320 val_loss:6.0977 chunk_loss:22204.9440 is_adam_step=True train_time:0ms step_avg:0.03ms
step:0/1555 val_step:206/320 val_loss:6.0944 chunk_loss:22110.6672 is_adam_step=False train_time:0ms step_avg:0.03ms
step:0/1555 val_step:207/320 val_loss:6.0904 chunk_loss:21564.8396 is_adam_step=True train_time:0ms step_avg:0.03ms
step:0/1555 val_step:208/320 val_loss:6.0861 chunk_loss:21377.5804 is_adam_step=False train_time:0ms step_avg:0.03ms
step:0/1555 val_step:209/320 val_loss:6.0825 chunk_loss:21716.6238 is_adam_step=True train_time:0ms step_avg:0.03ms
step:0/1555 val_step:210/320 val_loss:6.0776 chunk_loss:20795.4895 is_adam_step=False train_time:0ms step_avg:0.03ms
step:0/1555 val_step:211/320 val_loss:6.0739 chunk_loss:21581.0598 is_adam_step=True train_time:0ms step_avg:0.03ms
step:0/1555 val_step:212/320 val_loss:6.0714 chunk_loss:22440.8549 is_adam_step=False train_time:0ms step_avg:0.03ms
step:0/1555 val_step:213/320 val_loss:6.0678 chunk_loss:21670.3857 is_adam_step=True train_time:0ms step_avg:0.03ms
step:0/1555 val_step:214/320 val_loss:6.0649 chunk_loss:22070.4108 is_adam_step=False train_time:0ms step_avg:0.03ms
step:0/1555 val_step:215/320 val_loss:6.0605 chunk_loss:21078.8877 is_adam_step=True train_time:0ms step_avg:0.03ms
step:0/1555 val_step:216/320 val_loss:6.0565 chunk_loss:21160.1826 is_adam_step=False train_time:0ms step_avg:0.03ms
step:0/1555 val_step:217/320 val_loss:6.0539 chunk_loss:22285.8564 is_adam_step=True train_time:0ms step_avg:0.03ms
step:0/1555 val_step:218/320 val_loss:6.0507 chunk_loss:21959.9812 is_adam_step=False train_time:0ms step_avg:0.03ms
step:0/1555 val_step:219/320 val_loss:6.0470 chunk_loss:21371.2747 is_adam_step=True train_time:0ms step_avg:0.03ms
step:0/1555 val_step:220/320 val_loss:6.0440 chunk_loss:21927.2373 is_adam_step=False train_time:0ms step_avg:0.03ms
step:0/1555 val_step:221/320 val_loss:6.0404 chunk_loss:21536.5549 is_adam_step=True train_time:0ms step_avg:0.03ms
step:0/1555 val_step:222/320 val_loss:6.0369 chunk_loss:21556.4976 is_adam_step=False train_time:0ms step_avg:0.03ms
step:0/1555 val_step:223/320 val_loss:6.0334 chunk_loss:21508.6140 is_adam_step=True train_time:0ms step_avg:0.03ms
step:0/1555 val_step:224/320 val_loss:6.0297 chunk_loss:21494.1488 is_adam_step=False train_time:0ms step_avg:0.03ms
step:0/1555 val_step:225/320 val_loss:6.0265 chunk_loss:21869.9613 is_adam_step=True train_time:0ms step_avg:0.03ms
step:0/1555 val_step:226/320 val_loss:6.0226 chunk_loss:21129.3969 is_adam_step=False train_time:0ms step_avg:0.03ms
step:0/1555 val_step:227/320 val_loss:6.0193 chunk_loss:21555.6969 is_adam_step=True train_time:0ms step_avg:0.03ms
step:0/1555 val_step:228/320 val_loss:6.0164 chunk_loss:21875.7018 is_adam_step=False train_time:0ms step_avg:0.03ms
step:0/1555 val_step:229/320 val_loss:6.0138 chunk_loss:22075.7804 is_adam_step=True train_time:0ms step_avg:0.03ms
step:0/1555 val_step:230/320 val_loss:6.0102 chunk_loss:21113.9419 is_adam_step=False train_time:0ms step_avg:0.03ms
step:0/1555 val_step:231/320 val_loss:6.0073 chunk_loss:21791.6554 is_adam_step=True train_time:0ms step_avg:0.03ms
step:0/1555 val_step:232/320 val_loss:6.0047 chunk_loss:22038.9335 is_adam_step=False train_time:0ms step_avg:0.03ms
step:0/1555 val_step:233/320 val_loss:6.0010 chunk_loss:21173.7020 is_adam_step=True train_time:0ms step_avg:0.03ms
step:0/1555 val_step:234/320 val_loss:5.9983 chunk_loss:21935.5320 is_adam_step=False train_time:0ms step_avg:0.03ms
step:0/1555 val_step:235/320 val_loss:5.9957 chunk_loss:22084.8918 is_adam_step=True train_time:0ms step_avg:0.03ms
step:0/1555 val_step:236/320 val_loss:5.9929 chunk_loss:21899.0930 is_adam_step=False train_time:0ms step_avg:0.03ms
step:0/1555 val_step:237/320 val_loss:5.9900 chunk_loss:21706.7925 is_adam_step=True train_time:0ms step_avg:0.03ms
step:0/1555 val_step:238/320 val_loss:5.9870 chunk_loss:21514.0769 is_adam_step=False train_time:0ms step_avg:0.03ms
step:0/1555 val_step:239/320 val_loss:5.9835 chunk_loss:21278.3684 is_adam_step=True train_time:0ms step_avg:0.03ms
step:0/1555 val_step:240/320 val_loss:5.9805 chunk_loss:21631.8303 is_adam_step=False train_time:0ms step_avg:0.03ms
step:0/1555 val_step:241/320 val_loss:5.9777 chunk_loss:21713.0044 is_adam_step=True train_time:0ms step_avg:0.03ms
step:0/1555 val_step:242/320 val_loss:5.9754 chunk_loss:22037.0723 is_adam_step=False train_time:0ms step_avg:0.03ms
step:0/1555 val_step:243/320 val_loss:5.9720 chunk_loss:21142.7469 is_adam_step=True train_time:0ms step_avg:0.03ms
step:0/1555 val_step:244/320 val_loss:5.9694 chunk_loss:21768.3889 is_adam_step=False train_time:0ms step_avg:0.03ms
step:0/1555 val_step:245/320 val_loss:5.9666 chunk_loss:21661.9135 is_adam_step=True train_time:0ms step_avg:0.03ms
step:0/1555 val_step:246/320 val_loss:5.9639 chunk_loss:21687.6421 is_adam_step=False train_time:0ms step_avg:0.03ms
step:0/1555 val_step:247/320 val_loss:5.9606 chunk_loss:21115.9907 is_adam_step=True train_time:0ms step_avg:0.03ms
step:0/1555 val_step:248/320 val_loss:5.9575 chunk_loss:21385.4962 is_adam_step=False train_time:0ms step_avg:0.03ms
step:0/1555 val_step:249/320 val_loss:5.9551 chunk_loss:21809.4993 is_adam_step=True train_time:0ms step_avg:0.03ms
step:0/1555 val_step:250/320 val_loss:5.9521 chunk_loss:21359.3857 is_adam_step=False train_time:0ms step_avg:0.03ms
step:0/1555 val_step:251/320 val_loss:5.9491 chunk_loss:21421.4772 is_adam_step=True train_time:0ms step_avg:0.03ms
step:0/1555 val_step:252/320 val_loss:5.9468 chunk_loss:21940.3895 is_adam_step=False train_time:0ms step_avg:0.03ms
step:0/1555 val_step:253/320 val_loss:5.9434 chunk_loss:20972.4087 is_adam_step=True train_time:0ms step_avg:0.03ms
step:0/1555 val_step:254/320 val_loss:5.9405 chunk_loss:21208.7037 is_adam_step=False train_time:0ms step_avg:0.03ms
step:0/1555 val_step:255/320 val_loss:5.9378 chunk_loss:21521.7941 is_adam_step=True train_time:0ms step_avg:0.03ms
step:0/1555 val_step:256/320 val_loss:5.9349 chunk_loss:21369.4967 is_adam_step=False train_time:0ms step_avg:0.03ms
step:0/1555 val_step:257/320 val_loss:5.9326 chunk_loss:21747.6421 is_adam_step=True train_time:0ms step_avg:0.03ms
step:0/1555 val_step:258/320 val_loss:5.9292 chunk_loss:20874.6620 is_adam_step=False train_time:0ms step_avg:0.03ms
step:0/1555 val_step:259/320 val_loss:5.9259 chunk_loss:20835.5984 is_adam_step=True train_time:0ms step_avg:0.03ms
step:0/1555 val_step:260/320 val_loss:5.9231 chunk_loss:21584.7214 is_adam_step=False train_time:0ms step_avg:0.03ms
step:0/1555 val_step:261/320 val_loss:5.9206 chunk_loss:21544.0703 is_adam_step=True train_time:0ms step_avg:0.03ms
step:0/1555 val_step:262/320 val_loss:5.9179 chunk_loss:21329.3872 is_adam_step=False train_time:0ms step_avg:0.03ms
step:0/1555 val_step:263/320 val_loss:5.9149 chunk_loss:21130.3826 is_adam_step=True train_time:0ms step_avg:0.03ms
step:0/1555 val_step:264/320 val_loss:5.9119 chunk_loss:21018.3833 is_adam_step=False train_time:0ms step_avg:0.03ms
step:0/1555 val_step:265/320 val_loss:5.9089 chunk_loss:21128.9427 is_adam_step=True train_time:0ms step_avg:0.03ms
step:0/1555 val_step:266/320 val_loss:5.9065 chunk_loss:21732.0238 is_adam_step=False train_time:0ms step_avg:0.03ms
step:0/1555 val_step:267/320 val_loss:5.9033 chunk_loss:20752.9355 is_adam_step=True train_time:0ms step_avg:0.03ms
step:0/1555 val_step:268/320 val_loss:5.9003 chunk_loss:21049.2539 is_adam_step=False train_time:0ms step_avg:0.03ms
step:0/1555 val_step:269/320 val_loss:5.8974 chunk_loss:21112.2522 is_adam_step=True train_time:0ms step_avg:0.03ms
step:0/1555 val_step:270/320 val_loss:5.8941 chunk_loss:20791.8365 is_adam_step=False train_time:0ms step_avg:0.03ms
step:0/1555 val_step:271/320 val_loss:5.8909 chunk_loss:20806.0754 is_adam_step=True train_time:0ms step_avg:0.03ms
step:0/1555 val_step:272/320 val_loss:5.8878 chunk_loss:20995.8921 is_adam_step=False train_time:0ms step_avg:0.03ms
step:0/1555 val_step:273/320 val_loss:5.8852 chunk_loss:21279.5239 is_adam_step=True train_time:0ms step_avg:0.03ms
step:0/1555 val_step:274/320 val_loss:5.8824 chunk_loss:20990.7456 is_adam_step=False train_time:0ms step_avg:0.03ms
step:0/1555 val_step:275/320 val_loss:5.8805 chunk_loss:21990.0854 is_adam_step=True train_time:0ms step_avg:0.03ms
step:0/1555 val_step:276/320 val_loss:5.8777 chunk_loss:21096.0062 is_adam_step=False train_time:0ms step_avg:0.03ms
step:0/1555 val_step:277/320 val_loss:5.8748 chunk_loss:21052.1914 is_adam_step=True train_time:0ms step_avg:0.03ms
step:0/1555 val_step:278/320 val_loss:5.8722 chunk_loss:21280.1180 is_adam_step=False train_time:0ms step_avg:0.03ms
step:0/1555 val_step:279/320 val_loss:5.8704 chunk_loss:21895.0828 is_adam_step=True train_time:0ms step_avg:0.03ms
step:0/1555 val_step:280/320 val_loss:5.8681 chunk_loss:21474.7043 is_adam_step=False train_time:0ms step_avg:0.03ms
step:0/1555 val_step:281/320 val_loss:5.8653 chunk_loss:21029.8595 is_adam_step=True train_time:0ms step_avg:0.03ms
step:0/1555 val_step:282/320 val_loss:5.8628 chunk_loss:21372.6484 is_adam_step=False train_time:0ms step_avg:0.03ms
step:0/1555 val_step:283/320 val_loss:5.8601 chunk_loss:20994.4275 is_adam_step=True train_time:0ms step_avg:0.03ms
step:0/1555 val_step:284/320 val_loss:5.8581 chunk_loss:21566.1595 is_adam_step=False train_time:0ms step_avg:0.03ms
step:0/1555 val_step:285/320 val_loss:5.8551 chunk_loss:20750.0863 is_adam_step=True train_time:0ms step_avg:0.03ms
step:0/1555 val_step:286/320 val_loss:5.8525 chunk_loss:21109.4611 is_adam_step=False train_time:0ms step_avg:0.03ms
step:0/1555 val_step:287/320 val_loss:5.8500 chunk_loss:21139.9956 is_adam_step=True train_time:0ms step_avg:0.03ms
step:0/1555 val_step:288/320 val_loss:5.8476 chunk_loss:21262.8623 is_adam_step=False train_time:0ms step_avg:0.03ms
step:0/1555 val_step:289/320 val_loss:5.8456 chunk_loss:21589.0402 is_adam_step=True train_time:0ms step_avg:0.03ms
step:0/1555 val_step:290/320 val_loss:5.8435 chunk_loss:21483.0016 is_adam_step=False train_time:0ms step_avg:0.03ms
step:0/1555 val_step:291/320 val_loss:5.8408 chunk_loss:20782.0850 is_adam_step=True train_time:0ms step_avg:0.03ms
step:0/1555 val_step:292/320 val_loss:5.8383 chunk_loss:21009.5006 is_adam_step=False train_time:0ms step_avg:0.03ms
step:0/1555 val_step:293/320 val_loss:5.8355 chunk_loss:20842.6519 is_adam_step=True train_time:0ms step_avg:0.03ms
step:0/1555 val_step:294/320 val_loss:5.8332 chunk_loss:21276.1821 is_adam_step=False train_time:0ms step_avg:0.03ms
step:0/1555 val_step:295/320 val_loss:5.8309 chunk_loss:21125.9335 is_adam_step=True train_time:0ms step_avg:0.03ms
step:0/1555 val_step:296/320 val_loss:5.8283 chunk_loss:20920.0743 is_adam_step=False train_time:0ms step_avg:0.03ms
step:0/1555 val_step:297/320 val_loss:5.8257 chunk_loss:20970.2908 is_adam_step=True train_time:0ms step_avg:0.03ms
step:0/1555 val_step:298/320 val_loss:5.8230 chunk_loss:20880.4391 is_adam_step=False train_time:0ms step_avg:0.03ms
step:0/1555 val_step:299/320 val_loss:5.8205 chunk_loss:20960.4852 is_adam_step=True train_time:0ms step_avg:0.03ms
step:0/1555 val_step:300/320 val_loss:5.8176 chunk_loss:20622.8861 is_adam_step=False train_time:0ms step_avg:0.03ms
step:0/1555 val_step:301/320 val_loss:5.8149 chunk_loss:20749.8091 is_adam_step=True train_time:0ms step_avg:0.03ms
step:0/1555 val_step:302/320 val_loss:5.8127 chunk_loss:21366.3459 is_adam_step=False train_time:0ms step_avg:0.03ms
step:0/1555 val_step:303/320 val_loss:5.8106 chunk_loss:21229.8398 is_adam_step=True train_time:0ms step_avg:0.03ms
step:0/1555 val_step:304/320 val_loss:5.8075 chunk_loss:20340.4419 is_adam_step=False train_time:0ms step_avg:0.03ms
step:0/1555 val_step:305/320 val_loss:5.8048 chunk_loss:20776.5769 is_adam_step=True train_time:0ms step_avg:0.03ms
step:0/1555 val_step:306/320 val_loss:5.8025 chunk_loss:21008.1160 is_adam_step=False train_time:0ms step_avg:0.03ms
step:0/1555 val_step:307/320 val_loss:5.8001 chunk_loss:20976.8759 is_adam_step=True train_time:0ms step_avg:0.03ms
step:0/1555 val_step:308/320 val_loss:5.7980 chunk_loss:21262.2460 is_adam_step=False train_time:0ms step_avg:0.03ms
step:0/1555 val_step:309/320 val_loss:5.7960 chunk_loss:21378.2793 is_adam_step=True train_time:0ms step_avg:0.03ms
step:0/1555 val_step:310/320 val_loss:5.7934 chunk_loss:20740.9185 is_adam_step=False train_time:0ms step_avg:0.03ms
step:0/1555 val_step:311/320 val_loss:5.7914 chunk_loss:21214.1473 is_adam_step=True train_time:0ms step_avg:0.03ms
step:0/1555 val_step:312/320 val_loss:5.7893 chunk_loss:21158.3737 is_adam_step=False train_time:0ms step_avg:0.03ms
step:0/1555 val_step:313/320 val_loss:5.7872 chunk_loss:21178.7070 is_adam_step=True train_time:0ms step_avg:0.03ms
step:0/1555 val_step:314/320 val_loss:5.7854 chunk_loss:21461.7271 is_adam_step=False train_time:0ms step_avg:0.03ms
step:0/1555 val_step:315/320 val_loss:5.7832 chunk_loss:21065.6614 is_adam_step=True train_time:0ms step_avg:0.03ms
step:0/1555 val_step:316/320 val_loss:5.7808 chunk_loss:20606.1018 is_adam_step=False train_time:0ms step_avg:0.03ms
step:0/1555 val_step:317/320 val_loss:5.7786 chunk_loss:20984.8893 is_adam_step=True train_time:0ms step_avg:0.03ms
step:0/1555 val_step:318/320 val_loss:5.7764 chunk_loss:20965.3051 is_adam_step=False train_time:0ms step_avg:0.03ms
step:0/1555 val_step:319/320 val_loss:5.7741 chunk_loss:20916.6373 is_adam_step=True train_time:0ms step_avg:0.03ms
step:0/1555 val_loss:5.7741 train_time:0ms step_avg:0.03ms
step:1/1555 loss.item()=310234.4375 train_time:622ms step_avg:622.05ms
step:2/1555 loss.item()=308369.9375 train_time:1035ms step_avg:517.37ms
step:3/1555 loss.item()=258360.34375 train_time:1465ms step_avg:488.30ms
step:4/1555 loss.item()=251553.25 train_time:1881ms step_avg:470.30ms
step:5/1555 loss.item()=243204.375 train_time:2302ms step_avg:460.36ms
step:6/1555 loss.item()=240120.375 train_time:2724ms step_avg:453.96ms
step:7/1555 loss.item()=233251.78125 train_time:3146ms step_avg:449.48ms
step:8/1555 loss.item()=220791.75 train_time:3570ms step_avg:446.23ms
step:9/1555 loss.item()=222047.6875 train_time:3994ms step_avg:443.78ms
step:10/1555 loss.item()=210152.765625 train_time:4418ms step_avg:441.76ms
step:11/1555 loss.item()=214936.96875 train_time:4844ms step_avg:440.33ms
step:12/1555 loss.item()=211883.890625 train_time:5266ms step_avg:438.85ms
step:13/1555 loss.item()=212048.875 train_time:5694ms step_avg:438.02ms
step:14/1555 loss.item()=207065.9375 train_time:6116ms step_avg:436.82ms
step:15/1555 loss.item()=206551.4375 train_time:6544ms step_avg:436.29ms
step:16/1555 loss.item()=200723.15625 train_time:6967ms step_avg:435.44ms
step:17/1555 loss.item()=197866.484375 train_time:7394ms step_avg:434.97ms
step:18/1555 loss.item()=207810.125 train_time:7818ms step_avg:434.33ms
step:19/1555 loss.item()=207437.125 train_time:8244ms step_avg:433.89ms
step:20/1555 loss.item()=207895.875 train_time:8668ms step_avg:433.42ms
step:21/1555 loss.item()=201782.703125 train_time:9095ms step_avg:433.11ms
step:22/1555 loss.item()=200010.25 train_time:9518ms step_avg:432.65ms
step:23/1555 loss.item()=195619.984375 train_time:9946ms step_avg:432.43ms
step:24/1555 loss.item()=196928.84375 train_time:10370ms step_avg:432.08ms
step:25/1555 loss.item()=202678.40625 train_time:10797ms step_avg:431.89ms
step:26/1555 loss.item()=197566.796875 train_time:11219ms step_avg:431.48ms
step:27/1555 loss.item()=195743.15625 train_time:11646ms step_avg:431.32ms
step:28/1555 loss.item()=195064.9375 train_time:12068ms step_avg:430.99ms
step:29/1555 loss.item()=202138.46875 train_time:12495ms step_avg:430.85ms
step:30/1555 loss.item()=193830.203125 train_time:12917ms step_avg:430.58ms
step:31/1555 loss.item()=188994.59375 train_time:13344ms step_avg:430.45ms
step:32/1555 loss.item()=189042.28125 train_time:13767ms step_avg:430.21ms
step:33/1555 loss.item()=194505.90625 train_time:14194ms step_avg:430.11ms
step:34/1555 loss.item()=189108.03125 train_time:14616ms step_avg:429.89ms
step:35/1555 loss.item()=192720.15625 train_time:15043ms step_avg:429.80ms
step:36/1555 loss.item()=191464.453125 train_time:15465ms step_avg:429.58ms
step:37/1555 loss.item()=189193.0 train_time:15890ms step_avg:429.47ms
step:38/1555 loss.item()=184379.6875 train_time:16311ms step_avg:429.25ms
step:39/1555 loss.item()=189758.6875 train_time:16739ms step_avg:429.21ms
step:40/1555 loss.item()=185878.59375 train_time:17161ms step_avg:429.03ms
step:41/1555 loss.item()=186898.875 train_time:17588ms step_avg:428.97ms
step:42/1555 loss.item()=187918.5625 train_time:18008ms step_avg:428.76ms
step:43/1555 loss.item()=188067.640625 train_time:18434ms step_avg:428.70ms
step:44/1555 loss.item()=183834.78125 train_time:18855ms step_avg:428.51ms
step:45/1555 loss.item()=178839.59375 train_time:19281ms step_avg:428.47ms
step:46/1555 loss.item()=182742.109375 train_time:19702ms step_avg:428.31ms
step:47/1555 loss.item()=181799.46875 train_time:20126ms step_avg:428.22ms
step:48/1555 loss.item()=177398.03125 train_time:20550ms step_avg:428.12ms
step:49/1555 loss.item()=190082.53125 train_time:20975ms step_avg:428.05ms
step:50/1555 loss.item()=178991.109375 train_time:21398ms step_avg:427.96ms
step:51/1555 loss.item()=176776.375 train_time:21824ms step_avg:427.92ms
step:52/1555 loss.item()=177237.9375 train_time:22245ms step_avg:427.79ms
step:53/1555 loss.item()=178019.09375 train_time:22672ms step_avg:427.77ms
step:54/1555 loss.item()=181731.96875 train_time:23094ms step_avg:427.66ms
step:55/1555 loss.item()=176814.484375 train_time:23521ms step_avg:427.66ms
step:56/1555 loss.item()=179385.53125 train_time:23943ms step_avg:427.56ms
step:57/1555 loss.item()=180426.828125 train_time:24369ms step_avg:427.53ms
step:58/1555 loss.item()=176563.765625 train_time:24790ms step_avg:427.41ms
step:59/1555 loss.item()=180634.46875 train_time:25215ms step_avg:427.38ms
step:60/1555 loss.item()=182669.71875 train_time:25637ms step_avg:427.29ms
step:61/1555 loss.item()=166799.21875 train_time:26061ms step_avg:427.22ms
step:62/1555 loss.item()=173646.28125 train_time:26486ms step_avg:427.19ms
step:63/1555 loss.item()=177476.390625 train_time:26910ms step_avg:427.15ms
step:64/1555 loss.item()=179439.65625 train_time:27335ms step_avg:427.11ms
step:65/1555 loss.item()=178539.53125 train_time:27759ms step_avg:427.07ms
step:66/1555 loss.item()=177065.265625 train_time:28183ms step_avg:427.01ms
step:67/1555 loss.item()=177214.21875 train_time:28609ms step_avg:427.00ms
step:68/1555 loss.item()=181520.25 train_time:29031ms step_avg:426.93ms
step:69/1555 loss.item()=172738.78125 train_time:29454ms step_avg:426.87ms
step:70/1555 loss.item()=170725.34375 train_time:29877ms step_avg:426.82ms
step:71/1555 loss.item()=173453.53125 train_time:30302ms step_avg:426.78ms
step:72/1555 loss.item()=168833.765625 train_time:30723ms step_avg:426.71ms
step:73/1555 loss.item()=167912.609375 train_time:31149ms step_avg:426.70ms
step:74/1555 loss.item()=169067.21875 train_time:31571ms step_avg:426.64ms
step:75/1555 loss.item()=171217.375 train_time:31999ms step_avg:426.65ms
step:76/1555 loss.item()=166286.78125 train_time:32420ms step_avg:426.58ms
step:77/1555 loss.item()=167929.0 train_time:32846ms step_avg:426.58ms
step:78/1555 loss.item()=171825.421875 train_time:33269ms step_avg:426.53ms
step:79/1555 loss.item()=167896.65625 train_time:33696ms step_avg:426.53ms
step:80/1555 loss.item()=170078.90625 train_time:34120ms step_avg:426.50ms
step:81/1555 loss.item()=172776.125 train_time:34548ms step_avg:426.52ms
step:82/1555 loss.item()=172615.359375 train_time:34971ms step_avg:426.48ms
step:83/1555 loss.item()=165801.75 train_time:35398ms step_avg:426.48ms
step:84/1555 loss.item()=163431.578125 train_time:35818ms step_avg:426.40ms
step:85/1555 loss.item()=165478.875 train_time:36244ms step_avg:426.40ms
step:86/1555 loss.item()=168677.640625 train_time:36667ms step_avg:426.36ms
step:87/1555 loss.item()=167020.8125 train_time:37093ms step_avg:426.35ms
step:88/1555 loss.item()=167081.59375 train_time:37513ms step_avg:426.29ms
step:89/1555 loss.item()=166703.53125 train_time:37941ms step_avg:426.30ms
step:90/1555 loss.item()=166269.3125 train_time:38362ms step_avg:426.24ms
step:91/1555 loss.item()=166197.28125 train_time:38788ms step_avg:426.24ms
step:92/1555 loss.item()=163575.921875 train_time:39207ms step_avg:426.16ms
step:93/1555 loss.item()=167830.171875 train_time:39635ms step_avg:426.19ms
step:94/1555 loss.item()=165242.0 train_time:40057ms step_avg:426.13ms
step:95/1555 loss.item()=168165.25 train_time:40484ms step_avg:426.14ms
step:96/1555 loss.item()=165717.5625 train_time:40903ms step_avg:426.07ms
step:97/1555 loss.item()=167131.875 train_time:41329ms step_avg:426.07ms
step:98/1555 loss.item()=157865.34375 train_time:41751ms step_avg:426.03ms
step:99/1555 loss.item()=161948.046875 train_time:42179ms step_avg:426.05ms
step:100/1555 loss.item()=168152.34375 train_time:42604ms step_avg:426.04ms
step:101/1555 loss.item()=163315.515625 train_time:43034ms step_avg:426.08ms
step:102/1555 loss.item()=157083.1875 train_time:43457ms step_avg:426.05ms
step:103/1555 loss.item()=162276.75 train_time:43883ms step_avg:426.05ms
step:104/1555 loss.item()=169716.234375 train_time:44303ms step_avg:425.99ms
step:105/1555 loss.item()=160301.59375 train_time:44731ms step_avg:426.01ms
step:106/1555 loss.item()=159664.5 train_time:45153ms step_avg:425.97ms
step:107/1555 loss.item()=164761.15625 train_time:45579ms step_avg:425.97ms
step:108/1555 loss.item()=164549.28125 train_time:46002ms step_avg:425.95ms
step:109/1555 loss.item()=166835.0625 train_time:46428ms step_avg:425.94ms
step:110/1555 loss.item()=160247.734375 train_time:46851ms step_avg:425.92ms
step:111/1555 loss.item()=160567.53125 train_time:47278ms step_avg:425.93ms
step:112/1555 loss.item()=163894.421875 train_time:47701ms step_avg:425.90ms
step:113/1555 loss.item()=163188.78125 train_time:48128ms step_avg:425.91ms
step:114/1555 loss.item()=156672.421875 train_time:48551ms step_avg:425.88ms
step:115/1555 loss.item()=157753.515625 train_time:48977ms step_avg:425.89ms
step:116/1555 loss.item()=158789.609375 train_time:49401ms step_avg:425.87ms
step:117/1555 loss.item()=159394.71875 train_time:49827ms step_avg:425.87ms
step:118/1555 loss.item()=166465.96875 train_time:50250ms step_avg:425.85ms
step:119/1555 loss.item()=162245.46875 train_time:50677ms step_avg:425.86ms
step:120/1555 loss.item()=158642.46875 train_time:51101ms step_avg:425.84ms
step:121/1555 loss.item()=156261.34375 train_time:51527ms step_avg:425.84ms
step:122/1555 loss.item()=160798.296875 train_time:51951ms step_avg:425.83ms
step:123/1555 loss.item()=155063.421875 train_time:52379ms step_avg:425.84ms
step:124/1555 loss.item()=161478.46875 train_time:52801ms step_avg:425.81ms
step:125/1555 loss.item()=156312.140625 train_time:53228ms step_avg:425.82ms
step:126/1555 loss.item()=157820.796875 train_time:53649ms step_avg:425.79ms
step:127/1555 loss.item()=158502.140625 train_time:54078ms step_avg:425.81ms
step:128/1555 loss.item()=152663.1875 train_time:54500ms step_avg:425.78ms
step:129/1555 loss.item()=152540.546875 train_time:54930ms step_avg:425.81ms
step:130/1555 loss.item()=156090.328125 train_time:55351ms step_avg:425.77ms
step:131/1555 loss.item()=162934.59375 train_time:55776ms step_avg:425.77ms
step:132/1555 loss.item()=158194.78125 train_time:56201ms step_avg:425.76ms
step:133/1555 loss.item()=160909.1875 train_time:56627ms step_avg:425.77ms
step:134/1555 loss.item()=154835.21875 train_time:57049ms step_avg:425.74ms
step:135/1555 loss.item()=152631.875 train_time:57475ms step_avg:425.74ms
step:136/1555 loss.item()=157316.1875 train_time:57898ms step_avg:425.72ms
step:137/1555 loss.item()=152723.15625 train_time:58324ms step_avg:425.72ms
step:138/1555 loss.item()=154219.921875 train_time:58746ms step_avg:425.70ms
step:139/1555 loss.item()=152543.5625 train_time:59174ms step_avg:425.71ms
step:140/1555 loss.item()=156963.15625 train_time:59596ms step_avg:425.69ms
step:141/1555 loss.item()=155691.78125 train_time:60022ms step_avg:425.69ms
step:142/1555 loss.item()=153953.0 train_time:60446ms step_avg:425.67ms
step:143/1555 loss.item()=151820.8125 train_time:60871ms step_avg:425.67ms
step:144/1555 loss.item()=154618.03125 train_time:61294ms step_avg:425.65ms
step:145/1555 loss.item()=152032.46875 train_time:61720ms step_avg:425.66ms
step:146/1555 loss.item()=153796.59375 train_time:62142ms step_avg:425.63ms
step:147/1555 loss.item()=151109.765625 train_time:62569ms step_avg:425.64ms
step:148/1555 loss.item()=156481.09375 train_time:62991ms step_avg:425.61ms
step:149/1555 loss.item()=155019.53125 train_time:63416ms step_avg:425.61ms
step:150/1555 loss.item()=153284.78125 train_time:63841ms step_avg:425.61ms
step:151/1555 loss.item()=150681.140625 train_time:64266ms step_avg:425.60ms
step:152/1555 loss.item()=151065.28125 train_time:64688ms step_avg:425.58ms
step:153/1555 loss.item()=149803.21875 train_time:65113ms step_avg:425.58ms
step:154/1555 loss.item()=153362.6875 train_time:65536ms step_avg:425.56ms
step:155/1555 loss.item()=152944.421875 train_time:65961ms step_avg:425.55ms
step:156/1555 loss.item()=154627.65625 train_time:66388ms step_avg:425.56ms
step:157/1555 loss.item()=155787.0625 train_time:66814ms step_avg:425.56ms
step:158/1555 loss.item()=150471.0 train_time:67235ms step_avg:425.54ms
step:159/1555 loss.item()=153327.921875 train_time:67659ms step_avg:425.53ms
step:160/1555 loss.item()=149358.453125 train_time:68082ms step_avg:425.51ms
step:161/1555 loss.item()=151468.75 train_time:68509ms step_avg:425.52ms
step:162/1555 loss.item()=149949.59375 train_time:68932ms step_avg:425.50ms
step:163/1555 loss.item()=152391.71875 train_time:69356ms step_avg:425.50ms
step:164/1555 loss.item()=153383.90625 train_time:69781ms step_avg:425.49ms
step:165/1555 loss.item()=149964.015625 train_time:70205ms step_avg:425.48ms
step:166/1555 loss.item()=150031.4375 train_time:70628ms step_avg:425.47ms
step:167/1555 loss.item()=151615.015625 train_time:71053ms step_avg:425.46ms
step:168/1555 loss.item()=154511.3125 train_time:71474ms step_avg:425.44ms
step:169/1555 loss.item()=148941.109375 train_time:71901ms step_avg:425.45ms
step:170/1555 loss.item()=148627.90625 train_time:72324ms step_avg:425.44ms
step:171/1555 loss.item()=145376.0625 train_time:72751ms step_avg:425.44ms
step:172/1555 loss.item()=149130.40625 train_time:73173ms step_avg:425.43ms
step:173/1555 loss.item()=154438.46875 train_time:73599ms step_avg:425.43ms
step:174/1555 loss.item()=151172.53125 train_time:74022ms step_avg:425.41ms
step:175/1555 loss.item()=152840.328125 train_time:74448ms step_avg:425.42ms
step:176/1555 loss.item()=148212.71875 train_time:74870ms step_avg:425.40ms
step:177/1555 loss.item()=154546.390625 train_time:75297ms step_avg:425.41ms
step:178/1555 loss.item()=147041.703125 train_time:75719ms step_avg:425.39ms
step:179/1555 loss.item()=149163.75 train_time:76146ms step_avg:425.39ms
step:180/1555 loss.item()=146607.875 train_time:76567ms step_avg:425.37ms
step:181/1555 loss.item()=148846.171875 train_time:76992ms step_avg:425.37ms
step:182/1555 loss.item()=146456.09375 train_time:77415ms step_avg:425.36ms
step:183/1555 loss.item()=149355.40625 train_time:77839ms step_avg:425.35ms
step:184/1555 loss.item()=144377.921875 train_time:78261ms step_avg:425.33ms
step:185/1555 loss.item()=145008.296875 train_time:78687ms step_avg:425.33ms
step:186/1555 loss.item()=148392.078125 train_time:79106ms step_avg:425.30ms
step:187/1555 loss.item()=152021.28125 train_time:79534ms step_avg:425.32ms
step:188/1555 loss.item()=145870.46875 train_time:79954ms step_avg:425.29ms
step:189/1555 loss.item()=146381.140625 train_time:80381ms step_avg:425.30ms
step:190/1555 loss.item()=145828.765625 train_time:80802ms step_avg:425.27ms
step:191/1555 loss.item()=146915.21875 train_time:81228ms step_avg:425.28ms
step:192/1555 loss.item()=149078.34375 train_time:81652ms step_avg:425.27ms
step:193/1555 loss.item()=145251.21875 train_time:82078ms step_avg:425.27ms
step:194/1555 loss.item()=153788.28125 train_time:82502ms step_avg:425.27ms
step:195/1555 loss.item()=146326.0 train_time:82928ms step_avg:425.27ms
step:196/1555 loss.item()=144955.859375 train_time:83350ms step_avg:425.26ms
step:197/1555 loss.item()=142155.0625 train_time:83777ms step_avg:425.26ms
step:198/1555 loss.item()=147738.40625 train_time:84200ms step_avg:425.25ms
step:199/1555 loss.item()=150337.75 train_time:84626ms step_avg:425.25ms
step:200/1555 loss.item()=147453.375 train_time:85048ms step_avg:425.24ms
step:201/1555 loss.item()=144224.8125 train_time:85473ms step_avg:425.24ms
step:202/1555 loss.item()=145534.796875 train_time:85896ms step_avg:425.23ms
step:203/1555 loss.item()=149033.40625 train_time:86321ms step_avg:425.23ms
step:204/1555 loss.item()=144630.40625 train_time:86742ms step_avg:425.21ms
step:205/1555 loss.item()=143909.6875 train_time:87170ms step_avg:425.22ms
step:206/1555 loss.item()=150061.734375 train_time:87591ms step_avg:425.20ms
step:207/1555 loss.item()=145851.3125 train_time:88018ms step_avg:425.21ms
step:208/1555 loss.item()=140786.046875 train_time:88439ms step_avg:425.19ms
step:209/1555 loss.item()=155182.375 train_time:88864ms step_avg:425.19ms
step:210/1555 loss.item()=142553.265625 train_time:89287ms step_avg:425.17ms
step:211/1555 loss.item()=145236.078125 train_time:89710ms step_avg:425.16ms
step:212/1555 loss.item()=144677.59375 train_time:90135ms step_avg:425.16ms
step:213/1555 loss.item()=143762.0 train_time:90559ms step_avg:425.16ms
step:214/1555 loss.item()=147780.03125 train_time:90984ms step_avg:425.16ms
step:215/1555 loss.item()=142323.53125 train_time:91412ms step_avg:425.17ms
step:216/1555 loss.item()=143657.46875 train_time:91835ms step_avg:425.16ms
step:217/1555 loss.item()=144651.875 train_time:92259ms step_avg:425.15ms
step:218/1555 loss.item()=150544.640625 train_time:92682ms step_avg:425.15ms
step:219/1555 loss.item()=150746.765625 train_time:93108ms step_avg:425.15ms
step:220/1555 loss.item()=146323.28125 train_time:93529ms step_avg:425.13ms
step:221/1555 loss.item()=146294.828125 train_time:93954ms step_avg:425.13ms
step:222/1555 loss.item()=152889.3125 train_time:94376ms step_avg:425.12ms
step:223/1555 loss.item()=141436.6875 train_time:94802ms step_avg:425.12ms
step:224/1555 loss.item()=139184.65625 train_time:95224ms step_avg:425.11ms
step:225/1555 loss.item()=148351.765625 train_time:95651ms step_avg:425.11ms
step:226/1555 loss.item()=142384.625 train_time:96073ms step_avg:425.10ms
step:227/1555 loss.item()=142959.53125 train_time:96500ms step_avg:425.11ms
step:228/1555 loss.item()=141917.9375 train_time:96922ms step_avg:425.10ms
step:229/1555 loss.item()=143540.5625 train_time:97348ms step_avg:425.10ms
step:230/1555 loss.item()=139975.375 train_time:97772ms step_avg:425.10ms
step:231/1555 loss.item()=139852.671875 train_time:98200ms step_avg:425.11ms
step:232/1555 loss.item()=140033.71875 train_time:98625ms step_avg:425.11ms
step:233/1555 loss.item()=135712.5625 train_time:99050ms step_avg:425.11ms
step:234/1555 loss.item()=141932.375 train_time:99472ms step_avg:425.10ms
step:235/1555 loss.item()=140327.71875 train_time:99898ms step_avg:425.10ms
step:236/1555 loss.item()=145721.828125 train_time:100320ms step_avg:425.08ms
step:237/1555 loss.item()=140705.28125 train_time:100746ms step_avg:425.09ms
step:238/1555 loss.item()=142226.40625 train_time:101167ms step_avg:425.07ms
step:239/1555 loss.item()=142292.8125 train_time:101594ms step_avg:425.08ms
step:240/1555 loss.item()=142345.046875 train_time:102017ms step_avg:425.07ms
step:241/1555 loss.item()=143969.34375 train_time:102442ms step_avg:425.07ms
step:242/1555 loss.item()=146655.078125 train_time:102864ms step_avg:425.06ms
step:243/1555 loss.item()=139083.53125 train_time:103290ms step_avg:425.06ms
step:244/1555 loss.item()=141107.375 train_time:103711ms step_avg:425.04ms
step:245/1555 loss.item()=144452.125 train_time:104140ms step_avg:425.06ms
step:246/1555 loss.item()=142338.390625 train_time:104562ms step_avg:425.05ms
step:247/1555 loss.item()=142143.46875 train_time:104988ms step_avg:425.05ms
step:248/1555 loss.item()=141311.515625 train_time:105406ms step_avg:425.03ms
step:249/1555 loss.item()=145588.421875 train_time:105832ms step_avg:425.03ms
step:250/1555 loss.item()=138828.65625 train_time:106254ms step_avg:425.02ms
step:250/1555 starting test-time training...
step:250/1555 val_step:0/320 val_loss:4.5043 chunk_loss:17599.6969 is_adam_step=False train_time:106266ms step_avg:425.07ms
step:250/1555 val_step:1/320 val_loss:4.5427 chunk_loss:17854.9739 is_adam_step=True train_time:106266ms step_avg:425.07ms
step:250/1555 val_step:2/320 val_loss:4.5959 chunk_loss:18317.5853 is_adam_step=False train_time:106266ms step_avg:425.07ms
step:250/1555 val_step:3/320 val_loss:4.5903 chunk_loss:17869.5328 is_adam_step=True train_time:106266ms step_avg:425.07ms
step:250/1555 val_step:4/320 val_loss:4.6335 chunk_loss:18666.5844 is_adam_step=False train_time:106266ms step_avg:425.07ms
step:250/1555 val_step:5/320 val_loss:4.6457 chunk_loss:18239.0859 is_adam_step=True train_time:106266ms step_avg:425.07ms
step:250/1555 val_step:6/320 val_loss:4.5981 chunk_loss:16935.9507 is_adam_step=False train_time:106266ms step_avg:425.07ms
step:250/1555 val_step:7/320 val_loss:4.6307 chunk_loss:18777.9448 is_adam_step=True train_time:106266ms step_avg:425.07ms
step:250/1555 val_step:8/320 val_loss:4.6451 chunk_loss:18347.1467 is_adam_step=False train_time:106266ms step_avg:425.07ms
step:250/1555 val_step:9/320 val_loss:4.6674 chunk_loss:18695.1882 is_adam_step=True train_time:106266ms step_avg:425.07ms
step:250/1555 val_step:10/320 val_loss:4.6749 chunk_loss:18356.8278 is_adam_step=False train_time:106266ms step_avg:425.07ms
step:250/1555 val_step:11/320 val_loss:4.6748 chunk_loss:18165.3472 is_adam_step=True train_time:106266ms step_avg:425.07ms
step:250/1555 val_step:12/320 val_loss:4.6903 chunk_loss:18736.4850 is_adam_step=False train_time:106266ms step_avg:425.07ms
step:250/1555 val_step:13/320 val_loss:4.6989 chunk_loss:18599.5640 is_adam_step=True train_time:106266ms step_avg:425.07ms
step:250/1555 val_step:14/320 val_loss:4.7001 chunk_loss:18168.0047 is_adam_step=False train_time:106266ms step_avg:425.07ms
step:250/1555 val_step:15/320 val_loss:4.7011 chunk_loss:18177.7925 is_adam_step=True train_time:106266ms step_avg:425.07ms
step:250/1555 val_step:16/320 val_loss:4.6956 chunk_loss:17851.9728 is_adam_step=False train_time:106266ms step_avg:425.07ms
step:250/1555 val_step:17/320 val_loss:4.7152 chunk_loss:19271.0480 is_adam_step=True train_time:106266ms step_avg:425.07ms
step:250/1555 val_step:18/320 val_loss:4.7105 chunk_loss:17974.8790 is_adam_step=False train_time:106266ms step_avg:425.07ms
step:250/1555 val_step:19/320 val_loss:4.7155 chunk_loss:18556.6045 is_adam_step=True train_time:106266ms step_avg:425.07ms
step:250/1555 val_step:20/320 val_loss:4.7185 chunk_loss:18417.9114 is_adam_step=False train_time:106266ms step_avg:425.07ms
step:250/1555 val_step:21/320 val_loss:4.7279 chunk_loss:18931.0159 is_adam_step=True train_time:106266ms step_avg:425.07ms
step:250/1555 val_step:22/320 val_loss:4.7271 chunk_loss:18227.0347 is_adam_step=False train_time:106266ms step_avg:425.07ms
step:250/1555 val_step:23/320 val_loss:4.7359 chunk_loss:18927.8212 is_adam_step=True train_time:106266ms step_avg:425.07ms
step:250/1555 val_step:24/320 val_loss:4.7354 chunk_loss:18181.8311 is_adam_step=False train_time:106266ms step_avg:425.07ms
step:250/1555 val_step:25/320 val_loss:4.7361 chunk_loss:18418.7488 is_adam_step=True train_time:106266ms step_avg:425.07ms
step:250/1555 val_step:26/320 val_loss:4.7497 chunk_loss:19398.9458 is_adam_step=False train_time:106266ms step_avg:425.07ms
step:250/1555 val_step:27/320 val_loss:4.7570 chunk_loss:18983.5593 is_adam_step=True train_time:106266ms step_avg:425.07ms
step:250/1555 val_step:28/320 val_loss:4.7539 chunk_loss:17991.4460 is_adam_step=False train_time:106266ms step_avg:425.07ms
step:250/1555 val_step:29/320 val_loss:4.7501 chunk_loss:18029.8654 is_adam_step=True train_time:106266ms step_avg:425.07ms
step:250/1555 val_step:30/320 val_loss:4.7483 chunk_loss:18164.7360 is_adam_step=False train_time:106266ms step_avg:425.07ms
step:250/1555 val_step:31/320 val_loss:4.7451 chunk_loss:18032.0127 is_adam_step=True train_time:106266ms step_avg:425.07ms
step:250/1555 val_step:32/320 val_loss:4.7411 chunk_loss:17914.1956 is_adam_step=False train_time:106266ms step_avg:425.07ms
step:250/1555 val_step:33/320 val_loss:4.7422 chunk_loss:18467.5938 is_adam_step=True train_time:106266ms step_avg:425.07ms
step:250/1555 val_step:34/320 val_loss:4.7428 chunk_loss:18403.9888 is_adam_step=False train_time:106266ms step_avg:425.07ms
step:250/1555 val_step:35/320 val_loss:4.7417 chunk_loss:18190.4080 is_adam_step=True train_time:106266ms step_avg:425.07ms
step:250/1555 val_step:36/320 val_loss:4.7457 chunk_loss:18861.7780 is_adam_step=False train_time:106266ms step_avg:425.07ms
step:250/1555 val_step:37/320 val_loss:4.7462 chunk_loss:18290.8597 is_adam_step=True train_time:106266ms step_avg:425.07ms
step:250/1555 val_step:38/320 val_loss:4.7400 chunk_loss:17544.8583 is_adam_step=False train_time:106266ms step_avg:425.07ms
step:250/1555 val_step:39/320 val_loss:4.7429 chunk_loss:18785.9326 is_adam_step=True train_time:106266ms step_avg:425.07ms
step:250/1555 val_step:40/320 val_loss:4.7487 chunk_loss:19117.2617 is_adam_step=False train_time:106266ms step_avg:425.07ms
step:250/1555 val_step:41/320 val_loss:4.7530 chunk_loss:18701.9913 is_adam_step=True train_time:106266ms step_avg:425.07ms
step:250/1555 val_step:42/320 val_loss:4.7535 chunk_loss:18496.1493 is_adam_step=False train_time:106266ms step_avg:425.07ms
step:250/1555 val_step:43/320 val_loss:4.7543 chunk_loss:18421.0265 is_adam_step=True train_time:106266ms step_avg:425.07ms
step:250/1555 val_step:44/320 val_loss:4.7586 chunk_loss:18805.7568 is_adam_step=False train_time:106266ms step_avg:425.07ms
step:250/1555 val_step:45/320 val_loss:4.7584 chunk_loss:18327.1199 is_adam_step=True train_time:106266ms step_avg:425.07ms
step:250/1555 val_step:46/320 val_loss:4.7586 chunk_loss:18445.1439 is_adam_step=False train_time:106266ms step_avg:425.07ms
step:250/1555 val_step:47/320 val_loss:4.7597 chunk_loss:18630.2882 is_adam_step=True train_time:106266ms step_avg:425.07ms
step:250/1555 val_step:48/320 val_loss:4.7587 chunk_loss:18247.4120 is_adam_step=False train_time:106266ms step_avg:425.07ms
step:250/1555 val_step:49/320 val_loss:4.7572 chunk_loss:18210.2905 is_adam_step=True train_time:106266ms step_avg:425.07ms
step:250/1555 val_step:50/320 val_loss:4.7568 chunk_loss:18385.5178 is_adam_step=False train_time:106266ms step_avg:425.07ms
step:250/1555 val_step:51/320 val_loss:4.7558 chunk_loss:18201.5020 is_adam_step=True train_time:106266ms step_avg:425.07ms
step:250/1555 val_step:52/320 val_loss:4.7572 chunk_loss:18594.1692 is_adam_step=False train_time:106266ms step_avg:425.07ms
step:250/1555 val_step:53/320 val_loss:4.7558 chunk_loss:18138.4203 is_adam_step=True train_time:106266ms step_avg:425.07ms
step:250/1555 val_step:54/320 val_loss:4.7540 chunk_loss:18097.8458 is_adam_step=False train_time:106266ms step_avg:425.07ms
step:250/1555 val_step:55/320 val_loss:4.7499 chunk_loss:17498.6139 is_adam_step=True train_time:106266ms step_avg:425.07ms
step:250/1555 val_step:56/320 val_loss:4.7481 chunk_loss:17968.6619 is_adam_step=False train_time:106266ms step_avg:425.07ms
step:250/1555 val_step:57/320 val_loss:4.7488 chunk_loss:18576.2985 is_adam_step=True train_time:106266ms step_avg:425.07ms
step:250/1555 val_step:58/320 val_loss:4.7486 chunk_loss:18264.8872 is_adam_step=False train_time:106266ms step_avg:425.07ms
step:250/1555 val_step:59/320 val_loss:4.7492 chunk_loss:18472.3488 is_adam_step=True train_time:106266ms step_avg:425.07ms
step:250/1555 val_step:60/320 val_loss:4.7472 chunk_loss:17947.7502 is_adam_step=False train_time:106266ms step_avg:425.07ms
step:250/1555 val_step:61/320 val_loss:4.7466 chunk_loss:18188.6167 is_adam_step=True train_time:106266ms step_avg:425.07ms
step:250/1555 val_step:62/320 val_loss:4.7460 chunk_loss:18189.8251 is_adam_step=False train_time:106266ms step_avg:425.07ms
step:250/1555 val_step:63/320 val_loss:4.7457 chunk_loss:18307.9581 is_adam_step=True train_time:106266ms step_avg:425.07ms
step:250/1555 val_step:64/320 val_loss:4.7466 chunk_loss:18437.6079 is_adam_step=False train_time:106266ms step_avg:425.07ms
step:250/1555 val_step:65/320 val_loss:4.7481 chunk_loss:18538.8516 is_adam_step=True train_time:106266ms step_avg:425.07ms
step:250/1555 val_step:66/320 val_loss:4.7504 chunk_loss:18759.1017 is_adam_step=False train_time:106266ms step_avg:425.07ms
step:250/1555 val_step:67/320 val_loss:4.7504 chunk_loss:18261.9668 is_adam_step=True train_time:106266ms step_avg:425.07ms
step:250/1555 val_step:68/320 val_loss:4.7479 chunk_loss:17770.8014 is_adam_step=False train_time:106266ms step_avg:425.07ms
step:250/1555 val_step:69/320 val_loss:4.7477 chunk_loss:18251.1350 is_adam_step=True train_time:106266ms step_avg:425.07ms
step:250/1555 val_step:70/320 val_loss:4.7462 chunk_loss:18018.8018 is_adam_step=False train_time:106266ms step_avg:425.07ms
step:250/1555 val_step:71/320 val_loss:4.7431 chunk_loss:17663.0481 is_adam_step=True train_time:106266ms step_avg:425.07ms
step:250/1555 val_step:72/320 val_loss:4.7408 chunk_loss:17807.0552 is_adam_step=False train_time:106266ms step_avg:425.07ms
step:250/1555 val_step:73/320 val_loss:4.7401 chunk_loss:18187.9778 is_adam_step=True train_time:106266ms step_avg:425.07ms
step:250/1555 val_step:74/320 val_loss:4.7424 chunk_loss:18781.7939 is_adam_step=False train_time:106266ms step_avg:425.07ms
step:250/1555 val_step:75/320 val_loss:4.7422 chunk_loss:18290.7412 is_adam_step=True train_time:106266ms step_avg:425.07ms
step:250/1555 val_step:76/320 val_loss:4.7399 chunk_loss:17787.7986 is_adam_step=False train_time:106266ms step_avg:425.07ms
step:250/1555 val_step:77/320 val_loss:4.7414 chunk_loss:18704.7568 is_adam_step=True train_time:106266ms step_avg:425.07ms
step:250/1555 val_step:78/320 val_loss:4.7394 chunk_loss:17883.6296 is_adam_step=False train_time:106266ms step_avg:425.07ms
step:250/1555 val_step:79/320 val_loss:4.7380 chunk_loss:18085.6989 is_adam_step=True train_time:106266ms step_avg:425.07ms
step:250/1555 val_step:80/320 val_loss:4.7367 chunk_loss:18011.8004 is_adam_step=False train_time:106266ms step_avg:425.07ms
step:250/1555 val_step:81/320 val_loss:4.7342 chunk_loss:17683.4417 is_adam_step=True train_time:106266ms step_avg:425.07ms
step:250/1555 val_step:82/320 val_loss:4.7340 chunk_loss:18277.0862 is_adam_step=False train_time:106266ms step_avg:425.07ms
step:250/1555 val_step:83/320 val_loss:4.7316 chunk_loss:17714.1881 is_adam_step=True train_time:106266ms step_avg:425.07ms
step:250/1555 val_step:84/320 val_loss:4.7321 chunk_loss:18413.8844 is_adam_step=False train_time:106266ms step_avg:425.07ms
step:250/1555 val_step:85/320 val_loss:4.7315 chunk_loss:18208.8198 is_adam_step=True train_time:106266ms step_avg:425.07ms
step:250/1555 val_step:86/320 val_loss:4.7319 chunk_loss:18417.9974 is_adam_step=False train_time:106266ms step_avg:425.07ms
step:250/1555 val_step:87/320 val_loss:4.7311 chunk_loss:18024.3330 is_adam_step=True train_time:106266ms step_avg:425.07ms
step:250/1555 val_step:88/320 val_loss:4.7310 chunk_loss:18316.8070 is_adam_step=False train_time:106266ms step_avg:425.07ms
step:250/1555 val_step:89/320 val_loss:4.7308 chunk_loss:18200.8828 is_adam_step=True train_time:106266ms step_avg:425.07ms
step:250/1555 val_step:90/320 val_loss:4.7289 chunk_loss:17698.4398 is_adam_step=False train_time:106266ms step_avg:425.07ms
step:250/1555 val_step:91/320 val_loss:4.7266 chunk_loss:17614.7939 is_adam_step=True train_time:106266ms step_avg:425.07ms
step:250/1555 val_step:92/320 val_loss:4.7272 chunk_loss:18466.5181 is_adam_step=False train_time:106266ms step_avg:425.07ms
step:250/1555 val_step:93/320 val_loss:4.7273 chunk_loss:18211.2186 is_adam_step=True train_time:106266ms step_avg:425.07ms
step:250/1555 val_step:94/320 val_loss:4.7274 chunk_loss:18222.0935 is_adam_step=False train_time:106266ms step_avg:425.07ms
step:250/1555 val_step:95/320 val_loss:4.7270 chunk_loss:18129.6776 is_adam_step=True train_time:106266ms step_avg:425.07ms
step:250/1555 val_step:96/320 val_loss:4.7271 chunk_loss:18258.7295 is_adam_step=False train_time:106266ms step_avg:425.07ms
step:250/1555 val_step:97/320 val_loss:4.7294 chunk_loss:18971.7495 is_adam_step=True train_time:106266ms step_avg:425.07ms
step:250/1555 val_step:98/320 val_loss:4.7300 chunk_loss:18470.7529 is_adam_step=False train_time:106266ms step_avg:425.07ms
step:250/1555 val_step:99/320 val_loss:4.7296 chunk_loss:18124.9661 is_adam_step=True train_time:106266ms step_avg:425.07ms
step:250/1555 val_step:100/320 val_loss:4.7288 chunk_loss:17985.1501 is_adam_step=False train_time:106266ms step_avg:425.07ms
step:250/1555 val_step:101/320 val_loss:4.7271 chunk_loss:17673.6465 is_adam_step=True train_time:106266ms step_avg:425.07ms
step:250/1555 val_step:102/320 val_loss:4.7266 chunk_loss:18075.9024 is_adam_step=False train_time:106266ms step_avg:425.07ms
step:250/1555 val_step:103/320 val_loss:4.7276 chunk_loss:18576.7799 is_adam_step=True train_time:106266ms step_avg:425.07ms
step:250/1555 val_step:104/320 val_loss:4.7267 chunk_loss:18011.0026 is_adam_step=False train_time:106266ms step_avg:425.07ms
step:250/1555 val_step:105/320 val_loss:4.7258 chunk_loss:17980.1017 is_adam_step=True train_time:106266ms step_avg:425.07ms
step:250/1555 val_step:106/320 val_loss:4.7233 chunk_loss:17355.5772 is_adam_step=False train_time:106266ms step_avg:425.07ms
step:250/1555 val_step:107/320 val_loss:4.7217 chunk_loss:17719.8041 is_adam_step=True train_time:106266ms step_avg:425.07ms
step:250/1555 val_step:108/320 val_loss:4.7204 chunk_loss:17844.9215 is_adam_step=False train_time:106266ms step_avg:425.07ms
step:250/1555 val_step:109/320 val_loss:4.7200 chunk_loss:18042.2131 is_adam_step=True train_time:106266ms step_avg:425.07ms
step:250/1555 val_step:110/320 val_loss:4.7191 chunk_loss:17898.4469 is_adam_step=False train_time:106266ms step_avg:425.07ms
step:250/1555 val_step:111/320 val_loss:4.7197 chunk_loss:18405.3010 is_adam_step=True train_time:106266ms step_avg:425.07ms
step:250/1555 val_step:112/320 val_loss:4.7185 chunk_loss:17714.3396 is_adam_step=False train_time:106266ms step_avg:425.07ms
step:250/1555 val_step:113/320 val_loss:4.7165 chunk_loss:17543.5061 is_adam_step=True train_time:106266ms step_avg:425.07ms
step:250/1555 val_step:114/320 val_loss:4.7143 chunk_loss:17525.7576 is_adam_step=False train_time:106266ms step_avg:425.07ms
step:250/1555 val_step:115/320 val_loss:4.7122 chunk_loss:17422.1516 is_adam_step=True train_time:106266ms step_avg:425.07ms
step:250/1555 val_step:116/320 val_loss:4.7117 chunk_loss:17997.7007 is_adam_step=False train_time:106266ms step_avg:425.07ms
step:250/1555 val_step:117/320 val_loss:4.7117 chunk_loss:18208.5540 is_adam_step=True train_time:106266ms step_avg:425.07ms
step:250/1555 val_step:118/320 val_loss:4.7120 chunk_loss:18403.3131 is_adam_step=False train_time:106266ms step_avg:425.07ms
step:250/1555 val_step:119/320 val_loss:4.7110 chunk_loss:17836.1392 is_adam_step=True train_time:106266ms step_avg:425.07ms
step:250/1555 val_step:120/320 val_loss:4.7112 chunk_loss:18345.2900 is_adam_step=False train_time:106266ms step_avg:425.07ms
step:250/1555 val_step:121/320 val_loss:4.7104 chunk_loss:17994.9945 is_adam_step=True train_time:106266ms step_avg:425.07ms
step:250/1555 val_step:122/320 val_loss:4.7100 chunk_loss:18121.4551 is_adam_step=False train_time:106266ms step_avg:425.07ms
step:250/1555 val_step:123/320 val_loss:4.7098 chunk_loss:18170.8046 is_adam_step=True train_time:106266ms step_avg:425.07ms
step:250/1555 val_step:124/320 val_loss:4.7099 chunk_loss:18332.0627 is_adam_step=False train_time:106266ms step_avg:425.07ms
step:250/1555 val_step:125/320 val_loss:4.7101 chunk_loss:18343.7355 is_adam_step=True train_time:106266ms step_avg:425.07ms
step:250/1555 val_step:126/320 val_loss:4.7085 chunk_loss:17561.1644 is_adam_step=False train_time:106266ms step_avg:425.07ms
step:250/1555 val_step:127/320 val_loss:4.7088 chunk_loss:18373.9534 is_adam_step=True train_time:106266ms step_avg:425.07ms
step:250/1555 val_step:128/320 val_loss:4.7081 chunk_loss:17988.4051 is_adam_step=False train_time:106266ms step_avg:425.07ms
step:250/1555 val_step:129/320 val_loss:4.7067 chunk_loss:17620.6080 is_adam_step=True train_time:106266ms step_avg:425.07ms
step:250/1555 val_step:130/320 val_loss:4.7065 chunk_loss:18144.0164 is_adam_step=False train_time:106266ms step_avg:425.07ms
step:250/1555 val_step:131/320 val_loss:4.7057 chunk_loss:17843.7605 is_adam_step=True train_time:106266ms step_avg:425.07ms
step:250/1555 val_step:132/320 val_loss:4.7073 chunk_loss:18778.1196 is_adam_step=False train_time:106266ms step_avg:425.07ms
step:250/1555 val_step:133/320 val_loss:4.7081 chunk_loss:18576.8156 is_adam_step=True train_time:106266ms step_avg:425.07ms
step:250/1555 val_step:134/320 val_loss:4.7085 chunk_loss:18104.3812 is_adam_step=False train_time:106266ms step_avg:425.07ms
step:250/1555 val_step:135/320 val_loss:4.7081 chunk_loss:18028.5308 is_adam_step=True train_time:106266ms step_avg:425.07ms
step:250/1555 val_step:136/320 val_loss:4.7079 chunk_loss:18086.2542 is_adam_step=False train_time:106266ms step_avg:425.07ms
step:250/1555 val_step:137/320 val_loss:4.7082 chunk_loss:18344.2471 is_adam_step=True train_time:106266ms step_avg:425.07ms
step:250/1555 val_step:138/320 val_loss:4.7097 chunk_loss:18976.0315 is_adam_step=False train_time:106266ms step_avg:425.07ms
step:250/1555 val_step:139/320 val_loss:4.7100 chunk_loss:18336.0371 is_adam_step=True train_time:106266ms step_avg:425.07ms
step:250/1555 val_step:140/320 val_loss:4.7099 chunk_loss:18183.2542 is_adam_step=False train_time:106266ms step_avg:425.07ms
step:250/1555 val_step:141/320 val_loss:4.7094 chunk_loss:17980.5908 is_adam_step=True train_time:106266ms step_avg:425.07ms
step:250/1555 val_step:142/320 val_loss:4.7094 chunk_loss:18181.5972 is_adam_step=False train_time:106266ms step_avg:425.07ms
step:250/1555 val_step:143/320 val_loss:4.7104 chunk_loss:18644.4575 is_adam_step=True train_time:106266ms step_avg:425.07ms
step:250/1555 val_step:144/320 val_loss:4.7112 chunk_loss:18569.6000 is_adam_step=False train_time:106266ms step_avg:425.07ms
step:250/1555 val_step:145/320 val_loss:4.7104 chunk_loss:17946.8499 is_adam_step=True train_time:106266ms step_avg:425.07ms
step:250/1555 val_step:146/320 val_loss:4.7102 chunk_loss:18054.3724 is_adam_step=False train_time:106266ms step_avg:425.07ms
step:250/1555 val_step:147/320 val_loss:4.7103 chunk_loss:18232.9180 is_adam_step=True train_time:106266ms step_avg:425.07ms
step:250/1555 val_step:148/320 val_loss:4.7105 chunk_loss:18306.4402 is_adam_step=False train_time:106266ms step_avg:425.07ms
step:250/1555 val_step:149/320 val_loss:4.7092 chunk_loss:17601.8677 is_adam_step=True train_time:106266ms step_avg:425.07ms
step:250/1555 val_step:150/320 val_loss:4.7083 chunk_loss:17773.2555 is_adam_step=False train_time:106266ms step_avg:425.07ms
step:250/1555 val_step:151/320 val_loss:4.7080 chunk_loss:18085.2054 is_adam_step=True train_time:106266ms step_avg:425.07ms
step:250/1555 val_step:152/320 val_loss:4.7068 chunk_loss:17631.0345 is_adam_step=False train_time:106266ms step_avg:425.07ms
step:250/1555 val_step:153/320 val_loss:4.7058 chunk_loss:17815.9272 is_adam_step=True train_time:106266ms step_avg:425.07ms
step:250/1555 val_step:154/320 val_loss:4.7055 chunk_loss:18053.9733 is_adam_step=False train_time:106266ms step_avg:425.07ms
step:250/1555 val_step:155/320 val_loss:4.7058 chunk_loss:18372.1437 is_adam_step=True train_time:106266ms step_avg:425.07ms
step:250/1555 val_step:156/320 val_loss:4.7058 chunk_loss:18227.3069 is_adam_step=False train_time:106266ms step_avg:425.07ms
step:250/1555 val_step:157/320 val_loss:4.7059 chunk_loss:18380.9741 is_adam_step=True train_time:106266ms step_avg:425.07ms
step:250/1555 val_step:158/320 val_loss:4.7058 chunk_loss:18211.7048 is_adam_step=False train_time:106266ms step_avg:425.07ms
step:250/1555 val_step:159/320 val_loss:4.7054 chunk_loss:18003.4358 is_adam_step=True train_time:106266ms step_avg:425.07ms
step:250/1555 val_step:160/320 val_loss:4.7061 chunk_loss:18642.9669 is_adam_step=False train_time:106266ms step_avg:425.07ms
step:250/1555 val_step:161/320 val_loss:4.7057 chunk_loss:18068.4278 is_adam_step=True train_time:106266ms step_avg:425.07ms
step:250/1555 val_step:162/320 val_loss:4.7059 chunk_loss:18322.1283 is_adam_step=False train_time:106266ms step_avg:425.07ms
step:250/1555 val_step:163/320 val_loss:4.7052 chunk_loss:17856.5469 is_adam_step=True train_time:106266ms step_avg:425.07ms
step:250/1555 val_step:164/320 val_loss:4.7047 chunk_loss:17912.3987 is_adam_step=False train_time:106266ms step_avg:425.07ms
step:250/1555 val_step:165/320 val_loss:4.7068 chunk_loss:19172.8884 is_adam_step=True train_time:106266ms step_avg:425.07ms
step:250/1555 val_step:166/320 val_loss:4.7070 chunk_loss:18139.8257 is_adam_step=False train_time:106266ms step_avg:425.07ms
step:250/1555 val_step:167/320 val_loss:4.7077 chunk_loss:18566.5216 is_adam_step=True train_time:106266ms step_avg:425.07ms
step:250/1555 val_step:168/320 val_loss:4.7078 chunk_loss:18332.3115 is_adam_step=False train_time:106266ms step_avg:425.07ms
step:250/1555 val_step:169/320 val_loss:4.7080 chunk_loss:18447.2455 is_adam_step=True train_time:106266ms step_avg:425.07ms
step:250/1555 val_step:170/320 val_loss:4.7075 chunk_loss:17904.0214 is_adam_step=False train_time:106266ms step_avg:425.07ms
step:250/1555 val_step:171/320 val_loss:4.7064 chunk_loss:17598.0432 is_adam_step=True train_time:106266ms step_avg:425.07ms
step:250/1555 val_step:172/320 val_loss:4.7065 chunk_loss:18323.9496 is_adam_step=False train_time:106266ms step_avg:425.07ms
step:250/1555 val_step:173/320 val_loss:4.7056 chunk_loss:17703.2471 is_adam_step=True train_time:106266ms step_avg:425.07ms
step:250/1555 val_step:174/320 val_loss:4.7070 chunk_loss:19017.3920 is_adam_step=False train_time:106266ms step_avg:425.07ms
step:250/1555 val_step:175/320 val_loss:4.7065 chunk_loss:17850.8212 is_adam_step=True train_time:106266ms step_avg:425.07ms
step:250/1555 val_step:176/320 val_loss:4.7068 chunk_loss:18435.8422 is_adam_step=False train_time:106266ms step_avg:425.07ms
step:250/1555 val_step:177/320 val_loss:4.7050 chunk_loss:17165.5700 is_adam_step=True train_time:106266ms step_avg:425.07ms
step:250/1555 val_step:178/320 val_loss:4.7048 chunk_loss:18094.1016 is_adam_step=False train_time:106266ms step_avg:425.07ms
step:250/1555 val_step:179/320 val_loss:4.7045 chunk_loss:18042.0434 is_adam_step=True train_time:106266ms step_avg:425.07ms
step:250/1555 val_step:180/320 val_loss:4.7033 chunk_loss:17448.4743 is_adam_step=False train_time:106266ms step_avg:425.07ms
step:250/1555 val_step:181/320 val_loss:4.7034 chunk_loss:18198.0193 is_adam_step=True train_time:106266ms step_avg:425.07ms
step:250/1555 val_step:182/320 val_loss:4.7016 chunk_loss:17196.7870 is_adam_step=False train_time:106266ms step_avg:425.07ms
step:250/1555 val_step:183/320 val_loss:4.7026 chunk_loss:18840.1418 is_adam_step=True train_time:106266ms step_avg:425.07ms
step:250/1555 val_step:184/320 val_loss:4.7018 chunk_loss:17757.7782 is_adam_step=False train_time:106266ms step_avg:425.07ms
step:250/1555 val_step:185/320 val_loss:4.7004 chunk_loss:17410.6183 is_adam_step=True train_time:106266ms step_avg:425.07ms
step:250/1555 val_step:186/320 val_loss:4.6998 chunk_loss:17918.8046 is_adam_step=False train_time:106266ms step_avg:425.07ms
step:250/1555 val_step:187/320 val_loss:4.6993 chunk_loss:17853.5084 is_adam_step=True train_time:106266ms step_avg:425.07ms
step:250/1555 val_step:188/320 val_loss:4.6997 chunk_loss:18388.7081 is_adam_step=False train_time:106266ms step_avg:425.07ms
step:250/1555 val_step:189/320 val_loss:4.6984 chunk_loss:17430.5610 is_adam_step=True train_time:106266ms step_avg:425.07ms
step:250/1555 val_step:190/320 val_loss:4.6977 chunk_loss:17799.3864 is_adam_step=False train_time:106266ms step_avg:425.07ms
step:250/1555 val_step:191/320 val_loss:4.6973 chunk_loss:17889.6589 is_adam_step=True train_time:106266ms step_avg:425.07ms
step:250/1555 val_step:192/320 val_loss:4.6969 chunk_loss:17969.6151 is_adam_step=False train_time:106266ms step_avg:425.07ms
step:250/1555 val_step:193/320 val_loss:4.6968 chunk_loss:18122.4923 is_adam_step=True train_time:106266ms step_avg:425.07ms
step:250/1555 val_step:194/320 val_loss:4.6976 chunk_loss:18701.9984 is_adam_step=False train_time:106266ms step_avg:425.07ms
step:250/1555 val_step:195/320 val_loss:4.6969 chunk_loss:17925.7621 is_adam_step=True train_time:106266ms step_avg:425.07ms
step:250/1555 val_step:196/320 val_loss:4.6968 chunk_loss:18232.4034 is_adam_step=False train_time:106266ms step_avg:425.07ms
step:250/1555 val_step:197/320 val_loss:4.6971 chunk_loss:18435.9052 is_adam_step=True train_time:106266ms step_avg:425.07ms
step:250/1555 val_step:198/320 val_loss:4.6976 chunk_loss:18475.7018 is_adam_step=False train_time:106266ms step_avg:425.07ms
step:250/1555 val_step:199/320 val_loss:4.6973 chunk_loss:18037.5082 is_adam_step=True train_time:106266ms step_avg:425.07ms
step:250/1555 val_step:200/320 val_loss:4.6970 chunk_loss:18007.5697 is_adam_step=False train_time:106266ms step_avg:425.07ms
step:250/1555 val_step:201/320 val_loss:4.6958 chunk_loss:17474.4709 is_adam_step=True train_time:106266ms step_avg:425.07ms
step:250/1555 val_step:202/320 val_loss:4.6970 chunk_loss:18910.0177 is_adam_step=False train_time:106266ms step_avg:425.07ms
step:250/1555 val_step:203/320 val_loss:4.6964 chunk_loss:17795.7593 is_adam_step=True train_time:106266ms step_avg:425.07ms
step:250/1555 val_step:204/320 val_loss:4.6959 chunk_loss:17863.9512 is_adam_step=False train_time:106266ms step_avg:425.07ms
step:250/1555 val_step:205/320 val_loss:4.6965 chunk_loss:18533.8369 is_adam_step=True train_time:106266ms step_avg:425.07ms
step:250/1555 val_step:206/320 val_loss:4.6964 chunk_loss:18146.3209 is_adam_step=False train_time:106266ms step_avg:425.07ms
step:250/1555 val_step:207/320 val_loss:4.6963 chunk_loss:18098.3538 is_adam_step=True train_time:106266ms step_avg:425.07ms
step:250/1555 val_step:208/320 val_loss:4.6951 chunk_loss:17414.7034 is_adam_step=False train_time:106266ms step_avg:425.07ms
step:250/1555 val_step:209/320 val_loss:4.6954 chunk_loss:18267.8966 is_adam_step=True train_time:106266ms step_avg:425.07ms
step:250/1555 val_step:210/320 val_loss:4.6940 chunk_loss:17150.8364 is_adam_step=False train_time:106266ms step_avg:425.07ms
step:250/1555 val_step:211/320 val_loss:4.6935 chunk_loss:17861.2202 is_adam_step=True train_time:106266ms step_avg:425.07ms
step:250/1555 val_step:212/320 val_loss:4.6948 chunk_loss:18981.7048 is_adam_step=False train_time:106266ms step_avg:425.07ms
step:250/1555 val_step:213/320 val_loss:4.6946 chunk_loss:18047.6455 is_adam_step=True train_time:106266ms step_avg:425.07ms
step:250/1555 val_step:214/320 val_loss:4.6953 chunk_loss:18558.2322 is_adam_step=False train_time:106266ms step_avg:425.07ms
step:250/1555 val_step:215/320 val_loss:4.6943 chunk_loss:17476.2817 is_adam_step=True train_time:106266ms step_avg:425.07ms
step:250/1555 val_step:216/320 val_loss:4.6939 chunk_loss:17757.4763 is_adam_step=False train_time:106266ms step_avg:425.07ms
step:250/1555 val_step:217/320 val_loss:4.6945 chunk_loss:18660.4570 is_adam_step=True train_time:106266ms step_avg:425.07ms
step:250/1555 val_step:218/320 val_loss:4.6947 chunk_loss:18244.8726 is_adam_step=False train_time:106266ms step_avg:425.07ms
step:250/1555 val_step:219/320 val_loss:4.6946 chunk_loss:18073.1079 is_adam_step=True train_time:106266ms step_avg:425.07ms
step:250/1555 val_step:220/320 val_loss:4.6947 chunk_loss:18215.1301 is_adam_step=False train_time:106266ms step_avg:425.07ms
step:250/1555 val_step:221/320 val_loss:4.6945 chunk_loss:18096.5406 is_adam_step=True train_time:106266ms step_avg:425.07ms
step:250/1555 val_step:222/320 val_loss:4.6944 chunk_loss:18143.4901 is_adam_step=False train_time:106266ms step_avg:425.07ms
step:250/1555 val_step:223/320 val_loss:4.6942 chunk_loss:18054.8076 is_adam_step=True train_time:106266ms step_avg:425.07ms
step:250/1555 val_step:224/320 val_loss:4.6937 chunk_loss:17911.1684 is_adam_step=False train_time:106266ms step_avg:425.07ms
step:250/1555 val_step:225/320 val_loss:4.6936 chunk_loss:18041.2795 is_adam_step=True train_time:106266ms step_avg:425.07ms
step:250/1555 val_step:226/320 val_loss:4.6930 chunk_loss:17745.1304 is_adam_step=False train_time:106266ms step_avg:425.07ms
step:250/1555 val_step:227/320 val_loss:4.6930 chunk_loss:18146.0506 is_adam_step=True train_time:106266ms step_avg:425.07ms
step:250/1555 val_step:228/320 val_loss:4.6933 chunk_loss:18344.8397 is_adam_step=False train_time:106266ms step_avg:425.07ms
step:250/1555 val_step:229/320 val_loss:4.6939 chunk_loss:18610.7316 is_adam_step=True train_time:106266ms step_avg:425.07ms
step:250/1555 val_step:230/320 val_loss:4.6937 chunk_loss:17929.1738 is_adam_step=False train_time:106266ms step_avg:425.07ms
step:250/1555 val_step:231/320 val_loss:4.6938 chunk_loss:18266.1079 is_adam_step=True train_time:106266ms step_avg:425.07ms
step:250/1555 val_step:232/320 val_loss:4.6944 chunk_loss:18655.5168 is_adam_step=False train_time:106266ms step_avg:425.07ms
step:250/1555 val_step:233/320 val_loss:4.6943 chunk_loss:18029.4644 is_adam_step=True train_time:106266ms step_avg:425.07ms
step:250/1555 val_step:234/320 val_loss:4.6946 chunk_loss:18445.3221 is_adam_step=False train_time:106266ms step_avg:425.07ms
step:250/1555 val_step:235/320 val_loss:4.6948 chunk_loss:18485.2826 is_adam_step=True train_time:106266ms step_avg:425.07ms
step:250/1555 val_step:236/320 val_loss:4.6951 chunk_loss:18472.3641 is_adam_step=False train_time:106266ms step_avg:425.07ms
step:250/1555 val_step:237/320 val_loss:4.6952 chunk_loss:18303.1902 is_adam_step=True train_time:106266ms step_avg:425.07ms
step:250/1555 val_step:238/320 val_loss:4.6952 chunk_loss:18190.4265 is_adam_step=False train_time:106266ms step_avg:425.07ms
step:250/1555 val_step:239/320 val_loss:4.6950 chunk_loss:18007.8385 is_adam_step=True train_time:106266ms step_avg:425.07ms
step:250/1555 val_step:240/320 val_loss:4.6951 chunk_loss:18339.5775 is_adam_step=False train_time:106266ms step_avg:425.07ms
step:250/1555 val_step:241/320 val_loss:4.6952 chunk_loss:18435.4257 is_adam_step=True train_time:106266ms step_avg:425.07ms
step:250/1555 val_step:242/320 val_loss:4.6962 chunk_loss:18883.7958 is_adam_step=False train_time:106266ms step_avg:425.07ms
step:250/1555 val_step:243/320 val_loss:4.6958 chunk_loss:17880.4661 is_adam_step=True train_time:106266ms step_avg:425.07ms
step:250/1555 val_step:244/320 val_loss:4.6963 chunk_loss:18552.5096 is_adam_step=False train_time:106266ms step_avg:425.07ms
step:250/1555 val_step:245/320 val_loss:4.6964 chunk_loss:18302.3239 is_adam_step=True train_time:106266ms step_avg:425.07ms
step:250/1555 val_step:246/320 val_loss:4.6967 chunk_loss:18409.7323 is_adam_step=False train_time:106266ms step_avg:425.07ms
step:250/1555 val_step:247/320 val_loss:4.6965 chunk_loss:17951.5188 is_adam_step=True train_time:106266ms step_avg:425.07ms
step:250/1555 val_step:248/320 val_loss:4.6964 chunk_loss:18100.0432 is_adam_step=False train_time:106266ms step_avg:425.07ms
step:250/1555 val_step:249/320 val_loss:4.6971 chunk_loss:18749.7518 is_adam_step=True train_time:106266ms step_avg:425.07ms
step:250/1555 val_step:250/320 val_loss:4.6972 chunk_loss:18162.0892 is_adam_step=False train_time:106266ms step_avg:425.07ms
step:250/1555 val_step:251/320 val_loss:4.6971 chunk_loss:18171.3875 is_adam_step=True train_time:106266ms step_avg:425.07ms
step:250/1555 val_step:252/320 val_loss:4.6977 chunk_loss:18678.7305 is_adam_step=False train_time:106266ms step_avg:425.07ms
step:250/1555 val_step:253/320 val_loss:4.6973 chunk_loss:17834.7687 is_adam_step=True train_time:106266ms step_avg:425.07ms
step:250/1555 val_step:254/320 val_loss:4.6974 chunk_loss:18143.1160 is_adam_step=False train_time:106266ms step_avg:425.07ms
step:250/1555 val_step:255/320 val_loss:4.6975 chunk_loss:18344.5708 is_adam_step=True train_time:106266ms step_avg:425.07ms
step:250/1555 val_step:256/320 val_loss:4.6974 chunk_loss:18157.8709 is_adam_step=False train_time:106266ms step_avg:425.07ms
step:250/1555 val_step:257/320 val_loss:4.6982 chunk_loss:18738.5426 is_adam_step=True train_time:106266ms step_avg:425.07ms
step:250/1555 val_step:258/320 val_loss:4.6978 chunk_loss:17756.3297 is_adam_step=False train_time:106266ms step_avg:425.07ms
step:250/1555 val_step:259/320 val_loss:4.6976 chunk_loss:17982.8506 is_adam_step=True train_time:106266ms step_avg:425.07ms
step:250/1555 val_step:260/320 val_loss:4.6978 chunk_loss:18408.9014 is_adam_step=False train_time:106266ms step_avg:425.07ms
step:250/1555 val_step:261/320 val_loss:4.6981 chunk_loss:18486.9048 is_adam_step=True train_time:106266ms step_avg:425.07ms
step:250/1555 val_step:262/320 val_loss:4.6985 chunk_loss:18418.4414 is_adam_step=False train_time:106266ms step_avg:425.07ms
step:250/1555 val_step:263/320 val_loss:4.6985 chunk_loss:18134.5490 is_adam_step=True train_time:106266ms step_avg:425.07ms
step:250/1555 val_step:264/320 val_loss:4.6987 chunk_loss:18296.3053 is_adam_step=False train_time:106266ms step_avg:425.07ms
step:250/1555 val_step:265/320 val_loss:4.6985 chunk_loss:18067.3228 is_adam_step=True train_time:106266ms step_avg:425.07ms
step:250/1555 val_step:266/320 val_loss:4.6991 chunk_loss:18736.8279 is_adam_step=False train_time:106266ms step_avg:425.07ms
step:250/1555 val_step:267/320 val_loss:4.6990 chunk_loss:17992.2244 is_adam_step=True train_time:106266ms step_avg:425.07ms
step:250/1555 val_step:268/320 val_loss:4.6990 chunk_loss:18186.2257 is_adam_step=False train_time:106266ms step_avg:425.07ms
step:250/1555 val_step:269/320 val_loss:4.6991 chunk_loss:18227.7754 is_adam_step=True train_time:106266ms step_avg:425.07ms
step:250/1555 val_step:270/320 val_loss:4.6989 chunk_loss:18031.1120 is_adam_step=False train_time:106266ms step_avg:425.07ms
step:250/1555 val_step:271/320 val_loss:4.6987 chunk_loss:17961.3879 is_adam_step=True train_time:106266ms step_avg:425.07ms
step:250/1555 val_step:272/320 val_loss:4.6985 chunk_loss:18085.7969 is_adam_step=False train_time:106266ms step_avg:425.07ms
step:250/1555 val_step:273/320 val_loss:4.6989 chunk_loss:18537.2241 is_adam_step=True train_time:106266ms step_avg:425.07ms
step:250/1555 val_step:274/320 val_loss:4.6993 chunk_loss:18407.4299 is_adam_step=False train_time:106266ms step_avg:425.07ms
step:250/1555 val_step:275/320 val_loss:4.7005 chunk_loss:19280.4070 is_adam_step=True train_time:106266ms step_avg:425.07ms
step:250/1555 val_step:276/320 val_loss:4.7006 chunk_loss:18310.6674 is_adam_step=False train_time:106266ms step_avg:425.07ms
step:250/1555 val_step:277/320 val_loss:4.7007 chunk_loss:18289.8309 is_adam_step=True train_time:106266ms step_avg:425.07ms
step:250/1555 val_step:278/320 val_loss:4.7010 chunk_loss:18577.2609 is_adam_step=False train_time:106266ms step_avg:425.07ms
step:250/1555 val_step:279/320 val_loss:4.7021 chunk_loss:19134.6216 is_adam_step=True train_time:106266ms step_avg:425.07ms
step:250/1555 val_step:280/320 val_loss:4.7029 chunk_loss:18912.4602 is_adam_step=False train_time:106266ms step_avg:425.07ms
step:250/1555 val_step:281/320 val_loss:4.7031 chunk_loss:18394.9624 is_adam_step=True train_time:106266ms step_avg:425.07ms
step:250/1555 val_step:282/320 val_loss:4.7039 chunk_loss:19074.9064 is_adam_step=False train_time:106266ms step_avg:425.07ms
step:250/1555 val_step:283/320 val_loss:4.7042 chunk_loss:18457.8158 is_adam_step=True train_time:106266ms step_avg:425.07ms
step:250/1555 val_step:284/320 val_loss:4.7054 chunk_loss:19235.7482 is_adam_step=False train_time:106266ms step_avg:425.07ms
step:250/1555 val_step:285/320 val_loss:4.7054 chunk_loss:18129.6972 is_adam_step=True train_time:106266ms step_avg:425.07ms
step:250/1555 val_step:286/320 val_loss:4.7059 chunk_loss:18590.9000 is_adam_step=False train_time:106266ms step_avg:425.07ms
step:250/1555 val_step:287/320 val_loss:4.7064 chunk_loss:18703.5552 is_adam_step=True train_time:106266ms step_avg:425.07ms
step:250/1555 val_step:288/320 val_loss:4.7070 chunk_loss:18743.8658 is_adam_step=False train_time:106266ms step_avg:425.07ms
step:250/1555 val_step:289/320 val_loss:4.7079 chunk_loss:19051.1677 is_adam_step=True train_time:106266ms step_avg:425.07ms
step:250/1555 val_step:290/320 val_loss:4.7087 chunk_loss:18898.0273 is_adam_step=False train_time:106266ms step_avg:425.07ms
step:250/1555 val_step:291/320 val_loss:4.7090 chunk_loss:18341.8276 is_adam_step=True train_time:106266ms step_avg:425.07ms
step:250/1555 val_step:292/320 val_loss:4.7093 chunk_loss:18369.3190 is_adam_step=False train_time:106266ms step_avg:425.07ms
step:250/1555 val_step:293/320 val_loss:4.7094 chunk_loss:18339.5940 is_adam_step=True train_time:106266ms step_avg:425.07ms
step:250/1555 val_step:294/320 val_loss:4.7100 chunk_loss:18690.5431 is_adam_step=False train_time:106266ms step_avg:425.07ms
step:250/1555 val_step:295/320 val_loss:4.7105 chunk_loss:18628.5573 is_adam_step=True train_time:106266ms step_avg:425.07ms
step:250/1555 val_step:296/320 val_loss:4.7108 chunk_loss:18487.7268 is_adam_step=False train_time:106266ms step_avg:425.07ms
step:250/1555 val_step:297/320 val_loss:4.7109 chunk_loss:18343.7324 is_adam_step=True train_time:106266ms step_avg:425.07ms
step:250/1555 val_step:298/320 val_loss:4.7110 chunk_loss:18367.7720 is_adam_step=False train_time:106266ms step_avg:425.07ms
step:250/1555 val_step:299/320 val_loss:4.7113 chunk_loss:18445.8162 is_adam_step=True train_time:106266ms step_avg:425.07ms
step:250/1555 val_step:300/320 val_loss:4.7111 chunk_loss:18112.5913 is_adam_step=False train_time:106266ms step_avg:425.07ms
step:250/1555 val_step:301/320 val_loss:4.7111 chunk_loss:18207.1146 is_adam_step=True train_time:106266ms step_avg:425.07ms
step:250/1555 val_step:302/320 val_loss:4.7116 chunk_loss:18749.9049 is_adam_step=False train_time:106266ms step_avg:425.07ms
step:250/1555 val_step:303/320 val_loss:4.7123 chunk_loss:18847.4258 is_adam_step=True train_time:106266ms step_avg:425.07ms
step:250/1555 val_step:304/320 val_loss:4.7119 chunk_loss:17796.3455 is_adam_step=False train_time:106266ms step_avg:425.07ms
step:250/1555 val_step:305/320 val_loss:4.7120 chunk_loss:18316.5864 is_adam_step=True train_time:106266ms step_avg:425.07ms
step:250/1555 val_step:306/320 val_loss:4.7123 chunk_loss:18568.9241 is_adam_step=False train_time:106266ms step_avg:425.07ms
step:250/1555 val_step:307/320 val_loss:4.7126 chunk_loss:18507.8394 is_adam_step=True train_time:106266ms step_avg:425.07ms
step:250/1555 val_step:308/320 val_loss:4.7131 chunk_loss:18744.3274 is_adam_step=False train_time:106266ms step_avg:425.07ms
step:250/1555 val_step:309/320 val_loss:4.7138 chunk_loss:18875.7592 is_adam_step=True train_time:106266ms step_avg:425.07ms
step:250/1555 val_step:310/320 val_loss:4.7139 chunk_loss:18254.7480 is_adam_step=False train_time:106266ms step_avg:425.07ms
step:250/1555 val_step:311/320 val_loss:4.7145 chunk_loss:18790.6257 is_adam_step=True train_time:106266ms step_avg:425.07ms
step:250/1555 val_step:312/320 val_loss:4.7151 chunk_loss:18711.5117 is_adam_step=False train_time:106266ms step_avg:425.07ms
step:250/1555 val_step:313/320 val_loss:4.7156 chunk_loss:18710.4673 is_adam_step=True train_time:106266ms step_avg:425.07ms
step:250/1555 val_step:314/320 val_loss:4.7164 chunk_loss:19042.6858 is_adam_step=False train_time:106266ms step_avg:425.07ms
step:250/1555 val_step:315/320 val_loss:4.7168 chunk_loss:18691.3761 is_adam_step=True train_time:106266ms step_avg:425.07ms
step:250/1555 val_step:316/320 val_loss:4.7169 chunk_loss:18254.3724 is_adam_step=False train_time:106266ms step_avg:425.07ms
step:250/1555 val_step:317/320 val_loss:4.7173 chunk_loss:18550.4136 is_adam_step=True train_time:106266ms step_avg:425.07ms
step:250/1555 val_step:318/320 val_loss:4.7177 chunk_loss:18665.2025 is_adam_step=False train_time:106266ms step_avg:425.07ms
step:250/1555 val_step:319/320 val_loss:4.7179 chunk_loss:18444.6775 is_adam_step=True train_time:106266ms step_avg:425.07ms
step:250/1555 val_loss:4.7179 train_time:106266ms step_avg:425.07ms
step:251/1555 loss.item()=140387.359375 train_time:106668ms step_avg:424.97ms
step:252/1555 loss.item()=139126.640625 train_time:107081ms step_avg:424.92ms
step:253/1555 loss.item()=137312.265625 train_time:107517ms step_avg:424.97ms
step:254/1555 loss.item()=137391.1875 train_time:107931ms step_avg:424.93ms
step:255/1555 loss.item()=141971.03125 train_time:108359ms step_avg:424.94ms
step:256/1555 loss.item()=138440.40625 train_time:108776ms step_avg:424.91ms
step:257/1555 loss.item()=142731.1875 train_time:109199ms step_avg:424.90ms
step:258/1555 loss.item()=142726.765625 train_time:109623ms step_avg:424.89ms
step:259/1555 loss.item()=137606.6875 train_time:110043ms step_avg:424.88ms
step:260/1555 loss.item()=140587.46875 train_time:110464ms step_avg:424.86ms
step:261/1555 loss.item()=137913.765625 train_time:110886ms step_avg:424.85ms
step:262/1555 loss.item()=138100.828125 train_time:111305ms step_avg:424.83ms
step:263/1555 loss.item()=137923.125 train_time:111724ms step_avg:424.81ms
step:264/1555 loss.item()=141886.5625 train_time:112138ms step_avg:424.77ms
step:265/1555 loss.item()=137533.71875 train_time:112559ms step_avg:424.75ms
step:266/1555 loss.item()=140173.84375 train_time:112973ms step_avg:424.71ms
step:267/1555 loss.item()=141288.375 train_time:113395ms step_avg:424.70ms
step:268/1555 loss.item()=140688.109375 train_time:113812ms step_avg:424.67ms
step:269/1555 loss.item()=141088.1875 train_time:114232ms step_avg:424.66ms
step:270/1555 loss.item()=137384.0625 train_time:114651ms step_avg:424.63ms
step:271/1555 loss.item()=135140.25 train_time:115066ms step_avg:424.60ms
step:272/1555 loss.item()=140238.25 train_time:115484ms step_avg:424.57ms
step:273/1555 loss.item()=136399.5 train_time:115904ms step_avg:424.56ms
step:274/1555 loss.item()=140874.609375 train_time:116317ms step_avg:424.51ms
step:275/1555 loss.item()=132139.3125 train_time:116738ms step_avg:424.50ms
step:276/1555 loss.item()=140562.984375 train_time:117153ms step_avg:424.47ms
step:277/1555 loss.item()=141064.96875 train_time:117572ms step_avg:424.45ms
step:278/1555 loss.item()=136474.84375 train_time:117990ms step_avg:424.42ms
step:279/1555 loss.item()=136179.265625 train_time:118409ms step_avg:424.41ms
step:280/1555 loss.item()=138177.3125 train_time:118825ms step_avg:424.38ms
step:281/1555 loss.item()=140471.34375 train_time:119248ms step_avg:424.37ms
step:282/1555 loss.item()=139249.8125 train_time:119665ms step_avg:424.34ms
step:283/1555 loss.item()=142452.96875 train_time:120085ms step_avg:424.33ms
step:284/1555 loss.item()=140725.59375 train_time:120502ms step_avg:424.30ms
step:285/1555 loss.item()=135610.625 train_time:120923ms step_avg:424.29ms
step:286/1555 loss.item()=144373.5 train_time:121338ms step_avg:424.26ms
step:287/1555 loss.item()=134070.921875 train_time:121759ms step_avg:424.25ms
step:288/1555 loss.item()=136901.5625 train_time:122175ms step_avg:424.22ms
step:289/1555 loss.item()=140221.3125 train_time:122597ms step_avg:424.21ms
step:290/1555 loss.item()=138377.734375 train_time:123016ms step_avg:424.19ms
step:291/1555 loss.item()=132813.1875 train_time:123436ms step_avg:424.18ms
step:292/1555 loss.item()=136179.703125 train_time:123854ms step_avg:424.16ms
step:293/1555 loss.item()=136740.765625 train_time:124274ms step_avg:424.14ms
step:294/1555 loss.item()=139024.015625 train_time:124691ms step_avg:424.12ms
step:295/1555 loss.item()=134550.6875 train_time:125114ms step_avg:424.12ms
step:296/1555 loss.item()=137258.640625 train_time:125528ms step_avg:424.08ms
step:297/1555 loss.item()=135488.78125 train_time:125949ms step_avg:424.07ms
step:298/1555 loss.item()=137600.328125 train_time:126367ms step_avg:424.05ms
step:299/1555 loss.item()=135887.3125 train_time:126788ms step_avg:424.04ms
step:300/1555 loss.item()=136303.078125 train_time:127204ms step_avg:424.01ms
step:301/1555 loss.item()=141909.015625 train_time:127624ms step_avg:424.00ms
step:302/1555 loss.item()=137495.28125 train_time:128039ms step_avg:423.97ms
step:303/1555 loss.item()=133041.0 train_time:128461ms step_avg:423.96ms
step:304/1555 loss.item()=139004.296875 train_time:128877ms step_avg:423.94ms
step:305/1555 loss.item()=132819.96875 train_time:129300ms step_avg:423.93ms
step:306/1555 loss.item()=136338.03125 train_time:129718ms step_avg:423.92ms
step:307/1555 loss.item()=137724.359375 train_time:130137ms step_avg:423.90ms
step:308/1555 loss.item()=133503.1875 train_time:130554ms step_avg:423.88ms
step:309/1555 loss.item()=136059.96875 train_time:130975ms step_avg:423.87ms
step:310/1555 loss.item()=138326.25 train_time:131390ms step_avg:423.84ms
step:311/1555 loss.item()=132790.671875 train_time:131812ms step_avg:423.83ms
step:312/1555 loss.item()=136070.375 train_time:132228ms step_avg:423.81ms
step:313/1555 loss.item()=137814.671875 train_time:132650ms step_avg:423.80ms
step:314/1555 loss.item()=134487.59375 train_time:133069ms step_avg:423.79ms
step:315/1555 loss.item()=138528.875 train_time:133492ms step_avg:423.78ms
step:316/1555 loss.item()=136387.6875 train_time:133913ms step_avg:423.78ms
step:317/1555 loss.item()=137494.875 train_time:134336ms step_avg:423.77ms
step:318/1555 loss.item()=139529.515625 train_time:134757ms step_avg:423.76ms
step:319/1555 loss.item()=134414.28125 train_time:135180ms step_avg:423.76ms
step:320/1555 loss.item()=139047.625 train_time:135603ms step_avg:423.76ms
step:321/1555 loss.item()=132744.0625 train_time:136024ms step_avg:423.75ms
step:322/1555 loss.item()=132134.625 train_time:136443ms step_avg:423.74ms
step:323/1555 loss.item()=138327.15625 train_time:136870ms step_avg:423.75ms
step:324/1555 loss.item()=137128.921875 train_time:137288ms step_avg:423.73ms
step:325/1555 loss.item()=134527.125 train_time:137713ms step_avg:423.73ms
step:326/1555 loss.item()=133090.28125 train_time:138134ms step_avg:423.72ms
step:327/1555 loss.item()=130126.203125 train_time:138557ms step_avg:423.72ms
step:328/1555 loss.item()=134884.1875 train_time:138976ms step_avg:423.71ms
step:329/1555 loss.item()=133228.65625 train_time:139402ms step_avg:423.71ms
step:330/1555 loss.item()=137873.609375 train_time:139822ms step_avg:423.70ms
step:331/1555 loss.item()=135202.640625 train_time:140247ms step_avg:423.71ms
step:332/1555 loss.item()=133422.21875 train_time:140669ms step_avg:423.70ms
step:333/1555 loss.item()=130214.84375 train_time:141091ms step_avg:423.70ms
step:334/1555 loss.item()=134349.578125 train_time:141509ms step_avg:423.68ms
step:335/1555 loss.item()=133610.828125 train_time:141928ms step_avg:423.67ms
step:336/1555 loss.item()=130136.828125 train_time:142346ms step_avg:423.65ms
step:337/1555 loss.item()=134476.875 train_time:142768ms step_avg:423.64ms
step:338/1555 loss.item()=133542.53125 train_time:143185ms step_avg:423.63ms
step:339/1555 loss.item()=130736.78125 train_time:143607ms step_avg:423.62ms
step:340/1555 loss.item()=133776.25 train_time:144022ms step_avg:423.59ms
step:341/1555 loss.item()=127566.4765625 train_time:144443ms step_avg:423.59ms
step:342/1555 loss.item()=137911.125 train_time:144863ms step_avg:423.58ms
step:343/1555 loss.item()=133012.125 train_time:145285ms step_avg:423.57ms
step:344/1555 loss.item()=133091.25 train_time:145705ms step_avg:423.56ms
step:345/1555 loss.item()=134398.90625 train_time:146123ms step_avg:423.55ms
step:346/1555 loss.item()=133349.296875 train_time:146541ms step_avg:423.53ms
step:347/1555 loss.item()=124316.3984375 train_time:146965ms step_avg:423.53ms
step:348/1555 loss.item()=133810.65625 train_time:147379ms step_avg:423.50ms
step:349/1555 loss.item()=133695.515625 train_time:147804ms step_avg:423.51ms
step:350/1555 loss.item()=132584.796875 train_time:148219ms step_avg:423.48ms
step:351/1555 loss.item()=133635.75 train_time:148640ms step_avg:423.48ms
step:352/1555 loss.item()=132928.5 train_time:149059ms step_avg:423.46ms
step:353/1555 loss.item()=132468.6875 train_time:149477ms step_avg:423.45ms
step:354/1555 loss.item()=135435.59375 train_time:149897ms step_avg:423.44ms
step:355/1555 loss.item()=134485.0625 train_time:150317ms step_avg:423.43ms
step:356/1555 loss.item()=129713.796875 train_time:150737ms step_avg:423.42ms
step:357/1555 loss.item()=132359.15625 train_time:151158ms step_avg:423.41ms
step:358/1555 loss.item()=131103.953125 train_time:151573ms step_avg:423.39ms
step:359/1555 loss.item()=127305.7890625 train_time:151997ms step_avg:423.39ms
step:360/1555 loss.item()=131299.984375 train_time:152416ms step_avg:423.38ms
step:361/1555 loss.item()=134438.4375 train_time:152837ms step_avg:423.37ms
step:362/1555 loss.item()=130237.0 train_time:153255ms step_avg:423.36ms
step:363/1555 loss.item()=129948.6015625 train_time:153675ms step_avg:423.35ms
step:364/1555 loss.item()=131372.6875 train_time:154095ms step_avg:423.34ms
step:365/1555 loss.item()=135645.578125 train_time:154517ms step_avg:423.33ms
step:366/1555 loss.item()=128871.453125 train_time:154936ms step_avg:423.32ms
step:367/1555 loss.item()=132006.40625 train_time:155358ms step_avg:423.32ms
step:368/1555 loss.item()=130494.0625 train_time:155774ms step_avg:423.30ms
step:369/1555 loss.item()=131546.125 train_time:156198ms step_avg:423.30ms
step:370/1555 loss.item()=132775.6875 train_time:156617ms step_avg:423.29ms
step:371/1555 loss.item()=128792.71875 train_time:157039ms step_avg:423.28ms
step:372/1555 loss.item()=133959.125 train_time:157456ms step_avg:423.27ms
step:373/1555 loss.item()=133729.53125 train_time:157875ms step_avg:423.26ms
step:374/1555 loss.item()=130872.1796875 train_time:158294ms step_avg:423.24ms
step:375/1555 loss.item()=131210.125 train_time:158716ms step_avg:423.24ms
step:376/1555 loss.item()=129590.7890625 train_time:159134ms step_avg:423.23ms
step:377/1555 loss.item()=133324.875 train_time:159556ms step_avg:423.23ms
step:378/1555 loss.item()=130165.859375 train_time:159970ms step_avg:423.20ms
step:379/1555 loss.item()=130235.75 train_time:160392ms step_avg:423.20ms
step:380/1555 loss.item()=128341.1015625 train_time:160808ms step_avg:423.18ms
step:381/1555 loss.item()=127108.1015625 train_time:161227ms step_avg:423.17ms
step:382/1555 loss.item()=128970.921875 train_time:161647ms step_avg:423.16ms
step:383/1555 loss.item()=129530.4375 train_time:162068ms step_avg:423.15ms
step:384/1555 loss.item()=131207.09375 train_time:162486ms step_avg:423.14ms
step:385/1555 loss.item()=128285.703125 train_time:162907ms step_avg:423.14ms
step:386/1555 loss.item()=129961.3515625 train_time:163324ms step_avg:423.12ms
step:387/1555 loss.item()=128314.734375 train_time:163747ms step_avg:423.12ms
step:388/1555 loss.item()=129015.9140625 train_time:164167ms step_avg:423.11ms
step:389/1555 loss.item()=133328.625 train_time:164588ms step_avg:423.11ms
step:390/1555 loss.item()=133159.53125 train_time:165006ms step_avg:423.09ms
step:391/1555 loss.item()=125904.9375 train_time:165426ms step_avg:423.08ms
step:392/1555 loss.item()=124956.65625 train_time:165845ms step_avg:423.07ms
step:393/1555 loss.item()=126888.890625 train_time:166267ms step_avg:423.07ms
step:394/1555 loss.item()=131168.078125 train_time:166686ms step_avg:423.06ms
step:395/1555 loss.item()=125840.75 train_time:167106ms step_avg:423.05ms
step:396/1555 loss.item()=126412.375 train_time:167522ms step_avg:423.04ms
step:397/1555 loss.item()=125823.9609375 train_time:167946ms step_avg:423.04ms
step:398/1555 loss.item()=129273.515625 train_time:168365ms step_avg:423.03ms
step:399/1555 loss.item()=127726.3125 train_time:168788ms step_avg:423.03ms
step:400/1555 loss.item()=132551.09375 train_time:169205ms step_avg:423.01ms
step:401/1555 loss.item()=129880.34375 train_time:169625ms step_avg:423.00ms
step:402/1555 loss.item()=131670.046875 train_time:170045ms step_avg:423.00ms
step:403/1555 loss.item()=127793.1171875 train_time:170469ms step_avg:423.00ms
step:404/1555 loss.item()=125649.4375 train_time:170891ms step_avg:423.00ms
step:405/1555 loss.item()=128422.3515625 train_time:171320ms step_avg:423.01ms
step:406/1555 loss.item()=125171.640625 train_time:171743ms step_avg:423.01ms
step:407/1555 loss.item()=128091.359375 train_time:172172ms step_avg:423.03ms
step:408/1555 loss.item()=127420.921875 train_time:172595ms step_avg:423.03ms
step:409/1555 loss.item()=129232.6484375 train_time:173022ms step_avg:423.04ms
step:410/1555 loss.item()=123980.609375 train_time:173446ms step_avg:423.04ms
step:411/1555 loss.item()=128863.953125 train_time:173870ms step_avg:423.04ms
step:412/1555 loss.item()=133440.859375 train_time:174292ms step_avg:423.04ms
step:413/1555 loss.item()=125332.734375 train_time:174717ms step_avg:423.04ms
step:414/1555 loss.item()=127885.6875 train_time:175140ms step_avg:423.04ms
step:415/1555 loss.item()=123437.6875 train_time:175564ms step_avg:423.05ms
step:416/1555 loss.item()=125766.6640625 train_time:175985ms step_avg:423.04ms
step:417/1555 loss.item()=128466.09375 train_time:176408ms step_avg:423.04ms
step:418/1555 loss.item()=125077.9375 train_time:176827ms step_avg:423.03ms
step:419/1555 loss.item()=122837.578125 train_time:177253ms step_avg:423.04ms
step:420/1555 loss.item()=130599.515625 train_time:177672ms step_avg:423.03ms
step:421/1555 loss.item()=127124.671875 train_time:178098ms step_avg:423.03ms
step:422/1555 loss.item()=121691.671875 train_time:178519ms step_avg:423.03ms
step:423/1555 loss.item()=126964.0625 train_time:178942ms step_avg:423.03ms
step:424/1555 loss.item()=118839.6796875 train_time:179364ms step_avg:423.03ms
step:425/1555 loss.item()=123563.6015625 train_time:179787ms step_avg:423.03ms
step:426/1555 loss.item()=124154.5 train_time:180207ms step_avg:423.02ms
step:427/1555 loss.item()=121733.703125 train_time:180631ms step_avg:423.02ms
step:428/1555 loss.item()=127866.2421875 train_time:181053ms step_avg:423.02ms
step:429/1555 loss.item()=131082.453125 train_time:181475ms step_avg:423.02ms
step:430/1555 loss.item()=129560.140625 train_time:181895ms step_avg:423.01ms
step:431/1555 loss.item()=122920.828125 train_time:182320ms step_avg:423.02ms
step:432/1555 loss.item()=124342.4765625 train_time:182739ms step_avg:423.01ms
step:433/1555 loss.item()=126424.578125 train_time:183164ms step_avg:423.01ms
step:434/1555 loss.item()=123236.6171875 train_time:183585ms step_avg:423.01ms
step:435/1555 loss.item()=129401.9296875 train_time:184008ms step_avg:423.01ms
step:436/1555 loss.item()=125335.8359375 train_time:184426ms step_avg:423.00ms
step:437/1555 loss.item()=123755.7109375 train_time:184852ms step_avg:423.00ms
step:438/1555 loss.item()=128874.875 train_time:185272ms step_avg:423.00ms
step:439/1555 loss.item()=122797.96875 train_time:185698ms step_avg:423.00ms
step:440/1555 loss.item()=118054.5234375 train_time:186121ms step_avg:423.00ms
step:441/1555 loss.item()=127026.9609375 train_time:186544ms step_avg:423.00ms
step:442/1555 loss.item()=124670.75 train_time:186966ms step_avg:423.00ms
step:443/1555 loss.item()=125341.421875 train_time:187389ms step_avg:423.00ms
step:444/1555 loss.item()=120974.734375 train_time:187808ms step_avg:422.99ms
step:445/1555 loss.item()=122953.59375 train_time:188233ms step_avg:423.00ms
step:446/1555 loss.item()=118326.9765625 train_time:188655ms step_avg:422.99ms
step:447/1555 loss.item()=122906.890625 train_time:189079ms step_avg:423.00ms
step:448/1555 loss.item()=121272.484375 train_time:189501ms step_avg:422.99ms
step:449/1555 loss.item()=126598.59375 train_time:189925ms step_avg:423.00ms
step:450/1555 loss.item()=137394.125 train_time:190344ms step_avg:422.99ms
step:451/1555 loss.item()=124413.390625 train_time:190770ms step_avg:422.99ms
step:452/1555 loss.item()=128885.15625 train_time:191190ms step_avg:422.99ms
step:453/1555 loss.item()=123277.421875 train_time:191615ms step_avg:422.99ms
step:454/1555 loss.item()=123456.3515625 train_time:192036ms step_avg:422.99ms
step:455/1555 loss.item()=122315.65625 train_time:192460ms step_avg:422.99ms
step:456/1555 loss.item()=129675.515625 train_time:192880ms step_avg:422.98ms
step:457/1555 loss.item()=123151.0546875 train_time:193306ms step_avg:422.99ms
step:458/1555 loss.item()=120345.2265625 train_time:193724ms step_avg:422.98ms
step:459/1555 loss.item()=126917.953125 train_time:194149ms step_avg:422.98ms
step:460/1555 loss.item()=125127.40625 train_time:194571ms step_avg:422.98ms
step:461/1555 loss.item()=123378.8984375 train_time:194996ms step_avg:422.98ms
step:462/1555 loss.item()=123382.34375 train_time:195418ms step_avg:422.98ms
step:463/1555 loss.item()=126976.90625 train_time:195841ms step_avg:422.98ms
step:464/1555 loss.item()=117705.4296875 train_time:196262ms step_avg:422.98ms
step:465/1555 loss.item()=122644.234375 train_time:196689ms step_avg:422.99ms
step:466/1555 loss.item()=124834.828125 train_time:197108ms step_avg:422.98ms
step:467/1555 loss.item()=126629.9921875 train_time:197532ms step_avg:422.98ms
step:468/1555 loss.item()=121584.3046875 train_time:197953ms step_avg:422.98ms
step:469/1555 loss.item()=121086.8515625 train_time:198375ms step_avg:422.98ms
step:470/1555 loss.item()=119998.015625 train_time:198796ms step_avg:422.97ms
step:471/1555 loss.item()=120193.2421875 train_time:199221ms step_avg:422.97ms
step:472/1555 loss.item()=121088.75 train_time:199641ms step_avg:422.97ms
step:473/1555 loss.item()=125260.2421875 train_time:200067ms step_avg:422.98ms
step:474/1555 loss.item()=120668.703125 train_time:200487ms step_avg:422.97ms
step:475/1555 loss.item()=124846.296875 train_time:200911ms step_avg:422.97ms
step:476/1555 loss.item()=123935.0546875 train_time:201330ms step_avg:422.96ms
step:477/1555 loss.item()=125186.109375 train_time:201755ms step_avg:422.97ms
step:478/1555 loss.item()=119946.828125 train_time:202175ms step_avg:422.96ms
step:479/1555 loss.item()=120894.0234375 train_time:202601ms step_avg:422.97ms
step:480/1555 loss.item()=119470.8046875 train_time:203022ms step_avg:422.96ms
step:481/1555 loss.item()=119893.78125 train_time:203446ms step_avg:422.96ms
step:482/1555 loss.item()=118992.71875 train_time:203867ms step_avg:422.96ms
step:483/1555 loss.item()=119577.328125 train_time:204289ms step_avg:422.96ms
step:484/1555 loss.item()=122710.5625 train_time:204711ms step_avg:422.96ms
step:485/1555 loss.item()=119671.6328125 train_time:205135ms step_avg:422.96ms
step:486/1555 loss.item()=121277.5078125 train_time:205557ms step_avg:422.96ms
step:487/1555 loss.item()=117327.234375 train_time:205980ms step_avg:422.96ms
step:488/1555 loss.item()=115588.828125 train_time:206404ms step_avg:422.96ms
step:489/1555 loss.item()=118146.6953125 train_time:206827ms step_avg:422.96ms
step:490/1555 loss.item()=120985.515625 train_time:207249ms step_avg:422.96ms
step:491/1555 loss.item()=121620.953125 train_time:207674ms step_avg:422.96ms
step:492/1555 loss.item()=120406.328125 train_time:208093ms step_avg:422.95ms
step:493/1555 loss.item()=125362.796875 train_time:208521ms step_avg:422.96ms
step:494/1555 loss.item()=119261.6328125 train_time:208940ms step_avg:422.96ms
step:495/1555 loss.item()=119878.0703125 train_time:209366ms step_avg:422.96ms
step:496/1555 loss.item()=120306.6875 train_time:209785ms step_avg:422.95ms
step:497/1555 loss.item()=120010.703125 train_time:210208ms step_avg:422.95ms
step:498/1555 loss.item()=122325.1328125 train_time:210629ms step_avg:422.95ms
step:499/1555 loss.item()=117143.2421875 train_time:211053ms step_avg:422.95ms
step:500/1555 loss.item()=113683.6171875 train_time:211474ms step_avg:422.95ms
step:500/1555 starting test-time training...
step:500/1555 val_step:0/320 val_loss:4.1855 chunk_loss:14961.5088 is_adam_step=False train_time:211486ms step_avg:422.97ms
step:500/1555 val_step:1/320 val_loss:4.2122 chunk_loss:15185.6298 is_adam_step=True train_time:211486ms step_avg:422.97ms
step:500/1555 val_step:2/320 val_loss:4.2541 chunk_loss:15570.4338 is_adam_step=False train_time:211486ms step_avg:422.97ms
step:500/1555 val_step:3/320 val_loss:4.2383 chunk_loss:15094.0178 is_adam_step=True train_time:211486ms step_avg:422.97ms
step:500/1555 val_step:4/320 val_loss:4.2718 chunk_loss:15778.2969 is_adam_step=False train_time:211486ms step_avg:422.97ms
step:500/1555 val_step:5/320 val_loss:4.2799 chunk_loss:15406.5906 is_adam_step=True train_time:211486ms step_avg:422.97ms
step:500/1555 val_step:6/320 val_loss:4.2334 chunk_loss:14271.9739 is_adam_step=False train_time:211486ms step_avg:422.97ms
step:500/1555 val_step:7/320 val_loss:4.2665 chunk_loss:15995.5269 is_adam_step=True train_time:211486ms step_avg:422.97ms
step:500/1555 val_step:8/320 val_loss:4.2822 chunk_loss:15611.3716 is_adam_step=False train_time:211486ms step_avg:422.97ms
step:500/1555 val_step:9/320 val_loss:4.3085 chunk_loss:15965.8470 is_adam_step=True train_time:211486ms step_avg:422.97ms
step:500/1555 val_step:10/320 val_loss:4.3225 chunk_loss:15792.3151 is_adam_step=False train_time:211486ms step_avg:422.97ms
step:500/1555 val_step:11/320 val_loss:4.3248 chunk_loss:15493.4526 is_adam_step=True train_time:211486ms step_avg:422.97ms
step:500/1555 val_step:12/320 val_loss:4.3461 chunk_loss:16155.7839 is_adam_step=False train_time:211486ms step_avg:422.97ms
step:500/1555 val_step:13/320 val_loss:4.3582 chunk_loss:15955.0383 is_adam_step=True train_time:211486ms step_avg:422.97ms
step:500/1555 val_step:14/320 val_loss:4.3648 chunk_loss:15669.8354 is_adam_step=False train_time:211486ms step_avg:422.97ms
step:500/1555 val_step:15/320 val_loss:4.3708 chunk_loss:15704.2770 is_adam_step=True train_time:211486ms step_avg:422.97ms
step:500/1555 val_step:16/320 val_loss:4.3693 chunk_loss:15363.8270 is_adam_step=False train_time:211486ms step_avg:422.97ms
step:500/1555 val_step:17/320 val_loss:4.3931 chunk_loss:16759.6223 is_adam_step=True train_time:211486ms step_avg:422.97ms
step:500/1555 val_step:18/320 val_loss:4.3939 chunk_loss:15564.0712 is_adam_step=False train_time:211486ms step_avg:422.97ms
step:500/1555 val_step:19/320 val_loss:4.4015 chunk_loss:15988.8738 is_adam_step=True train_time:211486ms step_avg:422.97ms
step:500/1555 val_step:20/320 val_loss:4.4089 chunk_loss:16019.9591 is_adam_step=False train_time:211486ms step_avg:422.97ms
step:500/1555 val_step:21/320 val_loss:4.4225 chunk_loss:16544.4796 is_adam_step=True train_time:211486ms step_avg:422.97ms
step:500/1555 val_step:22/320 val_loss:4.4271 chunk_loss:15905.7469 is_adam_step=False train_time:211486ms step_avg:422.97ms
step:500/1555 val_step:23/320 val_loss:4.4394 chunk_loss:16525.8155 is_adam_step=True train_time:211486ms step_avg:422.97ms
step:500/1555 val_step:24/320 val_loss:4.4425 chunk_loss:15876.1473 is_adam_step=False train_time:211486ms step_avg:422.97ms
step:500/1555 val_step:25/320 val_loss:4.4451 chunk_loss:15939.2225 is_adam_step=True train_time:211486ms step_avg:422.97ms
step:500/1555 val_step:26/320 val_loss:4.4633 chunk_loss:17066.2410 is_adam_step=False train_time:211486ms step_avg:422.97ms
step:500/1555 val_step:27/320 val_loss:4.4739 chunk_loss:16566.3087 is_adam_step=True train_time:211486ms step_avg:422.97ms
step:500/1555 val_step:28/320 val_loss:4.4738 chunk_loss:15691.8799 is_adam_step=False train_time:211486ms step_avg:422.97ms
step:500/1555 val_step:29/320 val_loss:4.4724 chunk_loss:15685.1657 is_adam_step=True train_time:211486ms step_avg:422.97ms
step:500/1555 val_step:30/320 val_loss:4.4735 chunk_loss:15882.6485 is_adam_step=False train_time:211486ms step_avg:422.97ms
step:500/1555 val_step:31/320 val_loss:4.4731 chunk_loss:15779.3075 is_adam_step=True train_time:211486ms step_avg:422.97ms
step:500/1555 val_step:32/320 val_loss:4.4722 chunk_loss:15664.8112 is_adam_step=False train_time:211486ms step_avg:422.97ms
step:500/1555 val_step:33/320 val_loss:4.4765 chunk_loss:16210.4894 is_adam_step=True train_time:211486ms step_avg:422.97ms
step:500/1555 val_step:34/320 val_loss:4.4801 chunk_loss:16159.7045 is_adam_step=False train_time:211486ms step_avg:422.97ms
step:500/1555 val_step:35/320 val_loss:4.4815 chunk_loss:15948.5092 is_adam_step=True train_time:211486ms step_avg:422.97ms
step:500/1555 val_step:36/320 val_loss:4.4880 chunk_loss:16531.7540 is_adam_step=False train_time:211486ms step_avg:422.97ms
step:500/1555 val_step:37/320 val_loss:4.4914 chunk_loss:16109.6749 is_adam_step=True train_time:211486ms step_avg:422.97ms
step:500/1555 val_step:38/320 val_loss:4.4871 chunk_loss:15316.3229 is_adam_step=False train_time:211486ms step_avg:422.97ms
step:500/1555 val_step:39/320 val_loss:4.4919 chunk_loss:16480.6868 is_adam_step=True train_time:211486ms step_avg:422.97ms
step:500/1555 val_step:40/320 val_loss:4.4994 chunk_loss:16775.3849 is_adam_step=False train_time:211486ms step_avg:422.97ms
step:500/1555 val_step:41/320 val_loss:4.5064 chunk_loss:16575.5063 is_adam_step=True train_time:211486ms step_avg:422.97ms
step:500/1555 val_step:42/320 val_loss:4.5088 chunk_loss:16216.3838 is_adam_step=False train_time:211486ms step_avg:422.97ms
step:500/1555 val_step:43/320 val_loss:4.5108 chunk_loss:16157.8978 is_adam_step=True train_time:211486ms step_avg:422.97ms
step:500/1555 val_step:44/320 val_loss:4.5172 chunk_loss:16593.3632 is_adam_step=False train_time:211486ms step_avg:422.97ms
step:500/1555 val_step:45/320 val_loss:4.5189 chunk_loss:16102.9070 is_adam_step=True train_time:211486ms step_avg:422.97ms
step:500/1555 val_step:46/320 val_loss:4.5208 chunk_loss:16237.6736 is_adam_step=False train_time:211486ms step_avg:422.97ms
step:500/1555 val_step:47/320 val_loss:4.5238 chunk_loss:16369.4869 is_adam_step=True train_time:211486ms step_avg:422.97ms
step:500/1555 val_step:48/320 val_loss:4.5240 chunk_loss:16021.3267 is_adam_step=False train_time:211486ms step_avg:422.97ms
step:500/1555 val_step:49/320 val_loss:4.5239 chunk_loss:15946.1273 is_adam_step=True train_time:211486ms step_avg:422.97ms
step:500/1555 val_step:50/320 val_loss:4.5245 chunk_loss:16084.3681 is_adam_step=False train_time:211486ms step_avg:422.97ms
step:500/1555 val_step:51/320 val_loss:4.5244 chunk_loss:15881.7681 is_adam_step=True train_time:211486ms step_avg:422.97ms
step:500/1555 val_step:52/320 val_loss:4.5272 chunk_loss:16369.0659 is_adam_step=False train_time:211486ms step_avg:422.97ms
step:500/1555 val_step:53/320 val_loss:4.5274 chunk_loss:15921.1926 is_adam_step=True train_time:211486ms step_avg:422.97ms
step:500/1555 val_step:54/320 val_loss:4.5259 chunk_loss:15680.2698 is_adam_step=False train_time:211486ms step_avg:422.97ms
step:500/1555 val_step:55/320 val_loss:4.5235 chunk_loss:15393.4757 is_adam_step=True train_time:211486ms step_avg:422.97ms
step:500/1555 val_step:56/320 val_loss:4.5229 chunk_loss:15803.4364 is_adam_step=False train_time:211486ms step_avg:422.97ms
step:500/1555 val_step:57/320 val_loss:4.5244 chunk_loss:16271.8192 is_adam_step=True train_time:211486ms step_avg:422.97ms
step:500/1555 val_step:58/320 val_loss:4.5254 chunk_loss:16047.6279 is_adam_step=False train_time:211486ms step_avg:422.97ms
step:500/1555 val_step:59/320 val_loss:4.5273 chunk_loss:16236.6519 is_adam_step=True train_time:211486ms step_avg:422.97ms
step:500/1555 val_step:60/320 val_loss:4.5266 chunk_loss:15809.6100 is_adam_step=False train_time:211486ms step_avg:422.97ms
step:500/1555 val_step:61/320 val_loss:4.5270 chunk_loss:15965.8580 is_adam_step=True train_time:211486ms step_avg:422.97ms
step:500/1555 val_step:62/320 val_loss:4.5275 chunk_loss:15967.8274 is_adam_step=False train_time:211486ms step_avg:422.97ms
step:500/1555 val_step:63/320 val_loss:4.5286 chunk_loss:16163.0288 is_adam_step=True train_time:211486ms step_avg:422.97ms
step:500/1555 val_step:64/320 val_loss:4.5306 chunk_loss:16271.2950 is_adam_step=False train_time:211486ms step_avg:422.97ms
step:500/1555 val_step:65/320 val_loss:4.5331 chunk_loss:16323.6676 is_adam_step=True train_time:211486ms step_avg:422.97ms
step:500/1555 val_step:66/320 val_loss:4.5363 chunk_loss:16575.5124 is_adam_step=False train_time:211486ms step_avg:422.97ms
step:500/1555 val_step:67/320 val_loss:4.5375 chunk_loss:16101.9695 is_adam_step=True train_time:211486ms step_avg:422.97ms
step:500/1555 val_step:68/320 val_loss:4.5360 chunk_loss:15654.4562 is_adam_step=False train_time:211486ms step_avg:422.97ms
step:500/1555 val_step:69/320 val_loss:4.5369 chunk_loss:16089.7731 is_adam_step=True train_time:211486ms step_avg:422.97ms
step:500/1555 val_step:70/320 val_loss:4.5363 chunk_loss:15835.9017 is_adam_step=False train_time:211486ms step_avg:422.97ms
step:500/1555 val_step:71/320 val_loss:4.5341 chunk_loss:15487.5499 is_adam_step=True train_time:211486ms step_avg:422.97ms
step:500/1555 val_step:72/320 val_loss:4.5327 chunk_loss:15640.9187 is_adam_step=False train_time:211486ms step_avg:422.97ms
step:500/1555 val_step:73/320 val_loss:4.5329 chunk_loss:16046.0191 is_adam_step=True train_time:211486ms step_avg:422.97ms
step:500/1555 val_step:74/320 val_loss:4.5361 chunk_loss:16616.1205 is_adam_step=False train_time:211486ms step_avg:422.97ms
step:500/1555 val_step:75/320 val_loss:4.5366 chunk_loss:16108.7156 is_adam_step=True train_time:211486ms step_avg:422.97ms
step:500/1555 val_step:76/320 val_loss:4.5355 chunk_loss:15698.9861 is_adam_step=False train_time:211486ms step_avg:422.97ms
step:500/1555 val_step:77/320 val_loss:4.5377 chunk_loss:16517.2518 is_adam_step=True train_time:211486ms step_avg:422.97ms
step:500/1555 val_step:78/320 val_loss:4.5368 chunk_loss:15741.0256 is_adam_step=False train_time:211486ms step_avg:422.97ms
step:500/1555 val_step:79/320 val_loss:4.5360 chunk_loss:15863.7051 is_adam_step=True train_time:211486ms step_avg:422.97ms
step:500/1555 val_step:80/320 val_loss:4.5354 chunk_loss:15833.3372 is_adam_step=False train_time:211486ms step_avg:422.97ms
step:500/1555 val_step:81/320 val_loss:4.5337 chunk_loss:15539.6392 is_adam_step=True train_time:211486ms step_avg:422.97ms
step:500/1555 val_step:82/320 val_loss:4.5343 chunk_loss:16105.5826 is_adam_step=False train_time:211486ms step_avg:422.97ms
step:500/1555 val_step:83/320 val_loss:4.5324 chunk_loss:15482.6752 is_adam_step=True train_time:211486ms step_avg:422.97ms
step:500/1555 val_step:84/320 val_loss:4.5334 chunk_loss:16198.1349 is_adam_step=False train_time:211486ms step_avg:422.97ms
step:500/1555 val_step:85/320 val_loss:4.5333 chunk_loss:15976.0835 is_adam_step=True train_time:211486ms step_avg:422.97ms
step:500/1555 val_step:86/320 val_loss:4.5340 chunk_loss:16159.0164 is_adam_step=False train_time:211486ms step_avg:422.97ms
step:500/1555 val_step:87/320 val_loss:4.5339 chunk_loss:15883.0587 is_adam_step=True train_time:211486ms step_avg:422.97ms
step:500/1555 val_step:88/320 val_loss:4.5346 chunk_loss:16143.8956 is_adam_step=False train_time:211486ms step_avg:422.97ms
step:500/1555 val_step:89/320 val_loss:4.5351 chunk_loss:16062.6810 is_adam_step=True train_time:211486ms step_avg:422.97ms
step:500/1555 val_step:90/320 val_loss:4.5337 chunk_loss:15567.3220 is_adam_step=False train_time:211486ms step_avg:422.97ms
step:500/1555 val_step:91/320 val_loss:4.5319 chunk_loss:15415.0411 is_adam_step=True train_time:211486ms step_avg:422.97ms
step:500/1555 val_step:92/320 val_loss:4.5335 chunk_loss:16328.8472 is_adam_step=False train_time:211486ms step_avg:422.97ms
step:500/1555 val_step:93/320 val_loss:4.5342 chunk_loss:16112.3475 is_adam_step=True train_time:211486ms step_avg:422.97ms
step:500/1555 val_step:94/320 val_loss:4.5347 chunk_loss:16057.1777 is_adam_step=False train_time:211486ms step_avg:422.97ms
step:500/1555 val_step:95/320 val_loss:4.5351 chunk_loss:16025.7071 is_adam_step=True train_time:211486ms step_avg:422.97ms
step:500/1555 val_step:96/320 val_loss:4.5358 chunk_loss:16114.7161 is_adam_step=False train_time:211486ms step_avg:422.97ms
step:500/1555 val_step:97/320 val_loss:4.5389 chunk_loss:16815.3546 is_adam_step=True train_time:211486ms step_avg:422.97ms
step:500/1555 val_step:98/320 val_loss:4.5400 chunk_loss:16297.4476 is_adam_step=False train_time:211486ms step_avg:422.97ms
step:500/1555 val_step:99/320 val_loss:4.5410 chunk_loss:16272.6714 is_adam_step=True train_time:211486ms step_avg:422.97ms
step:500/1555 val_step:100/320 val_loss:4.5410 chunk_loss:15903.5693 is_adam_step=False train_time:211486ms step_avg:422.97ms
step:500/1555 val_step:101/320 val_loss:4.5401 chunk_loss:15612.6523 is_adam_step=True train_time:211486ms step_avg:422.97ms
step:500/1555 val_step:102/320 val_loss:4.5403 chunk_loss:16010.1770 is_adam_step=False train_time:211486ms step_avg:422.97ms
step:500/1555 val_step:103/320 val_loss:4.5419 chunk_loss:16453.8826 is_adam_step=True train_time:211486ms step_avg:422.97ms
step:500/1555 val_step:104/320 val_loss:4.5417 chunk_loss:15918.4136 is_adam_step=False train_time:211486ms step_avg:422.97ms
step:500/1555 val_step:105/320 val_loss:4.5415 chunk_loss:15886.7148 is_adam_step=True train_time:211486ms step_avg:422.97ms
step:500/1555 val_step:106/320 val_loss:4.5396 chunk_loss:15319.4330 is_adam_step=False train_time:211486ms step_avg:422.97ms
step:500/1555 val_step:107/320 val_loss:4.5386 chunk_loss:15646.0617 is_adam_step=True train_time:211486ms step_avg:422.97ms
step:500/1555 val_step:108/320 val_loss:4.5379 chunk_loss:15744.4485 is_adam_step=False train_time:211486ms step_avg:422.97ms
step:500/1555 val_step:109/320 val_loss:4.5390 chunk_loss:16321.9391 is_adam_step=True train_time:211486ms step_avg:422.97ms
step:500/1555 val_step:110/320 val_loss:4.5387 chunk_loss:15839.1644 is_adam_step=False train_time:211486ms step_avg:422.97ms
step:500/1555 val_step:111/320 val_loss:4.5398 chunk_loss:16306.4671 is_adam_step=True train_time:211486ms step_avg:422.97ms
step:500/1555 val_step:112/320 val_loss:4.5393 chunk_loss:15695.5330 is_adam_step=False train_time:211486ms step_avg:422.97ms
step:500/1555 val_step:113/320 val_loss:4.5379 chunk_loss:15484.5475 is_adam_step=True train_time:211486ms step_avg:422.97ms
step:500/1555 val_step:114/320 val_loss:4.5362 chunk_loss:15419.0984 is_adam_step=False train_time:211486ms step_avg:422.97ms
step:500/1555 val_step:115/320 val_loss:4.5347 chunk_loss:15385.4464 is_adam_step=True train_time:211486ms step_avg:422.97ms
step:500/1555 val_step:116/320 val_loss:4.5347 chunk_loss:15916.3646 is_adam_step=False train_time:211486ms step_avg:422.97ms
step:500/1555 val_step:117/320 val_loss:4.5352 chunk_loss:16106.6162 is_adam_step=True train_time:211486ms step_avg:422.97ms
step:500/1555 val_step:118/320 val_loss:4.5361 chunk_loss:16301.9758 is_adam_step=False train_time:211486ms step_avg:422.97ms
step:500/1555 val_step:119/320 val_loss:4.5355 chunk_loss:15747.8447 is_adam_step=True train_time:211486ms step_avg:422.97ms
step:500/1555 val_step:120/320 val_loss:4.5361 chunk_loss:16233.4874 is_adam_step=False train_time:211486ms step_avg:422.97ms
step:500/1555 val_step:121/320 val_loss:4.5359 chunk_loss:15911.8484 is_adam_step=True train_time:211486ms step_avg:422.97ms
step:500/1555 val_step:122/320 val_loss:4.5361 chunk_loss:16023.8942 is_adam_step=False train_time:211486ms step_avg:422.97ms
step:500/1555 val_step:123/320 val_loss:4.5363 chunk_loss:16037.3555 is_adam_step=True train_time:211486ms step_avg:422.97ms
step:500/1555 val_step:124/320 val_loss:4.5369 chunk_loss:16251.1336 is_adam_step=False train_time:211486ms step_avg:422.97ms
step:500/1555 val_step:125/320 val_loss:4.5376 chunk_loss:16204.8384 is_adam_step=True train_time:211486ms step_avg:422.97ms
step:500/1555 val_step:126/320 val_loss:4.5365 chunk_loss:15485.5581 is_adam_step=False train_time:211486ms step_avg:422.97ms
step:500/1555 val_step:127/320 val_loss:4.5374 chunk_loss:16266.7396 is_adam_step=True train_time:211486ms step_avg:422.97ms
step:500/1555 val_step:128/320 val_loss:4.5371 chunk_loss:15919.5560 is_adam_step=False train_time:211486ms step_avg:422.97ms
step:500/1555 val_step:129/320 val_loss:4.5363 chunk_loss:15559.8736 is_adam_step=True train_time:211486ms step_avg:422.97ms
step:500/1555 val_step:130/320 val_loss:4.5365 chunk_loss:16084.6127 is_adam_step=False train_time:211486ms step_avg:422.97ms
step:500/1555 val_step:131/320 val_loss:4.5361 chunk_loss:15752.1450 is_adam_step=True train_time:211486ms step_avg:422.97ms
step:500/1555 val_step:132/320 val_loss:4.5383 chunk_loss:16765.6180 is_adam_step=False train_time:211486ms step_avg:422.97ms
step:500/1555 val_step:133/320 val_loss:4.5398 chunk_loss:16507.8243 is_adam_step=True train_time:211486ms step_avg:422.97ms
step:500/1555 val_step:134/320 val_loss:4.5413 chunk_loss:16272.6324 is_adam_step=False train_time:211486ms step_avg:422.97ms
step:500/1555 val_step:135/320 val_loss:4.5414 chunk_loss:16010.5550 is_adam_step=True train_time:211486ms step_avg:422.97ms
step:500/1555 val_step:136/320 val_loss:4.5418 chunk_loss:16084.7009 is_adam_step=False train_time:211486ms step_avg:422.97ms
step:500/1555 val_step:137/320 val_loss:4.5426 chunk_loss:16309.6590 is_adam_step=True train_time:211486ms step_avg:422.97ms
step:500/1555 val_step:138/320 val_loss:4.5447 chunk_loss:16882.9795 is_adam_step=False train_time:211486ms step_avg:422.97ms
step:500/1555 val_step:139/320 val_loss:4.5454 chunk_loss:16293.2489 is_adam_step=True train_time:211486ms step_avg:422.97ms
step:500/1555 val_step:140/320 val_loss:4.5459 chunk_loss:16158.7807 is_adam_step=False train_time:211486ms step_avg:422.97ms
step:500/1555 val_step:141/320 val_loss:4.5459 chunk_loss:15967.3142 is_adam_step=True train_time:211486ms step_avg:422.97ms
step:500/1555 val_step:142/320 val_loss:4.5464 chunk_loss:16140.8014 is_adam_step=False train_time:211486ms step_avg:422.97ms
step:500/1555 val_step:143/320 val_loss:4.5480 chunk_loss:16677.6377 is_adam_step=True train_time:211486ms step_avg:422.97ms
step:500/1555 val_step:144/320 val_loss:4.5495 chunk_loss:16566.7387 is_adam_step=False train_time:211486ms step_avg:422.97ms
step:500/1555 val_step:145/320 val_loss:4.5493 chunk_loss:15918.3447 is_adam_step=True train_time:211486ms step_avg:422.97ms
step:500/1555 val_step:146/320 val_loss:4.5495 chunk_loss:16076.3700 is_adam_step=False train_time:211486ms step_avg:422.97ms
step:500/1555 val_step:147/320 val_loss:4.5502 chunk_loss:16231.7230 is_adam_step=True train_time:211486ms step_avg:422.97ms
step:500/1555 val_step:148/320 val_loss:4.5509 chunk_loss:16300.8094 is_adam_step=False train_time:211486ms step_avg:422.97ms
step:500/1555 val_step:149/320 val_loss:4.5501 chunk_loss:15597.0315 is_adam_step=True train_time:211486ms step_avg:422.97ms
step:500/1555 val_step:150/320 val_loss:4.5496 chunk_loss:15780.0019 is_adam_step=False train_time:211486ms step_avg:422.97ms
step:500/1555 val_step:151/320 val_loss:4.5499 chunk_loss:16125.6516 is_adam_step=True train_time:211486ms step_avg:422.97ms
step:500/1555 val_step:152/320 val_loss:4.5491 chunk_loss:15563.2569 is_adam_step=False train_time:211486ms step_avg:422.97ms
step:500/1555 val_step:153/320 val_loss:4.5486 chunk_loss:15783.8492 is_adam_step=True train_time:211486ms step_avg:422.97ms
step:500/1555 val_step:154/320 val_loss:4.5483 chunk_loss:15804.4999 is_adam_step=False train_time:211486ms step_avg:422.97ms
step:500/1555 val_step:155/320 val_loss:4.5490 chunk_loss:16318.9285 is_adam_step=True train_time:211486ms step_avg:422.97ms
step:500/1555 val_step:156/320 val_loss:4.5489 chunk_loss:15958.7563 is_adam_step=False train_time:211486ms step_avg:422.97ms
step:500/1555 val_step:157/320 val_loss:4.5494 chunk_loss:16262.1800 is_adam_step=True train_time:211486ms step_avg:422.97ms
step:500/1555 val_step:158/320 val_loss:4.5495 chunk_loss:16036.3806 is_adam_step=False train_time:211486ms step_avg:422.97ms
step:500/1555 val_step:159/320 val_loss:4.5495 chunk_loss:15986.6118 is_adam_step=True train_time:211486ms step_avg:422.97ms
step:500/1555 val_step:160/320 val_loss:4.5507 chunk_loss:16582.4876 is_adam_step=False train_time:211486ms step_avg:422.97ms
step:500/1555 val_step:161/320 val_loss:4.5509 chunk_loss:16052.9930 is_adam_step=True train_time:211486ms step_avg:422.97ms
step:500/1555 val_step:162/320 val_loss:4.5515 chunk_loss:16301.1463 is_adam_step=False train_time:211486ms step_avg:422.97ms
step:500/1555 val_step:163/320 val_loss:4.5512 chunk_loss:15859.8236 is_adam_step=True train_time:211486ms step_avg:422.97ms
step:500/1555 val_step:164/320 val_loss:4.5511 chunk_loss:15918.9260 is_adam_step=False train_time:211486ms step_avg:422.97ms
step:500/1555 val_step:165/320 val_loss:4.5537 chunk_loss:17177.8420 is_adam_step=True train_time:211486ms step_avg:422.97ms
step:500/1555 val_step:166/320 val_loss:4.5547 chunk_loss:16274.2928 is_adam_step=False train_time:211486ms step_avg:422.97ms
step:500/1555 val_step:167/320 val_loss:4.5558 chunk_loss:16564.6510 is_adam_step=True train_time:211486ms step_avg:422.97ms
step:500/1555 val_step:168/320 val_loss:4.5563 chunk_loss:16296.1271 is_adam_step=False train_time:211486ms step_avg:422.97ms
step:500/1555 val_step:169/320 val_loss:4.5569 chunk_loss:16387.1925 is_adam_step=True train_time:211486ms step_avg:422.97ms
step:500/1555 val_step:170/320 val_loss:4.5568 chunk_loss:15909.3387 is_adam_step=False train_time:211486ms step_avg:422.97ms
step:500/1555 val_step:171/320 val_loss:4.5562 chunk_loss:15655.0067 is_adam_step=True train_time:211486ms step_avg:422.97ms
step:500/1555 val_step:172/320 val_loss:4.5567 chunk_loss:16295.0307 is_adam_step=False train_time:211486ms step_avg:422.97ms
step:500/1555 val_step:173/320 val_loss:4.5563 chunk_loss:15760.4033 is_adam_step=True train_time:211486ms step_avg:422.97ms
step:500/1555 val_step:174/320 val_loss:4.5581 chunk_loss:16946.0322 is_adam_step=False train_time:211486ms step_avg:422.97ms
step:500/1555 val_step:175/320 val_loss:4.5579 chunk_loss:15911.6481 is_adam_step=True train_time:211486ms step_avg:422.97ms
step:500/1555 val_step:176/320 val_loss:4.5587 chunk_loss:16431.8320 is_adam_step=False train_time:211486ms step_avg:422.97ms
step:500/1555 val_step:177/320 val_loss:4.5574 chunk_loss:15239.2951 is_adam_step=True train_time:211486ms step_avg:422.97ms
step:500/1555 val_step:178/320 val_loss:4.5575 chunk_loss:16106.8436 is_adam_step=False train_time:211486ms step_avg:422.97ms
step:500/1555 val_step:179/320 val_loss:4.5578 chunk_loss:16090.3427 is_adam_step=True train_time:211486ms step_avg:422.97ms
step:500/1555 val_step:180/320 val_loss:4.5571 chunk_loss:15549.8937 is_adam_step=False train_time:211486ms step_avg:422.97ms
step:500/1555 val_step:181/320 val_loss:4.5575 chunk_loss:16220.6351 is_adam_step=True train_time:211486ms step_avg:422.97ms
step:500/1555 val_step:182/320 val_loss:4.5562 chunk_loss:15230.7621 is_adam_step=False train_time:211486ms step_avg:422.97ms
step:500/1555 val_step:183/320 val_loss:4.5575 chunk_loss:16770.0963 is_adam_step=True train_time:211486ms step_avg:422.97ms
step:500/1555 val_step:184/320 val_loss:4.5572 chunk_loss:15855.4813 is_adam_step=False train_time:211486ms step_avg:422.97ms
step:500/1555 val_step:185/320 val_loss:4.5561 chunk_loss:15423.6245 is_adam_step=True train_time:211486ms step_avg:422.97ms
step:500/1555 val_step:186/320 val_loss:4.5559 chunk_loss:15948.9330 is_adam_step=False train_time:211486ms step_avg:422.97ms
step:500/1555 val_step:187/320 val_loss:4.5557 chunk_loss:15881.7758 is_adam_step=True train_time:211486ms step_avg:422.97ms
step:500/1555 val_step:188/320 val_loss:4.5567 chunk_loss:16440.3733 is_adam_step=False train_time:211486ms step_avg:422.97ms
step:500/1555 val_step:189/320 val_loss:4.5557 chunk_loss:15501.3519 is_adam_step=True train_time:211486ms step_avg:422.97ms
step:500/1555 val_step:190/320 val_loss:4.5555 chunk_loss:15850.0054 is_adam_step=False train_time:211486ms step_avg:422.97ms
step:500/1555 val_step:191/320 val_loss:4.5553 chunk_loss:15873.8284 is_adam_step=True train_time:211486ms step_avg:422.97ms
step:500/1555 val_step:192/320 val_loss:4.5553 chunk_loss:15978.4907 is_adam_step=False train_time:211486ms step_avg:422.97ms
step:500/1555 val_step:193/320 val_loss:4.5555 chunk_loss:16114.3747 is_adam_step=True train_time:211486ms step_avg:422.97ms
step:500/1555 val_step:194/320 val_loss:4.5566 chunk_loss:16721.7976 is_adam_step=False train_time:211486ms step_avg:422.97ms
step:500/1555 val_step:195/320 val_loss:4.5564 chunk_loss:15923.6246 is_adam_step=True train_time:211486ms step_avg:422.97ms
step:500/1555 val_step:196/320 val_loss:4.5566 chunk_loss:16183.0585 is_adam_step=False train_time:211486ms step_avg:422.97ms
step:500/1555 val_step:197/320 val_loss:4.5573 chunk_loss:16423.7618 is_adam_step=True train_time:211486ms step_avg:422.97ms
step:500/1555 val_step:198/320 val_loss:4.5581 chunk_loss:16515.2748 is_adam_step=False train_time:211486ms step_avg:422.97ms
step:500/1555 val_step:199/320 val_loss:4.5581 chunk_loss:16027.2245 is_adam_step=True train_time:211486ms step_avg:422.97ms
step:500/1555 val_step:200/320 val_loss:4.5582 chunk_loss:16063.3795 is_adam_step=False train_time:211486ms step_avg:422.97ms
step:500/1555 val_step:201/320 val_loss:4.5575 chunk_loss:15595.6949 is_adam_step=True train_time:211486ms step_avg:422.97ms
step:500/1555 val_step:202/320 val_loss:4.5590 chunk_loss:16930.9897 is_adam_step=False train_time:211486ms step_avg:422.97ms
step:500/1555 val_step:203/320 val_loss:4.5588 chunk_loss:15868.1833 is_adam_step=True train_time:211486ms step_avg:422.97ms
step:500/1555 val_step:204/320 val_loss:4.5589 chunk_loss:15984.9158 is_adam_step=False train_time:211486ms step_avg:422.97ms
step:500/1555 val_step:205/320 val_loss:4.5598 chunk_loss:16528.4001 is_adam_step=True train_time:211486ms step_avg:422.97ms
step:500/1555 val_step:206/320 val_loss:4.5602 chunk_loss:16342.2823 is_adam_step=False train_time:211486ms step_avg:422.97ms
step:500/1555 val_step:207/320 val_loss:4.5605 chunk_loss:16166.4460 is_adam_step=True train_time:211486ms step_avg:422.97ms
step:500/1555 val_step:208/320 val_loss:4.5598 chunk_loss:15557.1724 is_adam_step=False train_time:211486ms step_avg:422.97ms
step:500/1555 val_step:209/320 val_loss:4.5603 chunk_loss:16338.7325 is_adam_step=True train_time:211486ms step_avg:422.97ms
step:500/1555 val_step:210/320 val_loss:4.5594 chunk_loss:15334.0898 is_adam_step=False train_time:211486ms step_avg:422.97ms
step:500/1555 val_step:211/320 val_loss:4.5592 chunk_loss:15906.0125 is_adam_step=True train_time:211486ms step_avg:422.97ms
step:500/1555 val_step:212/320 val_loss:4.5608 chunk_loss:16953.6323 is_adam_step=False train_time:211486ms step_avg:422.97ms
step:500/1555 val_step:213/320 val_loss:4.5611 chunk_loss:16124.2850 is_adam_step=True train_time:211486ms step_avg:422.97ms
step:500/1555 val_step:214/320 val_loss:4.5620 chunk_loss:16579.4702 is_adam_step=False train_time:211486ms step_avg:422.97ms
step:500/1555 val_step:215/320 val_loss:4.5614 chunk_loss:15552.1693 is_adam_step=True train_time:211486ms step_avg:422.97ms
step:500/1555 val_step:216/320 val_loss:4.5612 chunk_loss:15807.3217 is_adam_step=False train_time:211486ms step_avg:422.97ms
step:500/1555 val_step:217/320 val_loss:4.5622 chunk_loss:16656.2923 is_adam_step=True train_time:211486ms step_avg:422.97ms
step:500/1555 val_step:218/320 val_loss:4.5626 chunk_loss:16238.2793 is_adam_step=False train_time:211486ms step_avg:422.97ms
step:500/1555 val_step:219/320 val_loss:4.5627 chunk_loss:16100.4151 is_adam_step=True train_time:211486ms step_avg:422.97ms
step:500/1555 val_step:220/320 val_loss:4.5631 chunk_loss:16227.7533 is_adam_step=False train_time:211486ms step_avg:422.97ms
step:500/1555 val_step:221/320 val_loss:4.5631 chunk_loss:16076.4433 is_adam_step=True train_time:211486ms step_avg:422.97ms
step:500/1555 val_step:222/320 val_loss:4.5633 chunk_loss:16133.2549 is_adam_step=False train_time:211486ms step_avg:422.97ms
step:500/1555 val_step:223/320 val_loss:4.5634 chunk_loss:16060.4976 is_adam_step=True train_time:211486ms step_avg:422.97ms
step:500/1555 val_step:224/320 val_loss:4.5632 chunk_loss:15973.7828 is_adam_step=False train_time:211486ms step_avg:422.97ms
step:500/1555 val_step:225/320 val_loss:4.5632 chunk_loss:15980.9340 is_adam_step=True train_time:211486ms step_avg:422.97ms
step:500/1555 val_step:226/320 val_loss:4.5629 chunk_loss:15766.8065 is_adam_step=False train_time:211486ms step_avg:422.97ms
step:500/1555 val_step:227/320 val_loss:4.5632 chunk_loss:16185.1052 is_adam_step=True train_time:211486ms step_avg:422.97ms
step:500/1555 val_step:228/320 val_loss:4.5637 chunk_loss:16289.2099 is_adam_step=False train_time:211486ms step_avg:422.97ms
step:500/1555 val_step:229/320 val_loss:4.5645 chunk_loss:16580.7166 is_adam_step=True train_time:211486ms step_avg:422.97ms
step:500/1555 val_step:230/320 val_loss:4.5645 chunk_loss:15949.3151 is_adam_step=False train_time:211486ms step_avg:422.97ms
step:500/1555 val_step:231/320 val_loss:4.5648 chunk_loss:16277.3743 is_adam_step=True train_time:211486ms step_avg:422.97ms
step:500/1555 val_step:232/320 val_loss:4.5656 chunk_loss:16579.1578 is_adam_step=False train_time:211486ms step_avg:422.97ms
step:500/1555 val_step:233/320 val_loss:4.5656 chunk_loss:16023.3954 is_adam_step=True train_time:211486ms step_avg:422.97ms
step:500/1555 val_step:234/320 val_loss:4.5660 chunk_loss:16353.1379 is_adam_step=False train_time:211486ms step_avg:422.97ms
step:500/1555 val_step:235/320 val_loss:4.5665 chunk_loss:16431.8072 is_adam_step=True train_time:211486ms step_avg:422.97ms
step:500/1555 val_step:236/320 val_loss:4.5670 chunk_loss:16357.5306 is_adam_step=False train_time:211486ms step_avg:422.97ms
step:500/1555 val_step:237/320 val_loss:4.5673 chunk_loss:16261.5694 is_adam_step=True train_time:211486ms step_avg:422.97ms
step:500/1555 val_step:238/320 val_loss:4.5674 chunk_loss:16097.3336 is_adam_step=False train_time:211486ms step_avg:422.97ms
step:500/1555 val_step:239/320 val_loss:4.5672 chunk_loss:15942.8648 is_adam_step=True train_time:211486ms step_avg:422.97ms
step:500/1555 val_step:240/320 val_loss:4.5673 chunk_loss:16171.1674 is_adam_step=False train_time:211486ms step_avg:422.97ms
step:500/1555 val_step:241/320 val_loss:4.5677 chunk_loss:16344.8259 is_adam_step=True train_time:211486ms step_avg:422.97ms
step:500/1555 val_step:242/320 val_loss:4.5688 chunk_loss:16770.5330 is_adam_step=False train_time:211486ms step_avg:422.97ms
step:500/1555 val_step:243/320 val_loss:4.5686 chunk_loss:15873.1749 is_adam_step=True train_time:211486ms step_avg:422.97ms
step:500/1555 val_step:244/320 val_loss:4.5692 chunk_loss:16453.6806 is_adam_step=False train_time:211486ms step_avg:422.97ms
step:500/1555 val_step:245/320 val_loss:4.5696 chunk_loss:16278.0531 is_adam_step=True train_time:211486ms step_avg:422.97ms
step:500/1555 val_step:246/320 val_loss:4.5700 chunk_loss:16358.7315 is_adam_step=False train_time:211486ms step_avg:422.97ms
step:500/1555 val_step:247/320 val_loss:4.5699 chunk_loss:15909.3030 is_adam_step=True train_time:211486ms step_avg:422.97ms
step:500/1555 val_step:248/320 val_loss:4.5699 chunk_loss:16046.6181 is_adam_step=False train_time:211486ms step_avg:422.97ms
step:500/1555 val_step:249/320 val_loss:4.5709 chunk_loss:16736.5641 is_adam_step=True train_time:211486ms step_avg:422.97ms
step:500/1555 val_step:250/320 val_loss:4.5711 chunk_loss:16121.0376 is_adam_step=False train_time:211486ms step_avg:422.97ms
step:500/1555 val_step:251/320 val_loss:4.5712 chunk_loss:16171.1087 is_adam_step=True train_time:211486ms step_avg:422.97ms
step:500/1555 val_step:252/320 val_loss:4.5719 chunk_loss:16584.3148 is_adam_step=False train_time:211486ms step_avg:422.97ms
step:500/1555 val_step:253/320 val_loss:4.5717 chunk_loss:15848.4063 is_adam_step=True train_time:211486ms step_avg:422.97ms
step:500/1555 val_step:254/320 val_loss:4.5720 chunk_loss:16129.9996 is_adam_step=False train_time:211486ms step_avg:422.97ms
step:500/1555 val_step:255/320 val_loss:4.5723 chunk_loss:16289.7368 is_adam_step=True train_time:211486ms step_avg:422.97ms
step:500/1555 val_step:256/320 val_loss:4.5723 chunk_loss:16057.5234 is_adam_step=False train_time:211486ms step_avg:422.97ms
step:500/1555 val_step:257/320 val_loss:4.5731 chunk_loss:16625.2096 is_adam_step=True train_time:211486ms step_avg:422.97ms
step:500/1555 val_step:258/320 val_loss:4.5726 chunk_loss:15584.6263 is_adam_step=False train_time:211486ms step_avg:422.97ms
step:500/1555 val_step:259/320 val_loss:4.5724 chunk_loss:15810.3506 is_adam_step=True train_time:211486ms step_avg:422.97ms
step:500/1555 val_step:260/320 val_loss:4.5725 chunk_loss:16140.1279 is_adam_step=False train_time:211486ms step_avg:422.97ms
step:500/1555 val_step:261/320 val_loss:4.5728 chunk_loss:16229.4301 is_adam_step=True train_time:211486ms step_avg:422.97ms
step:500/1555 val_step:262/320 val_loss:4.5729 chunk_loss:16119.4992 is_adam_step=False train_time:211486ms step_avg:422.97ms
step:500/1555 val_step:263/320 val_loss:4.5727 chunk_loss:15877.5164 is_adam_step=True train_time:211486ms step_avg:422.97ms
step:500/1555 val_step:264/320 val_loss:4.5728 chunk_loss:16026.2482 is_adam_step=False train_time:211486ms step_avg:422.97ms
step:500/1555 val_step:265/320 val_loss:4.5724 chunk_loss:15769.1488 is_adam_step=True train_time:211486ms step_avg:422.97ms
step:500/1555 val_step:266/320 val_loss:4.5728 chunk_loss:16338.6452 is_adam_step=False train_time:211486ms step_avg:422.97ms
step:500/1555 val_step:267/320 val_loss:4.5723 chunk_loss:15680.7259 is_adam_step=True train_time:211486ms step_avg:422.97ms
step:500/1555 val_step:268/320 val_loss:4.5721 chunk_loss:15785.1811 is_adam_step=False train_time:211486ms step_avg:422.97ms
step:500/1555 val_step:269/320 val_loss:4.5719 chunk_loss:15871.1370 is_adam_step=True train_time:211486ms step_avg:422.97ms
step:500/1555 val_step:270/320 val_loss:4.5714 chunk_loss:15652.7890 is_adam_step=False train_time:211486ms step_avg:422.97ms
step:500/1555 val_step:271/320 val_loss:4.5708 chunk_loss:15554.1360 is_adam_step=True train_time:211486ms step_avg:422.97ms
step:500/1555 val_step:272/320 val_loss:4.5703 chunk_loss:15668.9922 is_adam_step=False train_time:211486ms step_avg:422.97ms
step:500/1555 val_step:273/320 val_loss:4.5704 chunk_loss:16100.2360 is_adam_step=True train_time:211486ms step_avg:422.97ms
step:500/1555 val_step:274/320 val_loss:4.5703 chunk_loss:15976.8135 is_adam_step=False train_time:211486ms step_avg:422.97ms
step:500/1555 val_step:275/320 val_loss:4.5712 chunk_loss:16778.1580 is_adam_step=True train_time:211486ms step_avg:422.97ms
step:500/1555 val_step:276/320 val_loss:4.5710 chunk_loss:15803.0889 is_adam_step=False train_time:211486ms step_avg:422.97ms
step:500/1555 val_step:277/320 val_loss:4.5706 chunk_loss:15774.9514 is_adam_step=True train_time:211486ms step_avg:422.97ms
step:500/1555 val_step:278/320 val_loss:4.5705 chunk_loss:16022.5167 is_adam_step=False train_time:211486ms step_avg:422.97ms
step:500/1555 val_step:279/320 val_loss:4.5713 chunk_loss:16625.3877 is_adam_step=True train_time:211486ms step_avg:422.97ms
step:500/1555 val_step:280/320 val_loss:4.5715 chunk_loss:16238.0565 is_adam_step=False train_time:211486ms step_avg:422.97ms
step:500/1555 val_step:281/320 val_loss:4.5713 chunk_loss:15877.4482 is_adam_step=True train_time:211486ms step_avg:422.97ms
step:500/1555 val_step:282/320 val_loss:4.5713 chunk_loss:16137.1600 is_adam_step=False train_time:211486ms step_avg:422.97ms
step:500/1555 val_step:283/320 val_loss:4.5712 chunk_loss:15874.2462 is_adam_step=True train_time:211486ms step_avg:422.97ms
step:500/1555 val_step:284/320 val_loss:4.5717 chunk_loss:16412.1713 is_adam_step=False train_time:211486ms step_avg:422.97ms
step:500/1555 val_step:285/320 val_loss:4.5712 chunk_loss:15543.5989 is_adam_step=True train_time:211486ms step_avg:422.97ms
step:500/1555 val_step:286/320 val_loss:4.5711 chunk_loss:15930.4602 is_adam_step=False train_time:211486ms step_avg:422.97ms
step:500/1555 val_step:287/320 val_loss:4.5713 chunk_loss:16178.2418 is_adam_step=True train_time:211486ms step_avg:422.97ms
step:500/1555 val_step:288/320 val_loss:4.5714 chunk_loss:16121.3004 is_adam_step=False train_time:211486ms step_avg:422.97ms
step:500/1555 val_step:289/320 val_loss:4.5719 chunk_loss:16459.1036 is_adam_step=True train_time:211486ms step_avg:422.97ms
step:500/1555 val_step:290/320 val_loss:4.5723 chunk_loss:16364.8716 is_adam_step=False train_time:211486ms step_avg:422.97ms
step:500/1555 val_step:291/320 val_loss:4.5721 chunk_loss:15785.0449 is_adam_step=True train_time:211486ms step_avg:422.97ms
step:500/1555 val_step:292/320 val_loss:4.5718 chunk_loss:15698.7924 is_adam_step=False train_time:211486ms step_avg:422.97ms
step:500/1555 val_step:293/320 val_loss:4.5716 chunk_loss:15810.5815 is_adam_step=True train_time:211486ms step_avg:422.97ms
step:500/1555 val_step:294/320 val_loss:4.5717 chunk_loss:16093.0303 is_adam_step=False train_time:211486ms step_avg:422.97ms
step:500/1555 val_step:295/320 val_loss:4.5718 chunk_loss:16086.9697 is_adam_step=True train_time:211486ms step_avg:422.97ms
step:500/1555 val_step:296/320 val_loss:4.5717 chunk_loss:15945.3632 is_adam_step=False train_time:211486ms step_avg:422.97ms
step:500/1555 val_step:297/320 val_loss:4.5713 chunk_loss:15715.3955 is_adam_step=True train_time:211486ms step_avg:422.97ms
step:500/1555 val_step:298/320 val_loss:4.5709 chunk_loss:15758.7842 is_adam_step=False train_time:211486ms step_avg:422.97ms
step:500/1555 val_step:299/320 val_loss:4.5707 chunk_loss:15887.6879 is_adam_step=True train_time:211486ms step_avg:422.97ms
step:500/1555 val_step:300/320 val_loss:4.5702 chunk_loss:15563.7234 is_adam_step=False train_time:211486ms step_avg:422.97ms
step:500/1555 val_step:301/320 val_loss:4.5698 chunk_loss:15680.9709 is_adam_step=True train_time:211486ms step_avg:422.97ms
step:500/1555 val_step:302/320 val_loss:4.5698 chunk_loss:16082.1732 is_adam_step=False train_time:211486ms step_avg:422.97ms
step:500/1555 val_step:303/320 val_loss:4.5701 chunk_loss:16258.1713 is_adam_step=True train_time:211486ms step_avg:422.97ms
step:500/1555 val_step:304/320 val_loss:4.5692 chunk_loss:15228.5049 is_adam_step=False train_time:211486ms step_avg:422.97ms
step:500/1555 val_step:305/320 val_loss:4.5688 chunk_loss:15730.7521 is_adam_step=True train_time:211486ms step_avg:422.97ms
step:500/1555 val_step:306/320 val_loss:4.5687 chunk_loss:15946.4116 is_adam_step=False train_time:211486ms step_avg:422.97ms
step:500/1555 val_step:307/320 val_loss:4.5686 chunk_loss:15910.5089 is_adam_step=True train_time:211486ms step_avg:422.97ms
step:500/1555 val_step:308/320 val_loss:4.5687 chunk_loss:16114.8691 is_adam_step=False train_time:211486ms step_avg:422.97ms
step:500/1555 val_step:309/320 val_loss:4.5689 chunk_loss:16230.9257 is_adam_step=True train_time:211486ms step_avg:422.97ms
step:500/1555 val_step:310/320 val_loss:4.5685 chunk_loss:15628.7067 is_adam_step=False train_time:211486ms step_avg:422.97ms
step:500/1555 val_step:311/320 val_loss:4.5687 chunk_loss:16253.9222 is_adam_step=True train_time:211486ms step_avg:422.97ms
step:500/1555 val_step:312/320 val_loss:4.5689 chunk_loss:16140.2559 is_adam_step=False train_time:211486ms step_avg:422.97ms
step:500/1555 val_step:313/320 val_loss:4.5689 chunk_loss:16105.4145 is_adam_step=True train_time:211486ms step_avg:422.97ms
step:500/1555 val_step:314/320 val_loss:4.5692 chunk_loss:16359.8545 is_adam_step=False train_time:211486ms step_avg:422.97ms
step:500/1555 val_step:315/320 val_loss:4.5693 chunk_loss:16061.8480 is_adam_step=True train_time:211486ms step_avg:422.97ms
step:500/1555 val_step:316/320 val_loss:4.5690 chunk_loss:15704.0257 is_adam_step=False train_time:211486ms step_avg:422.97ms
step:500/1555 val_step:317/320 val_loss:4.5689 chunk_loss:15965.1467 is_adam_step=True train_time:211486ms step_avg:422.97ms
step:500/1555 val_step:318/320 val_loss:4.5690 chunk_loss:16074.9322 is_adam_step=False train_time:211486ms step_avg:422.97ms
step:500/1555 val_step:319/320 val_loss:4.5688 chunk_loss:15843.8301 is_adam_step=True train_time:211486ms step_avg:422.97ms
step:500/1555 val_loss:4.5688 train_time:211486ms step_avg:422.97ms
step:501/1555 loss.item()=119650.03125 train_time:211887ms step_avg:422.93ms
step:502/1555 loss.item()=122909.984375 train_time:212299ms step_avg:422.91ms
step:503/1555 loss.item()=119538.421875 train_time:212729ms step_avg:422.92ms
step:504/1555 loss.item()=116624.953125 train_time:213142ms step_avg:422.90ms
step:505/1555 loss.item()=121476.28125 train_time:213566ms step_avg:422.90ms
step:506/1555 loss.item()=235487.21875 train_time:253139ms step_avg:500.28ms
step:507/1555 loss.item()=248082.1875 train_time:253911ms step_avg:500.81ms
step:508/1555 loss.item()=239403.28125 train_time:254682ms step_avg:501.34ms
step:509/1555 loss.item()=243486.59375 train_time:255449ms step_avg:501.86ms
step:510/1555 loss.item()=245007.8125 train_time:256210ms step_avg:502.37ms
step:511/1555 loss.item()=248855.125 train_time:256974ms step_avg:502.88ms
step:512/1555 loss.item()=240917.3125 train_time:257739ms step_avg:503.40ms
step:513/1555 loss.item()=256300.46875 train_time:258499ms step_avg:503.90ms
step:514/1555 loss.item()=247917.125 train_time:259256ms step_avg:504.39ms
step:515/1555 loss.item()=243804.75 train_time:260018ms step_avg:504.89ms
step:516/1555 loss.item()=239982.875 train_time:260781ms step_avg:505.39ms
step:517/1555 loss.item()=237905.828125 train_time:261548ms step_avg:505.90ms
step:518/1555 loss.item()=243696.859375 train_time:262311ms step_avg:506.39ms
step:519/1555 loss.item()=239885.953125 train_time:263074ms step_avg:506.89ms
step:520/1555 loss.item()=233161.21875 train_time:263835ms step_avg:507.38ms
step:521/1555 loss.item()=235668.578125 train_time:264598ms step_avg:507.87ms
step:522/1555 loss.item()=239121.875 train_time:265367ms step_avg:508.37ms
step:523/1555 loss.item()=234065.46875 train_time:266130ms step_avg:508.85ms
step:524/1555 loss.item()=236694.296875 train_time:266897ms step_avg:509.34ms
step:525/1555 loss.item()=240272.625 train_time:267661ms step_avg:509.83ms
step:526/1555 loss.item()=231199.1875 train_time:268423ms step_avg:510.31ms
step:527/1555 loss.item()=234003.015625 train_time:269187ms step_avg:510.79ms
step:528/1555 loss.item()=237168.1875 train_time:269960ms step_avg:511.29ms
step:529/1555 loss.item()=231883.875 train_time:270727ms step_avg:511.77ms
step:530/1555 loss.item()=234956.25 train_time:271489ms step_avg:512.24ms
step:531/1555 loss.item()=238491.8125 train_time:272259ms step_avg:512.73ms
step:532/1555 loss.item()=238065.8125 train_time:273028ms step_avg:513.21ms
step:533/1555 loss.item()=228759.03125 train_time:273795ms step_avg:513.69ms
step:534/1555 loss.item()=230667.875 train_time:274568ms step_avg:514.17ms
step:535/1555 loss.item()=234942.765625 train_time:275336ms step_avg:514.65ms
step:536/1555 loss.item()=229919.5625 train_time:276099ms step_avg:515.11ms
step:537/1555 loss.item()=227988.375 train_time:276865ms step_avg:515.58ms
step:538/1555 loss.item()=231925.53125 train_time:277624ms step_avg:516.03ms
step:539/1555 loss.item()=227054.28125 train_time:278391ms step_avg:516.50ms
step:540/1555 loss.item()=234008.0625 train_time:279160ms step_avg:516.96ms
step:541/1555 loss.item()=231994.96875 train_time:279925ms step_avg:517.42ms
step:542/1555 loss.item()=232080.75 train_time:280691ms step_avg:517.88ms
step:543/1555 loss.item()=225545.46875 train_time:281464ms step_avg:518.35ms
step:544/1555 loss.item()=230703.21875 train_time:282234ms step_avg:518.81ms
step:545/1555 loss.item()=228413.15625 train_time:282998ms step_avg:519.26ms
step:546/1555 loss.item()=222763.59375 train_time:283763ms step_avg:519.71ms
step:547/1555 loss.item()=229428.9375 train_time:284529ms step_avg:520.16ms
step:548/1555 loss.item()=228485.65625 train_time:285296ms step_avg:520.61ms
step:549/1555 loss.item()=225280.5 train_time:286064ms step_avg:521.06ms
step:550/1555 loss.item()=223774.609375 train_time:286828ms step_avg:521.51ms
step:551/1555 loss.item()=227078.328125 train_time:287597ms step_avg:521.95ms
step:552/1555 loss.item()=228894.40625 train_time:288364ms step_avg:522.40ms
step:553/1555 loss.item()=231261.21875 train_time:289126ms step_avg:522.83ms
step:554/1555 loss.item()=227576.15625 train_time:289890ms step_avg:523.27ms
step:555/1555 loss.item()=230555.90625 train_time:290661ms step_avg:523.71ms
step:556/1555 loss.item()=228591.109375 train_time:291427ms step_avg:524.15ms
step:557/1555 loss.item()=225110.09375 train_time:292196ms step_avg:524.59ms
step:558/1555 loss.item()=232661.6875 train_time:292968ms step_avg:525.03ms
step:559/1555 loss.item()=228295.375 train_time:293738ms step_avg:525.47ms
step:560/1555 loss.item()=223322.859375 train_time:294500ms step_avg:525.89ms
step:561/1555 loss.item()=223285.078125 train_time:295268ms step_avg:526.32ms
step:562/1555 loss.item()=229355.125 train_time:296033ms step_avg:526.75ms
step:563/1555 loss.item()=227290.40625 train_time:296802ms step_avg:527.18ms
step:564/1555 loss.item()=229233.703125 train_time:297572ms step_avg:527.61ms
step:565/1555 loss.item()=226891.28125 train_time:298343ms step_avg:528.04ms
step:566/1555 loss.item()=219500.359375 train_time:299106ms step_avg:528.46ms
step:567/1555 loss.item()=223243.0625 train_time:299877ms step_avg:528.88ms
step:568/1555 loss.item()=230632.71875 train_time:300644ms step_avg:529.30ms
step:569/1555 loss.item()=226202.953125 train_time:301416ms step_avg:529.73ms
step:570/1555 loss.item()=223119.484375 train_time:302177ms step_avg:530.14ms
step:571/1555 loss.item()=225444.5 train_time:302950ms step_avg:530.56ms
step:572/1555 loss.item()=223812.703125 train_time:303719ms step_avg:530.98ms
step:573/1555 loss.item()=222857.875 train_time:304487ms step_avg:531.39ms
step:574/1555 loss.item()=224502.96875 train_time:305261ms step_avg:531.81ms
step:575/1555 loss.item()=222231.453125 train_time:306034ms step_avg:532.23ms
step:576/1555 loss.item()=225079.828125 train_time:306803ms step_avg:532.64ms
step:577/1555 loss.item()=228069.15625 train_time:307573ms step_avg:533.06ms
step:578/1555 loss.item()=220732.625 train_time:308340ms step_avg:533.46ms
step:579/1555 loss.item()=225002.4375 train_time:309115ms step_avg:533.88ms
step:580/1555 loss.item()=218848.0625 train_time:309885ms step_avg:534.28ms
step:581/1555 loss.item()=215898.15625 train_time:310661ms step_avg:534.70ms
step:582/1555 loss.item()=219807.65625 train_time:311435ms step_avg:535.11ms
step:583/1555 loss.item()=217896.15625 train_time:312205ms step_avg:535.51ms
step:584/1555 loss.item()=221481.921875 train_time:312975ms step_avg:535.92ms
step:585/1555 loss.item()=224995.78125 train_time:313749ms step_avg:536.32ms
step:586/1555 loss.item()=217092.0625 train_time:314521ms step_avg:536.72ms
step:587/1555 loss.item()=224321.765625 train_time:315294ms step_avg:537.13ms
step:588/1555 loss.item()=219649.453125 train_time:316071ms step_avg:537.54ms
step:589/1555 loss.item()=221014.0 train_time:316842ms step_avg:537.93ms
step:590/1555 loss.item()=214289.4375 train_time:317605ms step_avg:538.31ms
step:591/1555 loss.item()=211988.9375 train_time:318378ms step_avg:538.71ms
step:592/1555 loss.item()=220708.734375 train_time:319149ms step_avg:539.10ms
step:593/1555 loss.item()=217600.125 train_time:319923ms step_avg:539.50ms
step:594/1555 loss.item()=218252.90625 train_time:320693ms step_avg:539.89ms
step:595/1555 loss.item()=215242.21875 train_time:321466ms step_avg:540.28ms
step:596/1555 loss.item()=213877.28125 train_time:322237ms step_avg:540.67ms
step:597/1555 loss.item()=216196.125 train_time:323006ms step_avg:541.05ms
step:598/1555 loss.item()=223039.75 train_time:323772ms step_avg:541.42ms
step:599/1555 loss.item()=223948.40625 train_time:324540ms step_avg:541.80ms
step:600/1555 loss.item()=219636.015625 train_time:325308ms step_avg:542.18ms
step:601/1555 loss.item()=215319.625 train_time:326081ms step_avg:542.56ms
step:602/1555 loss.item()=212709.75 train_time:326848ms step_avg:542.94ms
step:603/1555 loss.item()=219606.5 train_time:327626ms step_avg:543.33ms
step:604/1555 loss.item()=214662.828125 train_time:328395ms step_avg:543.70ms
step:605/1555 loss.item()=220180.734375 train_time:329166ms step_avg:544.08ms
step:606/1555 loss.item()=210395.703125 train_time:329935ms step_avg:544.45ms
step:607/1555 loss.item()=212248.71875 train_time:330705ms step_avg:544.82ms
step:608/1555 loss.item()=217632.65625 train_time:331474ms step_avg:545.19ms
step:609/1555 loss.item()=216610.953125 train_time:332243ms step_avg:545.55ms
step:610/1555 loss.item()=210896.125 train_time:333010ms step_avg:545.92ms
step:611/1555 loss.item()=213967.40625 train_time:333779ms step_avg:546.28ms
step:612/1555 loss.item()=212362.53125 train_time:334549ms step_avg:546.65ms
step:613/1555 loss.item()=216941.53125 train_time:335326ms step_avg:547.02ms
step:614/1555 loss.item()=208397.359375 train_time:336093ms step_avg:547.38ms
step:615/1555 loss.item()=208420.796875 train_time:336870ms step_avg:547.76ms
step:616/1555 loss.item()=213198.296875 train_time:337638ms step_avg:548.11ms
step:617/1555 loss.item()=205075.75 train_time:338406ms step_avg:548.47ms
step:618/1555 loss.item()=211062.078125 train_time:339176ms step_avg:548.83ms
step:619/1555 loss.item()=209762.5625 train_time:339945ms step_avg:549.18ms
step:620/1555 loss.item()=210736.421875 train_time:340713ms step_avg:549.54ms
step:621/1555 loss.item()=217020.46875 train_time:341486ms step_avg:549.90ms
step:622/1555 loss.item()=210450.9375 train_time:342254ms step_avg:550.25ms
step:623/1555 loss.item()=207507.875 train_time:343031ms step_avg:550.61ms
step:624/1555 loss.item()=207737.6875 train_time:343801ms step_avg:550.96ms
step:625/1555 loss.item()=211361.1875 train_time:344574ms step_avg:551.32ms
step:626/1555 loss.item()=209502.15625 train_time:345342ms step_avg:551.66ms
step:627/1555 loss.item()=211265.125 train_time:346113ms step_avg:552.01ms
step:628/1555 loss.item()=207904.84375 train_time:346883ms step_avg:552.36ms
step:629/1555 loss.item()=205287.21875 train_time:347655ms step_avg:552.71ms
step:630/1555 loss.item()=212672.4375 train_time:348430ms step_avg:553.06ms
step:631/1555 loss.item()=210604.015625 train_time:349202ms step_avg:553.41ms
step:632/1555 loss.item()=203729.75 train_time:349976ms step_avg:553.76ms
step:633/1555 loss.item()=204251.46875 train_time:350749ms step_avg:554.11ms
step:634/1555 loss.item()=206343.25 train_time:351517ms step_avg:554.44ms
step:635/1555 loss.item()=206317.9375 train_time:352292ms step_avg:554.79ms
step:636/1555 loss.item()=204911.5625 train_time:353072ms step_avg:555.14ms
step:637/1555 loss.item()=206987.5625 train_time:353840ms step_avg:555.48ms
step:638/1555 loss.item()=208093.859375 train_time:354609ms step_avg:555.81ms
step:639/1555 loss.item()=204785.015625 train_time:355385ms step_avg:556.16ms
step:640/1555 loss.item()=218886.15625 train_time:356159ms step_avg:556.50ms
step:641/1555 loss.item()=209848.1875 train_time:356937ms step_avg:556.84ms
step:642/1555 loss.item()=209220.09375 train_time:357706ms step_avg:557.17ms
step:643/1555 loss.item()=214051.296875 train_time:358483ms step_avg:557.52ms
step:644/1555 loss.item()=206248.125 train_time:359255ms step_avg:557.85ms
step:645/1555 loss.item()=205625.84375 train_time:360033ms step_avg:558.19ms
step:646/1555 loss.item()=208440.75 train_time:360805ms step_avg:558.52ms
step:647/1555 loss.item()=208731.109375 train_time:361583ms step_avg:558.86ms
step:648/1555 loss.item()=199537.125 train_time:362352ms step_avg:559.19ms
step:649/1555 loss.item()=208103.03125 train_time:363132ms step_avg:559.53ms
step:650/1555 loss.item()=209694.0 train_time:363907ms step_avg:559.86ms
step:651/1555 loss.item()=210066.828125 train_time:364681ms step_avg:560.19ms
step:652/1555 loss.item()=200265.921875 train_time:365452ms step_avg:560.51ms
step:653/1555 loss.item()=200826.984375 train_time:366228ms step_avg:560.84ms
step:654/1555 loss.item()=204072.6875 train_time:366998ms step_avg:561.16ms
step:655/1555 loss.item()=212176.4375 train_time:367778ms step_avg:561.49ms
step:656/1555 loss.item()=202527.375 train_time:368549ms step_avg:561.81ms
step:657/1555 loss.item()=198780.75 train_time:369323ms step_avg:562.14ms
step:658/1555 loss.item()=213285.09375 train_time:370095ms step_avg:562.45ms
step:659/1555 loss.item()=199200.3125 train_time:370876ms step_avg:562.79ms
step:660/1555 loss.item()=201813.28125 train_time:371646ms step_avg:563.10ms
step:661/1555 loss.item()=197912.5625 train_time:372421ms step_avg:563.42ms
step:662/1555 loss.item()=191413.609375 train_time:373189ms step_avg:563.73ms
step:663/1555 loss.item()=198785.90625 train_time:373971ms step_avg:564.06ms
step:664/1555 loss.item()=197840.234375 train_time:374744ms step_avg:564.37ms
step:665/1555 loss.item()=190671.75 train_time:375515ms step_avg:564.68ms
step:666/1555 loss.item()=195473.375 train_time:376287ms step_avg:564.99ms
step:667/1555 loss.item()=200571.625 train_time:377061ms step_avg:565.31ms
step:668/1555 loss.item()=198587.140625 train_time:377831ms step_avg:565.62ms
step:669/1555 loss.item()=201778.0 train_time:378606ms step_avg:565.93ms
step:670/1555 loss.item()=195331.640625 train_time:379377ms step_avg:566.23ms
step:671/1555 loss.item()=199819.59375 train_time:380157ms step_avg:566.55ms
step:672/1555 loss.item()=200962.125 train_time:380931ms step_avg:566.86ms
step:673/1555 loss.item()=194465.65625 train_time:381707ms step_avg:567.17ms
step:674/1555 loss.item()=201734.875 train_time:382478ms step_avg:567.47ms
step:675/1555 loss.item()=203487.5625 train_time:383256ms step_avg:567.79ms
step:676/1555 loss.item()=199367.046875 train_time:384032ms step_avg:568.10ms
step:677/1555 loss.item()=195989.3125 train_time:384807ms step_avg:568.40ms
step:678/1555 loss.item()=201778.28125 train_time:385576ms step_avg:568.70ms
step:679/1555 loss.item()=197044.265625 train_time:386354ms step_avg:569.00ms
step:680/1555 loss.item()=202442.625 train_time:387130ms step_avg:569.31ms
step:681/1555 loss.item()=192920.375 train_time:387902ms step_avg:569.61ms
step:682/1555 loss.item()=193367.75 train_time:388671ms step_avg:569.90ms
step:683/1555 loss.item()=190338.625 train_time:389444ms step_avg:570.20ms
step:684/1555 loss.item()=201060.96875 train_time:390217ms step_avg:570.49ms
step:685/1555 loss.item()=196972.5 train_time:390992ms step_avg:570.79ms
step:686/1555 loss.item()=201152.453125 train_time:391771ms step_avg:571.09ms
step:687/1555 loss.item()=192549.078125 train_time:392553ms step_avg:571.40ms
step:688/1555 loss.item()=192161.34375 train_time:393329ms step_avg:571.70ms
step:689/1555 loss.item()=195079.8125 train_time:394103ms step_avg:571.99ms
step:690/1555 loss.item()=194134.59375 train_time:394876ms step_avg:572.28ms
step:691/1555 loss.item()=190829.21875 train_time:395654ms step_avg:572.58ms
step:692/1555 loss.item()=188311.15625 train_time:396428ms step_avg:572.87ms
step:693/1555 loss.item()=190985.859375 train_time:397203ms step_avg:573.16ms
step:694/1555 loss.item()=184447.484375 train_time:397975ms step_avg:573.45ms
step:695/1555 loss.item()=190727.0 train_time:398754ms step_avg:573.75ms
step:696/1555 loss.item()=196365.171875 train_time:399531ms step_avg:574.04ms
step:697/1555 loss.item()=190042.953125 train_time:400302ms step_avg:574.32ms
step:698/1555 loss.item()=192557.71875 train_time:401073ms step_avg:574.60ms
step:699/1555 loss.item()=199617.53125 train_time:401843ms step_avg:574.88ms
step:700/1555 loss.item()=193570.78125 train_time:402616ms step_avg:575.17ms
step:701/1555 loss.item()=192182.375 train_time:403391ms step_avg:575.45ms
step:702/1555 loss.item()=185410.265625 train_time:404167ms step_avg:575.74ms
step:703/1555 loss.item()=190361.328125 train_time:404952ms step_avg:576.03ms
step:704/1555 loss.item()=194130.0 train_time:405731ms step_avg:576.32ms
step:705/1555 loss.item()=191770.53125 train_time:406504ms step_avg:576.60ms
step:706/1555 loss.item()=192074.1875 train_time:407279ms step_avg:576.88ms
step:707/1555 loss.item()=192454.71875 train_time:408053ms step_avg:577.16ms
step:708/1555 loss.item()=202769.3125 train_time:408833ms step_avg:577.45ms
step:709/1555 loss.item()=196065.71875 train_time:409611ms step_avg:577.73ms
step:710/1555 loss.item()=191256.3125 train_time:410383ms step_avg:578.00ms
step:711/1555 loss.item()=196492.125 train_time:411159ms step_avg:578.28ms
step:712/1555 loss.item()=187233.21875 train_time:411936ms step_avg:578.56ms
step:713/1555 loss.item()=190608.046875 train_time:412713ms step_avg:578.84ms
step:714/1555 loss.item()=190759.8125 train_time:413488ms step_avg:579.11ms
step:715/1555 loss.item()=186661.765625 train_time:414264ms step_avg:579.39ms
step:716/1555 loss.item()=185452.390625 train_time:415036ms step_avg:579.66ms
step:717/1555 loss.item()=191656.3125 train_time:415810ms step_avg:579.93ms
step:718/1555 loss.item()=182416.9375 train_time:416581ms step_avg:580.20ms
step:719/1555 loss.item()=197612.015625 train_time:417357ms step_avg:580.47ms
step:720/1555 loss.item()=186998.90625 train_time:418131ms step_avg:580.74ms
step:721/1555 loss.item()=190436.828125 train_time:418903ms step_avg:581.00ms
step:722/1555 loss.item()=191081.5625 train_time:419675ms step_avg:581.27ms
step:723/1555 loss.item()=189413.4375 train_time:420454ms step_avg:581.54ms
step:724/1555 loss.item()=179479.03125 train_time:421231ms step_avg:581.81ms
step:725/1555 loss.item()=189118.15625 train_time:422007ms step_avg:582.08ms
step:726/1555 loss.item()=181769.21875 train_time:422777ms step_avg:582.34ms
step:727/1555 loss.item()=182321.921875 train_time:423553ms step_avg:582.60ms
step:728/1555 loss.item()=182111.1875 train_time:424329ms step_avg:582.87ms
step:729/1555 loss.item()=188758.75 train_time:425106ms step_avg:583.14ms
step:730/1555 loss.item()=188355.8125 train_time:425879ms step_avg:583.40ms
step:731/1555 loss.item()=184573.03125 train_time:426656ms step_avg:583.66ms
step:732/1555 loss.item()=182092.46875 train_time:427430ms step_avg:583.92ms
step:733/1555 loss.item()=179104.34375 train_time:428202ms step_avg:584.18ms
step:734/1555 loss.item()=183717.46875 train_time:428973ms step_avg:584.43ms
step:735/1555 loss.item()=186017.015625 train_time:429748ms step_avg:584.69ms
step:736/1555 loss.item()=178861.6875 train_time:430518ms step_avg:584.94ms
step:737/1555 loss.item()=184521.796875 train_time:431293ms step_avg:585.20ms
step:738/1555 loss.item()=183863.6875 train_time:432072ms step_avg:585.46ms
step:739/1555 loss.item()=184526.203125 train_time:432853ms step_avg:585.73ms
step:740/1555 loss.item()=188067.890625 train_time:433632ms step_avg:585.99ms
step:741/1555 loss.item()=186262.484375 train_time:434407ms step_avg:586.24ms
step:742/1555 loss.item()=179626.8125 train_time:435182ms step_avg:586.50ms
step:743/1555 loss.item()=184719.390625 train_time:435956ms step_avg:586.75ms
step:744/1555 loss.item()=179881.34375 train_time:436734ms step_avg:587.01ms
step:745/1555 loss.item()=180596.40625 train_time:437513ms step_avg:587.27ms
step:746/1555 loss.item()=179029.25 train_time:438285ms step_avg:587.51ms
step:747/1555 loss.item()=184987.671875 train_time:439059ms step_avg:587.76ms
step:748/1555 loss.item()=180581.59375 train_time:439840ms step_avg:588.02ms
step:749/1555 loss.item()=180012.0625 train_time:440610ms step_avg:588.26ms
step:750/1555 loss.item()=181727.71875 train_time:441379ms step_avg:588.50ms
step:750/1555 starting test-time training...
step:750/1555 val_step:0/320 val_loss:3.8181 chunk_loss:11285.5406 is_adam_step=False train_time:441391ms step_avg:588.52ms
step:750/1555 val_step:1/320 val_loss:3.8653 chunk_loss:11549.9233 is_adam_step=True train_time:441391ms step_avg:588.52ms
step:750/1555 val_step:2/320 val_loss:3.9299 chunk_loss:11927.6244 is_adam_step=False train_time:441391ms step_avg:588.52ms
step:750/1555 val_step:3/320 val_loss:3.9290 chunk_loss:11541.9197 is_adam_step=True train_time:441391ms step_avg:588.52ms
step:750/1555 val_step:4/320 val_loss:3.9738 chunk_loss:12137.7127 is_adam_step=False train_time:441391ms step_avg:588.52ms
step:750/1555 val_step:5/320 val_loss:3.9909 chunk_loss:11879.8083 is_adam_step=True train_time:441391ms step_avg:588.52ms
step:750/1555 val_step:6/320 val_loss:3.9391 chunk_loss:10773.2740 is_adam_step=False train_time:441391ms step_avg:588.52ms
step:750/1555 val_step:7/320 val_loss:3.9769 chunk_loss:12345.3286 is_adam_step=True train_time:441391ms step_avg:588.52ms
step:750/1555 val_step:8/320 val_loss:3.9938 chunk_loss:12003.9282 is_adam_step=False train_time:441391ms step_avg:588.52ms
step:750/1555 val_step:9/320 val_loss:4.0209 chunk_loss:12328.2433 is_adam_step=True train_time:441391ms step_avg:588.52ms
step:750/1555 val_step:10/320 val_loss:4.0319 chunk_loss:12091.3834 is_adam_step=False train_time:441391ms step_avg:588.52ms
step:750/1555 val_step:11/320 val_loss:4.0281 chunk_loss:11713.3577 is_adam_step=True train_time:441391ms step_avg:588.52ms
step:750/1555 val_step:12/320 val_loss:4.0448 chunk_loss:12318.7335 is_adam_step=False train_time:441391ms step_avg:588.52ms
step:750/1555 val_step:13/320 val_loss:4.0550 chunk_loss:12175.1973 is_adam_step=True train_time:441391ms step_avg:588.52ms
step:750/1555 val_step:14/320 val_loss:4.0604 chunk_loss:11999.0620 is_adam_step=False train_time:441391ms step_avg:588.52ms
step:750/1555 val_step:15/320 val_loss:4.0673 chunk_loss:12055.3021 is_adam_step=True train_time:441391ms step_avg:588.52ms
step:750/1555 val_step:16/320 val_loss:4.0650 chunk_loss:11713.2178 is_adam_step=False train_time:441391ms step_avg:588.52ms
step:750/1555 val_step:17/320 val_loss:4.0891 chunk_loss:12907.2106 is_adam_step=True train_time:441391ms step_avg:588.52ms
step:750/1555 val_step:18/320 val_loss:4.0869 chunk_loss:11793.5192 is_adam_step=False train_time:441391ms step_avg:588.52ms
step:750/1555 val_step:19/320 val_loss:4.0949 chunk_loss:12265.3951 is_adam_step=True train_time:441391ms step_avg:588.52ms
step:750/1555 val_step:20/320 val_loss:4.1006 chunk_loss:12219.8649 is_adam_step=False train_time:441391ms step_avg:588.52ms
step:750/1555 val_step:21/320 val_loss:4.1133 chunk_loss:12655.5744 is_adam_step=True train_time:441391ms step_avg:588.52ms
step:750/1555 val_step:22/320 val_loss:4.1158 chunk_loss:12109.0938 is_adam_step=False train_time:441391ms step_avg:588.52ms
step:750/1555 val_step:23/320 val_loss:4.1278 chunk_loss:12673.2026 is_adam_step=True train_time:441391ms step_avg:588.52ms
step:750/1555 val_step:24/320 val_loss:4.1313 chunk_loss:12151.2560 is_adam_step=False train_time:441391ms step_avg:588.52ms
step:750/1555 val_step:25/320 val_loss:4.1327 chunk_loss:12113.7197 is_adam_step=True train_time:441391ms step_avg:588.52ms
step:750/1555 val_step:26/320 val_loss:4.1488 chunk_loss:13088.4913 is_adam_step=False train_time:441391ms step_avg:588.52ms
step:750/1555 val_step:27/320 val_loss:4.1598 chunk_loss:12771.5711 is_adam_step=True train_time:441391ms step_avg:588.52ms
step:750/1555 val_step:28/320 val_loss:4.1591 chunk_loss:11967.3152 is_adam_step=False train_time:441391ms step_avg:588.52ms
step:750/1555 val_step:29/320 val_loss:4.1562 chunk_loss:11854.5707 is_adam_step=True train_time:441391ms step_avg:588.52ms
step:750/1555 val_step:30/320 val_loss:4.1563 chunk_loss:12128.9232 is_adam_step=False train_time:441391ms step_avg:588.52ms
step:750/1555 val_step:31/320 val_loss:4.1560 chunk_loss:12031.4124 is_adam_step=True train_time:441391ms step_avg:588.52ms
step:750/1555 val_step:32/320 val_loss:4.1539 chunk_loss:11900.9359 is_adam_step=False train_time:441391ms step_avg:588.52ms
step:750/1555 val_step:33/320 val_loss:4.1570 chunk_loss:12329.3510 is_adam_step=True train_time:441391ms step_avg:588.52ms
step:750/1555 val_step:34/320 val_loss:4.1596 chunk_loss:12332.6898 is_adam_step=False train_time:441391ms step_avg:588.52ms
step:750/1555 val_step:35/320 val_loss:4.1605 chunk_loss:12130.4261 is_adam_step=True train_time:441391ms step_avg:588.52ms
step:750/1555 val_step:36/320 val_loss:4.1640 chunk_loss:12476.9821 is_adam_step=False train_time:441391ms step_avg:588.52ms
step:750/1555 val_step:37/320 val_loss:4.1673 chunk_loss:12318.0362 is_adam_step=True train_time:441391ms step_avg:588.52ms
step:750/1555 val_step:38/320 val_loss:4.1622 chunk_loss:11565.7015 is_adam_step=False train_time:441391ms step_avg:588.52ms
step:750/1555 val_step:39/320 val_loss:4.1661 chunk_loss:12544.1928 is_adam_step=True train_time:441391ms step_avg:588.52ms
step:750/1555 val_step:40/320 val_loss:4.1724 chunk_loss:12747.5480 is_adam_step=False train_time:441391ms step_avg:588.52ms
step:750/1555 val_step:41/320 val_loss:4.1788 chunk_loss:12726.8676 is_adam_step=True train_time:441391ms step_avg:588.52ms
step:750/1555 val_step:42/320 val_loss:4.1806 chunk_loss:12312.4291 is_adam_step=False train_time:441391ms step_avg:588.52ms
step:750/1555 val_step:43/320 val_loss:4.1829 chunk_loss:12324.9481 is_adam_step=True train_time:441391ms step_avg:588.52ms
step:750/1555 val_step:44/320 val_loss:4.1893 chunk_loss:12775.9887 is_adam_step=False train_time:441391ms step_avg:588.52ms
step:750/1555 val_step:45/320 val_loss:4.1908 chunk_loss:12301.1689 is_adam_step=True train_time:441391ms step_avg:588.52ms
step:750/1555 val_step:46/320 val_loss:4.1923 chunk_loss:12327.8916 is_adam_step=False train_time:441391ms step_avg:588.52ms
step:750/1555 val_step:47/320 val_loss:4.1941 chunk_loss:12428.4185 is_adam_step=True train_time:441391ms step_avg:588.52ms
step:750/1555 val_step:48/320 val_loss:4.1941 chunk_loss:12147.4695 is_adam_step=False train_time:441391ms step_avg:588.52ms
step:750/1555 val_step:49/320 val_loss:4.1933 chunk_loss:12083.7568 is_adam_step=True train_time:441391ms step_avg:588.52ms
step:750/1555 val_step:50/320 val_loss:4.1930 chunk_loss:12154.0991 is_adam_step=False train_time:441391ms step_avg:588.52ms
step:750/1555 val_step:51/320 val_loss:4.1918 chunk_loss:11987.5082 is_adam_step=True train_time:441391ms step_avg:588.52ms
step:750/1555 val_step:52/320 val_loss:4.1939 chunk_loss:12431.2648 is_adam_step=False train_time:441391ms step_avg:588.52ms
step:750/1555 val_step:53/320 val_loss:4.1941 chunk_loss:12155.2042 is_adam_step=True train_time:441391ms step_avg:588.52ms
step:750/1555 val_step:54/320 val_loss:4.1915 chunk_loss:11809.9174 is_adam_step=False train_time:441391ms step_avg:588.52ms
step:750/1555 val_step:55/320 val_loss:4.1891 chunk_loss:11759.7098 is_adam_step=True train_time:441391ms step_avg:588.52ms
step:750/1555 val_step:56/320 val_loss:4.1881 chunk_loss:11977.1272 is_adam_step=False train_time:441391ms step_avg:588.52ms
step:750/1555 val_step:57/320 val_loss:4.1881 chunk_loss:12255.8661 is_adam_step=True train_time:441391ms step_avg:588.52ms
step:750/1555 val_step:58/320 val_loss:4.1886 chunk_loss:12177.2460 is_adam_step=False train_time:441391ms step_avg:588.52ms
step:750/1555 val_step:59/320 val_loss:4.1902 chunk_loss:12359.1921 is_adam_step=True train_time:441391ms step_avg:588.52ms
step:750/1555 val_step:60/320 val_loss:4.1892 chunk_loss:11953.5477 is_adam_step=False train_time:441391ms step_avg:588.52ms
step:750/1555 val_step:61/320 val_loss:4.1893 chunk_loss:12126.4881 is_adam_step=True train_time:441391ms step_avg:588.52ms
step:750/1555 val_step:62/320 val_loss:4.1894 chunk_loss:12126.6342 is_adam_step=False train_time:441391ms step_avg:588.52ms
step:750/1555 val_step:63/320 val_loss:4.1901 chunk_loss:12244.9124 is_adam_step=True train_time:441391ms step_avg:588.52ms
step:750/1555 val_step:64/320 val_loss:4.1917 chunk_loss:12385.5444 is_adam_step=False train_time:441391ms step_avg:588.52ms
step:750/1555 val_step:65/320 val_loss:4.1938 chunk_loss:12459.9151 is_adam_step=True train_time:441391ms step_avg:588.52ms
step:750/1555 val_step:66/320 val_loss:4.1968 chunk_loss:12610.0837 is_adam_step=False train_time:441391ms step_avg:588.52ms
step:750/1555 val_step:67/320 val_loss:4.1971 chunk_loss:12209.1620 is_adam_step=True train_time:441391ms step_avg:588.52ms
step:750/1555 val_step:68/320 val_loss:4.1953 chunk_loss:11815.1039 is_adam_step=False train_time:441391ms step_avg:588.52ms
step:750/1555 val_step:69/320 val_loss:4.1960 chunk_loss:12238.8255 is_adam_step=True train_time:441391ms step_avg:588.52ms
step:750/1555 val_step:70/320 val_loss:4.1948 chunk_loss:11959.5622 is_adam_step=False train_time:441391ms step_avg:588.52ms
step:750/1555 val_step:71/320 val_loss:4.1922 chunk_loss:11667.5117 is_adam_step=True train_time:441391ms step_avg:588.52ms
step:750/1555 val_step:72/320 val_loss:4.1902 chunk_loss:11768.6266 is_adam_step=False train_time:441391ms step_avg:588.52ms
step:750/1555 val_step:73/320 val_loss:4.1900 chunk_loss:12129.1653 is_adam_step=True train_time:441391ms step_avg:588.52ms
step:750/1555 val_step:74/320 val_loss:4.1926 chunk_loss:12628.8867 is_adam_step=False train_time:441391ms step_avg:588.52ms
step:750/1555 val_step:75/320 val_loss:4.1928 chunk_loss:12197.9198 is_adam_step=True train_time:441391ms step_avg:588.52ms
step:750/1555 val_step:76/320 val_loss:4.1915 chunk_loss:11877.4483 is_adam_step=False train_time:441391ms step_avg:588.52ms
step:750/1555 val_step:77/320 val_loss:4.1930 chunk_loss:12462.4284 is_adam_step=True train_time:441391ms step_avg:588.52ms
step:750/1555 val_step:78/320 val_loss:4.1912 chunk_loss:11800.4462 is_adam_step=False train_time:441391ms step_avg:588.52ms
step:750/1555 val_step:79/320 val_loss:4.1898 chunk_loss:11922.6049 is_adam_step=True train_time:441391ms step_avg:588.52ms
step:750/1555 val_step:80/320 val_loss:4.1884 chunk_loss:11884.6781 is_adam_step=False train_time:441391ms step_avg:588.52ms
step:750/1555 val_step:81/320 val_loss:4.1863 chunk_loss:11701.1016 is_adam_step=True train_time:441391ms step_avg:588.52ms
step:750/1555 val_step:82/320 val_loss:4.1863 chunk_loss:12158.9202 is_adam_step=False train_time:441391ms step_avg:588.52ms
step:750/1555 val_step:83/320 val_loss:4.1838 chunk_loss:11617.6447 is_adam_step=True train_time:441391ms step_avg:588.52ms
step:750/1555 val_step:84/320 val_loss:4.1844 chunk_loss:12242.6370 is_adam_step=False train_time:441391ms step_avg:588.52ms
step:750/1555 val_step:85/320 val_loss:4.1839 chunk_loss:12045.7307 is_adam_step=True train_time:441391ms step_avg:588.52ms
step:750/1555 val_step:86/320 val_loss:4.1841 chunk_loss:12193.5500 is_adam_step=False train_time:441391ms step_avg:588.52ms
step:750/1555 val_step:87/320 val_loss:4.1836 chunk_loss:11974.6244 is_adam_step=True train_time:441391ms step_avg:588.52ms
step:750/1555 val_step:88/320 val_loss:4.1838 chunk_loss:12203.4697 is_adam_step=False train_time:441391ms step_avg:588.52ms
step:750/1555 val_step:89/320 val_loss:4.1841 chunk_loss:12164.9324 is_adam_step=True train_time:441391ms step_avg:588.52ms
step:750/1555 val_step:90/320 val_loss:4.1823 chunk_loss:11709.6175 is_adam_step=False train_time:441391ms step_avg:588.52ms
step:750/1555 val_step:91/320 val_loss:4.1803 chunk_loss:11650.4060 is_adam_step=True train_time:441391ms step_avg:588.52ms
step:750/1555 val_step:92/320 val_loss:4.1811 chunk_loss:12333.6350 is_adam_step=False train_time:441391ms step_avg:588.52ms
step:750/1555 val_step:93/320 val_loss:4.1815 chunk_loss:12178.1750 is_adam_step=True train_time:441391ms step_avg:588.52ms
step:750/1555 val_step:94/320 val_loss:4.1819 chunk_loss:12169.6855 is_adam_step=False train_time:441391ms step_avg:588.52ms
step:750/1555 val_step:95/320 val_loss:4.1817 chunk_loss:12065.4014 is_adam_step=True train_time:441391ms step_avg:588.52ms
step:750/1555 val_step:96/320 val_loss:4.1822 chunk_loss:12196.6891 is_adam_step=False train_time:441391ms step_avg:588.52ms
step:750/1555 val_step:97/320 val_loss:4.1852 chunk_loss:12816.8932 is_adam_step=True train_time:441391ms step_avg:588.52ms
step:750/1555 val_step:98/320 val_loss:4.1856 chunk_loss:12234.9827 is_adam_step=False train_time:441391ms step_avg:588.52ms
step:750/1555 val_step:99/320 val_loss:4.1858 chunk_loss:12182.8366 is_adam_step=True train_time:441391ms step_avg:588.52ms
step:750/1555 val_step:100/320 val_loss:4.1855 chunk_loss:11984.4420 is_adam_step=False train_time:441391ms step_avg:588.52ms
step:750/1555 val_step:101/320 val_loss:4.1842 chunk_loss:11754.4257 is_adam_step=True train_time:441391ms step_avg:588.52ms
step:750/1555 val_step:102/320 val_loss:4.1845 chunk_loss:12140.6797 is_adam_step=False train_time:441391ms step_avg:588.52ms
step:750/1555 val_step:103/320 val_loss:4.1857 chunk_loss:12453.5491 is_adam_step=True train_time:441391ms step_avg:588.52ms
step:750/1555 val_step:104/320 val_loss:4.1848 chunk_loss:11900.6099 is_adam_step=False train_time:441391ms step_avg:588.52ms
step:750/1555 val_step:105/320 val_loss:4.1841 chunk_loss:11930.2285 is_adam_step=True train_time:441391ms step_avg:588.52ms
step:750/1555 val_step:106/320 val_loss:4.1816 chunk_loss:11444.8661 is_adam_step=False train_time:441391ms step_avg:588.52ms
step:750/1555 val_step:107/320 val_loss:4.1803 chunk_loss:11778.5887 is_adam_step=True train_time:441391ms step_avg:588.52ms
step:750/1555 val_step:108/320 val_loss:4.1792 chunk_loss:11801.3436 is_adam_step=False train_time:441391ms step_avg:588.52ms
step:750/1555 val_step:109/320 val_loss:4.1790 chunk_loss:12073.1365 is_adam_step=True train_time:441391ms step_avg:588.52ms
step:750/1555 val_step:110/320 val_loss:4.1781 chunk_loss:11870.0665 is_adam_step=False train_time:441391ms step_avg:588.52ms
step:750/1555 val_step:111/320 val_loss:4.1788 chunk_loss:12292.2360 is_adam_step=True train_time:441391ms step_avg:588.52ms
step:750/1555 val_step:112/320 val_loss:4.1780 chunk_loss:11796.0634 is_adam_step=False train_time:441391ms step_avg:588.52ms
step:750/1555 val_step:113/320 val_loss:4.1762 chunk_loss:11603.8492 is_adam_step=True train_time:441391ms step_avg:588.52ms
step:750/1555 val_step:114/320 val_loss:4.1741 chunk_loss:11513.2331 is_adam_step=False train_time:441391ms step_avg:588.52ms
step:750/1555 val_step:115/320 val_loss:4.1722 chunk_loss:11528.7571 is_adam_step=True train_time:441391ms step_avg:588.52ms
step:750/1555 val_step:116/320 val_loss:4.1715 chunk_loss:11899.4352 is_adam_step=False train_time:441391ms step_avg:588.52ms
step:750/1555 val_step:117/320 val_loss:4.1716 chunk_loss:12098.2173 is_adam_step=True train_time:441391ms step_avg:588.52ms
step:750/1555 val_step:118/320 val_loss:4.1720 chunk_loss:12230.7213 is_adam_step=False train_time:441391ms step_avg:588.52ms
step:750/1555 val_step:119/320 val_loss:4.1710 chunk_loss:11800.6512 is_adam_step=True train_time:441391ms step_avg:588.52ms
step:750/1555 val_step:120/320 val_loss:4.1711 chunk_loss:12133.1087 is_adam_step=False train_time:441391ms step_avg:588.52ms
step:750/1555 val_step:121/320 val_loss:4.1704 chunk_loss:11890.1758 is_adam_step=True train_time:441391ms step_avg:588.52ms
step:750/1555 val_step:122/320 val_loss:4.1699 chunk_loss:11951.7851 is_adam_step=False train_time:441391ms step_avg:588.52ms
step:750/1555 val_step:123/320 val_loss:4.1691 chunk_loss:11895.3522 is_adam_step=True train_time:441391ms step_avg:588.52ms
step:750/1555 val_step:124/320 val_loss:4.1690 chunk_loss:12110.0309 is_adam_step=False train_time:441391ms step_avg:588.52ms
step:750/1555 val_step:125/320 val_loss:4.1691 chunk_loss:12151.1764 is_adam_step=True train_time:441391ms step_avg:588.52ms
step:750/1555 val_step:126/320 val_loss:4.1673 chunk_loss:11492.9357 is_adam_step=False train_time:441391ms step_avg:588.52ms
step:750/1555 val_step:127/320 val_loss:4.1674 chunk_loss:12124.3051 is_adam_step=True train_time:441391ms step_avg:588.52ms
step:750/1555 val_step:128/320 val_loss:4.1663 chunk_loss:11784.9427 is_adam_step=False train_time:441391ms step_avg:588.52ms
step:750/1555 val_step:129/320 val_loss:4.1648 chunk_loss:11557.8237 is_adam_step=True train_time:441391ms step_avg:588.52ms
step:750/1555 val_step:130/320 val_loss:4.1646 chunk_loss:12028.8672 is_adam_step=False train_time:441391ms step_avg:588.52ms
step:750/1555 val_step:131/320 val_loss:4.1637 chunk_loss:11763.9539 is_adam_step=True train_time:441391ms step_avg:588.52ms
step:750/1555 val_step:132/320 val_loss:4.1654 chunk_loss:12602.6080 is_adam_step=False train_time:441391ms step_avg:588.52ms
step:750/1555 val_step:133/320 val_loss:4.1664 chunk_loss:12378.3413 is_adam_step=True train_time:441391ms step_avg:588.52ms
step:750/1555 val_step:134/320 val_loss:4.1653 chunk_loss:11630.5573 is_adam_step=False train_time:441391ms step_avg:588.52ms
step:750/1555 val_step:135/320 val_loss:4.1646 chunk_loss:11851.3491 is_adam_step=True train_time:441391ms step_avg:588.52ms
step:750/1555 val_step:136/320 val_loss:4.1645 chunk_loss:12020.8310 is_adam_step=False train_time:441391ms step_avg:588.52ms
step:750/1555 val_step:137/320 val_loss:4.1647 chunk_loss:12145.8607 is_adam_step=True train_time:441391ms step_avg:588.52ms
step:750/1555 val_step:138/320 val_loss:4.1662 chunk_loss:12649.8209 is_adam_step=False train_time:441391ms step_avg:588.52ms
step:750/1555 val_step:139/320 val_loss:4.1665 chunk_loss:12187.6747 is_adam_step=True train_time:441391ms step_avg:588.52ms
step:750/1555 val_step:140/320 val_loss:4.1662 chunk_loss:11987.2504 is_adam_step=False train_time:441391ms step_avg:588.52ms
step:750/1555 val_step:141/320 val_loss:4.1658 chunk_loss:11923.3838 is_adam_step=True train_time:441391ms step_avg:588.52ms
step:750/1555 val_step:142/320 val_loss:4.1660 chunk_loss:12104.7989 is_adam_step=False train_time:441391ms step_avg:588.52ms
step:750/1555 val_step:143/320 val_loss:4.1671 chunk_loss:12467.2916 is_adam_step=True train_time:441391ms step_avg:588.52ms
step:750/1555 val_step:144/320 val_loss:4.1678 chunk_loss:12340.2540 is_adam_step=False train_time:441391ms step_avg:588.52ms
step:750/1555 val_step:145/320 val_loss:4.1669 chunk_loss:11818.4238 is_adam_step=True train_time:441391ms step_avg:588.52ms
step:750/1555 val_step:146/320 val_loss:4.1667 chunk_loss:11991.3033 is_adam_step=False train_time:441391ms step_avg:588.52ms
step:750/1555 val_step:147/320 val_loss:4.1669 chunk_loss:12119.1447 is_adam_step=True train_time:441391ms step_avg:588.52ms
step:750/1555 val_step:148/320 val_loss:4.1672 chunk_loss:12204.9628 is_adam_step=False train_time:441391ms step_avg:588.52ms
step:750/1555 val_step:149/320 val_loss:4.1659 chunk_loss:11586.0707 is_adam_step=True train_time:441391ms step_avg:588.52ms
step:750/1555 val_step:150/320 val_loss:4.1649 chunk_loss:11687.1510 is_adam_step=False train_time:441391ms step_avg:588.52ms
step:750/1555 val_step:151/320 val_loss:4.1646 chunk_loss:11990.3868 is_adam_step=True train_time:441391ms step_avg:588.52ms
step:750/1555 val_step:152/320 val_loss:4.1633 chunk_loss:11529.9883 is_adam_step=False train_time:441391ms step_avg:588.52ms
step:750/1555 val_step:153/320 val_loss:4.1621 chunk_loss:11639.0636 is_adam_step=True train_time:441391ms step_avg:588.52ms
step:750/1555 val_step:154/320 val_loss:4.1614 chunk_loss:11784.3357 is_adam_step=False train_time:441391ms step_avg:588.52ms
step:750/1555 val_step:155/320 val_loss:4.1616 chunk_loss:12145.3552 is_adam_step=True train_time:441391ms step_avg:588.52ms
step:750/1555 val_step:156/320 val_loss:4.1611 chunk_loss:11847.8409 is_adam_step=False train_time:441391ms step_avg:588.52ms
step:750/1555 val_step:157/320 val_loss:4.1610 chunk_loss:12079.6636 is_adam_step=True train_time:441391ms step_avg:588.52ms
step:750/1555 val_step:158/320 val_loss:4.1606 chunk_loss:11924.4609 is_adam_step=False train_time:441391ms step_avg:588.52ms
step:750/1555 val_step:159/320 val_loss:4.1603 chunk_loss:11900.6772 is_adam_step=True train_time:441391ms step_avg:588.52ms
step:750/1555 val_step:160/320 val_loss:4.1611 chunk_loss:12405.1045 is_adam_step=False train_time:441391ms step_avg:588.52ms
step:750/1555 val_step:161/320 val_loss:4.1607 chunk_loss:11908.1027 is_adam_step=True train_time:441391ms step_avg:588.52ms
step:750/1555 val_step:162/320 val_loss:4.1609 chunk_loss:12145.8984 is_adam_step=False train_time:441391ms step_avg:588.52ms
step:750/1555 val_step:163/320 val_loss:4.1601 chunk_loss:11721.8900 is_adam_step=True train_time:441391ms step_avg:588.52ms
step:750/1555 val_step:164/320 val_loss:4.1596 chunk_loss:11828.2710 is_adam_step=False train_time:441391ms step_avg:588.52ms
step:750/1555 val_step:165/320 val_loss:4.1619 chunk_loss:12975.8467 is_adam_step=True train_time:441391ms step_avg:588.52ms
step:750/1555 val_step:166/320 val_loss:4.1622 chunk_loss:12137.0522 is_adam_step=False train_time:441391ms step_avg:588.52ms
step:750/1555 val_step:167/320 val_loss:4.1626 chunk_loss:12254.4074 is_adam_step=True train_time:441391ms step_avg:588.52ms
step:750/1555 val_step:168/320 val_loss:4.1625 chunk_loss:12042.9072 is_adam_step=False train_time:441391ms step_avg:588.52ms
step:750/1555 val_step:169/320 val_loss:4.1624 chunk_loss:12096.0278 is_adam_step=True train_time:441391ms step_avg:588.52ms
step:750/1555 val_step:170/320 val_loss:4.1619 chunk_loss:11800.7759 is_adam_step=False train_time:441391ms step_avg:588.52ms
step:750/1555 val_step:171/320 val_loss:4.1607 chunk_loss:11522.7621 is_adam_step=True train_time:441391ms step_avg:588.52ms
step:750/1555 val_step:172/320 val_loss:4.1605 chunk_loss:12040.6470 is_adam_step=False train_time:441391ms step_avg:588.52ms
step:750/1555 val_step:173/320 val_loss:4.1597 chunk_loss:11721.6683 is_adam_step=True train_time:441391ms step_avg:588.52ms
step:750/1555 val_step:174/320 val_loss:4.1610 chunk_loss:12606.5521 is_adam_step=False train_time:441391ms step_avg:588.52ms
step:750/1555 val_step:175/320 val_loss:4.1605 chunk_loss:11813.2482 is_adam_step=True train_time:441391ms step_avg:588.52ms
step:750/1555 val_step:176/320 val_loss:4.1607 chunk_loss:12170.1570 is_adam_step=False train_time:441391ms step_avg:588.52ms
step:750/1555 val_step:177/320 val_loss:4.1591 chunk_loss:11306.8657 is_adam_step=True train_time:441391ms step_avg:588.52ms
step:750/1555 val_step:178/320 val_loss:4.1588 chunk_loss:11928.1682 is_adam_step=False train_time:441391ms step_avg:588.52ms
step:750/1555 val_step:179/320 val_loss:4.1585 chunk_loss:11913.8648 is_adam_step=True train_time:441391ms step_avg:588.52ms
step:750/1555 val_step:180/320 val_loss:4.1574 chunk_loss:11517.9649 is_adam_step=False train_time:441391ms step_avg:588.52ms
step:750/1555 val_step:181/320 val_loss:4.1575 chunk_loss:12094.7627 is_adam_step=True train_time:441391ms step_avg:588.52ms
step:750/1555 val_step:182/320 val_loss:4.1557 chunk_loss:11195.6335 is_adam_step=False train_time:441391ms step_avg:588.52ms
step:750/1555 val_step:183/320 val_loss:4.1564 chunk_loss:12464.9547 is_adam_step=True train_time:441391ms step_avg:588.52ms
step:750/1555 val_step:184/320 val_loss:4.1555 chunk_loss:11618.6642 is_adam_step=False train_time:441391ms step_avg:588.52ms
step:750/1555 val_step:185/320 val_loss:4.1536 chunk_loss:11209.5435 is_adam_step=True train_time:441391ms step_avg:588.52ms
step:750/1555 val_step:186/320 val_loss:4.1529 chunk_loss:11731.9974 is_adam_step=False train_time:441391ms step_avg:588.52ms
step:750/1555 val_step:187/320 val_loss:4.1521 chunk_loss:11677.3322 is_adam_step=True train_time:441391ms step_avg:588.52ms
step:750/1555 val_step:188/320 val_loss:4.1527 chunk_loss:12265.1100 is_adam_step=False train_time:441391ms step_avg:588.52ms
step:750/1555 val_step:189/320 val_loss:4.1512 chunk_loss:11372.0366 is_adam_step=True train_time:441391ms step_avg:588.52ms
step:750/1555 val_step:190/320 val_loss:4.1506 chunk_loss:11764.1696 is_adam_step=False train_time:441391ms step_avg:588.52ms
step:750/1555 val_step:191/320 val_loss:4.1501 chunk_loss:11729.6488 is_adam_step=True train_time:441391ms step_avg:588.52ms
step:750/1555 val_step:192/320 val_loss:4.1496 chunk_loss:11832.9603 is_adam_step=False train_time:441391ms step_avg:588.52ms
step:750/1555 val_step:193/320 val_loss:4.1496 chunk_loss:12033.8431 is_adam_step=True train_time:441391ms step_avg:588.52ms
step:750/1555 val_step:194/320 val_loss:4.1502 chunk_loss:12352.1389 is_adam_step=False train_time:441391ms step_avg:588.52ms
step:750/1555 val_step:195/320 val_loss:4.1493 chunk_loss:11657.6522 is_adam_step=True train_time:441391ms step_avg:588.52ms
step:750/1555 val_step:196/320 val_loss:4.1489 chunk_loss:11895.6969 is_adam_step=False train_time:441391ms step_avg:588.52ms
step:750/1555 val_step:197/320 val_loss:4.1490 chunk_loss:12143.3074 is_adam_step=True train_time:441391ms step_avg:588.52ms
step:750/1555 val_step:198/320 val_loss:4.1494 chunk_loss:12218.3306 is_adam_step=False train_time:441391ms step_avg:588.52ms
step:750/1555 val_step:199/320 val_loss:4.1488 chunk_loss:11798.0745 is_adam_step=True train_time:441391ms step_avg:588.52ms
step:750/1555 val_step:200/320 val_loss:4.1483 chunk_loss:11787.7881 is_adam_step=False train_time:441391ms step_avg:588.52ms
step:750/1555 val_step:201/320 val_loss:4.1467 chunk_loss:11249.6949 is_adam_step=True train_time:441391ms step_avg:588.52ms
step:750/1555 val_step:202/320 val_loss:4.1477 chunk_loss:12531.1352 is_adam_step=False train_time:441391ms step_avg:588.52ms
step:750/1555 val_step:203/320 val_loss:4.1469 chunk_loss:11630.7980 is_adam_step=True train_time:441391ms step_avg:588.52ms
step:750/1555 val_step:204/320 val_loss:4.1462 chunk_loss:11704.8357 is_adam_step=False train_time:441391ms step_avg:588.52ms
step:750/1555 val_step:205/320 val_loss:4.1466 chunk_loss:12235.8578 is_adam_step=True train_time:441391ms step_avg:588.52ms
step:750/1555 val_step:206/320 val_loss:4.1461 chunk_loss:11835.7943 is_adam_step=False train_time:441391ms step_avg:588.52ms
step:750/1555 val_step:207/320 val_loss:4.1460 chunk_loss:11938.4536 is_adam_step=True train_time:441391ms step_avg:588.52ms
step:750/1555 val_step:208/320 val_loss:4.1446 chunk_loss:11347.0345 is_adam_step=False train_time:441391ms step_avg:588.52ms
step:750/1555 val_step:209/320 val_loss:4.1449 chunk_loss:12126.7930 is_adam_step=True train_time:441391ms step_avg:588.52ms
step:750/1555 val_step:210/320 val_loss:4.1434 chunk_loss:11217.9234 is_adam_step=False train_time:441391ms step_avg:588.52ms
step:750/1555 val_step:211/320 val_loss:4.1428 chunk_loss:11682.2553 is_adam_step=True train_time:441391ms step_avg:588.52ms
step:750/1555 val_step:212/320 val_loss:4.1441 chunk_loss:12661.8129 is_adam_step=False train_time:441391ms step_avg:588.52ms
step:750/1555 val_step:213/320 val_loss:4.1439 chunk_loss:11891.2687 is_adam_step=True train_time:441391ms step_avg:588.52ms
step:750/1555 val_step:214/320 val_loss:4.1446 chunk_loss:12348.9089 is_adam_step=False train_time:441391ms step_avg:588.52ms
step:750/1555 val_step:215/320 val_loss:4.1434 chunk_loss:11401.0429 is_adam_step=True train_time:441391ms step_avg:588.52ms
step:750/1555 val_step:216/320 val_loss:4.1429 chunk_loss:11705.8612 is_adam_step=False train_time:441391ms step_avg:588.52ms
step:750/1555 val_step:217/320 val_loss:4.1434 chunk_loss:12324.2361 is_adam_step=True train_time:441391ms step_avg:588.52ms
step:750/1555 val_step:218/320 val_loss:4.1433 chunk_loss:11936.0718 is_adam_step=False train_time:441391ms step_avg:588.52ms
step:750/1555 val_step:219/320 val_loss:4.1434 chunk_loss:11996.2170 is_adam_step=True train_time:441391ms step_avg:588.52ms
step:750/1555 val_step:220/320 val_loss:4.1433 chunk_loss:11975.5863 is_adam_step=False train_time:441391ms step_avg:588.52ms
step:750/1555 val_step:221/320 val_loss:4.1430 chunk_loss:11896.6714 is_adam_step=True train_time:441391ms step_avg:588.52ms
step:750/1555 val_step:222/320 val_loss:4.1429 chunk_loss:11945.8099 is_adam_step=False train_time:441391ms step_avg:588.52ms
step:750/1555 val_step:223/320 val_loss:4.1427 chunk_loss:11878.7961 is_adam_step=True train_time:441391ms step_avg:588.52ms
step:750/1555 val_step:224/320 val_loss:4.1420 chunk_loss:11699.2552 is_adam_step=False train_time:441391ms step_avg:588.52ms
step:750/1555 val_step:225/320 val_loss:4.1412 chunk_loss:11598.2782 is_adam_step=True train_time:441391ms step_avg:588.52ms
step:750/1555 val_step:226/320 val_loss:4.1406 chunk_loss:11620.8772 is_adam_step=False train_time:441391ms step_avg:588.52ms
step:750/1555 val_step:227/320 val_loss:4.1406 chunk_loss:11973.5389 is_adam_step=True train_time:441391ms step_avg:588.52ms
step:750/1555 val_step:228/320 val_loss:4.1405 chunk_loss:12012.3699 is_adam_step=False train_time:441391ms step_avg:588.52ms
step:750/1555 val_step:229/320 val_loss:4.1409 chunk_loss:12263.0458 is_adam_step=True train_time:441391ms step_avg:588.52ms
step:750/1555 val_step:230/320 val_loss:4.1407 chunk_loss:11874.4998 is_adam_step=False train_time:441391ms step_avg:588.52ms
step:750/1555 val_step:231/320 val_loss:4.1406 chunk_loss:11927.9307 is_adam_step=True train_time:441391ms step_avg:588.52ms
step:750/1555 val_step:232/320 val_loss:4.1409 chunk_loss:12245.3452 is_adam_step=False train_time:441391ms step_avg:588.52ms
step:750/1555 val_step:233/320 val_loss:4.1409 chunk_loss:11958.9533 is_adam_step=True train_time:441391ms step_avg:588.52ms
step:750/1555 val_step:234/320 val_loss:4.1407 chunk_loss:12004.6851 is_adam_step=False train_time:441391ms step_avg:588.52ms
step:750/1555 val_step:235/320 val_loss:4.1408 chunk_loss:12069.2459 is_adam_step=True train_time:441391ms step_avg:588.52ms
step:750/1555 val_step:236/320 val_loss:4.1407 chunk_loss:12060.0983 is_adam_step=False train_time:441391ms step_avg:588.52ms
step:750/1555 val_step:237/320 val_loss:4.1406 chunk_loss:11962.9274 is_adam_step=True train_time:441391ms step_avg:588.52ms
step:750/1555 val_step:238/320 val_loss:4.1403 chunk_loss:11828.7327 is_adam_step=False train_time:441391ms step_avg:588.52ms
step:750/1555 val_step:239/320 val_loss:4.1398 chunk_loss:11710.9310 is_adam_step=True train_time:441391ms step_avg:588.52ms
step:750/1555 val_step:240/320 val_loss:4.1396 chunk_loss:11919.1290 is_adam_step=False train_time:441391ms step_avg:588.52ms
step:750/1555 val_step:241/320 val_loss:4.1397 chunk_loss:12098.2783 is_adam_step=True train_time:441391ms step_avg:588.52ms
step:750/1555 val_step:242/320 val_loss:4.1406 chunk_loss:12517.9171 is_adam_step=False train_time:441391ms step_avg:588.52ms
step:750/1555 val_step:243/320 val_loss:4.1401 chunk_loss:11728.4606 is_adam_step=True train_time:441391ms step_avg:588.52ms
step:750/1555 val_step:244/320 val_loss:4.1404 chunk_loss:12175.1583 is_adam_step=False train_time:441391ms step_avg:588.52ms
step:750/1555 val_step:245/320 val_loss:4.1405 chunk_loss:12055.3443 is_adam_step=True train_time:441391ms step_avg:588.52ms
step:750/1555 val_step:246/320 val_loss:4.1407 chunk_loss:12138.7246 is_adam_step=False train_time:441391ms step_avg:588.52ms
step:750/1555 val_step:247/320 val_loss:4.1404 chunk_loss:11824.2369 is_adam_step=True train_time:441391ms step_avg:588.52ms
step:750/1555 val_step:248/320 val_loss:4.1401 chunk_loss:11832.9160 is_adam_step=False train_time:441391ms step_avg:588.52ms
step:750/1555 val_step:249/320 val_loss:4.1410 chunk_loss:12549.9975 is_adam_step=True train_time:441391ms step_avg:588.52ms
step:750/1555 val_step:250/320 val_loss:4.1409 chunk_loss:11937.2068 is_adam_step=False train_time:441391ms step_avg:588.52ms
step:750/1555 val_step:251/320 val_loss:4.1409 chunk_loss:11980.0531 is_adam_step=True train_time:441391ms step_avg:588.52ms
step:750/1555 val_step:252/320 val_loss:4.1413 chunk_loss:12269.7368 is_adam_step=False train_time:441391ms step_avg:588.52ms
step:750/1555 val_step:253/320 val_loss:4.1409 chunk_loss:11751.9403 is_adam_step=True train_time:441391ms step_avg:588.52ms
step:750/1555 val_step:254/320 val_loss:4.1410 chunk_loss:12009.1685 is_adam_step=False train_time:441391ms step_avg:588.52ms
step:750/1555 val_step:255/320 val_loss:4.1411 chunk_loss:12061.7816 is_adam_step=True train_time:441391ms step_avg:588.52ms
step:750/1555 val_step:256/320 val_loss:4.1409 chunk_loss:11872.9326 is_adam_step=False train_time:441391ms step_avg:588.52ms
step:750/1555 val_step:257/320 val_loss:4.1416 chunk_loss:12440.2655 is_adam_step=True train_time:441391ms step_avg:588.52ms
step:750/1555 val_step:258/320 val_loss:4.1409 chunk_loss:11481.4991 is_adam_step=False train_time:441391ms step_avg:588.52ms
step:750/1555 val_step:259/320 val_loss:4.1405 chunk_loss:11774.1127 is_adam_step=True train_time:441391ms step_avg:588.52ms
step:750/1555 val_step:260/320 val_loss:4.1403 chunk_loss:11865.7814 is_adam_step=False train_time:441391ms step_avg:588.52ms
step:750/1555 val_step:261/320 val_loss:4.1402 chunk_loss:11987.4198 is_adam_step=True train_time:441391ms step_avg:588.52ms
step:750/1555 val_step:262/320 val_loss:4.1402 chunk_loss:11973.9212 is_adam_step=False train_time:441391ms step_avg:588.52ms
step:750/1555 val_step:263/320 val_loss:4.1398 chunk_loss:11729.0352 is_adam_step=True train_time:441391ms step_avg:588.52ms
step:750/1555 val_step:264/320 val_loss:4.1398 chunk_loss:11959.0532 is_adam_step=False train_time:441391ms step_avg:588.52ms
step:750/1555 val_step:265/320 val_loss:4.1392 chunk_loss:11652.7999 is_adam_step=True train_time:441391ms step_avg:588.52ms
step:750/1555 val_step:266/320 val_loss:4.1393 chunk_loss:12087.5567 is_adam_step=False train_time:441391ms step_avg:588.52ms
step:750/1555 val_step:267/320 val_loss:4.1386 chunk_loss:11547.6789 is_adam_step=True train_time:441391ms step_avg:588.52ms
step:750/1555 val_step:268/320 val_loss:4.1381 chunk_loss:11642.0850 is_adam_step=False train_time:441391ms step_avg:588.52ms
step:750/1555 val_step:269/320 val_loss:4.1378 chunk_loss:11769.9431 is_adam_step=True train_time:441391ms step_avg:588.52ms
step:750/1555 val_step:270/320 val_loss:4.1372 chunk_loss:11610.8298 is_adam_step=False train_time:441391ms step_avg:588.52ms
step:750/1555 val_step:271/320 val_loss:4.1364 chunk_loss:11467.5032 is_adam_step=True train_time:441391ms step_avg:588.52ms
step:750/1555 val_step:272/320 val_loss:4.1356 chunk_loss:11524.0173 is_adam_step=False train_time:441391ms step_avg:588.52ms
step:750/1555 val_step:273/320 val_loss:4.1355 chunk_loss:11967.0368 is_adam_step=True train_time:441391ms step_avg:588.52ms
step:750/1555 val_step:274/320 val_loss:4.1354 chunk_loss:11920.1827 is_adam_step=False train_time:441391ms step_avg:588.52ms
step:750/1555 val_step:275/320 val_loss:4.1361 chunk_loss:12498.1284 is_adam_step=True train_time:441391ms step_avg:588.52ms
step:750/1555 val_step:276/320 val_loss:4.1356 chunk_loss:11677.6496 is_adam_step=False train_time:441391ms step_avg:588.52ms
step:750/1555 val_step:277/320 val_loss:4.1350 chunk_loss:11585.1052 is_adam_step=True train_time:441391ms step_avg:588.52ms
step:750/1555 val_step:278/320 val_loss:4.1347 chunk_loss:11855.0718 is_adam_step=False train_time:441391ms step_avg:588.52ms
step:750/1555 val_step:279/320 val_loss:4.1353 chunk_loss:12365.1676 is_adam_step=True train_time:441391ms step_avg:588.52ms
step:750/1555 val_step:280/320 val_loss:4.1353 chunk_loss:12039.6181 is_adam_step=False train_time:441391ms step_avg:588.52ms
step:750/1555 val_step:281/320 val_loss:4.1350 chunk_loss:11755.4729 is_adam_step=True train_time:441391ms step_avg:588.52ms
step:750/1555 val_step:282/320 val_loss:4.1348 chunk_loss:11952.5066 is_adam_step=False train_time:441391ms step_avg:588.52ms
step:750/1555 val_step:283/320 val_loss:4.1345 chunk_loss:11758.3384 is_adam_step=True train_time:441391ms step_avg:588.52ms
step:750/1555 val_step:284/320 val_loss:4.1349 chunk_loss:12193.6099 is_adam_step=False train_time:441391ms step_avg:588.52ms
step:750/1555 val_step:285/320 val_loss:4.1341 chunk_loss:11449.4255 is_adam_step=True train_time:441391ms step_avg:588.52ms
step:750/1555 val_step:286/320 val_loss:4.1339 chunk_loss:11827.4406 is_adam_step=False train_time:441391ms step_avg:588.52ms
step:750/1555 val_step:287/320 val_loss:4.1342 chunk_loss:12142.2741 is_adam_step=True train_time:441391ms step_avg:588.52ms
step:750/1555 val_step:288/320 val_loss:4.1341 chunk_loss:11899.7762 is_adam_step=False train_time:441391ms step_avg:588.52ms
step:750/1555 val_step:289/320 val_loss:4.1344 chunk_loss:12242.7803 is_adam_step=True train_time:441391ms step_avg:588.52ms
step:750/1555 val_step:290/320 val_loss:4.1347 chunk_loss:12181.9704 is_adam_step=False train_time:441391ms step_avg:588.52ms
step:750/1555 val_step:291/320 val_loss:4.1345 chunk_loss:11801.8344 is_adam_step=True train_time:441391ms step_avg:588.52ms
step:750/1555 val_step:292/320 val_loss:4.1340 chunk_loss:11601.2720 is_adam_step=False train_time:441391ms step_avg:588.52ms
step:750/1555 val_step:293/320 val_loss:4.1337 chunk_loss:11757.4310 is_adam_step=True train_time:441391ms step_avg:588.52ms
step:750/1555 val_step:294/320 val_loss:4.1338 chunk_loss:12017.3625 is_adam_step=False train_time:441391ms step_avg:588.52ms
step:750/1555 val_step:295/320 val_loss:4.1339 chunk_loss:12033.5756 is_adam_step=True train_time:441391ms step_avg:588.52ms
step:750/1555 val_step:296/320 val_loss:4.1338 chunk_loss:11928.8749 is_adam_step=False train_time:441391ms step_avg:588.52ms
step:750/1555 val_step:297/320 val_loss:4.1333 chunk_loss:11620.6472 is_adam_step=True train_time:441391ms step_avg:588.52ms
step:750/1555 val_step:298/320 val_loss:4.1328 chunk_loss:11678.8837 is_adam_step=False train_time:441391ms step_avg:588.52ms
step:750/1555 val_step:299/320 val_loss:4.1326 chunk_loss:11824.8643 is_adam_step=True train_time:441391ms step_avg:588.52ms
step:750/1555 val_step:300/320 val_loss:4.1321 chunk_loss:11607.3510 is_adam_step=False train_time:441391ms step_avg:588.52ms
step:750/1555 val_step:301/320 val_loss:4.1317 chunk_loss:11665.8932 is_adam_step=True train_time:441391ms step_avg:588.52ms
step:750/1555 val_step:302/320 val_loss:4.1315 chunk_loss:11918.0629 is_adam_step=False train_time:441391ms step_avg:588.52ms
step:750/1555 val_step:303/320 val_loss:4.1318 chunk_loss:12148.0249 is_adam_step=True train_time:441391ms step_avg:588.52ms
step:750/1555 val_step:304/320 val_loss:4.1308 chunk_loss:11236.5656 is_adam_step=False train_time:441391ms step_avg:588.52ms
step:750/1555 val_step:305/320 val_loss:4.1304 chunk_loss:11720.5328 is_adam_step=True train_time:441391ms step_avg:588.52ms
step:750/1555 val_step:306/320 val_loss:4.1303 chunk_loss:11907.1778 is_adam_step=False train_time:441391ms step_avg:588.52ms
step:750/1555 val_step:307/320 val_loss:4.1301 chunk_loss:11849.0656 is_adam_step=True train_time:441391ms step_avg:588.52ms
step:750/1555 val_step:308/320 val_loss:4.1302 chunk_loss:12005.5276 is_adam_step=False train_time:441391ms step_avg:588.52ms
step:750/1555 val_step:309/320 val_loss:4.1303 chunk_loss:12066.4126 is_adam_step=True train_time:441391ms step_avg:588.52ms
step:750/1555 val_step:310/320 val_loss:4.1298 chunk_loss:11602.0701 is_adam_step=False train_time:441391ms step_avg:588.52ms
step:750/1555 val_step:311/320 val_loss:4.1300 chunk_loss:12168.7866 is_adam_step=True train_time:441391ms step_avg:588.52ms
step:750/1555 val_step:312/320 val_loss:4.1301 chunk_loss:12050.9197 is_adam_step=False train_time:441391ms step_avg:588.52ms
step:750/1555 val_step:313/320 val_loss:4.1302 chunk_loss:12028.2759 is_adam_step=True train_time:441391ms step_avg:588.52ms
step:750/1555 val_step:314/320 val_loss:4.1305 chunk_loss:12227.7787 is_adam_step=False train_time:441391ms step_avg:588.52ms
step:750/1555 val_step:315/320 val_loss:4.1306 chunk_loss:12034.3712 is_adam_step=True train_time:441391ms step_avg:588.52ms
step:750/1555 val_step:316/320 val_loss:4.1303 chunk_loss:11761.4390 is_adam_step=False train_time:441391ms step_avg:588.52ms
step:750/1555 val_step:317/320 val_loss:4.1302 chunk_loss:11899.6647 is_adam_step=True train_time:441391ms step_avg:588.52ms
step:750/1555 val_step:318/320 val_loss:4.1304 chunk_loss:12083.5383 is_adam_step=False train_time:441391ms step_avg:588.52ms
step:750/1555 val_step:319/320 val_loss:4.1302 chunk_loss:11823.3969 is_adam_step=True train_time:441391ms step_avg:588.52ms
step:750/1555 val_loss:4.1302 train_time:441391ms step_avg:588.52ms
step:751/1555 loss.item()=182644.09375 train_time:442122ms step_avg:588.71ms
step:752/1555 loss.item()=185903.09375 train_time:442894ms step_avg:588.95ms
step:753/1555 loss.item()=180242.0 train_time:443667ms step_avg:589.20ms
step:754/1555 loss.item()=177264.15625 train_time:444434ms step_avg:589.44ms
step:755/1555 loss.item()=190272.125 train_time:445200ms step_avg:589.67ms
step:756/1555 loss.item()=178915.53125 train_time:445967ms step_avg:589.90ms
step:757/1555 loss.item()=178535.6875 train_time:446733ms step_avg:590.14ms
step:758/1555 loss.item()=175116.09375 train_time:447496ms step_avg:590.36ms
step:759/1555 loss.item()=176610.21875 train_time:448257ms step_avg:590.59ms
step:760/1555 loss.item()=182311.5625 train_time:449022ms step_avg:590.82ms
step:761/1555 loss.item()=177658.875 train_time:449795ms step_avg:591.06ms
step:762/1555 loss.item()=176787.21875 train_time:450561ms step_avg:591.29ms
step:763/1555 loss.item()=183636.625 train_time:451327ms step_avg:591.52ms
step:764/1555 loss.item()=175683.953125 train_time:452096ms step_avg:591.75ms
step:765/1555 loss.item()=174868.53125 train_time:452862ms step_avg:591.98ms
step:766/1555 loss.item()=179744.40625 train_time:453625ms step_avg:592.20ms
step:767/1555 loss.item()=177110.359375 train_time:454395ms step_avg:592.43ms
step:768/1555 loss.item()=177673.953125 train_time:455160ms step_avg:592.66ms
step:769/1555 loss.item()=176105.140625 train_time:455922ms step_avg:592.88ms
step:770/1555 loss.item()=176715.640625 train_time:456683ms step_avg:593.09ms
step:771/1555 loss.item()=175330.921875 train_time:457452ms step_avg:593.32ms
step:772/1555 loss.item()=177682.84375 train_time:458216ms step_avg:593.54ms
step:773/1555 loss.item()=173824.28125 train_time:458981ms step_avg:593.77ms
step:774/1555 loss.item()=174139.921875 train_time:459745ms step_avg:593.99ms
step:775/1555 loss.item()=179283.375 train_time:460512ms step_avg:594.21ms
step:776/1555 loss.item()=176772.546875 train_time:461276ms step_avg:594.43ms
step:777/1555 loss.item()=176839.40625 train_time:462041ms step_avg:594.65ms
step:778/1555 loss.item()=173733.859375 train_time:462806ms step_avg:594.87ms
step:779/1555 loss.item()=184177.28125 train_time:463568ms step_avg:595.08ms
step:780/1555 loss.item()=180024.15625 train_time:464335ms step_avg:595.30ms
step:781/1555 loss.item()=173120.765625 train_time:465102ms step_avg:595.52ms
step:782/1555 loss.item()=170438.390625 train_time:465865ms step_avg:595.74ms
step:783/1555 loss.item()=178646.078125 train_time:466628ms step_avg:595.95ms
step:784/1555 loss.item()=175929.015625 train_time:467403ms step_avg:596.18ms
step:785/1555 loss.item()=177058.78125 train_time:468172ms step_avg:596.40ms
step:786/1555 loss.item()=167223.4375 train_time:468936ms step_avg:596.61ms
step:787/1555 loss.item()=173783.3125 train_time:469708ms step_avg:596.83ms
step:788/1555 loss.item()=172673.53125 train_time:470475ms step_avg:597.05ms
step:789/1555 loss.item()=176192.828125 train_time:471244ms step_avg:597.27ms
step:790/1555 loss.item()=170304.78125 train_time:472011ms step_avg:597.48ms
step:791/1555 loss.item()=168167.53125 train_time:472778ms step_avg:597.70ms
step:792/1555 loss.item()=171900.671875 train_time:473541ms step_avg:597.91ms
step:793/1555 loss.item()=175041.75 train_time:474313ms step_avg:598.12ms
step:794/1555 loss.item()=171809.53125 train_time:475085ms step_avg:598.34ms
step:795/1555 loss.item()=176037.578125 train_time:475855ms step_avg:598.56ms
step:796/1555 loss.item()=166685.140625 train_time:476620ms step_avg:598.77ms
step:797/1555 loss.item()=169503.21875 train_time:477394ms step_avg:598.99ms
step:798/1555 loss.item()=169587.1875 train_time:478165ms step_avg:599.20ms
step:799/1555 loss.item()=167348.875 train_time:478934ms step_avg:599.42ms
step:800/1555 loss.item()=159964.625 train_time:479701ms step_avg:599.63ms
step:801/1555 loss.item()=166795.25 train_time:480468ms step_avg:599.84ms
step:802/1555 loss.item()=161397.3125 train_time:481239ms step_avg:600.05ms
step:803/1555 loss.item()=166354.953125 train_time:482009ms step_avg:600.26ms
step:804/1555 loss.item()=169700.171875 train_time:482774ms step_avg:600.46ms
step:805/1555 loss.item()=164016.109375 train_time:483539ms step_avg:600.67ms
step:806/1555 loss.item()=165959.5625 train_time:484312ms step_avg:600.88ms
step:807/1555 loss.item()=167805.390625 train_time:485083ms step_avg:601.09ms
step:808/1555 loss.item()=164646.171875 train_time:485851ms step_avg:601.30ms
step:809/1555 loss.item()=171177.53125 train_time:486625ms step_avg:601.51ms
step:810/1555 loss.item()=168255.625 train_time:487395ms step_avg:601.72ms
step:811/1555 loss.item()=166242.90625 train_time:488162ms step_avg:601.93ms
step:812/1555 loss.item()=165628.0625 train_time:488927ms step_avg:602.13ms
step:813/1555 loss.item()=171648.796875 train_time:489704ms step_avg:602.34ms
step:814/1555 loss.item()=162874.59375 train_time:490473ms step_avg:602.55ms
step:815/1555 loss.item()=166359.28125 train_time:491238ms step_avg:602.75ms
step:816/1555 loss.item()=166135.671875 train_time:492005ms step_avg:602.95ms
step:817/1555 loss.item()=162268.53125 train_time:492777ms step_avg:603.15ms
step:818/1555 loss.item()=169084.125 train_time:493544ms step_avg:603.35ms
step:819/1555 loss.item()=169273.796875 train_time:494319ms step_avg:603.56ms
step:820/1555 loss.item()=163493.03125 train_time:495089ms step_avg:603.77ms
step:821/1555 loss.item()=168306.453125 train_time:495869ms step_avg:603.98ms
step:822/1555 loss.item()=175135.5625 train_time:496635ms step_avg:604.18ms
step:823/1555 loss.item()=161943.28125 train_time:497406ms step_avg:604.38ms
step:824/1555 loss.item()=163683.578125 train_time:498172ms step_avg:604.58ms
step:825/1555 loss.item()=166909.59375 train_time:498944ms step_avg:604.78ms
step:826/1555 loss.item()=159790.40625 train_time:499709ms step_avg:604.97ms
step:827/1555 loss.item()=160770.21875 train_time:500486ms step_avg:605.18ms
step:828/1555 loss.item()=164832.125 train_time:501256ms step_avg:605.38ms
step:829/1555 loss.item()=165116.21875 train_time:502027ms step_avg:605.58ms
step:830/1555 loss.item()=163815.625 train_time:502797ms step_avg:605.78ms
step:831/1555 loss.item()=161899.921875 train_time:503570ms step_avg:605.98ms
step:832/1555 loss.item()=159181.640625 train_time:504339ms step_avg:606.18ms
step:833/1555 loss.item()=162731.34375 train_time:505108ms step_avg:606.37ms
step:834/1555 loss.item()=160773.453125 train_time:505877ms step_avg:606.57ms
step:835/1555 loss.item()=160184.03125 train_time:506649ms step_avg:606.77ms
step:836/1555 loss.item()=160955.6875 train_time:507419ms step_avg:606.96ms
step:837/1555 loss.item()=157076.09375 train_time:508193ms step_avg:607.16ms
step:838/1555 loss.item()=161578.3125 train_time:508970ms step_avg:607.36ms
step:839/1555 loss.item()=165424.265625 train_time:509738ms step_avg:607.55ms
step:840/1555 loss.item()=158403.03125 train_time:510504ms step_avg:607.74ms
step:841/1555 loss.item()=156468.375 train_time:511274ms step_avg:607.94ms
step:842/1555 loss.item()=166128.28125 train_time:512043ms step_avg:608.13ms
step:843/1555 loss.item()=151745.6875 train_time:512817ms step_avg:608.32ms
step:844/1555 loss.item()=161579.578125 train_time:513578ms step_avg:608.50ms
step:845/1555 loss.item()=162877.859375 train_time:514348ms step_avg:608.70ms
step:846/1555 loss.item()=159864.46875 train_time:515120ms step_avg:608.89ms
step:847/1555 loss.item()=155904.953125 train_time:515893ms step_avg:609.08ms
step:848/1555 loss.item()=151448.28125 train_time:516664ms step_avg:609.27ms
step:849/1555 loss.item()=151115.375 train_time:517436ms step_avg:609.46ms
step:850/1555 loss.item()=159505.5 train_time:518199ms step_avg:609.65ms
step:851/1555 loss.item()=154978.125 train_time:518970ms step_avg:609.83ms
step:852/1555 loss.item()=153692.25 train_time:519735ms step_avg:610.02ms
step:853/1555 loss.item()=162070.71875 train_time:520504ms step_avg:610.20ms
step:854/1555 loss.item()=154025.96875 train_time:521270ms step_avg:610.39ms
step:855/1555 loss.item()=156567.953125 train_time:522040ms step_avg:610.57ms
step:856/1555 loss.item()=160176.3125 train_time:522805ms step_avg:610.75ms
step:857/1555 loss.item()=150928.4375 train_time:523575ms step_avg:610.94ms
step:858/1555 loss.item()=158239.921875 train_time:524338ms step_avg:611.12ms
step:859/1555 loss.item()=157653.515625 train_time:525108ms step_avg:611.30ms
step:860/1555 loss.item()=152505.046875 train_time:525875ms step_avg:611.48ms
step:861/1555 loss.item()=152483.546875 train_time:526640ms step_avg:611.66ms
step:862/1555 loss.item()=151710.171875 train_time:527410ms step_avg:611.84ms
step:863/1555 loss.item()=148575.875 train_time:528182ms step_avg:612.03ms
step:864/1555 loss.item()=148795.875 train_time:528949ms step_avg:612.21ms
step:865/1555 loss.item()=153879.578125 train_time:529720ms step_avg:612.39ms
step:866/1555 loss.item()=151466.375 train_time:530487ms step_avg:612.57ms
step:867/1555 loss.item()=154856.375 train_time:531263ms step_avg:612.76ms
step:868/1555 loss.item()=152963.25 train_time:532034ms step_avg:612.94ms
step:869/1555 loss.item()=147983.1875 train_time:532807ms step_avg:613.13ms
step:870/1555 loss.item()=155878.484375 train_time:533576ms step_avg:613.31ms
step:871/1555 loss.item()=155618.96875 train_time:534346ms step_avg:613.49ms
step:872/1555 loss.item()=151825.765625 train_time:535112ms step_avg:613.66ms
step:873/1555 loss.item()=158886.28125 train_time:535884ms step_avg:613.84ms
step:874/1555 loss.item()=153705.1875 train_time:536649ms step_avg:614.02ms
step:875/1555 loss.item()=154506.078125 train_time:537421ms step_avg:614.20ms
step:876/1555 loss.item()=151469.0625 train_time:538191ms step_avg:614.37ms
step:877/1555 loss.item()=160616.578125 train_time:538965ms step_avg:614.55ms
step:878/1555 loss.item()=151838.0625 train_time:539732ms step_avg:614.73ms
step:879/1555 loss.item()=155829.1875 train_time:540506ms step_avg:614.91ms
step:880/1555 loss.item()=154008.359375 train_time:541272ms step_avg:615.08ms
step:881/1555 loss.item()=146025.640625 train_time:542043ms step_avg:615.26ms
step:882/1555 loss.item()=148399.25 train_time:542811ms step_avg:615.43ms
step:883/1555 loss.item()=143778.40625 train_time:543585ms step_avg:615.61ms
step:884/1555 loss.item()=153549.9375 train_time:544353ms step_avg:615.78ms
step:885/1555 loss.item()=147700.71875 train_time:545122ms step_avg:615.96ms
step:886/1555 loss.item()=147372.625 train_time:545892ms step_avg:616.13ms
step:887/1555 loss.item()=154692.65625 train_time:546668ms step_avg:616.31ms
step:888/1555 loss.item()=149410.90625 train_time:547436ms step_avg:616.48ms
step:889/1555 loss.item()=153198.71875 train_time:548208ms step_avg:616.66ms
step:890/1555 loss.item()=149277.015625 train_time:548975ms step_avg:616.83ms
step:891/1555 loss.item()=153592.359375 train_time:549739ms step_avg:616.99ms
step:892/1555 loss.item()=150478.78125 train_time:550506ms step_avg:617.16ms
step:893/1555 loss.item()=148385.1875 train_time:551276ms step_avg:617.33ms
step:894/1555 loss.item()=140565.625 train_time:552044ms step_avg:617.50ms
step:895/1555 loss.item()=144316.921875 train_time:552814ms step_avg:617.67ms
step:896/1555 loss.item()=147551.296875 train_time:553581ms step_avg:617.84ms
step:897/1555 loss.item()=149602.875 train_time:554354ms step_avg:618.01ms
step:898/1555 loss.item()=143178.5 train_time:555124ms step_avg:618.18ms
step:899/1555 loss.item()=143998.015625 train_time:555896ms step_avg:618.35ms
step:900/1555 loss.item()=144517.0 train_time:556668ms step_avg:618.52ms
step:901/1555 loss.item()=141710.78125 train_time:557437ms step_avg:618.69ms
step:902/1555 loss.item()=147109.21875 train_time:558207ms step_avg:618.85ms
step:903/1555 loss.item()=143493.5625 train_time:558983ms step_avg:619.03ms
step:904/1555 loss.item()=144911.359375 train_time:559752ms step_avg:619.19ms
step:905/1555 loss.item()=150061.34375 train_time:560527ms step_avg:619.37ms
step:906/1555 loss.item()=139541.5 train_time:561296ms step_avg:619.53ms
step:907/1555 loss.item()=147959.09375 train_time:562070ms step_avg:619.70ms
step:908/1555 loss.item()=140675.390625 train_time:562836ms step_avg:619.86ms
step:909/1555 loss.item()=139314.09375 train_time:563605ms step_avg:620.03ms
step:910/1555 loss.item()=140980.515625 train_time:564376ms step_avg:620.19ms
step:911/1555 loss.item()=142157.5625 train_time:565148ms step_avg:620.36ms
step:912/1555 loss.item()=139942.25 train_time:565918ms step_avg:620.52ms
step:913/1555 loss.item()=142145.328125 train_time:566688ms step_avg:620.69ms
step:914/1555 loss.item()=136668.6875 train_time:567457ms step_avg:620.85ms
step:915/1555 loss.item()=139652.296875 train_time:568227ms step_avg:621.01ms
step:916/1555 loss.item()=143454.578125 train_time:568996ms step_avg:621.18ms
step:917/1555 loss.item()=138897.46875 train_time:569771ms step_avg:621.34ms
step:918/1555 loss.item()=149057.1875 train_time:570539ms step_avg:621.50ms
step:919/1555 loss.item()=145562.890625 train_time:571309ms step_avg:621.66ms
step:920/1555 loss.item()=137377.4375 train_time:572079ms step_avg:621.83ms
step:921/1555 loss.item()=137648.546875 train_time:572849ms step_avg:621.99ms
step:922/1555 loss.item()=138105.484375 train_time:573618ms step_avg:622.15ms
step:923/1555 loss.item()=140821.96875 train_time:574390ms step_avg:622.31ms
step:924/1555 loss.item()=144402.0 train_time:575160ms step_avg:622.47ms
step:925/1555 loss.item()=137458.65625 train_time:575932ms step_avg:622.63ms
step:926/1555 loss.item()=138103.953125 train_time:576704ms step_avg:622.79ms
step:927/1555 loss.item()=140660.09375 train_time:577475ms step_avg:622.95ms
step:928/1555 loss.item()=134412.3125 train_time:578245ms step_avg:623.11ms
step:929/1555 loss.item()=139811.890625 train_time:579019ms step_avg:623.27ms
step:930/1555 loss.item()=138818.90625 train_time:579788ms step_avg:623.43ms
step:931/1555 loss.item()=137388.375 train_time:580560ms step_avg:623.59ms
step:932/1555 loss.item()=139042.4375 train_time:581329ms step_avg:623.74ms
step:933/1555 loss.item()=137958.875 train_time:582102ms step_avg:623.90ms
step:934/1555 loss.item()=140585.15625 train_time:582873ms step_avg:624.06ms
step:935/1555 loss.item()=140196.265625 train_time:583640ms step_avg:624.21ms
step:936/1555 loss.item()=133197.96875 train_time:584410ms step_avg:624.37ms
step:937/1555 loss.item()=142961.6875 train_time:585180ms step_avg:624.53ms
step:938/1555 loss.item()=138121.5 train_time:585945ms step_avg:624.67ms
step:939/1555 loss.item()=136281.4375 train_time:586719ms step_avg:624.83ms
step:940/1555 loss.item()=135408.515625 train_time:587487ms step_avg:624.99ms
step:941/1555 loss.item()=133357.1875 train_time:588260ms step_avg:625.14ms
step:942/1555 loss.item()=139409.078125 train_time:589028ms step_avg:625.29ms
step:943/1555 loss.item()=135136.78125 train_time:589800ms step_avg:625.45ms
step:944/1555 loss.item()=135451.421875 train_time:590571ms step_avg:625.61ms
step:945/1555 loss.item()=137583.375 train_time:591340ms step_avg:625.76ms
step:946/1555 loss.item()=135827.8125 train_time:592110ms step_avg:625.91ms
step:947/1555 loss.item()=136108.421875 train_time:592884ms step_avg:626.06ms
step:948/1555 loss.item()=131589.328125 train_time:593654ms step_avg:626.22ms
step:949/1555 loss.item()=135328.640625 train_time:594424ms step_avg:626.37ms
step:950/1555 loss.item()=133393.71875 train_time:595190ms step_avg:626.52ms
step:951/1555 loss.item()=134162.65625 train_time:595966ms step_avg:626.67ms
step:952/1555 loss.item()=126455.9375 train_time:596734ms step_avg:626.82ms
step:953/1555 loss.item()=135685.46875 train_time:597511ms step_avg:626.98ms
step:954/1555 loss.item()=130934.640625 train_time:598282ms step_avg:627.13ms
step:955/1555 loss.item()=133052.6875 train_time:599056ms step_avg:627.28ms
step:956/1555 loss.item()=133815.25 train_time:599827ms step_avg:627.43ms
step:957/1555 loss.item()=130369.34375 train_time:600602ms step_avg:627.59ms
step:958/1555 loss.item()=124616.3515625 train_time:601372ms step_avg:627.74ms
step:959/1555 loss.item()=131738.890625 train_time:602145ms step_avg:627.89ms
step:960/1555 loss.item()=130028.9609375 train_time:602913ms step_avg:628.03ms
step:961/1555 loss.item()=133940.875 train_time:603686ms step_avg:628.19ms
step:962/1555 loss.item()=130051.9296875 train_time:604452ms step_avg:628.33ms
step:963/1555 loss.item()=127340.9375 train_time:605223ms step_avg:628.48ms
step:964/1555 loss.item()=128228.078125 train_time:605989ms step_avg:628.62ms
step:965/1555 loss.item()=127646.984375 train_time:606764ms step_avg:628.77ms
step:966/1555 loss.item()=129285.2734375 train_time:607532ms step_avg:628.92ms
step:967/1555 loss.item()=131289.765625 train_time:608306ms step_avg:629.07ms
step:968/1555 loss.item()=129624.59375 train_time:609074ms step_avg:629.21ms
step:969/1555 loss.item()=128289.90625 train_time:609842ms step_avg:629.35ms
step:970/1555 loss.item()=130373.7265625 train_time:610612ms step_avg:629.50ms
step:971/1555 loss.item()=130342.171875 train_time:611387ms step_avg:629.65ms
step:972/1555 loss.item()=126093.640625 train_time:612155ms step_avg:629.79ms
step:973/1555 loss.item()=132137.1875 train_time:612927ms step_avg:629.94ms
step:974/1555 loss.item()=130078.703125 train_time:613698ms step_avg:630.08ms
step:975/1555 loss.item()=129788.390625 train_time:614471ms step_avg:630.23ms
step:976/1555 loss.item()=130367.390625 train_time:615240ms step_avg:630.37ms
step:977/1555 loss.item()=129903.1171875 train_time:616009ms step_avg:630.51ms
step:978/1555 loss.item()=126862.03125 train_time:616780ms step_avg:630.65ms
step:979/1555 loss.item()=128110.71875 train_time:617551ms step_avg:630.80ms
step:980/1555 loss.item()=126764.6875 train_time:618321ms step_avg:630.94ms
step:981/1555 loss.item()=121280.203125 train_time:619096ms step_avg:631.09ms
step:982/1555 loss.item()=132727.1875 train_time:619869ms step_avg:631.23ms
step:983/1555 loss.item()=119734.515625 train_time:620637ms step_avg:631.37ms
step:984/1555 loss.item()=124474.234375 train_time:621404ms step_avg:631.51ms
step:985/1555 loss.item()=130811.546875 train_time:622175ms step_avg:631.65ms
step:986/1555 loss.item()=120485.421875 train_time:622944ms step_avg:631.79ms
step:987/1555 loss.item()=121959.1640625 train_time:623718ms step_avg:631.93ms
step:988/1555 loss.item()=122384.046875 train_time:624488ms step_avg:632.07ms
step:989/1555 loss.item()=127112.640625 train_time:625261ms step_avg:632.22ms
step:990/1555 loss.item()=121430.40625 train_time:626028ms step_avg:632.35ms
step:991/1555 loss.item()=122866.734375 train_time:626798ms step_avg:632.49ms
step:992/1555 loss.item()=124278.8984375 train_time:627570ms step_avg:632.63ms
step:993/1555 loss.item()=122722.4375 train_time:628340ms step_avg:632.77ms
step:994/1555 loss.item()=116089.515625 train_time:629110ms step_avg:632.91ms
step:995/1555 loss.item()=122298.109375 train_time:629881ms step_avg:633.05ms
step:996/1555 loss.item()=122404.1640625 train_time:630650ms step_avg:633.18ms
step:997/1555 loss.item()=121865.5625 train_time:631423ms step_avg:633.32ms
step:998/1555 loss.item()=120201.96875 train_time:632192ms step_avg:633.46ms
step:999/1555 loss.item()=119329.9609375 train_time:632969ms step_avg:633.60ms
step:1000/1555 loss.item()=118540.0546875 train_time:633737ms step_avg:633.74ms
step:1000/1555 starting test-time training...
step:1000/1555 val_step:0/320 val_loss:3.4942 chunk_loss:7503.0024 is_adam_step=False train_time:633750ms step_avg:633.75ms
step:1000/1555 val_step:1/320 val_loss:3.5385 chunk_loss:7703.2109 is_adam_step=True train_time:633750ms step_avg:633.75ms
step:1000/1555 val_step:2/320 val_loss:3.5909 chunk_loss:7917.8480 is_adam_step=False train_time:633750ms step_avg:633.75ms
step:1000/1555 val_step:3/320 val_loss:3.5774 chunk_loss:7583.3518 is_adam_step=True train_time:633750ms step_avg:633.75ms
step:1000/1555 val_step:4/320 val_loss:3.6129 chunk_loss:8029.4330 is_adam_step=False train_time:633750ms step_avg:633.75ms
step:1000/1555 val_step:5/320 val_loss:3.6221 chunk_loss:7809.4032 is_adam_step=True train_time:633750ms step_avg:633.75ms
step:1000/1555 val_step:6/320 val_loss:3.5664 chunk_loss:6979.1648 is_adam_step=False train_time:633750ms step_avg:633.75ms
step:1000/1555 val_step:7/320 val_loss:3.6024 chunk_loss:8212.5249 is_adam_step=True train_time:633750ms step_avg:633.75ms
step:1000/1555 val_step:8/320 val_loss:3.6183 chunk_loss:7950.8788 is_adam_step=False train_time:633750ms step_avg:633.75ms
step:1000/1555 val_step:9/320 val_loss:3.6450 chunk_loss:8259.9219 is_adam_step=True train_time:633750ms step_avg:633.75ms
step:1000/1555 val_step:10/320 val_loss:3.6560 chunk_loss:8018.0537 is_adam_step=False train_time:633750ms step_avg:633.75ms
step:1000/1555 val_step:11/320 val_loss:3.6473 chunk_loss:7581.9333 is_adam_step=True train_time:633750ms step_avg:633.75ms
step:1000/1555 val_step:12/320 val_loss:3.6616 chunk_loss:8141.7590 is_adam_step=False train_time:633750ms step_avg:633.75ms
step:1000/1555 val_step:13/320 val_loss:3.6695 chunk_loss:7998.8404 is_adam_step=True train_time:633750ms step_avg:633.75ms
step:1000/1555 val_step:14/320 val_loss:3.6746 chunk_loss:7949.9561 is_adam_step=False train_time:633750ms step_avg:633.75ms
step:1000/1555 val_step:15/320 val_loss:3.6817 chunk_loss:8009.7320 is_adam_step=True train_time:633750ms step_avg:633.75ms
step:1000/1555 val_step:16/320 val_loss:3.6786 chunk_loss:7695.1215 is_adam_step=False train_time:633750ms step_avg:633.75ms
step:1000/1555 val_step:17/320 val_loss:3.7038 chunk_loss:8734.5288 is_adam_step=True train_time:633750ms step_avg:633.75ms
step:1000/1555 val_step:18/320 val_loss:3.7029 chunk_loss:7814.6698 is_adam_step=False train_time:633750ms step_avg:633.75ms
step:1000/1555 val_step:19/320 val_loss:3.7116 chunk_loss:8181.9501 is_adam_step=True train_time:633750ms step_avg:633.75ms
step:1000/1555 val_step:20/320 val_loss:3.7185 chunk_loss:8163.4640 is_adam_step=False train_time:633750ms step_avg:633.75ms
step:1000/1555 val_step:21/320 val_loss:3.7331 chunk_loss:8543.8441 is_adam_step=True train_time:633750ms step_avg:633.75ms
step:1000/1555 val_step:22/320 val_loss:3.7372 chunk_loss:8099.2640 is_adam_step=False train_time:633750ms step_avg:633.75ms
step:1000/1555 val_step:23/320 val_loss:3.7503 chunk_loss:8544.6757 is_adam_step=True train_time:633750ms step_avg:633.75ms
step:1000/1555 val_step:24/320 val_loss:3.7553 chunk_loss:8153.8736 is_adam_step=False train_time:633750ms step_avg:633.75ms
step:1000/1555 val_step:25/320 val_loss:3.7571 chunk_loss:8038.0945 is_adam_step=True train_time:633750ms step_avg:633.75ms
step:1000/1555 val_step:26/320 val_loss:3.7743 chunk_loss:8926.8387 is_adam_step=False train_time:633750ms step_avg:633.75ms
step:1000/1555 val_step:27/320 val_loss:3.7866 chunk_loss:8693.5404 is_adam_step=True train_time:633750ms step_avg:633.75ms
step:1000/1555 val_step:28/320 val_loss:3.7863 chunk_loss:7993.6017 is_adam_step=False train_time:633750ms step_avg:633.75ms
step:1000/1555 val_step:29/320 val_loss:3.7856 chunk_loss:7942.2841 is_adam_step=True train_time:633750ms step_avg:633.75ms
step:1000/1555 val_step:30/320 val_loss:3.7875 chunk_loss:8149.4594 is_adam_step=False train_time:633750ms step_avg:633.75ms
step:1000/1555 val_step:31/320 val_loss:3.7884 chunk_loss:8045.6240 is_adam_step=True train_time:633750ms step_avg:633.75ms
step:1000/1555 val_step:32/320 val_loss:3.7878 chunk_loss:7972.9774 is_adam_step=False train_time:633750ms step_avg:633.75ms
step:1000/1555 val_step:33/320 val_loss:3.7920 chunk_loss:8318.6073 is_adam_step=True train_time:633750ms step_avg:633.75ms
step:1000/1555 val_step:34/320 val_loss:3.7963 chunk_loss:8326.1232 is_adam_step=False train_time:633750ms step_avg:633.75ms
step:1000/1555 val_step:35/320 val_loss:3.7984 chunk_loss:8157.0551 is_adam_step=True train_time:633750ms step_avg:633.75ms
step:1000/1555 val_step:36/320 val_loss:3.8026 chunk_loss:8383.9497 is_adam_step=False train_time:633750ms step_avg:633.75ms
step:1000/1555 val_step:37/320 val_loss:3.8068 chunk_loss:8324.3355 is_adam_step=True train_time:633750ms step_avg:633.75ms
step:1000/1555 val_step:38/320 val_loss:3.8021 chunk_loss:7657.8129 is_adam_step=False train_time:633750ms step_avg:633.75ms
step:1000/1555 val_step:39/320 val_loss:3.8077 chunk_loss:8536.5940 is_adam_step=True train_time:633750ms step_avg:633.75ms
step:1000/1555 val_step:40/320 val_loss:3.8149 chunk_loss:8642.0423 is_adam_step=False train_time:633750ms step_avg:633.75ms
step:1000/1555 val_step:41/320 val_loss:3.8226 chunk_loss:8735.6357 is_adam_step=True train_time:633750ms step_avg:633.75ms
step:1000/1555 val_step:42/320 val_loss:3.8243 chunk_loss:8224.2765 is_adam_step=False train_time:633750ms step_avg:633.75ms
step:1000/1555 val_step:43/320 val_loss:3.8278 chunk_loss:8376.2060 is_adam_step=True train_time:633750ms step_avg:633.75ms
step:1000/1555 val_step:44/320 val_loss:3.8355 chunk_loss:8789.6075 is_adam_step=False train_time:633750ms step_avg:633.75ms
step:1000/1555 val_step:45/320 val_loss:3.8375 chunk_loss:8278.3573 is_adam_step=True train_time:633750ms step_avg:633.75ms
step:1000/1555 val_step:46/320 val_loss:3.8398 chunk_loss:8324.7271 is_adam_step=False train_time:633750ms step_avg:633.75ms
step:1000/1555 val_step:47/320 val_loss:3.8424 chunk_loss:8398.4210 is_adam_step=True train_time:633750ms step_avg:633.75ms
step:1000/1555 val_step:48/320 val_loss:3.8427 chunk_loss:8123.3656 is_adam_step=False train_time:633750ms step_avg:633.75ms
step:1000/1555 val_step:49/320 val_loss:3.8425 chunk_loss:8075.9011 is_adam_step=True train_time:633750ms step_avg:633.75ms
step:1000/1555 val_step:50/320 val_loss:3.8429 chunk_loss:8169.1686 is_adam_step=False train_time:633750ms step_avg:633.75ms
step:1000/1555 val_step:51/320 val_loss:3.8422 chunk_loss:8044.9338 is_adam_step=True train_time:633750ms step_avg:633.75ms
step:1000/1555 val_step:52/320 val_loss:3.8447 chunk_loss:8371.6968 is_adam_step=False train_time:633750ms step_avg:633.75ms
step:1000/1555 val_step:53/320 val_loss:3.8452 chunk_loss:8151.6358 is_adam_step=True train_time:633750ms step_avg:633.75ms
step:1000/1555 val_step:54/320 val_loss:3.8427 chunk_loss:7863.8198 is_adam_step=False train_time:633750ms step_avg:633.75ms
step:1000/1555 val_step:55/320 val_loss:3.8414 chunk_loss:7959.2054 is_adam_step=True train_time:633750ms step_avg:633.75ms
step:1000/1555 val_step:56/320 val_loss:3.8410 chunk_loss:8052.1240 is_adam_step=False train_time:633750ms step_avg:633.75ms
step:1000/1555 val_step:57/320 val_loss:3.8405 chunk_loss:8120.8727 is_adam_step=True train_time:633750ms step_avg:633.75ms
step:1000/1555 val_step:58/320 val_loss:3.8414 chunk_loss:8191.0000 is_adam_step=False train_time:633750ms step_avg:633.75ms
step:1000/1555 val_step:59/320 val_loss:3.8438 chunk_loss:8382.7778 is_adam_step=True train_time:633750ms step_avg:633.75ms
step:1000/1555 val_step:60/320 val_loss:3.8431 chunk_loss:8014.3920 is_adam_step=False train_time:633750ms step_avg:633.75ms
step:1000/1555 val_step:61/320 val_loss:3.8436 chunk_loss:8157.7512 is_adam_step=True train_time:633750ms step_avg:633.75ms
step:1000/1555 val_step:62/320 val_loss:3.8439 chunk_loss:8137.6458 is_adam_step=False train_time:633750ms step_avg:633.75ms
step:1000/1555 val_step:63/320 val_loss:3.8450 chunk_loss:8247.8000 is_adam_step=True train_time:633750ms step_avg:633.75ms
step:1000/1555 val_step:64/320 val_loss:3.8473 chunk_loss:8420.6074 is_adam_step=False train_time:633750ms step_avg:633.75ms
step:1000/1555 val_step:65/320 val_loss:3.8499 chunk_loss:8472.3827 is_adam_step=True train_time:633750ms step_avg:633.75ms
step:1000/1555 val_step:66/320 val_loss:3.8536 chunk_loss:8630.5071 is_adam_step=False train_time:633750ms step_avg:633.75ms
step:1000/1555 val_step:67/320 val_loss:3.8544 chunk_loss:8251.7133 is_adam_step=True train_time:633750ms step_avg:633.75ms
step:1000/1555 val_step:68/320 val_loss:3.8533 chunk_loss:7956.5972 is_adam_step=False train_time:633750ms step_avg:633.75ms
step:1000/1555 val_step:69/320 val_loss:3.8542 chunk_loss:8247.5687 is_adam_step=True train_time:633750ms step_avg:633.75ms
step:1000/1555 val_step:70/320 val_loss:3.8534 chunk_loss:7996.0749 is_adam_step=False train_time:633750ms step_avg:633.75ms
step:1000/1555 val_step:71/320 val_loss:3.8510 chunk_loss:7764.2550 is_adam_step=True train_time:633750ms step_avg:633.75ms
step:1000/1555 val_step:72/320 val_loss:3.8492 chunk_loss:7840.0467 is_adam_step=False train_time:633750ms step_avg:633.75ms
step:1000/1555 val_step:73/320 val_loss:3.8493 chunk_loss:8186.6494 is_adam_step=True train_time:633750ms step_avg:633.75ms
step:1000/1555 val_step:74/320 val_loss:3.8527 chunk_loss:8656.1862 is_adam_step=False train_time:633750ms step_avg:633.75ms
step:1000/1555 val_step:75/320 val_loss:3.8535 chunk_loss:8233.9094 is_adam_step=True train_time:633750ms step_avg:633.75ms
step:1000/1555 val_step:76/320 val_loss:3.8525 chunk_loss:7986.7015 is_adam_step=False train_time:633750ms step_avg:633.75ms
step:1000/1555 val_step:77/320 val_loss:3.8544 chunk_loss:8443.6568 is_adam_step=True train_time:633750ms step_avg:633.75ms
step:1000/1555 val_step:78/320 val_loss:3.8529 chunk_loss:7882.0393 is_adam_step=False train_time:633750ms step_avg:633.75ms
step:1000/1555 val_step:79/320 val_loss:3.8514 chunk_loss:7895.9278 is_adam_step=True train_time:633750ms step_avg:633.75ms
step:1000/1555 val_step:80/320 val_loss:3.8501 chunk_loss:7920.1206 is_adam_step=False train_time:633750ms step_avg:633.75ms
step:1000/1555 val_step:81/320 val_loss:3.8481 chunk_loss:7794.5914 is_adam_step=True train_time:633750ms step_avg:633.75ms
step:1000/1555 val_step:82/320 val_loss:3.8485 chunk_loss:8176.4700 is_adam_step=False train_time:633750ms step_avg:633.75ms
step:1000/1555 val_step:83/320 val_loss:3.8461 chunk_loss:7716.7986 is_adam_step=True train_time:633750ms step_avg:633.75ms
step:1000/1555 val_step:84/320 val_loss:3.8468 chunk_loss:8230.6922 is_adam_step=False train_time:633750ms step_avg:633.75ms
step:1000/1555 val_step:85/320 val_loss:3.8465 chunk_loss:8063.0110 is_adam_step=True train_time:633750ms step_avg:633.75ms
step:1000/1555 val_step:86/320 val_loss:3.8467 chunk_loss:8160.4177 is_adam_step=False train_time:633750ms step_avg:633.75ms
step:1000/1555 val_step:87/320 val_loss:3.8464 chunk_loss:8030.8026 is_adam_step=True train_time:633750ms step_avg:633.75ms
step:1000/1555 val_step:88/320 val_loss:3.8464 chunk_loss:8142.8606 is_adam_step=False train_time:633750ms step_avg:633.75ms
step:1000/1555 val_step:89/320 val_loss:3.8470 chunk_loss:8207.5558 is_adam_step=True train_time:633750ms step_avg:633.75ms
step:1000/1555 val_step:90/320 val_loss:3.8455 chunk_loss:7813.3659 is_adam_step=False train_time:633750ms step_avg:633.75ms
step:1000/1555 val_step:91/320 val_loss:3.8438 chunk_loss:7801.5853 is_adam_step=True train_time:633750ms step_avg:633.75ms
step:1000/1555 val_step:92/320 val_loss:3.8449 chunk_loss:8322.7799 is_adam_step=False train_time:633750ms step_avg:633.75ms
step:1000/1555 val_step:93/320 val_loss:3.8455 chunk_loss:8207.8899 is_adam_step=True train_time:633750ms step_avg:633.75ms
step:1000/1555 val_step:94/320 val_loss:3.8460 chunk_loss:8216.3132 is_adam_step=False train_time:633750ms step_avg:633.75ms
step:1000/1555 val_step:95/320 val_loss:3.8462 chunk_loss:8128.4388 is_adam_step=True train_time:633750ms step_avg:633.75ms
step:1000/1555 val_step:96/320 val_loss:3.8471 chunk_loss:8260.5846 is_adam_step=False train_time:633750ms step_avg:633.75ms
step:1000/1555 val_step:97/320 val_loss:3.8503 chunk_loss:8759.9074 is_adam_step=True train_time:633750ms step_avg:633.75ms
step:1000/1555 val_step:98/320 val_loss:3.8509 chunk_loss:8222.1849 is_adam_step=False train_time:633750ms step_avg:633.75ms
step:1000/1555 val_step:99/320 val_loss:3.8507 chunk_loss:8072.5583 is_adam_step=True train_time:633750ms step_avg:633.75ms
step:1000/1555 val_step:100/320 val_loss:3.8505 chunk_loss:8073.9044 is_adam_step=False train_time:633750ms step_avg:633.75ms
step:1000/1555 val_step:101/320 val_loss:3.8494 chunk_loss:7871.2542 is_adam_step=True train_time:633750ms step_avg:633.75ms
step:1000/1555 val_step:102/320 val_loss:3.8499 chunk_loss:8215.8683 is_adam_step=False train_time:633750ms step_avg:633.75ms
step:1000/1555 val_step:103/320 val_loss:3.8514 chunk_loss:8459.6082 is_adam_step=True train_time:633750ms step_avg:633.75ms
step:1000/1555 val_step:104/320 val_loss:3.8509 chunk_loss:8024.0475 is_adam_step=False train_time:633750ms step_avg:633.75ms
step:1000/1555 val_step:105/320 val_loss:3.8502 chunk_loss:7979.2014 is_adam_step=True train_time:633750ms step_avg:633.75ms
step:1000/1555 val_step:106/320 val_loss:3.8477 chunk_loss:7557.3071 is_adam_step=False train_time:633750ms step_avg:633.75ms
step:1000/1555 val_step:107/320 val_loss:3.8468 chunk_loss:7892.6850 is_adam_step=True train_time:633750ms step_avg:633.75ms
step:1000/1555 val_step:108/320 val_loss:3.8458 chunk_loss:7891.6148 is_adam_step=False train_time:633750ms step_avg:633.75ms
step:1000/1555 val_step:109/320 val_loss:3.8455 chunk_loss:8062.2325 is_adam_step=True train_time:633750ms step_avg:633.75ms
step:1000/1555 val_step:110/320 val_loss:3.8449 chunk_loss:8004.8456 is_adam_step=False train_time:633750ms step_avg:633.75ms
step:1000/1555 val_step:111/320 val_loss:3.8460 chunk_loss:8375.5270 is_adam_step=True train_time:633750ms step_avg:633.75ms
step:1000/1555 val_step:112/320 val_loss:3.8452 chunk_loss:7919.0793 is_adam_step=False train_time:633750ms step_avg:633.75ms
step:1000/1555 val_step:113/320 val_loss:3.8435 chunk_loss:7695.1379 is_adam_step=True train_time:633750ms step_avg:633.75ms
step:1000/1555 val_step:114/320 val_loss:3.8416 chunk_loss:7665.7921 is_adam_step=False train_time:633750ms step_avg:633.75ms
step:1000/1555 val_step:115/320 val_loss:3.8399 chunk_loss:7694.1296 is_adam_step=True train_time:633750ms step_avg:633.75ms
step:1000/1555 val_step:116/320 val_loss:3.8393 chunk_loss:7968.7416 is_adam_step=False train_time:633750ms step_avg:633.75ms
step:1000/1555 val_step:117/320 val_loss:3.8396 chunk_loss:8168.9840 is_adam_step=True train_time:633750ms step_avg:633.75ms
step:1000/1555 val_step:118/320 val_loss:3.8400 chunk_loss:8196.2697 is_adam_step=False train_time:633750ms step_avg:633.75ms
step:1000/1555 val_step:119/320 val_loss:3.8391 chunk_loss:7886.3599 is_adam_step=True train_time:633750ms step_avg:633.75ms
step:1000/1555 val_step:120/320 val_loss:3.8393 chunk_loss:8125.8939 is_adam_step=False train_time:633750ms step_avg:633.75ms
step:1000/1555 val_step:121/320 val_loss:3.8385 chunk_loss:7895.3046 is_adam_step=True train_time:633750ms step_avg:633.75ms
step:1000/1555 val_step:122/320 val_loss:3.8382 chunk_loss:8028.0532 is_adam_step=False train_time:633750ms step_avg:633.75ms
step:1000/1555 val_step:123/320 val_loss:3.8373 chunk_loss:7889.2760 is_adam_step=True train_time:633750ms step_avg:633.75ms
step:1000/1555 val_step:124/320 val_loss:3.8372 chunk_loss:8091.3582 is_adam_step=False train_time:633750ms step_avg:633.75ms
step:1000/1555 val_step:125/320 val_loss:3.8373 chunk_loss:8141.9278 is_adam_step=True train_time:633750ms step_avg:633.75ms
step:1000/1555 val_step:126/320 val_loss:3.8354 chunk_loss:7607.4735 is_adam_step=False train_time:633750ms step_avg:633.75ms
step:1000/1555 val_step:127/320 val_loss:3.8356 chunk_loss:8130.8420 is_adam_step=True train_time:633750ms step_avg:633.75ms
step:1000/1555 val_step:128/320 val_loss:3.8346 chunk_loss:7851.1592 is_adam_step=False train_time:633750ms step_avg:633.75ms
step:1000/1555 val_step:129/320 val_loss:3.8330 chunk_loss:7664.7140 is_adam_step=True train_time:633750ms step_avg:633.75ms
step:1000/1555 val_step:130/320 val_loss:3.8330 chunk_loss:8072.1860 is_adam_step=False train_time:633750ms step_avg:633.75ms
step:1000/1555 val_step:131/320 val_loss:3.8322 chunk_loss:7880.0224 is_adam_step=True train_time:633750ms step_avg:633.75ms
step:1000/1555 val_step:132/320 val_loss:3.8340 chunk_loss:8562.0919 is_adam_step=False train_time:633750ms step_avg:633.75ms
step:1000/1555 val_step:133/320 val_loss:3.8351 chunk_loss:8380.4620 is_adam_step=True train_time:633750ms step_avg:633.75ms
step:1000/1555 val_step:134/320 val_loss:3.8334 chunk_loss:7647.7492 is_adam_step=False train_time:633750ms step_avg:633.75ms
step:1000/1555 val_step:135/320 val_loss:3.8327 chunk_loss:7912.9396 is_adam_step=True train_time:633750ms step_avg:633.75ms
step:1000/1555 val_step:136/320 val_loss:3.8327 chunk_loss:8085.4117 is_adam_step=False train_time:633750ms step_avg:633.75ms
step:1000/1555 val_step:137/320 val_loss:3.8330 chunk_loss:8159.6782 is_adam_step=True train_time:633750ms step_avg:633.75ms
step:1000/1555 val_step:138/320 val_loss:3.8347 chunk_loss:8566.9674 is_adam_step=False train_time:633750ms step_avg:633.75ms
step:1000/1555 val_step:139/320 val_loss:3.8350 chunk_loss:8167.8778 is_adam_step=True train_time:633750ms step_avg:633.75ms
step:1000/1555 val_step:140/320 val_loss:3.8347 chunk_loss:8026.0270 is_adam_step=False train_time:633750ms step_avg:633.75ms
step:1000/1555 val_step:141/320 val_loss:3.8344 chunk_loss:8002.9025 is_adam_step=True train_time:633750ms step_avg:633.75ms
step:1000/1555 val_step:142/320 val_loss:3.8346 chunk_loss:8132.8358 is_adam_step=False train_time:633750ms step_avg:633.75ms
step:1000/1555 val_step:143/320 val_loss:3.8358 chunk_loss:8437.0971 is_adam_step=True train_time:633750ms step_avg:633.75ms
step:1000/1555 val_step:144/320 val_loss:3.8365 chunk_loss:8314.6149 is_adam_step=False train_time:633750ms step_avg:633.75ms
step:1000/1555 val_step:145/320 val_loss:3.8356 chunk_loss:7859.1810 is_adam_step=True train_time:633750ms step_avg:633.75ms
step:1000/1555 val_step:146/320 val_loss:3.8356 chunk_loss:8067.2777 is_adam_step=False train_time:633750ms step_avg:633.75ms
step:1000/1555 val_step:147/320 val_loss:3.8359 chunk_loss:8164.2781 is_adam_step=True train_time:633750ms step_avg:633.75ms
step:1000/1555 val_step:148/320 val_loss:3.8365 chunk_loss:8290.0516 is_adam_step=False train_time:633750ms step_avg:633.75ms
step:1000/1555 val_step:149/320 val_loss:3.8352 chunk_loss:7705.7033 is_adam_step=True train_time:633750ms step_avg:633.75ms
step:1000/1555 val_step:150/320 val_loss:3.8343 chunk_loss:7797.2362 is_adam_step=False train_time:633750ms step_avg:633.75ms
step:1000/1555 val_step:151/320 val_loss:3.8342 chunk_loss:8056.0621 is_adam_step=True train_time:633750ms step_avg:633.75ms
step:1000/1555 val_step:152/320 val_loss:3.8329 chunk_loss:7659.7557 is_adam_step=False train_time:633750ms step_avg:633.75ms
step:1000/1555 val_step:153/320 val_loss:3.8318 chunk_loss:7735.6161 is_adam_step=True train_time:633750ms step_avg:633.75ms
step:1000/1555 val_step:154/320 val_loss:3.8312 chunk_loss:7891.9194 is_adam_step=False train_time:633750ms step_avg:633.75ms
step:1000/1555 val_step:155/320 val_loss:3.8314 chunk_loss:8128.0466 is_adam_step=True train_time:633750ms step_avg:633.75ms
step:1000/1555 val_step:156/320 val_loss:3.8309 chunk_loss:7912.4670 is_adam_step=False train_time:633750ms step_avg:633.75ms
step:1000/1555 val_step:157/320 val_loss:3.8308 chunk_loss:8087.5771 is_adam_step=True train_time:633750ms step_avg:633.75ms
step:1000/1555 val_step:158/320 val_loss:3.8305 chunk_loss:7979.2469 is_adam_step=False train_time:633750ms step_avg:633.75ms
step:1000/1555 val_step:159/320 val_loss:3.8303 chunk_loss:7981.4554 is_adam_step=True train_time:633750ms step_avg:633.75ms
step:1000/1555 val_step:160/320 val_loss:3.8310 chunk_loss:8357.0397 is_adam_step=False train_time:633750ms step_avg:633.75ms
step:1000/1555 val_step:161/320 val_loss:3.8307 chunk_loss:7965.7639 is_adam_step=True train_time:633750ms step_avg:633.75ms
step:1000/1555 val_step:162/320 val_loss:3.8308 chunk_loss:8118.7408 is_adam_step=False train_time:633750ms step_avg:633.75ms
step:1000/1555 val_step:163/320 val_loss:3.8300 chunk_loss:7801.7027 is_adam_step=True train_time:633750ms step_avg:633.75ms
step:1000/1555 val_step:164/320 val_loss:3.8296 chunk_loss:7925.2976 is_adam_step=False train_time:633750ms step_avg:633.75ms
step:1000/1555 val_step:165/320 val_loss:3.8326 chunk_loss:9112.5023 is_adam_step=True train_time:633750ms step_avg:633.75ms
step:1000/1555 val_step:166/320 val_loss:3.8330 chunk_loss:8232.6711 is_adam_step=False train_time:633750ms step_avg:633.75ms
step:1000/1555 val_step:167/320 val_loss:3.8333 chunk_loss:8233.9621 is_adam_step=True train_time:633750ms step_avg:633.75ms
step:1000/1555 val_step:168/320 val_loss:3.8330 chunk_loss:7976.4865 is_adam_step=False train_time:633750ms step_avg:633.75ms
step:1000/1555 val_step:169/320 val_loss:3.8329 chunk_loss:8063.0647 is_adam_step=True train_time:633750ms step_avg:633.75ms
step:1000/1555 val_step:170/320 val_loss:3.8323 chunk_loss:7877.5941 is_adam_step=False train_time:633750ms step_avg:633.75ms
step:1000/1555 val_step:171/320 val_loss:3.8310 chunk_loss:7598.5177 is_adam_step=True train_time:633750ms step_avg:633.75ms
step:1000/1555 val_step:172/320 val_loss:3.8307 chunk_loss:8010.1041 is_adam_step=False train_time:633750ms step_avg:633.75ms
step:1000/1555 val_step:173/320 val_loss:3.8300 chunk_loss:7821.7159 is_adam_step=True train_time:633750ms step_avg:633.75ms
step:1000/1555 val_step:174/320 val_loss:3.8312 chunk_loss:8512.7915 is_adam_step=False train_time:633750ms step_avg:633.75ms
step:1000/1555 val_step:175/320 val_loss:3.8308 chunk_loss:7951.8728 is_adam_step=True train_time:633750ms step_avg:633.75ms
step:1000/1555 val_step:176/320 val_loss:3.8310 chunk_loss:8164.3864 is_adam_step=False train_time:633750ms step_avg:633.75ms
step:1000/1555 val_step:177/320 val_loss:3.8294 chunk_loss:7491.3124 is_adam_step=True train_time:633750ms step_avg:633.75ms
step:1000/1555 val_step:178/320 val_loss:3.8292 chunk_loss:7977.2589 is_adam_step=False train_time:633750ms step_avg:633.75ms
step:1000/1555 val_step:179/320 val_loss:3.8289 chunk_loss:8003.9208 is_adam_step=True train_time:633750ms step_avg:633.75ms
step:1000/1555 val_step:180/320 val_loss:3.8279 chunk_loss:7683.8983 is_adam_step=False train_time:633750ms step_avg:633.75ms
step:1000/1555 val_step:181/320 val_loss:3.8281 chunk_loss:8145.1880 is_adam_step=True train_time:633750ms step_avg:633.75ms
step:1000/1555 val_step:182/320 val_loss:3.8262 chunk_loss:7349.1417 is_adam_step=False train_time:633750ms step_avg:633.75ms
step:1000/1555 val_step:183/320 val_loss:3.8268 chunk_loss:8396.8922 is_adam_step=True train_time:633750ms step_avg:633.75ms
step:1000/1555 val_step:184/320 val_loss:3.8257 chunk_loss:7632.0326 is_adam_step=False train_time:633750ms step_avg:633.75ms
step:1000/1555 val_step:185/320 val_loss:3.8236 chunk_loss:7278.0304 is_adam_step=True train_time:633750ms step_avg:633.75ms
step:1000/1555 val_step:186/320 val_loss:3.8228 chunk_loss:7776.2144 is_adam_step=False train_time:633750ms step_avg:633.75ms
step:1000/1555 val_step:187/320 val_loss:3.8221 chunk_loss:7765.6649 is_adam_step=True train_time:633750ms step_avg:633.75ms
step:1000/1555 val_step:188/320 val_loss:3.8225 chunk_loss:8237.9720 is_adam_step=False train_time:633750ms step_avg:633.75ms
step:1000/1555 val_step:189/320 val_loss:3.8210 chunk_loss:7488.0959 is_adam_step=True train_time:633750ms step_avg:633.75ms
step:1000/1555 val_step:190/320 val_loss:3.8205 chunk_loss:7857.6285 is_adam_step=False train_time:633750ms step_avg:633.75ms
step:1000/1555 val_step:191/320 val_loss:3.8199 chunk_loss:7805.3831 is_adam_step=True train_time:633750ms step_avg:633.75ms
step:1000/1555 val_step:192/320 val_loss:3.8194 chunk_loss:7890.4672 is_adam_step=False train_time:633750ms step_avg:633.75ms
step:1000/1555 val_step:193/320 val_loss:3.8194 chunk_loss:8052.6992 is_adam_step=True train_time:633750ms step_avg:633.75ms
step:1000/1555 val_step:194/320 val_loss:3.8199 chunk_loss:8258.9954 is_adam_step=False train_time:633750ms step_avg:633.75ms
step:1000/1555 val_step:195/320 val_loss:3.8189 chunk_loss:7677.2321 is_adam_step=True train_time:633750ms step_avg:633.75ms
step:1000/1555 val_step:196/320 val_loss:3.8184 chunk_loss:7868.6839 is_adam_step=False train_time:633750ms step_avg:633.75ms
step:1000/1555 val_step:197/320 val_loss:3.8185 chunk_loss:8110.5168 is_adam_step=True train_time:633750ms step_avg:633.75ms
step:1000/1555 val_step:198/320 val_loss:3.8187 chunk_loss:8163.4262 is_adam_step=False train_time:633750ms step_avg:633.75ms
step:1000/1555 val_step:199/320 val_loss:3.8180 chunk_loss:7790.2493 is_adam_step=True train_time:633750ms step_avg:633.75ms
step:1000/1555 val_step:200/320 val_loss:3.8174 chunk_loss:7803.4953 is_adam_step=False train_time:633750ms step_avg:633.75ms
step:1000/1555 val_step:201/320 val_loss:3.8153 chunk_loss:7237.6065 is_adam_step=True train_time:633750ms step_avg:633.75ms
step:1000/1555 val_step:202/320 val_loss:3.8163 chunk_loss:8484.1660 is_adam_step=False train_time:633750ms step_avg:633.75ms
step:1000/1555 val_step:203/320 val_loss:3.8153 chunk_loss:7630.7480 is_adam_step=True train_time:633750ms step_avg:633.75ms
step:1000/1555 val_step:204/320 val_loss:3.8146 chunk_loss:7765.7878 is_adam_step=False train_time:633750ms step_avg:633.75ms
step:1000/1555 val_step:205/320 val_loss:3.8150 chunk_loss:8168.1221 is_adam_step=True train_time:633750ms step_avg:633.75ms
step:1000/1555 val_step:206/320 val_loss:3.8143 chunk_loss:7835.0087 is_adam_step=False train_time:633750ms step_avg:633.75ms
step:1000/1555 val_step:207/320 val_loss:3.8141 chunk_loss:7933.2780 is_adam_step=True train_time:633750ms step_avg:633.75ms
step:1000/1555 val_step:208/320 val_loss:3.8127 chunk_loss:7456.7268 is_adam_step=False train_time:633750ms step_avg:633.75ms
step:1000/1555 val_step:209/320 val_loss:3.8129 chunk_loss:8137.8597 is_adam_step=True train_time:633750ms step_avg:633.75ms
step:1000/1555 val_step:210/320 val_loss:3.8114 chunk_loss:7447.2810 is_adam_step=False train_time:633750ms step_avg:633.75ms
step:1000/1555 val_step:211/320 val_loss:3.8107 chunk_loss:7700.3114 is_adam_step=True train_time:633750ms step_avg:633.75ms
step:1000/1555 val_step:212/320 val_loss:3.8120 chunk_loss:8624.9514 is_adam_step=False train_time:633750ms step_avg:633.75ms
step:1000/1555 val_step:213/320 val_loss:3.8117 chunk_loss:7883.0099 is_adam_step=True train_time:633750ms step_avg:633.75ms
step:1000/1555 val_step:214/320 val_loss:3.8123 chunk_loss:8309.3546 is_adam_step=False train_time:633750ms step_avg:633.75ms
step:1000/1555 val_step:215/320 val_loss:3.8111 chunk_loss:7513.8849 is_adam_step=True train_time:633750ms step_avg:633.75ms
step:1000/1555 val_step:216/320 val_loss:3.8105 chunk_loss:7803.1364 is_adam_step=False train_time:633750ms step_avg:633.75ms
step:1000/1555 val_step:217/320 val_loss:3.8110 chunk_loss:8252.3840 is_adam_step=True train_time:633750ms step_avg:633.75ms
step:1000/1555 val_step:218/320 val_loss:3.8108 chunk_loss:7946.2876 is_adam_step=False train_time:633750ms step_avg:633.75ms
step:1000/1555 val_step:219/320 val_loss:3.8108 chunk_loss:8013.9404 is_adam_step=True train_time:633750ms step_avg:633.75ms
step:1000/1555 val_step:220/320 val_loss:3.8106 chunk_loss:7930.1045 is_adam_step=False train_time:633750ms step_avg:633.75ms
step:1000/1555 val_step:221/320 val_loss:3.8102 chunk_loss:7906.7600 is_adam_step=True train_time:633750ms step_avg:633.75ms
step:1000/1555 val_step:222/320 val_loss:3.8101 chunk_loss:7992.0192 is_adam_step=False train_time:633750ms step_avg:633.75ms
step:1000/1555 val_step:223/320 val_loss:3.8098 chunk_loss:7898.6861 is_adam_step=True train_time:633750ms step_avg:633.75ms
step:1000/1555 val_step:224/320 val_loss:3.8090 chunk_loss:7683.2607 is_adam_step=False train_time:633750ms step_avg:633.75ms
step:1000/1555 val_step:225/320 val_loss:3.8080 chunk_loss:7672.4820 is_adam_step=True train_time:633750ms step_avg:633.75ms
step:1000/1555 val_step:226/320 val_loss:3.8073 chunk_loss:7700.4778 is_adam_step=False train_time:633750ms step_avg:633.75ms
step:1000/1555 val_step:227/320 val_loss:3.8073 chunk_loss:8004.7288 is_adam_step=True train_time:633750ms step_avg:633.75ms
step:1000/1555 val_step:228/320 val_loss:3.8072 chunk_loss:8022.4669 is_adam_step=False train_time:633750ms step_avg:633.75ms
step:1000/1555 val_step:229/320 val_loss:3.8076 chunk_loss:8207.5880 is_adam_step=True train_time:633750ms step_avg:633.75ms
step:1000/1555 val_step:230/320 val_loss:3.8074 chunk_loss:7960.0515 is_adam_step=False train_time:633750ms step_avg:633.75ms
step:1000/1555 val_step:231/320 val_loss:3.8070 chunk_loss:7829.6606 is_adam_step=True train_time:633750ms step_avg:633.75ms
step:1000/1555 val_step:232/320 val_loss:3.8072 chunk_loss:8153.7268 is_adam_step=False train_time:633750ms step_avg:633.75ms
step:1000/1555 val_step:233/320 val_loss:3.8073 chunk_loss:8082.7411 is_adam_step=True train_time:633750ms step_avg:633.75ms
step:1000/1555 val_step:234/320 val_loss:3.8070 chunk_loss:7912.6858 is_adam_step=False train_time:633750ms step_avg:633.75ms
step:1000/1555 val_step:235/320 val_loss:3.8069 chunk_loss:7986.8340 is_adam_step=True train_time:633750ms step_avg:633.75ms
step:1000/1555 val_step:236/320 val_loss:3.8068 chunk_loss:8019.4517 is_adam_step=False train_time:633750ms step_avg:633.75ms
step:1000/1555 val_step:237/320 val_loss:3.8065 chunk_loss:7913.1413 is_adam_step=True train_time:633750ms step_avg:633.75ms
step:1000/1555 val_step:238/320 val_loss:3.8061 chunk_loss:7845.4692 is_adam_step=False train_time:633750ms step_avg:633.75ms
step:1000/1555 val_step:239/320 val_loss:3.8055 chunk_loss:7747.9179 is_adam_step=True train_time:633750ms step_avg:633.75ms
step:1000/1555 val_step:240/320 val_loss:3.8052 chunk_loss:7847.7958 is_adam_step=False train_time:633750ms step_avg:633.75ms
step:1000/1555 val_step:241/320 val_loss:3.8051 chunk_loss:8015.6718 is_adam_step=True train_time:633750ms step_avg:633.75ms
step:1000/1555 val_step:242/320 val_loss:3.8059 chunk_loss:8437.9265 is_adam_step=False train_time:633750ms step_avg:633.75ms
step:1000/1555 val_step:243/320 val_loss:3.8054 chunk_loss:7785.2990 is_adam_step=True train_time:633750ms step_avg:633.75ms
step:1000/1555 val_step:244/320 val_loss:3.8057 chunk_loss:8133.9175 is_adam_step=False train_time:633750ms step_avg:633.75ms
step:1000/1555 val_step:245/320 val_loss:3.8056 chunk_loss:8010.9181 is_adam_step=True train_time:633750ms step_avg:633.75ms
step:1000/1555 val_step:246/320 val_loss:3.8058 chunk_loss:8097.0925 is_adam_step=False train_time:633750ms step_avg:633.75ms
step:1000/1555 val_step:247/320 val_loss:3.8055 chunk_loss:7883.1526 is_adam_step=True train_time:633750ms step_avg:633.75ms
step:1000/1555 val_step:248/320 val_loss:3.8051 chunk_loss:7829.0854 is_adam_step=False train_time:633750ms step_avg:633.75ms
step:1000/1555 val_step:249/320 val_loss:3.8061 chunk_loss:8503.3969 is_adam_step=True train_time:633750ms step_avg:633.75ms
step:1000/1555 val_step:250/320 val_loss:3.8059 chunk_loss:7927.0034 is_adam_step=False train_time:633750ms step_avg:633.75ms
step:1000/1555 val_step:251/320 val_loss:3.8059 chunk_loss:7998.9571 is_adam_step=True train_time:633750ms step_avg:633.75ms
step:1000/1555 val_step:252/320 val_loss:3.8062 chunk_loss:8180.3312 is_adam_step=False train_time:633750ms step_avg:633.75ms
step:1000/1555 val_step:253/320 val_loss:3.8057 chunk_loss:7774.3850 is_adam_step=True train_time:633750ms step_avg:633.75ms
step:1000/1555 val_step:254/320 val_loss:3.8058 chunk_loss:8063.1791 is_adam_step=False train_time:633750ms step_avg:633.75ms
step:1000/1555 val_step:255/320 val_loss:3.8058 chunk_loss:8038.3559 is_adam_step=True train_time:633750ms step_avg:633.75ms
step:1000/1555 val_step:256/320 val_loss:3.8055 chunk_loss:7890.1772 is_adam_step=False train_time:633750ms step_avg:633.75ms
step:1000/1555 val_step:257/320 val_loss:3.8063 chunk_loss:8419.0822 is_adam_step=True train_time:633750ms step_avg:633.75ms
step:1000/1555 val_step:258/320 val_loss:3.8054 chunk_loss:7543.0978 is_adam_step=False train_time:633750ms step_avg:633.75ms
step:1000/1555 val_step:259/320 val_loss:3.8052 chunk_loss:7895.4766 is_adam_step=True train_time:633750ms step_avg:633.75ms
step:1000/1555 val_step:260/320 val_loss:3.8048 chunk_loss:7831.7179 is_adam_step=False train_time:633750ms step_avg:633.75ms
step:1000/1555 val_step:261/320 val_loss:3.8047 chunk_loss:7979.9343 is_adam_step=True train_time:633750ms step_avg:633.75ms
step:1000/1555 val_step:262/320 val_loss:3.8047 chunk_loss:7980.5359 is_adam_step=False train_time:633750ms step_avg:633.75ms
step:1000/1555 val_step:263/320 val_loss:3.8041 chunk_loss:7748.6380 is_adam_step=True train_time:633750ms step_avg:633.75ms
step:1000/1555 val_step:264/320 val_loss:3.8041 chunk_loss:8020.5130 is_adam_step=False train_time:633750ms step_avg:633.75ms
step:1000/1555 val_step:265/320 val_loss:3.8035 chunk_loss:7699.7282 is_adam_step=True train_time:633750ms step_avg:633.75ms
step:1000/1555 val_step:266/320 val_loss:3.8035 chunk_loss:8050.2801 is_adam_step=False train_time:633750ms step_avg:633.75ms
step:1000/1555 val_step:267/320 val_loss:3.8027 chunk_loss:7585.4391 is_adam_step=True train_time:633750ms step_avg:633.75ms
step:1000/1555 val_step:268/320 val_loss:3.8020 chunk_loss:7654.6785 is_adam_step=False train_time:633750ms step_avg:633.75ms
step:1000/1555 val_step:269/320 val_loss:3.8016 chunk_loss:7767.0328 is_adam_step=True train_time:633750ms step_avg:633.75ms
step:1000/1555 val_step:270/320 val_loss:3.8009 chunk_loss:7663.8366 is_adam_step=False train_time:633750ms step_avg:633.75ms
step:1000/1555 val_step:271/320 val_loss:3.8000 chunk_loss:7505.8423 is_adam_step=True train_time:633750ms step_avg:633.75ms
step:1000/1555 val_step:272/320 val_loss:3.7990 chunk_loss:7510.3073 is_adam_step=False train_time:633750ms step_avg:633.75ms
step:1000/1555 val_step:273/320 val_loss:3.7989 chunk_loss:7931.9646 is_adam_step=True train_time:633750ms step_avg:633.75ms
step:1000/1555 val_step:274/320 val_loss:3.7986 chunk_loss:7907.2890 is_adam_step=False train_time:633750ms step_avg:633.75ms
step:1000/1555 val_step:275/320 val_loss:3.7991 chunk_loss:8291.9301 is_adam_step=True train_time:633750ms step_avg:633.75ms
step:1000/1555 val_step:276/320 val_loss:3.7984 chunk_loss:7616.0403 is_adam_step=False train_time:633750ms step_avg:633.75ms
step:1000/1555 val_step:277/320 val_loss:3.7976 chunk_loss:7533.2514 is_adam_step=True train_time:633750ms step_avg:633.75ms
step:1000/1555 val_step:278/320 val_loss:3.7972 chunk_loss:7816.3184 is_adam_step=False train_time:633750ms step_avg:633.75ms
step:1000/1555 val_step:279/320 val_loss:3.7975 chunk_loss:8190.6042 is_adam_step=True train_time:633750ms step_avg:633.75ms
step:1000/1555 val_step:280/320 val_loss:3.7974 chunk_loss:7918.5313 is_adam_step=False train_time:633750ms step_avg:633.75ms
step:1000/1555 val_step:281/320 val_loss:3.7969 chunk_loss:7726.2587 is_adam_step=True train_time:633750ms step_avg:633.75ms
step:1000/1555 val_step:282/320 val_loss:3.7966 chunk_loss:7837.1320 is_adam_step=False train_time:633750ms step_avg:633.75ms
step:1000/1555 val_step:283/320 val_loss:3.7961 chunk_loss:7732.8056 is_adam_step=True train_time:633750ms step_avg:633.75ms
step:1000/1555 val_step:284/320 val_loss:3.7962 chunk_loss:8098.8146 is_adam_step=False train_time:633750ms step_avg:633.75ms
step:1000/1555 val_step:285/320 val_loss:3.7953 chunk_loss:7485.2087 is_adam_step=True train_time:633750ms step_avg:633.75ms
step:1000/1555 val_step:286/320 val_loss:3.7949 chunk_loss:7723.4872 is_adam_step=False train_time:633750ms step_avg:633.75ms
step:1000/1555 val_step:287/320 val_loss:3.7950 chunk_loss:8058.2538 is_adam_step=True train_time:633750ms step_avg:633.75ms
step:1000/1555 val_step:288/320 val_loss:3.7947 chunk_loss:7817.7293 is_adam_step=False train_time:633750ms step_avg:633.75ms
step:1000/1555 val_step:289/320 val_loss:3.7949 chunk_loss:8114.7559 is_adam_step=True train_time:633750ms step_avg:633.75ms
step:1000/1555 val_step:290/320 val_loss:3.7950 chunk_loss:8108.6889 is_adam_step=False train_time:633750ms step_avg:633.75ms
step:1000/1555 val_step:291/320 val_loss:3.7947 chunk_loss:7822.3630 is_adam_step=True train_time:633750ms step_avg:633.75ms
step:1000/1555 val_step:292/320 val_loss:3.7940 chunk_loss:7546.6548 is_adam_step=False train_time:633750ms step_avg:633.75ms
step:1000/1555 val_step:293/320 val_loss:3.7936 chunk_loss:7742.4764 is_adam_step=True train_time:633750ms step_avg:633.75ms
step:1000/1555 val_step:294/320 val_loss:3.7935 chunk_loss:7940.7811 is_adam_step=False train_time:633750ms step_avg:633.75ms
step:1000/1555 val_step:295/320 val_loss:3.7935 chunk_loss:7980.8144 is_adam_step=True train_time:633750ms step_avg:633.75ms
step:1000/1555 val_step:296/320 val_loss:3.7933 chunk_loss:7881.4198 is_adam_step=False train_time:633750ms step_avg:633.75ms
step:1000/1555 val_step:297/320 val_loss:3.7925 chunk_loss:7537.5355 is_adam_step=True train_time:633750ms step_avg:633.75ms
step:1000/1555 val_step:298/320 val_loss:3.7920 chunk_loss:7667.2315 is_adam_step=False train_time:633750ms step_avg:633.75ms
step:1000/1555 val_step:299/320 val_loss:3.7916 chunk_loss:7759.0850 is_adam_step=True train_time:633750ms step_avg:633.75ms
step:1000/1555 val_step:300/320 val_loss:3.7910 chunk_loss:7615.6481 is_adam_step=False train_time:633750ms step_avg:633.75ms
step:1000/1555 val_step:301/320 val_loss:3.7904 chunk_loss:7631.1130 is_adam_step=True train_time:633750ms step_avg:633.75ms
step:1000/1555 val_step:302/320 val_loss:3.7900 chunk_loss:7783.4052 is_adam_step=False train_time:633750ms step_avg:633.75ms
step:1000/1555 val_step:303/320 val_loss:3.7902 chunk_loss:8086.1361 is_adam_step=True train_time:633750ms step_avg:633.75ms
step:1000/1555 val_step:304/320 val_loss:3.7890 chunk_loss:7247.0938 is_adam_step=False train_time:633750ms step_avg:633.75ms
step:1000/1555 val_step:305/320 val_loss:3.7885 chunk_loss:7699.1389 is_adam_step=True train_time:633750ms step_avg:633.75ms
step:1000/1555 val_step:306/320 val_loss:3.7882 chunk_loss:7827.7911 is_adam_step=False train_time:633750ms step_avg:633.75ms
step:1000/1555 val_step:307/320 val_loss:3.7879 chunk_loss:7775.7124 is_adam_step=True train_time:633750ms step_avg:633.75ms
step:1000/1555 val_step:308/320 val_loss:3.7878 chunk_loss:7905.4088 is_adam_step=False train_time:633750ms step_avg:633.75ms
step:1000/1555 val_step:309/320 val_loss:3.7877 chunk_loss:7935.2369 is_adam_step=True train_time:633750ms step_avg:633.75ms
step:1000/1555 val_step:310/320 val_loss:3.7870 chunk_loss:7561.5122 is_adam_step=False train_time:633750ms step_avg:633.75ms
step:1000/1555 val_step:311/320 val_loss:3.7871 chunk_loss:8072.0869 is_adam_step=True train_time:633750ms step_avg:633.75ms
step:1000/1555 val_step:312/320 val_loss:3.7871 chunk_loss:7921.4118 is_adam_step=False train_time:633750ms step_avg:633.75ms
step:1000/1555 val_step:313/320 val_loss:3.7870 chunk_loss:7934.2518 is_adam_step=True train_time:633750ms step_avg:633.75ms
step:1000/1555 val_step:314/320 val_loss:3.7871 chunk_loss:8071.5930 is_adam_step=False train_time:633750ms step_avg:633.75ms
step:1000/1555 val_step:315/320 val_loss:3.7870 chunk_loss:7938.5305 is_adam_step=True train_time:633750ms step_avg:633.75ms
step:1000/1555 val_step:316/320 val_loss:3.7866 chunk_loss:7707.7470 is_adam_step=False train_time:633750ms step_avg:633.75ms
step:1000/1555 val_step:317/320 val_loss:3.7863 chunk_loss:7811.6359 is_adam_step=True train_time:633750ms step_avg:633.75ms
step:1000/1555 val_step:318/320 val_loss:3.7863 chunk_loss:7975.3107 is_adam_step=False train_time:633750ms step_avg:633.75ms
step:1000/1555 val_step:319/320 val_loss:3.7860 chunk_loss:7749.0606 is_adam_step=True train_time:633750ms step_avg:633.75ms
step:1000/1555 val_loss:3.7860 train_time:633750ms step_avg:633.75ms
step:1001/1555 loss.item()=123533.8046875 train_time:634480ms step_avg:633.85ms
step:1002/1555 loss.item()=115647.4375 train_time:635247ms step_avg:633.98ms
step:1003/1555 loss.item()=120092.765625 train_time:636020ms step_avg:634.12ms
step:1004/1555 loss.item()=122124.421875 train_time:636779ms step_avg:634.24ms
step:1005/1555 loss.item()=115119.84375 train_time:637540ms step_avg:634.37ms
step:1006/1555 loss.item()=117401.9375 train_time:638303ms step_avg:634.50ms
step:1007/1555 loss.item()=114557.65625 train_time:639066ms step_avg:634.62ms
step:1008/1555 loss.item()=116850.0625 train_time:639825ms step_avg:634.75ms
step:1009/1555 loss.item()=117086.09375 train_time:640586ms step_avg:634.87ms
step:1010/1555 loss.item()=117871.4375 train_time:641350ms step_avg:635.00ms
step:1011/1555 loss.item()=175680.0625 train_time:684482ms step_avg:677.04ms
step:1012/1555 loss.item()=177842.75 train_time:685648ms step_avg:677.52ms
step:1013/1555 loss.item()=176424.796875 train_time:687180ms step_avg:678.36ms
step:1014/1555 loss.item()=176085.15625 train_time:689095ms step_avg:679.58ms
step:1015/1555 loss.item()=180286.3125 train_time:690893ms step_avg:680.68ms
step:1016/1555 loss.item()=168611.234375 train_time:695894ms step_avg:684.93ms
step:1017/1555 loss.item()=169816.5 train_time:700769ms step_avg:689.06ms
step:1018/1555 loss.item()=173875.34375 train_time:701890ms step_avg:689.48ms
step:1019/1555 loss.item()=179252.6875 train_time:703433ms step_avg:690.32ms
step:1020/1555 loss.item()=175880.625 train_time:704603ms step_avg:690.79ms
step:1021/1555 loss.item()=181416.3125 train_time:705776ms step_avg:691.26ms
step:1022/1555 loss.item()=177565.875 train_time:707051ms step_avg:691.83ms
step:1023/1555 loss.item()=187753.671875 train_time:708256ms step_avg:692.33ms
step:1024/1555 loss.item()=175145.71875 train_time:709978ms step_avg:693.34ms
step:1025/1555 loss.item()=168430.796875 train_time:712291ms step_avg:694.92ms
step:1026/1555 loss.item()=173775.09375 train_time:713622ms step_avg:695.54ms
step:1027/1555 loss.item()=175655.59375 train_time:714866ms step_avg:696.07ms
step:1028/1555 loss.item()=177101.75 train_time:716058ms step_avg:696.55ms
step:1029/1555 loss.item()=171169.15625 train_time:717694ms step_avg:697.47ms
step:1030/1555 loss.item()=178904.390625 train_time:719449ms step_avg:698.49ms
step:1031/1555 loss.item()=175569.875 train_time:720766ms step_avg:699.09ms
step:1032/1555 loss.item()=171819.90625 train_time:722187ms step_avg:699.79ms
step:1033/1555 loss.item()=175473.0 train_time:723318ms step_avg:700.21ms
step:1034/1555 loss.item()=179358.09375 train_time:726661ms step_avg:702.77ms
step:1035/1555 loss.item()=180874.21875 train_time:729848ms step_avg:705.17ms
step:1036/1555 loss.item()=166992.96875 train_time:734471ms step_avg:708.95ms
step:1037/1555 loss.item()=177414.109375 train_time:739692ms step_avg:713.30ms
step:1038/1555 loss.item()=177681.03125 train_time:745661ms step_avg:718.36ms
step:1039/1555 loss.item()=173957.640625 train_time:751492ms step_avg:723.28ms
step:1040/1555 loss.item()=177478.328125 train_time:756749ms step_avg:727.64ms
step:1041/1555 loss.item()=177463.46875 train_time:761761ms step_avg:731.76ms
step:1042/1555 loss.item()=176114.625 train_time:766793ms step_avg:735.89ms
step:1043/1555 loss.item()=175259.8125 train_time:772261ms step_avg:740.42ms
step:1044/1555 loss.item()=168682.359375 train_time:777992ms step_avg:745.20ms
step:1045/1555 loss.item()=176110.46875 train_time:782876ms step_avg:749.16ms
step:1046/1555 loss.item()=170042.328125 train_time:788167ms step_avg:753.51ms
step:1047/1555 loss.item()=170958.703125 train_time:791448ms step_avg:755.92ms
step:1048/1555 loss.item()=173692.09375 train_time:797493ms step_avg:760.97ms
step:1049/1555 loss.item()=170625.84375 train_time:803693ms step_avg:766.15ms
step:1050/1555 loss.item()=175922.0 train_time:809361ms step_avg:770.82ms
step:1051/1555 loss.item()=173211.734375 train_time:814806ms step_avg:775.27ms
step:1052/1555 loss.item()=172184.75 train_time:817865ms step_avg:777.44ms
step:1053/1555 loss.item()=171873.8125 train_time:821849ms step_avg:780.48ms
step:1054/1555 loss.item()=171485.9375 train_time:826686ms step_avg:784.33ms
step:1055/1555 loss.item()=173207.953125 train_time:832092ms step_avg:788.71ms
step:1056/1555 loss.item()=177860.671875 train_time:836793ms step_avg:792.42ms
step:1057/1555 loss.item()=166970.75 train_time:838097ms step_avg:792.90ms
step:1058/1555 loss.item()=167303.96875 train_time:841448ms step_avg:795.32ms
step:1059/1555 loss.item()=171932.421875 train_time:845378ms step_avg:798.28ms
step:1060/1555 loss.item()=173111.71875 train_time:850067ms step_avg:801.95ms
step:1061/1555 loss.item()=172148.5 train_time:855078ms step_avg:805.92ms
step:1062/1555 loss.item()=178807.4375 train_time:859370ms step_avg:809.20ms
step:1063/1555 loss.item()=175968.046875 train_time:864292ms step_avg:813.07ms
step:1064/1555 loss.item()=176796.84375 train_time:868949ms step_avg:816.68ms
step:1065/1555 loss.item()=172597.78125 train_time:873593ms step_avg:820.27ms
step:1066/1555 loss.item()=171316.921875 train_time:877863ms step_avg:823.51ms
step:1067/1555 loss.item()=179192.328125 train_time:881592ms step_avg:826.23ms
step:1068/1555 loss.item()=169970.3125 train_time:885061ms step_avg:828.71ms
step:1069/1555 loss.item()=174353.6875 train_time:889577ms step_avg:832.16ms
step:1070/1555 loss.item()=162774.59375 train_time:895193ms step_avg:836.63ms
step:1071/1555 loss.item()=179074.703125 train_time:899091ms step_avg:839.49ms
step:1072/1555 loss.item()=174122.75 train_time:902593ms step_avg:841.97ms
step:1073/1555 loss.item()=171812.71875 train_time:907448ms step_avg:845.71ms
step:1074/1555 loss.item()=166402.15625 train_time:911973ms step_avg:849.14ms
step:1075/1555 loss.item()=176689.4375 train_time:917892ms step_avg:853.85ms
step:1076/1555 loss.item()=170398.34375 train_time:923393ms step_avg:858.17ms
step:1077/1555 loss.item()=171973.84375 train_time:929770ms step_avg:863.30ms
step:1078/1555 loss.item()=175276.75 train_time:935368ms step_avg:867.69ms
step:1079/1555 loss.item()=169161.25 train_time:940592ms step_avg:871.73ms
step:1080/1555 loss.item()=171819.5 train_time:944648ms step_avg:874.67ms
step:1081/1555 loss.item()=166832.703125 train_time:948891ms step_avg:877.79ms
step:1082/1555 loss.item()=173561.4375 train_time:953993ms step_avg:881.69ms
step:1083/1555 loss.item()=168616.015625 train_time:958793ms step_avg:885.31ms
step:1084/1555 loss.item()=171843.75 train_time:962490ms step_avg:887.91ms
step:1085/1555 loss.item()=165309.703125 train_time:967564ms step_avg:891.76ms
step:1086/1555 loss.item()=171671.28125 train_time:971649ms step_avg:894.70ms
step:1087/1555 loss.item()=167980.296875 train_time:975349ms step_avg:897.29ms
step:1088/1555 loss.item()=174649.328125 train_time:978784ms step_avg:899.62ms
step:1089/1555 loss.item()=174242.1875 train_time:982180ms step_avg:901.91ms
step:1090/1555 loss.item()=175507.703125 train_time:986486ms step_avg:905.03ms
step:1091/1555 loss.item()=173441.75 train_time:990349ms step_avg:907.74ms
step:1092/1555 loss.item()=168307.921875 train_time:994863ms step_avg:911.05ms
step:1093/1555 loss.item()=176864.53125 train_time:1000195ms step_avg:915.09ms
step:1094/1555 loss.item()=165081.296875 train_time:1004691ms step_avg:918.36ms
step:1095/1555 loss.item()=183520.59375 train_time:1008774ms step_avg:921.25ms
step:1096/1555 loss.item()=171562.59375 train_time:1013549ms step_avg:924.77ms
step:1097/1555 loss.item()=173396.1875 train_time:1017883ms step_avg:927.88ms
step:1098/1555 loss.item()=172742.53125 train_time:1022491ms step_avg:931.23ms
step:1099/1555 loss.item()=173122.34375 train_time:1027148ms step_avg:934.62ms
step:1100/1555 loss.item()=167048.75 train_time:1031893ms step_avg:938.08ms
step:1101/1555 loss.item()=168159.65625 train_time:1036067ms step_avg:941.02ms
step:1102/1555 loss.item()=171560.984375 train_time:1040592ms step_avg:944.28ms
step:1103/1555 loss.item()=165483.390625 train_time:1043264ms step_avg:945.84ms
step:1104/1555 loss.item()=174726.78125 train_time:1047680ms step_avg:948.99ms
step:1105/1555 loss.item()=173014.328125 train_time:1050560ms step_avg:950.73ms
step:1106/1555 loss.item()=173173.65625 train_time:1055469ms step_avg:954.31ms
step:1107/1555 loss.item()=166999.5 train_time:1059486ms step_avg:957.08ms
step:1108/1555 loss.item()=174000.15625 train_time:1063950ms step_avg:960.24ms
step:1109/1555 loss.item()=171930.046875 train_time:1067761ms step_avg:962.81ms
step:1110/1555 loss.item()=171563.328125 train_time:1072850ms step_avg:966.53ms
step:1111/1555 loss.item()=173732.46875 train_time:1076673ms step_avg:969.10ms
step:1112/1555 loss.item()=171088.96875 train_time:1081649ms step_avg:972.71ms
step:1113/1555 loss.item()=176492.4375 train_time:1086659ms step_avg:976.33ms
step:1114/1555 loss.item()=171220.59375 train_time:1090962ms step_avg:979.32ms
step:1115/1555 loss.item()=181088.96875 train_time:1094086ms step_avg:981.24ms
step:1116/1555 loss.item()=170993.296875 train_time:1097762ms step_avg:983.66ms
step:1117/1555 loss.item()=174173.53125 train_time:1102975ms step_avg:987.44ms
step:1118/1555 loss.item()=169952.375 train_time:1106349ms step_avg:989.58ms
step:1119/1555 loss.item()=168757.375 train_time:1110486ms step_avg:992.39ms
step:1120/1555 loss.item()=177691.34375 train_time:1113962ms step_avg:994.61ms
step:1121/1555 loss.item()=169753.890625 train_time:1119148ms step_avg:998.35ms
step:1122/1555 loss.item()=168536.34375 train_time:1124585ms step_avg:1002.30ms
step:1123/1555 loss.item()=167953.5 train_time:1128972ms step_avg:1005.32ms
step:1124/1555 loss.item()=174242.75 train_time:1133291ms step_avg:1008.27ms
step:1125/1555 loss.item()=173673.265625 train_time:1136990ms step_avg:1010.66ms
step:1126/1555 loss.item()=171182.625 train_time:1140990ms step_avg:1013.31ms
step:1127/1555 loss.item()=169555.34375 train_time:1145991ms step_avg:1016.85ms
step:1128/1555 loss.item()=167097.890625 train_time:1149943ms step_avg:1019.45ms
step:1129/1555 loss.item()=167243.25 train_time:1154991ms step_avg:1023.02ms
step:1130/1555 loss.item()=165648.9375 train_time:1159449ms step_avg:1026.06ms
step:1131/1555 loss.item()=170531.90625 train_time:1163972ms step_avg:1029.15ms
step:1132/1555 loss.item()=174195.5625 train_time:1168362ms step_avg:1032.12ms
step:1133/1555 loss.item()=174070.96875 train_time:1172848ms step_avg:1035.17ms
step:1134/1555 loss.item()=171185.625 train_time:1176859ms step_avg:1037.79ms
step:1135/1555 loss.item()=175045.890625 train_time:1181466ms step_avg:1040.94ms
step:1136/1555 loss.item()=169367.0 train_time:1186592ms step_avg:1044.54ms
step:1137/1555 loss.item()=171689.65625 train_time:1188364ms step_avg:1045.17ms
step:1138/1555 loss.item()=165845.46875 train_time:1189806ms step_avg:1045.52ms
step:1139/1555 loss.item()=166895.4375 train_time:1192581ms step_avg:1047.04ms
step:1140/1555 loss.item()=175845.625 train_time:1193714ms step_avg:1047.12ms
step:1141/1555 loss.item()=171624.5 train_time:1194950ms step_avg:1047.28ms
step:1142/1555 loss.item()=170333.5625 train_time:1196270ms step_avg:1047.52ms
step:1143/1555 loss.item()=172231.15625 train_time:1197400ms step_avg:1047.59ms
step:1144/1555 loss.item()=176408.4375 train_time:1198659ms step_avg:1047.78ms
step:1145/1555 loss.item()=170757.3125 train_time:1199797ms step_avg:1047.86ms
step:1146/1555 loss.item()=166669.84375 train_time:1200934ms step_avg:1047.94ms
step:1147/1555 loss.item()=172021.328125 train_time:1202417ms step_avg:1048.31ms
step:1148/1555 loss.item()=171382.25 train_time:1203530ms step_avg:1048.37ms
step:1149/1555 loss.item()=175788.515625 train_time:1206018ms step_avg:1049.62ms
step:1150/1555 loss.item()=171826.3125 train_time:1207615ms step_avg:1050.10ms
step:1151/1555 loss.item()=171786.421875 train_time:1208754ms step_avg:1050.18ms
step:1152/1555 loss.item()=166673.546875 train_time:1210196ms step_avg:1050.52ms
step:1153/1555 loss.item()=163324.21875 train_time:1211745ms step_avg:1050.95ms
step:1154/1555 loss.item()=164304.84375 train_time:1212941ms step_avg:1051.08ms
step:1155/1555 loss.item()=168246.53125 train_time:1214305ms step_avg:1051.35ms
step:1156/1555 loss.item()=171680.5625 train_time:1215950ms step_avg:1051.86ms
step:1157/1555 loss.item()=165366.703125 train_time:1217118ms step_avg:1051.96ms
step:1158/1555 loss.item()=167717.5 train_time:1218552ms step_avg:1052.29ms
step:1159/1555 loss.item()=171657.875 train_time:1219727ms step_avg:1052.40ms
step:1160/1555 loss.item()=179753.90625 train_time:1221287ms step_avg:1052.83ms
step:1161/1555 loss.item()=162743.09375 train_time:1222649ms step_avg:1053.10ms
step:1162/1555 loss.item()=169238.9375 train_time:1224149ms step_avg:1053.48ms
step:1163/1555 loss.item()=170923.59375 train_time:1225518ms step_avg:1053.76ms
step:1164/1555 loss.item()=168613.359375 train_time:1226646ms step_avg:1053.82ms
step:1165/1555 loss.item()=176177.5625 train_time:1228120ms step_avg:1054.18ms
step:1166/1555 loss.item()=171032.75 train_time:1229469ms step_avg:1054.43ms
step:1167/1555 loss.item()=168773.515625 train_time:1231882ms step_avg:1055.60ms
step:1168/1555 loss.item()=173116.921875 train_time:1233488ms step_avg:1056.07ms
step:1169/1555 loss.item()=175553.15625 train_time:1234840ms step_avg:1056.32ms
step:1170/1555 loss.item()=169083.8125 train_time:1236796ms step_avg:1057.09ms
step:1171/1555 loss.item()=174154.84375 train_time:1238027ms step_avg:1057.24ms
step:1172/1555 loss.item()=166609.40625 train_time:1239368ms step_avg:1057.48ms
step:1173/1555 loss.item()=170248.421875 train_time:1240962ms step_avg:1057.94ms
step:1174/1555 loss.item()=168952.0625 train_time:1242312ms step_avg:1058.19ms
step:1175/1555 loss.item()=170131.59375 train_time:1243439ms step_avg:1058.25ms
step:1176/1555 loss.item()=169556.28125 train_time:1244568ms step_avg:1058.31ms
step:1177/1555 loss.item()=166310.875 train_time:1245804ms step_avg:1058.46ms
step:1178/1555 loss.item()=173434.484375 train_time:1247124ms step_avg:1058.68ms
step:1179/1555 loss.item()=174907.53125 train_time:1248477ms step_avg:1058.93ms
step:1180/1555 loss.item()=170741.40625 train_time:1250171ms step_avg:1059.47ms
step:1181/1555 loss.item()=172956.65625 train_time:1252049ms step_avg:1060.16ms
step:1182/1555 loss.item()=170729.6875 train_time:1253431ms step_avg:1060.43ms
step:1183/1555 loss.item()=169230.4375 train_time:1254918ms step_avg:1060.79ms
step:1184/1555 loss.item()=166895.015625 train_time:1256076ms step_avg:1060.88ms
step:1185/1555 loss.item()=175241.140625 train_time:1257656ms step_avg:1061.31ms
step:1186/1555 loss.item()=168831.796875 train_time:1258790ms step_avg:1061.37ms
step:1187/1555 loss.item()=174798.75 train_time:1260232ms step_avg:1061.69ms
step:1188/1555 loss.item()=176492.078125 train_time:1261418ms step_avg:1061.80ms
step:1189/1555 loss.item()=173412.5 train_time:1262653ms step_avg:1061.95ms
step:1190/1555 loss.item()=170715.921875 train_time:1264021ms step_avg:1062.20ms
step:1191/1555 loss.item()=171185.5625 train_time:1266227ms step_avg:1063.16ms
step:1192/1555 loss.item()=166433.90625 train_time:1267355ms step_avg:1063.22ms
step:1193/1555 loss.item()=166333.609375 train_time:1268721ms step_avg:1063.47ms
step:1194/1555 loss.item()=167379.609375 train_time:1269863ms step_avg:1063.54ms
step:1195/1555 loss.item()=173271.71875 train_time:1271090ms step_avg:1063.67ms
step:1196/1555 loss.item()=169643.796875 train_time:1272269ms step_avg:1063.77ms
step:1197/1555 loss.item()=170038.90625 train_time:1273673ms step_avg:1064.05ms
step:1198/1555 loss.item()=172012.0 train_time:1274824ms step_avg:1064.13ms
step:1199/1555 loss.item()=165390.53125 train_time:1275950ms step_avg:1064.18ms
step:1200/1555 loss.item()=169293.234375 train_time:1277262ms step_avg:1064.38ms
step:1201/1555 loss.item()=168874.65625 train_time:1278666ms step_avg:1064.67ms
step:1202/1555 loss.item()=173145.671875 train_time:1280067ms step_avg:1064.95ms
step:1203/1555 loss.item()=165075.34375 train_time:1281868ms step_avg:1065.56ms
step:1204/1555 loss.item()=166510.890625 train_time:1283033ms step_avg:1065.64ms
step:1205/1555 loss.item()=168009.6875 train_time:1284449ms step_avg:1065.93ms
step:1206/1555 loss.item()=166951.75 train_time:1285579ms step_avg:1065.99ms
step:1207/1555 loss.item()=174130.21875 train_time:1286998ms step_avg:1066.28ms
step:1208/1555 loss.item()=167866.546875 train_time:1288127ms step_avg:1066.33ms
step:1209/1555 loss.item()=171748.515625 train_time:1289435ms step_avg:1066.53ms
step:1210/1555 loss.item()=168535.21875 train_time:1291070ms step_avg:1067.00ms
step:1211/1555 loss.item()=164318.828125 train_time:1292984ms step_avg:1067.70ms
step:1212/1555 loss.item()=167267.34375 train_time:1294319ms step_avg:1067.92ms
step:1213/1555 loss.item()=167728.34375 train_time:1295550ms step_avg:1068.05ms
step:1214/1555 loss.item()=169902.953125 train_time:1297963ms step_avg:1069.16ms
step:1215/1555 loss.item()=164508.8125 train_time:1299175ms step_avg:1069.28ms
step:1216/1555 loss.item()=177660.21875 train_time:1300626ms step_avg:1069.59ms
step:1217/1555 loss.item()=168012.28125 train_time:1301777ms step_avg:1069.66ms
step:1218/1555 loss.item()=167806.734375 train_time:1303135ms step_avg:1069.90ms
step:1219/1555 loss.item()=168700.5 train_time:1304389ms step_avg:1070.05ms
step:1220/1555 loss.item()=166885.734375 train_time:1305687ms step_avg:1070.24ms
step:1221/1555 loss.item()=172941.53125 train_time:1307244ms step_avg:1070.63ms
step:1222/1555 loss.item()=166124.1875 train_time:1308534ms step_avg:1070.81ms
step:1223/1555 loss.item()=174193.1875 train_time:1309797ms step_avg:1070.97ms
step:1224/1555 loss.item()=175659.75 train_time:1311183ms step_avg:1071.23ms
step:1225/1555 loss.item()=167617.6875 train_time:1313049ms step_avg:1071.88ms
step:1226/1555 loss.item()=167688.5625 train_time:1314803ms step_avg:1072.43ms
step:1227/1555 loss.item()=168415.203125 train_time:1316044ms step_avg:1072.57ms
step:1228/1555 loss.item()=163383.0625 train_time:1317346ms step_avg:1072.76ms
step:1229/1555 loss.item()=163242.0 train_time:1318675ms step_avg:1072.97ms
step:1230/1555 loss.item()=171050.609375 train_time:1319985ms step_avg:1073.16ms
step:1231/1555 loss.item()=159532.59375 train_time:1321584ms step_avg:1073.59ms
step:1232/1555 loss.item()=179318.15625 train_time:1322723ms step_avg:1073.64ms
step:1233/1555 loss.item()=170278.4375 train_time:1324349ms step_avg:1074.09ms
step:1234/1555 loss.item()=164793.0625 train_time:1326529ms step_avg:1074.98ms
step:1235/1555 loss.item()=169401.375 train_time:1327849ms step_avg:1075.18ms
step:1236/1555 loss.item()=168741.125 train_time:1328974ms step_avg:1075.22ms
step:1237/1555 loss.item()=168871.609375 train_time:1330551ms step_avg:1075.63ms
step:1238/1555 loss.item()=168896.40625 train_time:1332050ms step_avg:1075.97ms
step:1239/1555 loss.item()=171496.578125 train_time:1333689ms step_avg:1076.42ms
step:1240/1555 loss.item()=165699.875 train_time:1334885ms step_avg:1076.52ms
step:1241/1555 loss.item()=176884.796875 train_time:1336154ms step_avg:1076.67ms
step:1242/1555 loss.item()=167668.921875 train_time:1337737ms step_avg:1077.08ms
step:1243/1555 loss.item()=170701.625 train_time:1339315ms step_avg:1077.49ms
step:1244/1555 loss.item()=166529.59375 train_time:1340537ms step_avg:1077.60ms
step:1245/1555 loss.item()=158395.78125 train_time:1342353ms step_avg:1078.20ms
step:1246/1555 loss.item()=167189.9375 train_time:1343506ms step_avg:1078.26ms
step:1247/1555 loss.item()=162387.359375 train_time:1344924ms step_avg:1078.53ms
step:1248/1555 loss.item()=163433.9375 train_time:1346057ms step_avg:1078.57ms
step:1249/1555 loss.item()=165511.8125 train_time:1347371ms step_avg:1078.76ms
step:1250/1555 loss.item()=171252.21875 train_time:1348500ms step_avg:1078.80ms
step:1250/1555 starting test-time training...
step:1250/1555 val_step:0/320 val_loss:3.3167 chunk_loss:7002.9063 is_adam_step=False train_time:1348511ms step_avg:1078.81ms
step:1250/1555 val_step:1/320 val_loss:3.3610 chunk_loss:7200.8882 is_adam_step=True train_time:1348511ms step_avg:1078.81ms
step:1250/1555 val_step:2/320 val_loss:3.4073 chunk_loss:7362.8709 is_adam_step=False train_time:1348511ms step_avg:1078.81ms
step:1250/1555 val_step:3/320 val_loss:3.3861 chunk_loss:7007.8419 is_adam_step=True train_time:1348511ms step_avg:1078.81ms
step:1250/1555 val_step:4/320 val_loss:3.4151 chunk_loss:7423.8223 is_adam_step=False train_time:1348511ms step_avg:1078.81ms
step:1250/1555 val_step:5/320 val_loss:3.4174 chunk_loss:7179.6126 is_adam_step=True train_time:1348511ms step_avg:1078.81ms
step:1250/1555 val_step:6/320 val_loss:3.3558 chunk_loss:6366.4923 is_adam_step=False train_time:1348511ms step_avg:1078.81ms
step:1250/1555 val_step:7/320 val_loss:3.3915 chunk_loss:7641.1564 is_adam_step=True train_time:1348511ms step_avg:1078.81ms
step:1250/1555 val_step:8/320 val_loss:3.4057 chunk_loss:7347.3764 is_adam_step=False train_time:1348511ms step_avg:1078.81ms
step:1250/1555 val_step:9/320 val_loss:3.4291 chunk_loss:7617.4164 is_adam_step=True train_time:1348511ms step_avg:1078.81ms
step:1250/1555 val_step:10/320 val_loss:3.4384 chunk_loss:7419.8982 is_adam_step=False train_time:1348511ms step_avg:1078.81ms
step:1250/1555 val_step:11/320 val_loss:3.4286 chunk_loss:6975.8548 is_adam_step=True train_time:1348511ms step_avg:1078.81ms
step:1250/1555 val_step:12/320 val_loss:3.4418 chunk_loss:7533.0676 is_adam_step=False train_time:1348511ms step_avg:1078.81ms
step:1250/1555 val_step:13/320 val_loss:3.4468 chunk_loss:7324.2312 is_adam_step=True train_time:1348511ms step_avg:1078.81ms
step:1250/1555 val_step:14/320 val_loss:3.4510 chunk_loss:7342.3626 is_adam_step=False train_time:1348511ms step_avg:1078.81ms
step:1250/1555 val_step:15/320 val_loss:3.4572 chunk_loss:7393.3828 is_adam_step=True train_time:1348511ms step_avg:1078.81ms
step:1250/1555 val_step:16/320 val_loss:3.4525 chunk_loss:7042.8718 is_adam_step=False train_time:1348511ms step_avg:1078.81ms
step:1250/1555 val_step:17/320 val_loss:3.4758 chunk_loss:8073.8076 is_adam_step=True train_time:1348511ms step_avg:1078.81ms
step:1250/1555 val_step:18/320 val_loss:3.4724 chunk_loss:7118.6780 is_adam_step=False train_time:1348511ms step_avg:1078.81ms
step:1250/1555 val_step:19/320 val_loss:3.4789 chunk_loss:7480.3586 is_adam_step=True train_time:1348511ms step_avg:1078.81ms
step:1250/1555 val_step:20/320 val_loss:3.4839 chunk_loss:7477.4712 is_adam_step=False train_time:1348511ms step_avg:1078.81ms
step:1250/1555 val_step:21/320 val_loss:3.4961 chunk_loss:7849.6350 is_adam_step=True train_time:1348511ms step_avg:1078.81ms
step:1250/1555 val_step:22/320 val_loss:3.4986 chunk_loss:7414.5598 is_adam_step=False train_time:1348511ms step_avg:1078.81ms
step:1250/1555 val_step:23/320 val_loss:3.5102 chunk_loss:7861.4317 is_adam_step=True train_time:1348511ms step_avg:1078.81ms
step:1250/1555 val_step:24/320 val_loss:3.5151 chunk_loss:7521.0561 is_adam_step=False train_time:1348511ms step_avg:1078.81ms
step:1250/1555 val_step:25/320 val_loss:3.5154 chunk_loss:7320.9761 is_adam_step=True train_time:1348511ms step_avg:1078.81ms
step:1250/1555 val_step:26/320 val_loss:3.5326 chunk_loss:8272.9253 is_adam_step=False train_time:1348511ms step_avg:1078.81ms
step:1250/1555 val_step:27/320 val_loss:3.5448 chunk_loss:8046.4516 is_adam_step=True train_time:1348511ms step_avg:1078.81ms
step:1250/1555 val_step:28/320 val_loss:3.5429 chunk_loss:7277.8616 is_adam_step=False train_time:1348511ms step_avg:1078.81ms
step:1250/1555 val_step:29/320 val_loss:3.5378 chunk_loss:7060.8615 is_adam_step=True train_time:1348511ms step_avg:1078.81ms
step:1250/1555 val_step:30/320 val_loss:3.5390 chunk_loss:7469.5613 is_adam_step=False train_time:1348511ms step_avg:1078.81ms
step:1250/1555 val_step:31/320 val_loss:3.5399 chunk_loss:7382.6082 is_adam_step=True train_time:1348511ms step_avg:1078.81ms
step:1250/1555 val_step:32/320 val_loss:3.5387 chunk_loss:7279.5551 is_adam_step=False train_time:1348511ms step_avg:1078.81ms
step:1250/1555 val_step:33/320 val_loss:3.5426 chunk_loss:7642.8297 is_adam_step=True train_time:1348511ms step_avg:1078.81ms
step:1250/1555 val_step:34/320 val_loss:3.5465 chunk_loss:7637.2903 is_adam_step=False train_time:1348511ms step_avg:1078.81ms
step:1250/1555 val_step:35/320 val_loss:3.5479 chunk_loss:7444.8055 is_adam_step=True train_time:1348511ms step_avg:1078.81ms
step:1250/1555 val_step:36/320 val_loss:3.5511 chunk_loss:7654.8060 is_adam_step=False train_time:1348511ms step_avg:1078.81ms
step:1250/1555 val_step:37/320 val_loss:3.5554 chunk_loss:7671.4740 is_adam_step=True train_time:1348511ms step_avg:1078.81ms
step:1250/1555 val_step:38/320 val_loss:3.5502 chunk_loss:6949.9165 is_adam_step=False train_time:1348511ms step_avg:1078.81ms
step:1250/1555 val_step:39/320 val_loss:3.5557 chunk_loss:7886.6763 is_adam_step=True train_time:1348511ms step_avg:1078.81ms
step:1250/1555 val_step:40/320 val_loss:3.5619 chunk_loss:7879.8257 is_adam_step=False train_time:1348511ms step_avg:1078.81ms
step:1250/1555 val_step:41/320 val_loss:3.5700 chunk_loss:8104.0873 is_adam_step=True train_time:1348511ms step_avg:1078.81ms
step:1250/1555 val_step:42/320 val_loss:3.5713 chunk_loss:7533.1404 is_adam_step=False train_time:1348511ms step_avg:1078.81ms
step:1250/1555 val_step:43/320 val_loss:3.5746 chunk_loss:7684.9526 is_adam_step=True train_time:1348511ms step_avg:1078.81ms
step:1250/1555 val_step:44/320 val_loss:3.5823 chunk_loss:8115.5486 is_adam_step=False train_time:1348511ms step_avg:1078.81ms
step:1250/1555 val_step:45/320 val_loss:3.5840 chunk_loss:7573.9700 is_adam_step=True train_time:1348511ms step_avg:1078.81ms
step:1250/1555 val_step:46/320 val_loss:3.5860 chunk_loss:7631.9385 is_adam_step=False train_time:1348511ms step_avg:1078.81ms
step:1250/1555 val_step:47/320 val_loss:3.5877 chunk_loss:7636.2527 is_adam_step=True train_time:1348511ms step_avg:1078.81ms
step:1250/1555 val_step:48/320 val_loss:3.5874 chunk_loss:7395.0646 is_adam_step=False train_time:1348511ms step_avg:1078.81ms
step:1250/1555 val_step:49/320 val_loss:3.5867 chunk_loss:7363.1103 is_adam_step=True train_time:1348511ms step_avg:1078.81ms
step:1250/1555 val_step:50/320 val_loss:3.5868 chunk_loss:7446.0056 is_adam_step=False train_time:1348511ms step_avg:1078.81ms
step:1250/1555 val_step:51/320 val_loss:3.5856 chunk_loss:7328.4182 is_adam_step=True train_time:1348511ms step_avg:1078.81ms
step:1250/1555 val_step:52/320 val_loss:3.5879 chunk_loss:7672.8058 is_adam_step=False train_time:1348511ms step_avg:1078.81ms
step:1250/1555 val_step:53/320 val_loss:3.5883 chunk_loss:7474.9820 is_adam_step=True train_time:1348511ms step_avg:1078.81ms
step:1250/1555 val_step:54/320 val_loss:3.5859 chunk_loss:7189.3510 is_adam_step=False train_time:1348511ms step_avg:1078.81ms
step:1250/1555 val_step:55/320 val_loss:3.5853 chunk_loss:7381.1777 is_adam_step=True train_time:1348511ms step_avg:1078.81ms
step:1250/1555 val_step:56/320 val_loss:3.5847 chunk_loss:7346.9751 is_adam_step=False train_time:1348511ms step_avg:1078.81ms
step:1250/1555 val_step:57/320 val_loss:3.5840 chunk_loss:7422.4853 is_adam_step=True train_time:1348511ms step_avg:1078.81ms
step:1250/1555 val_step:58/320 val_loss:3.5845 chunk_loss:7468.7517 is_adam_step=False train_time:1348511ms step_avg:1078.81ms
step:1250/1555 val_step:59/320 val_loss:3.5868 chunk_loss:7684.7027 is_adam_step=True train_time:1348511ms step_avg:1078.81ms
step:1250/1555 val_step:60/320 val_loss:3.5859 chunk_loss:7296.2325 is_adam_step=False train_time:1348511ms step_avg:1078.81ms
step:1250/1555 val_step:61/320 val_loss:3.5863 chunk_loss:7467.5916 is_adam_step=True train_time:1348511ms step_avg:1078.81ms
step:1250/1555 val_step:62/320 val_loss:3.5866 chunk_loss:7443.7023 is_adam_step=False train_time:1348511ms step_avg:1078.81ms
step:1250/1555 val_step:63/320 val_loss:3.5873 chunk_loss:7540.3468 is_adam_step=True train_time:1348511ms step_avg:1078.81ms
step:1250/1555 val_step:64/320 val_loss:3.5898 chunk_loss:7757.3046 is_adam_step=False train_time:1348511ms step_avg:1078.81ms
step:1250/1555 val_step:65/320 val_loss:3.5920 chunk_loss:7747.5865 is_adam_step=True train_time:1348511ms step_avg:1078.81ms
step:1250/1555 val_step:66/320 val_loss:3.5959 chunk_loss:7979.3104 is_adam_step=False train_time:1348511ms step_avg:1078.81ms
step:1250/1555 val_step:67/320 val_loss:3.5969 chunk_loss:7606.0211 is_adam_step=True train_time:1348511ms step_avg:1078.81ms
step:1250/1555 val_step:68/320 val_loss:3.5957 chunk_loss:7272.8545 is_adam_step=False train_time:1348511ms step_avg:1078.81ms
step:1250/1555 val_step:69/320 val_loss:3.5967 chunk_loss:7577.5696 is_adam_step=True train_time:1348511ms step_avg:1078.81ms
step:1250/1555 val_step:70/320 val_loss:3.5957 chunk_loss:7289.3204 is_adam_step=False train_time:1348511ms step_avg:1078.81ms
step:1250/1555 val_step:71/320 val_loss:3.5934 chunk_loss:7089.5932 is_adam_step=True train_time:1348511ms step_avg:1078.81ms
step:1250/1555 val_step:72/320 val_loss:3.5916 chunk_loss:7169.3300 is_adam_step=False train_time:1348511ms step_avg:1078.81ms
step:1250/1555 val_step:73/320 val_loss:3.5920 chunk_loss:7548.1974 is_adam_step=True train_time:1348511ms step_avg:1078.81ms
step:1250/1555 val_step:74/320 val_loss:3.5948 chunk_loss:7887.1614 is_adam_step=False train_time:1348511ms step_avg:1078.81ms
step:1250/1555 val_step:75/320 val_loss:3.5952 chunk_loss:7508.0804 is_adam_step=True train_time:1348511ms step_avg:1078.81ms
step:1250/1555 val_step:76/320 val_loss:3.5944 chunk_loss:7329.6982 is_adam_step=False train_time:1348511ms step_avg:1078.81ms
step:1250/1555 val_step:77/320 val_loss:3.5961 chunk_loss:7750.7831 is_adam_step=True train_time:1348511ms step_avg:1078.81ms
step:1250/1555 val_step:78/320 val_loss:3.5945 chunk_loss:7167.6418 is_adam_step=False train_time:1348511ms step_avg:1078.81ms
step:1250/1555 val_step:79/320 val_loss:3.5926 chunk_loss:7152.6150 is_adam_step=True train_time:1348511ms step_avg:1078.81ms
step:1250/1555 val_step:80/320 val_loss:3.5913 chunk_loss:7232.5163 is_adam_step=False train_time:1348511ms step_avg:1078.81ms
step:1250/1555 val_step:81/320 val_loss:3.5891 chunk_loss:7087.7483 is_adam_step=True train_time:1348511ms step_avg:1078.81ms
step:1250/1555 val_step:82/320 val_loss:3.5893 chunk_loss:7486.4033 is_adam_step=False train_time:1348511ms step_avg:1078.81ms
step:1250/1555 val_step:83/320 val_loss:3.5868 chunk_loss:6993.7176 is_adam_step=True train_time:1348511ms step_avg:1078.81ms
step:1250/1555 val_step:84/320 val_loss:3.5874 chunk_loss:7533.6795 is_adam_step=False train_time:1348511ms step_avg:1078.81ms
step:1250/1555 val_step:85/320 val_loss:3.5870 chunk_loss:7350.8077 is_adam_step=True train_time:1348511ms step_avg:1078.81ms
step:1250/1555 val_step:86/320 val_loss:3.5869 chunk_loss:7421.1983 is_adam_step=False train_time:1348511ms step_avg:1078.81ms
step:1250/1555 val_step:87/320 val_loss:3.5864 chunk_loss:7315.9543 is_adam_step=True train_time:1348511ms step_avg:1078.81ms
step:1250/1555 val_step:88/320 val_loss:3.5863 chunk_loss:7414.9435 is_adam_step=False train_time:1348511ms step_avg:1078.81ms
step:1250/1555 val_step:89/320 val_loss:3.5869 chunk_loss:7529.3756 is_adam_step=True train_time:1348511ms step_avg:1078.81ms
step:1250/1555 val_step:90/320 val_loss:3.5851 chunk_loss:7104.3999 is_adam_step=False train_time:1348511ms step_avg:1078.81ms
step:1250/1555 val_step:91/320 val_loss:3.5836 chunk_loss:7166.8826 is_adam_step=True train_time:1348511ms step_avg:1078.81ms
step:1250/1555 val_step:92/320 val_loss:3.5847 chunk_loss:7640.4655 is_adam_step=False train_time:1348511ms step_avg:1078.81ms
step:1250/1555 val_step:93/320 val_loss:3.5853 chunk_loss:7516.3684 is_adam_step=True train_time:1348511ms step_avg:1078.81ms
step:1250/1555 val_step:94/320 val_loss:3.5860 chunk_loss:7555.0381 is_adam_step=False train_time:1348511ms step_avg:1078.81ms
step:1250/1555 val_step:95/320 val_loss:3.5861 chunk_loss:7426.1098 is_adam_step=True train_time:1348511ms step_avg:1078.81ms
step:1250/1555 val_step:96/320 val_loss:3.5872 chunk_loss:7612.5235 is_adam_step=False train_time:1348511ms step_avg:1078.81ms
step:1250/1555 val_step:97/320 val_loss:3.5905 chunk_loss:8120.9450 is_adam_step=True train_time:1348511ms step_avg:1078.81ms
step:1250/1555 val_step:98/320 val_loss:3.5909 chunk_loss:7491.5315 is_adam_step=False train_time:1348511ms step_avg:1078.81ms
step:1250/1555 val_step:99/320 val_loss:3.5907 chunk_loss:7398.1358 is_adam_step=True train_time:1348511ms step_avg:1078.81ms
step:1250/1555 val_step:100/320 val_loss:3.5905 chunk_loss:7369.9344 is_adam_step=False train_time:1348511ms step_avg:1078.81ms
step:1250/1555 val_step:101/320 val_loss:3.5894 chunk_loss:7194.2279 is_adam_step=True train_time:1348511ms step_avg:1078.81ms
step:1250/1555 val_step:102/320 val_loss:3.5901 chunk_loss:7561.1916 is_adam_step=False train_time:1348511ms step_avg:1078.81ms
step:1250/1555 val_step:103/320 val_loss:3.5917 chunk_loss:7785.0394 is_adam_step=True train_time:1348511ms step_avg:1078.81ms
step:1250/1555 val_step:104/320 val_loss:3.5910 chunk_loss:7319.3461 is_adam_step=False train_time:1348511ms step_avg:1078.81ms
step:1250/1555 val_step:105/320 val_loss:3.5904 chunk_loss:7300.7316 is_adam_step=True train_time:1348511ms step_avg:1078.81ms
step:1250/1555 val_step:106/320 val_loss:3.5878 chunk_loss:6879.0020 is_adam_step=False train_time:1348511ms step_avg:1078.81ms
step:1250/1555 val_step:107/320 val_loss:3.5870 chunk_loss:7219.9944 is_adam_step=True train_time:1348511ms step_avg:1078.81ms
step:1250/1555 val_step:108/320 val_loss:3.5861 chunk_loss:7245.6117 is_adam_step=False train_time:1348511ms step_avg:1078.81ms
step:1250/1555 val_step:109/320 val_loss:3.5856 chunk_loss:7343.3909 is_adam_step=True train_time:1348511ms step_avg:1078.81ms
step:1250/1555 val_step:110/320 val_loss:3.5852 chunk_loss:7369.3626 is_adam_step=False train_time:1348511ms step_avg:1078.81ms
step:1250/1555 val_step:111/320 val_loss:3.5862 chunk_loss:7682.8391 is_adam_step=True train_time:1348511ms step_avg:1078.81ms
step:1250/1555 val_step:112/320 val_loss:3.5856 chunk_loss:7263.0299 is_adam_step=False train_time:1348511ms step_avg:1078.81ms
step:1250/1555 val_step:113/320 val_loss:3.5839 chunk_loss:7010.8508 is_adam_step=True train_time:1348511ms step_avg:1078.81ms
step:1250/1555 val_step:114/320 val_loss:3.5821 chunk_loss:7021.0079 is_adam_step=False train_time:1348511ms step_avg:1078.81ms
step:1250/1555 val_step:115/320 val_loss:3.5806 chunk_loss:7056.8299 is_adam_step=True train_time:1348511ms step_avg:1078.81ms
step:1250/1555 val_step:116/320 val_loss:3.5798 chunk_loss:7250.5008 is_adam_step=False train_time:1348511ms step_avg:1078.81ms
step:1250/1555 val_step:117/320 val_loss:3.5800 chunk_loss:7464.0954 is_adam_step=True train_time:1348511ms step_avg:1078.81ms
step:1250/1555 val_step:118/320 val_loss:3.5804 chunk_loss:7514.7705 is_adam_step=False train_time:1348511ms step_avg:1078.81ms
step:1250/1555 val_step:119/320 val_loss:3.5795 chunk_loss:7185.7024 is_adam_step=True train_time:1348511ms step_avg:1078.81ms
step:1250/1555 val_step:120/320 val_loss:3.5794 chunk_loss:7382.3871 is_adam_step=False train_time:1348511ms step_avg:1078.81ms
step:1250/1555 val_step:121/320 val_loss:3.5786 chunk_loss:7186.7214 is_adam_step=True train_time:1348511ms step_avg:1078.81ms
step:1250/1555 val_step:122/320 val_loss:3.5780 chunk_loss:7270.8030 is_adam_step=False train_time:1348511ms step_avg:1078.81ms
step:1250/1555 val_step:123/320 val_loss:3.5768 chunk_loss:7144.2207 is_adam_step=True train_time:1348511ms step_avg:1078.81ms
step:1250/1555 val_step:124/320 val_loss:3.5767 chunk_loss:7375.4877 is_adam_step=False train_time:1348511ms step_avg:1078.81ms
step:1250/1555 val_step:125/320 val_loss:3.5768 chunk_loss:7456.5297 is_adam_step=True train_time:1348511ms step_avg:1078.81ms
step:1250/1555 val_step:126/320 val_loss:3.5747 chunk_loss:6863.8079 is_adam_step=False train_time:1348511ms step_avg:1078.81ms
step:1250/1555 val_step:127/320 val_loss:3.5747 chunk_loss:7407.3277 is_adam_step=True train_time:1348511ms step_avg:1078.81ms
step:1250/1555 val_step:128/320 val_loss:3.5736 chunk_loss:7119.1060 is_adam_step=False train_time:1348511ms step_avg:1078.81ms
step:1250/1555 val_step:129/320 val_loss:3.5718 chunk_loss:6975.5482 is_adam_step=True train_time:1348511ms step_avg:1078.81ms
step:1250/1555 val_step:130/320 val_loss:3.5718 chunk_loss:7382.8553 is_adam_step=False train_time:1348511ms step_avg:1078.81ms
step:1250/1555 val_step:131/320 val_loss:3.5712 chunk_loss:7243.6089 is_adam_step=True train_time:1348511ms step_avg:1078.81ms
step:1250/1555 val_step:132/320 val_loss:3.5730 chunk_loss:7890.5235 is_adam_step=False train_time:1348511ms step_avg:1078.81ms
step:1250/1555 val_step:133/320 val_loss:3.5740 chunk_loss:7681.9671 is_adam_step=True train_time:1348511ms step_avg:1078.81ms
step:1250/1555 val_step:134/320 val_loss:3.5715 chunk_loss:6744.1935 is_adam_step=False train_time:1348511ms step_avg:1078.81ms
step:1250/1555 val_step:135/320 val_loss:3.5706 chunk_loss:7181.5316 is_adam_step=True train_time:1348511ms step_avg:1078.81ms
step:1250/1555 val_step:136/320 val_loss:3.5707 chunk_loss:7424.9489 is_adam_step=False train_time:1348511ms step_avg:1078.81ms
step:1250/1555 val_step:137/320 val_loss:3.5710 chunk_loss:7462.6539 is_adam_step=True train_time:1348511ms step_avg:1078.81ms
step:1250/1555 val_step:138/320 val_loss:3.5726 chunk_loss:7869.1997 is_adam_step=False train_time:1348511ms step_avg:1078.81ms
step:1250/1555 val_step:139/320 val_loss:3.5728 chunk_loss:7438.6400 is_adam_step=True train_time:1348511ms step_avg:1078.81ms
step:1250/1555 val_step:140/320 val_loss:3.5726 chunk_loss:7339.8463 is_adam_step=False train_time:1348511ms step_avg:1078.81ms
step:1250/1555 val_step:141/320 val_loss:3.5722 chunk_loss:7303.3976 is_adam_step=True train_time:1348511ms step_avg:1078.81ms
step:1250/1555 val_step:142/320 val_loss:3.5725 chunk_loss:7458.3412 is_adam_step=False train_time:1348511ms step_avg:1078.81ms
step:1250/1555 val_step:143/320 val_loss:3.5736 chunk_loss:7740.3202 is_adam_step=True train_time:1348511ms step_avg:1078.81ms
step:1250/1555 val_step:144/320 val_loss:3.5742 chunk_loss:7595.4569 is_adam_step=False train_time:1348511ms step_avg:1078.81ms
step:1250/1555 val_step:145/320 val_loss:3.5734 chunk_loss:7172.2483 is_adam_step=True train_time:1348511ms step_avg:1078.81ms
step:1250/1555 val_step:146/320 val_loss:3.5734 chunk_loss:7395.3967 is_adam_step=False train_time:1348511ms step_avg:1078.81ms
step:1250/1555 val_step:147/320 val_loss:3.5738 chunk_loss:7484.0722 is_adam_step=True train_time:1348511ms step_avg:1078.81ms
step:1250/1555 val_step:148/320 val_loss:3.5744 chunk_loss:7636.4748 is_adam_step=False train_time:1348511ms step_avg:1078.81ms
step:1250/1555 val_step:149/320 val_loss:3.5732 chunk_loss:7043.1756 is_adam_step=True train_time:1348511ms step_avg:1078.81ms
step:1250/1555 val_step:150/320 val_loss:3.5724 chunk_loss:7113.9977 is_adam_step=False train_time:1348511ms step_avg:1078.81ms
step:1250/1555 val_step:151/320 val_loss:3.5722 chunk_loss:7365.7910 is_adam_step=True train_time:1348511ms step_avg:1078.81ms
step:1250/1555 val_step:152/320 val_loss:3.5710 chunk_loss:6997.1463 is_adam_step=False train_time:1348511ms step_avg:1078.81ms
step:1250/1555 val_step:153/320 val_loss:3.5700 chunk_loss:7059.8312 is_adam_step=True train_time:1348511ms step_avg:1078.81ms
step:1250/1555 val_step:154/320 val_loss:3.5695 chunk_loss:7219.5033 is_adam_step=False train_time:1348511ms step_avg:1078.81ms
step:1250/1555 val_step:155/320 val_loss:3.5694 chunk_loss:7368.5084 is_adam_step=True train_time:1348511ms step_avg:1078.81ms
step:1250/1555 val_step:156/320 val_loss:3.5689 chunk_loss:7189.2591 is_adam_step=False train_time:1348511ms step_avg:1078.81ms
step:1250/1555 val_step:157/320 val_loss:3.5687 chunk_loss:7371.2975 is_adam_step=True train_time:1348511ms step_avg:1078.81ms
step:1250/1555 val_step:158/320 val_loss:3.5684 chunk_loss:7289.8664 is_adam_step=False train_time:1348511ms step_avg:1078.81ms
step:1250/1555 val_step:159/320 val_loss:3.5680 chunk_loss:7269.2657 is_adam_step=True train_time:1348511ms step_avg:1078.81ms
step:1250/1555 val_step:160/320 val_loss:3.5687 chunk_loss:7643.3831 is_adam_step=False train_time:1348511ms step_avg:1078.81ms
step:1250/1555 val_step:161/320 val_loss:3.5683 chunk_loss:7248.4481 is_adam_step=True train_time:1348511ms step_avg:1078.81ms
step:1250/1555 val_step:162/320 val_loss:3.5684 chunk_loss:7422.3303 is_adam_step=False train_time:1348511ms step_avg:1078.81ms
step:1250/1555 val_step:163/320 val_loss:3.5673 chunk_loss:7048.2896 is_adam_step=True train_time:1348511ms step_avg:1078.81ms
step:1250/1555 val_step:164/320 val_loss:3.5669 chunk_loss:7212.9393 is_adam_step=False train_time:1348511ms step_avg:1078.81ms
step:1250/1555 val_step:165/320 val_loss:3.5701 chunk_loss:8491.5545 is_adam_step=True train_time:1348511ms step_avg:1078.81ms
step:1250/1555 val_step:166/320 val_loss:3.5706 chunk_loss:7604.8898 is_adam_step=False train_time:1348511ms step_avg:1078.81ms
step:1250/1555 val_step:167/320 val_loss:3.5707 chunk_loss:7481.6483 is_adam_step=True train_time:1348511ms step_avg:1078.81ms
step:1250/1555 val_step:168/320 val_loss:3.5701 chunk_loss:7214.8225 is_adam_step=False train_time:1348511ms step_avg:1078.81ms
step:1250/1555 val_step:169/320 val_loss:3.5699 chunk_loss:7330.5578 is_adam_step=True train_time:1348511ms step_avg:1078.81ms
step:1250/1555 val_step:170/320 val_loss:3.5693 chunk_loss:7170.6274 is_adam_step=False train_time:1348511ms step_avg:1078.81ms
step:1250/1555 val_step:171/320 val_loss:3.5679 chunk_loss:6871.5773 is_adam_step=True train_time:1348511ms step_avg:1078.81ms
step:1250/1555 val_step:172/320 val_loss:3.5674 chunk_loss:7266.1495 is_adam_step=False train_time:1348511ms step_avg:1078.81ms
step:1250/1555 val_step:173/320 val_loss:3.5667 chunk_loss:7133.6351 is_adam_step=True train_time:1348511ms step_avg:1078.81ms
step:1250/1555 val_step:174/320 val_loss:3.5678 chunk_loss:7775.6803 is_adam_step=False train_time:1348511ms step_avg:1078.81ms
step:1250/1555 val_step:175/320 val_loss:3.5673 chunk_loss:7246.0840 is_adam_step=True train_time:1348511ms step_avg:1078.81ms
step:1250/1555 val_step:176/320 val_loss:3.5673 chunk_loss:7389.9344 is_adam_step=False train_time:1348511ms step_avg:1078.81ms
step:1250/1555 val_step:177/320 val_loss:3.5658 chunk_loss:6828.8815 is_adam_step=True train_time:1348511ms step_avg:1078.81ms
step:1250/1555 val_step:178/320 val_loss:3.5656 chunk_loss:7286.7457 is_adam_step=False train_time:1348511ms step_avg:1078.81ms
step:1250/1555 val_step:179/320 val_loss:3.5652 chunk_loss:7280.0255 is_adam_step=True train_time:1348511ms step_avg:1078.81ms
step:1250/1555 val_step:180/320 val_loss:3.5643 chunk_loss:7031.0933 is_adam_step=False train_time:1348511ms step_avg:1078.81ms
step:1250/1555 val_step:181/320 val_loss:3.5645 chunk_loss:7457.0798 is_adam_step=True train_time:1348511ms step_avg:1078.81ms
step:1250/1555 val_step:182/320 val_loss:3.5626 chunk_loss:6680.1783 is_adam_step=False train_time:1348511ms step_avg:1078.81ms
step:1250/1555 val_step:183/320 val_loss:3.5631 chunk_loss:7676.3119 is_adam_step=True train_time:1348511ms step_avg:1078.81ms
step:1250/1555 val_step:184/320 val_loss:3.5618 chunk_loss:6878.1678 is_adam_step=False train_time:1348511ms step_avg:1078.81ms
step:1250/1555 val_step:185/320 val_loss:3.5594 chunk_loss:6497.8126 is_adam_step=True train_time:1348511ms step_avg:1078.81ms
step:1250/1555 val_step:186/320 val_loss:3.5587 chunk_loss:7078.7024 is_adam_step=False train_time:1348511ms step_avg:1078.81ms
step:1250/1555 val_step:187/320 val_loss:3.5578 chunk_loss:7026.1762 is_adam_step=True train_time:1348511ms step_avg:1078.81ms
step:1250/1555 val_step:188/320 val_loss:3.5582 chunk_loss:7547.9836 is_adam_step=False train_time:1348511ms step_avg:1078.81ms
step:1250/1555 val_step:189/320 val_loss:3.5566 chunk_loss:6756.0131 is_adam_step=True train_time:1348511ms step_avg:1078.81ms
step:1250/1555 val_step:190/320 val_loss:3.5561 chunk_loss:7165.2056 is_adam_step=False train_time:1348511ms step_avg:1078.81ms
step:1250/1555 val_step:191/320 val_loss:3.5555 chunk_loss:7097.3790 is_adam_step=True train_time:1348511ms step_avg:1078.81ms
step:1250/1555 val_step:192/320 val_loss:3.5549 chunk_loss:7175.5720 is_adam_step=False train_time:1348511ms step_avg:1078.81ms
step:1250/1555 val_step:193/320 val_loss:3.5548 chunk_loss:7336.2867 is_adam_step=True train_time:1348511ms step_avg:1078.81ms
step:1250/1555 val_step:194/320 val_loss:3.5552 chunk_loss:7512.3893 is_adam_step=False train_time:1348511ms step_avg:1078.81ms
step:1250/1555 val_step:195/320 val_loss:3.5541 chunk_loss:6911.5010 is_adam_step=True train_time:1348511ms step_avg:1078.81ms
step:1250/1555 val_step:196/320 val_loss:3.5534 chunk_loss:7138.5349 is_adam_step=False train_time:1348511ms step_avg:1078.81ms
step:1250/1555 val_step:197/320 val_loss:3.5533 chunk_loss:7354.6793 is_adam_step=True train_time:1348511ms step_avg:1078.81ms
step:1250/1555 val_step:198/320 val_loss:3.5534 chunk_loss:7412.9059 is_adam_step=False train_time:1348511ms step_avg:1078.81ms
step:1250/1555 val_step:199/320 val_loss:3.5526 chunk_loss:7010.9398 is_adam_step=True train_time:1348511ms step_avg:1078.81ms
step:1250/1555 val_step:200/320 val_loss:3.5518 chunk_loss:7050.5666 is_adam_step=False train_time:1348511ms step_avg:1078.81ms
step:1250/1555 val_step:201/320 val_loss:3.5495 chunk_loss:6501.7193 is_adam_step=True train_time:1348511ms step_avg:1078.81ms
step:1250/1555 val_step:202/320 val_loss:3.5503 chunk_loss:7682.1676 is_adam_step=False train_time:1348511ms step_avg:1078.81ms
step:1250/1555 val_step:203/320 val_loss:3.5490 chunk_loss:6853.5153 is_adam_step=True train_time:1348511ms step_avg:1078.81ms
step:1250/1555 val_step:204/320 val_loss:3.5482 chunk_loss:7027.0435 is_adam_step=False train_time:1348511ms step_avg:1078.81ms
step:1250/1555 val_step:205/320 val_loss:3.5484 chunk_loss:7395.9030 is_adam_step=True train_time:1348511ms step_avg:1078.81ms
step:1250/1555 val_step:206/320 val_loss:3.5477 chunk_loss:7102.7269 is_adam_step=False train_time:1348511ms step_avg:1078.81ms
step:1250/1555 val_step:207/320 val_loss:3.5474 chunk_loss:7219.5055 is_adam_step=True train_time:1348511ms step_avg:1078.81ms
step:1250/1555 val_step:208/320 val_loss:3.5459 chunk_loss:6731.7404 is_adam_step=False train_time:1348511ms step_avg:1078.81ms
step:1250/1555 val_step:209/320 val_loss:3.5461 chunk_loss:7399.8514 is_adam_step=True train_time:1348511ms step_avg:1078.81ms
step:1250/1555 val_step:210/320 val_loss:3.5445 chunk_loss:6740.3047 is_adam_step=False train_time:1348511ms step_avg:1078.81ms
step:1250/1555 val_step:211/320 val_loss:3.5436 chunk_loss:6951.0940 is_adam_step=True train_time:1348511ms step_avg:1078.81ms
step:1250/1555 val_step:212/320 val_loss:3.5449 chunk_loss:7885.0418 is_adam_step=False train_time:1348511ms step_avg:1078.81ms
step:1250/1555 val_step:213/320 val_loss:3.5445 chunk_loss:7134.2947 is_adam_step=True train_time:1348511ms step_avg:1078.81ms
step:1250/1555 val_step:214/320 val_loss:3.5451 chunk_loss:7578.3774 is_adam_step=False train_time:1348511ms step_avg:1078.81ms
step:1250/1555 val_step:215/320 val_loss:3.5437 chunk_loss:6775.6852 is_adam_step=True train_time:1348511ms step_avg:1078.81ms
step:1250/1555 val_step:216/320 val_loss:3.5431 chunk_loss:7109.5673 is_adam_step=False train_time:1348511ms step_avg:1078.81ms
step:1250/1555 val_step:217/320 val_loss:3.5435 chunk_loss:7494.9688 is_adam_step=True train_time:1348511ms step_avg:1078.81ms
step:1250/1555 val_step:218/320 val_loss:3.5432 chunk_loss:7188.5673 is_adam_step=False train_time:1348511ms step_avg:1078.81ms
step:1250/1555 val_step:219/320 val_loss:3.5432 chunk_loss:7318.0328 is_adam_step=True train_time:1348511ms step_avg:1078.81ms
step:1250/1555 val_step:220/320 val_loss:3.5428 chunk_loss:7180.2846 is_adam_step=False train_time:1348511ms step_avg:1078.81ms
step:1250/1555 val_step:221/320 val_loss:3.5424 chunk_loss:7157.7079 is_adam_step=True train_time:1348511ms step_avg:1078.81ms
step:1250/1555 val_step:222/320 val_loss:3.5423 chunk_loss:7272.6253 is_adam_step=False train_time:1348511ms step_avg:1078.81ms
step:1250/1555 val_step:223/320 val_loss:3.5419 chunk_loss:7160.2312 is_adam_step=True train_time:1348511ms step_avg:1078.81ms
step:1250/1555 val_step:224/320 val_loss:3.5409 chunk_loss:6920.5860 is_adam_step=False train_time:1348511ms step_avg:1078.81ms
step:1250/1555 val_step:225/320 val_loss:3.5398 chunk_loss:6886.3473 is_adam_step=True train_time:1348511ms step_avg:1078.81ms
step:1250/1555 val_step:226/320 val_loss:3.5390 chunk_loss:6991.4052 is_adam_step=False train_time:1348511ms step_avg:1078.81ms
step:1250/1555 val_step:227/320 val_loss:3.5390 chunk_loss:7301.8600 is_adam_step=True train_time:1348511ms step_avg:1078.81ms
step:1250/1555 val_step:228/320 val_loss:3.5389 chunk_loss:7292.8544 is_adam_step=False train_time:1348511ms step_avg:1078.81ms
step:1250/1555 val_step:229/320 val_loss:3.5391 chunk_loss:7466.2881 is_adam_step=True train_time:1348511ms step_avg:1078.81ms
step:1250/1555 val_step:230/320 val_loss:3.5390 chunk_loss:7277.2732 is_adam_step=False train_time:1348511ms step_avg:1078.81ms
step:1250/1555 val_step:231/320 val_loss:3.5384 chunk_loss:7024.9493 is_adam_step=True train_time:1348511ms step_avg:1078.81ms
step:1250/1555 val_step:232/320 val_loss:3.5385 chunk_loss:7391.5906 is_adam_step=False train_time:1348511ms step_avg:1078.81ms
step:1250/1555 val_step:233/320 val_loss:3.5387 chunk_loss:7429.7074 is_adam_step=True train_time:1348511ms step_avg:1078.81ms
step:1250/1555 val_step:234/320 val_loss:3.5382 chunk_loss:7105.8334 is_adam_step=False train_time:1348511ms step_avg:1078.81ms
step:1250/1555 val_step:235/320 val_loss:3.5378 chunk_loss:7195.7080 is_adam_step=True train_time:1348511ms step_avg:1078.81ms
step:1250/1555 val_step:236/320 val_loss:3.5376 chunk_loss:7251.4462 is_adam_step=False train_time:1348511ms step_avg:1078.81ms
step:1250/1555 val_step:237/320 val_loss:3.5371 chunk_loss:7135.0493 is_adam_step=True train_time:1348511ms step_avg:1078.81ms
step:1250/1555 val_step:238/320 val_loss:3.5367 chunk_loss:7088.6667 is_adam_step=False train_time:1348511ms step_avg:1078.81ms
step:1250/1555 val_step:239/320 val_loss:3.5360 chunk_loss:6996.1023 is_adam_step=True train_time:1348511ms step_avg:1078.81ms
step:1250/1555 val_step:240/320 val_loss:3.5355 chunk_loss:7060.7710 is_adam_step=False train_time:1348511ms step_avg:1078.81ms
step:1250/1555 val_step:241/320 val_loss:3.5353 chunk_loss:7243.8776 is_adam_step=True train_time:1348511ms step_avg:1078.81ms
step:1250/1555 val_step:242/320 val_loss:3.5361 chunk_loss:7733.8867 is_adam_step=False train_time:1348511ms step_avg:1078.81ms
step:1250/1555 val_step:243/320 val_loss:3.5355 chunk_loss:7059.4036 is_adam_step=True train_time:1348511ms step_avg:1078.81ms
step:1250/1555 val_step:244/320 val_loss:3.5356 chunk_loss:7355.5941 is_adam_step=False train_time:1348511ms step_avg:1078.81ms
step:1250/1555 val_step:245/320 val_loss:3.5355 chunk_loss:7275.2096 is_adam_step=True train_time:1348511ms step_avg:1078.81ms
step:1250/1555 val_step:246/320 val_loss:3.5355 chunk_loss:7308.0818 is_adam_step=False train_time:1348511ms step_avg:1078.81ms
step:1250/1555 val_step:247/320 val_loss:3.5352 chunk_loss:7172.6627 is_adam_step=True train_time:1348511ms step_avg:1078.81ms
step:1250/1555 val_step:248/320 val_loss:3.5347 chunk_loss:7076.5891 is_adam_step=False train_time:1348511ms step_avg:1078.81ms
step:1250/1555 val_step:249/320 val_loss:3.5357 chunk_loss:7810.0712 is_adam_step=True train_time:1348511ms step_avg:1078.81ms
step:1250/1555 val_step:250/320 val_loss:3.5354 chunk_loss:7165.7280 is_adam_step=False train_time:1348511ms step_avg:1078.81ms
step:1250/1555 val_step:251/320 val_loss:3.5353 chunk_loss:7232.8336 is_adam_step=True train_time:1348511ms step_avg:1078.81ms
step:1250/1555 val_step:252/320 val_loss:3.5355 chunk_loss:7409.9648 is_adam_step=False train_time:1348511ms step_avg:1078.81ms
step:1250/1555 val_step:253/320 val_loss:3.5349 chunk_loss:7039.2672 is_adam_step=True train_time:1348511ms step_avg:1078.81ms
step:1250/1555 val_step:254/320 val_loss:3.5350 chunk_loss:7362.6165 is_adam_step=False train_time:1348511ms step_avg:1078.81ms
step:1250/1555 val_step:255/320 val_loss:3.5349 chunk_loss:7287.5902 is_adam_step=True train_time:1348511ms step_avg:1078.81ms
step:1250/1555 val_step:256/320 val_loss:3.5346 chunk_loss:7151.9077 is_adam_step=False train_time:1348511ms step_avg:1078.81ms
step:1250/1555 val_step:257/320 val_loss:3.5354 chunk_loss:7741.1007 is_adam_step=True train_time:1348511ms step_avg:1078.81ms
step:1250/1555 val_step:258/320 val_loss:3.5345 chunk_loss:6823.8092 is_adam_step=False train_time:1348511ms step_avg:1078.81ms
step:1250/1555 val_step:259/320 val_loss:3.5342 chunk_loss:7208.3850 is_adam_step=True train_time:1348511ms step_avg:1078.81ms
step:1250/1555 val_step:260/320 val_loss:3.5338 chunk_loss:7086.7537 is_adam_step=False train_time:1348511ms step_avg:1078.81ms
step:1250/1555 val_step:261/320 val_loss:3.5336 chunk_loss:7215.1587 is_adam_step=True train_time:1348511ms step_avg:1078.81ms
step:1250/1555 val_step:262/320 val_loss:3.5336 chunk_loss:7281.9922 is_adam_step=False train_time:1348511ms step_avg:1078.81ms
step:1250/1555 val_step:263/320 val_loss:3.5329 chunk_loss:7002.0594 is_adam_step=True train_time:1348511ms step_avg:1078.81ms
step:1250/1555 val_step:264/320 val_loss:3.5330 chunk_loss:7322.2131 is_adam_step=False train_time:1348511ms step_avg:1078.81ms
step:1250/1555 val_step:265/320 val_loss:3.5323 chunk_loss:6969.5752 is_adam_step=True train_time:1348511ms step_avg:1078.81ms
step:1250/1555 val_step:266/320 val_loss:3.5322 chunk_loss:7296.8668 is_adam_step=False train_time:1348511ms step_avg:1078.81ms
step:1250/1555 val_step:267/320 val_loss:3.5313 chunk_loss:6833.0550 is_adam_step=True train_time:1348511ms step_avg:1078.81ms
step:1250/1555 val_step:268/320 val_loss:3.5306 chunk_loss:6939.4197 is_adam_step=False train_time:1348511ms step_avg:1078.81ms
step:1250/1555 val_step:269/320 val_loss:3.5301 chunk_loss:7030.6288 is_adam_step=True train_time:1348511ms step_avg:1078.81ms
step:1250/1555 val_step:270/320 val_loss:3.5294 chunk_loss:6946.5424 is_adam_step=False train_time:1348511ms step_avg:1078.81ms
step:1250/1555 val_step:271/320 val_loss:3.5284 chunk_loss:6730.1985 is_adam_step=True train_time:1348511ms step_avg:1078.81ms
step:1250/1555 val_step:272/320 val_loss:3.5274 chunk_loss:6763.1938 is_adam_step=False train_time:1348511ms step_avg:1078.81ms
step:1250/1555 val_step:273/320 val_loss:3.5271 chunk_loss:7199.2332 is_adam_step=True train_time:1348511ms step_avg:1078.81ms
step:1250/1555 val_step:274/320 val_loss:3.5269 chunk_loss:7176.1478 is_adam_step=False train_time:1348511ms step_avg:1078.81ms
step:1250/1555 val_step:275/320 val_loss:3.5271 chunk_loss:7462.6913 is_adam_step=True train_time:1348511ms step_avg:1078.81ms
step:1250/1555 val_step:276/320 val_loss:3.5263 chunk_loss:6845.4993 is_adam_step=False train_time:1348511ms step_avg:1078.81ms
step:1250/1555 val_step:277/320 val_loss:3.5253 chunk_loss:6724.3857 is_adam_step=True train_time:1348511ms step_avg:1078.81ms
step:1250/1555 val_step:278/320 val_loss:3.5249 chunk_loss:7065.8946 is_adam_step=False train_time:1348511ms step_avg:1078.81ms
step:1250/1555 val_step:279/320 val_loss:3.5251 chunk_loss:7396.0122 is_adam_step=True train_time:1348511ms step_avg:1078.81ms
step:1250/1555 val_step:280/320 val_loss:3.5248 chunk_loss:7163.0701 is_adam_step=False train_time:1348511ms step_avg:1078.81ms
step:1250/1555 val_step:281/320 val_loss:3.5242 chunk_loss:6973.0062 is_adam_step=True train_time:1348511ms step_avg:1078.81ms
step:1250/1555 val_step:282/320 val_loss:3.5238 chunk_loss:7079.1223 is_adam_step=False train_time:1348511ms step_avg:1078.81ms
step:1250/1555 val_step:283/320 val_loss:3.5233 chunk_loss:6990.1776 is_adam_step=True train_time:1348511ms step_avg:1078.81ms
step:1250/1555 val_step:284/320 val_loss:3.5234 chunk_loss:7377.0652 is_adam_step=False train_time:1348511ms step_avg:1078.81ms
step:1250/1555 val_step:285/320 val_loss:3.5225 chunk_loss:6763.6078 is_adam_step=True train_time:1348511ms step_avg:1078.81ms
step:1250/1555 val_step:286/320 val_loss:3.5219 chunk_loss:6954.9511 is_adam_step=False train_time:1348511ms step_avg:1078.81ms
step:1250/1555 val_step:287/320 val_loss:3.5220 chunk_loss:7329.5913 is_adam_step=True train_time:1348511ms step_avg:1078.81ms
step:1250/1555 val_step:288/320 val_loss:3.5216 chunk_loss:7046.6480 is_adam_step=False train_time:1348511ms step_avg:1078.81ms
step:1250/1555 val_step:289/320 val_loss:3.5217 chunk_loss:7396.4011 is_adam_step=True train_time:1348511ms step_avg:1078.81ms
step:1250/1555 val_step:290/320 val_loss:3.5219 chunk_loss:7397.9441 is_adam_step=False train_time:1348511ms step_avg:1078.81ms
step:1250/1555 val_step:291/320 val_loss:3.5216 chunk_loss:7116.3777 is_adam_step=True train_time:1348511ms step_avg:1078.81ms
step:1250/1555 val_step:292/320 val_loss:3.5208 chunk_loss:6815.4475 is_adam_step=False train_time:1348511ms step_avg:1078.81ms
step:1250/1555 val_step:293/320 val_loss:3.5203 chunk_loss:7013.2327 is_adam_step=True train_time:1348511ms step_avg:1078.81ms
step:1250/1555 val_step:294/320 val_loss:3.5203 chunk_loss:7241.2430 is_adam_step=False train_time:1348511ms step_avg:1078.81ms
step:1250/1555 val_step:295/320 val_loss:3.5203 chunk_loss:7259.8191 is_adam_step=True train_time:1348511ms step_avg:1078.81ms
step:1250/1555 val_step:296/320 val_loss:3.5201 chunk_loss:7174.3420 is_adam_step=False train_time:1348511ms step_avg:1078.81ms
step:1250/1555 val_step:297/320 val_loss:3.5192 chunk_loss:6758.6544 is_adam_step=True train_time:1348511ms step_avg:1078.81ms
step:1250/1555 val_step:298/320 val_loss:3.5187 chunk_loss:6940.2451 is_adam_step=False train_time:1348511ms step_avg:1078.81ms
step:1250/1555 val_step:299/320 val_loss:3.5182 chunk_loss:7015.8507 is_adam_step=True train_time:1348511ms step_avg:1078.81ms
step:1250/1555 val_step:300/320 val_loss:3.5176 chunk_loss:6929.3248 is_adam_step=False train_time:1348511ms step_avg:1078.81ms
step:1250/1555 val_step:301/320 val_loss:3.5171 chunk_loss:6923.7889 is_adam_step=True train_time:1348511ms step_avg:1078.81ms
step:1250/1555 val_step:302/320 val_loss:3.5167 chunk_loss:7042.8028 is_adam_step=False train_time:1348511ms step_avg:1078.81ms
step:1250/1555 val_step:303/320 val_loss:3.5168 chunk_loss:7346.9420 is_adam_step=True train_time:1348511ms step_avg:1078.81ms
step:1250/1555 val_step:304/320 val_loss:3.5156 chunk_loss:6571.0419 is_adam_step=False train_time:1348511ms step_avg:1078.81ms
step:1250/1555 val_step:305/320 val_loss:3.5152 chunk_loss:7018.3082 is_adam_step=True train_time:1348511ms step_avg:1078.81ms
step:1250/1555 val_step:306/320 val_loss:3.5149 chunk_loss:7110.7239 is_adam_step=False train_time:1348511ms step_avg:1078.81ms
step:1250/1555 val_step:307/320 val_loss:3.5146 chunk_loss:7066.2593 is_adam_step=True train_time:1348511ms step_avg:1078.81ms
step:1250/1555 val_step:308/320 val_loss:3.5144 chunk_loss:7150.7519 is_adam_step=False train_time:1348511ms step_avg:1078.81ms
step:1250/1555 val_step:309/320 val_loss:3.5142 chunk_loss:7168.0786 is_adam_step=True train_time:1348511ms step_avg:1078.81ms
step:1250/1555 val_step:310/320 val_loss:3.5135 chunk_loss:6845.4981 is_adam_step=False train_time:1348511ms step_avg:1078.81ms
step:1250/1555 val_step:311/320 val_loss:3.5136 chunk_loss:7348.6981 is_adam_step=True train_time:1348511ms step_avg:1078.81ms
step:1250/1555 val_step:312/320 val_loss:3.5135 chunk_loss:7162.9403 is_adam_step=False train_time:1348511ms step_avg:1078.81ms
step:1250/1555 val_step:313/320 val_loss:3.5134 chunk_loss:7221.5909 is_adam_step=True train_time:1348511ms step_avg:1078.81ms
step:1250/1555 val_step:314/320 val_loss:3.5135 chunk_loss:7319.6254 is_adam_step=False train_time:1348511ms step_avg:1078.81ms
step:1250/1555 val_step:315/320 val_loss:3.5135 chunk_loss:7237.5146 is_adam_step=True train_time:1348511ms step_avg:1078.81ms
step:1250/1555 val_step:316/320 val_loss:3.5130 chunk_loss:6979.0220 is_adam_step=False train_time:1348511ms step_avg:1078.81ms
step:1250/1555 val_step:317/320 val_loss:3.5127 chunk_loss:7071.1444 is_adam_step=True train_time:1348511ms step_avg:1078.81ms
step:1250/1555 val_step:318/320 val_loss:3.5127 chunk_loss:7274.9510 is_adam_step=False train_time:1348511ms step_avg:1078.81ms
step:1250/1555 val_step:319/320 val_loss:3.5123 chunk_loss:7027.6875 is_adam_step=True train_time:1348511ms step_avg:1078.81ms
step:1250/1555 val_loss:3.5123 train_time:1348511ms step_avg:1078.81ms
step:1251/1555 loss.item()=166523.71875 train_time:1352970ms step_avg:1081.51ms
step:1252/1555 loss.item()=175553.328125 train_time:1356684ms step_avg:1083.61ms
step:1253/1555 loss.item()=168604.859375 train_time:1360165ms step_avg:1085.53ms
step:1254/1555 loss.item()=173092.296875 train_time:1364578ms step_avg:1088.18ms
step:1255/1555 loss.item()=165108.5625 train_time:1370480ms step_avg:1092.02ms
step:1256/1555 loss.item()=164557.09375 train_time:1376104ms step_avg:1095.62ms
step:1257/1555 loss.item()=172769.875 train_time:1381307ms step_avg:1098.89ms
step:1258/1555 loss.item()=166184.0 train_time:1385211ms step_avg:1101.12ms
step:1259/1555 loss.item()=174208.9375 train_time:1390003ms step_avg:1104.05ms
step:1260/1555 loss.item()=167302.140625 train_time:1393212ms step_avg:1105.72ms
step:1261/1555 loss.item()=169049.515625 train_time:1397167ms step_avg:1107.98ms
step:1262/1555 loss.item()=166016.34375 train_time:1400095ms step_avg:1109.43ms
step:1263/1555 loss.item()=169623.921875 train_time:1403167ms step_avg:1110.98ms
step:1264/1555 loss.item()=171920.984375 train_time:1408200ms step_avg:1114.08ms
step:1265/1555 loss.item()=172460.84375 train_time:1412810ms step_avg:1116.85ms
step:1266/1555 loss.item()=168850.90625 train_time:1416088ms step_avg:1118.55ms
step:1267/1555 loss.item()=161702.828125 train_time:1421103ms step_avg:1121.63ms
step:1268/1555 loss.item()=170291.125 train_time:1424368ms step_avg:1123.32ms
step:1269/1555 loss.item()=167773.0625 train_time:1426382ms step_avg:1124.02ms
step:1270/1555 loss.item()=163875.59375 train_time:1429767ms step_avg:1125.80ms
step:1271/1555 loss.item()=162493.5625 train_time:1431988ms step_avg:1126.66ms
step:1272/1555 loss.item()=162155.6875 train_time:1434598ms step_avg:1127.83ms
step:1273/1555 loss.item()=169445.078125 train_time:1438480ms step_avg:1129.99ms
step:1274/1555 loss.item()=156495.328125 train_time:1442380ms step_avg:1132.17ms
step:1275/1555 loss.item()=171818.78125 train_time:1445486ms step_avg:1133.71ms
step:1276/1555 loss.item()=168277.90625 train_time:1449181ms step_avg:1135.72ms
step:1277/1555 loss.item()=163713.53125 train_time:1452789ms step_avg:1137.66ms
step:1278/1555 loss.item()=167523.8125 train_time:1455687ms step_avg:1139.04ms
step:1279/1555 loss.item()=169136.46875 train_time:1459310ms step_avg:1140.98ms
step:1280/1555 loss.item()=165334.75 train_time:1462598ms step_avg:1142.65ms
step:1281/1555 loss.item()=158507.09375 train_time:1465805ms step_avg:1144.27ms
step:1282/1555 loss.item()=163054.9375 train_time:1470367ms step_avg:1146.93ms
step:1283/1555 loss.item()=168550.53125 train_time:1473866ms step_avg:1148.77ms
step:1284/1555 loss.item()=169954.125 train_time:1476911ms step_avg:1150.24ms
step:1285/1555 loss.item()=171732.21875 train_time:1480593ms step_avg:1152.21ms
step:1286/1555 loss.item()=166930.09375 train_time:1483689ms step_avg:1153.72ms
step:1287/1555 loss.item()=172995.546875 train_time:1486210ms step_avg:1154.79ms
step:1288/1555 loss.item()=163314.875 train_time:1489180ms step_avg:1156.20ms
step:1289/1555 loss.item()=167885.03125 train_time:1491688ms step_avg:1157.24ms
step:1290/1555 loss.item()=162573.046875 train_time:1494410ms step_avg:1158.46ms
step:1291/1555 loss.item()=167402.46875 train_time:1497194ms step_avg:1159.72ms
step:1292/1555 loss.item()=173484.671875 train_time:1500384ms step_avg:1161.29ms
step:1293/1555 loss.item()=167167.171875 train_time:1504076ms step_avg:1163.24ms
step:1294/1555 loss.item()=168266.28125 train_time:1507582ms step_avg:1165.06ms
step:1295/1555 loss.item()=166895.6875 train_time:1511180ms step_avg:1166.93ms
step:1296/1555 loss.item()=168081.8125 train_time:1514088ms step_avg:1168.28ms
step:1297/1555 loss.item()=166377.90625 train_time:1517579ms step_avg:1170.07ms
step:1298/1555 loss.item()=160701.09375 train_time:1520641ms step_avg:1171.53ms
step:1299/1555 loss.item()=167987.25 train_time:1522883ms step_avg:1172.35ms
step:1300/1555 loss.item()=165007.46875 train_time:1528979ms step_avg:1176.14ms
step:1301/1555 loss.item()=166128.390625 train_time:1534966ms step_avg:1179.84ms
step:1302/1555 loss.item()=175387.03125 train_time:1540984ms step_avg:1183.55ms
step:1303/1555 loss.item()=167697.5625 train_time:1547210ms step_avg:1187.42ms
step:1304/1555 loss.item()=164487.8125 train_time:1553211ms step_avg:1191.11ms
step:1305/1555 loss.item()=170794.234375 train_time:1559279ms step_avg:1194.85ms
step:1306/1555 loss.item()=159007.875 train_time:1565410ms step_avg:1198.63ms
step:1307/1555 loss.item()=169074.84375 train_time:1571710ms step_avg:1202.53ms
step:1308/1555 loss.item()=177719.046875 train_time:1578002ms step_avg:1206.42ms
step:1309/1555 loss.item()=163846.984375 train_time:1584391ms step_avg:1210.38ms
step:1310/1555 loss.item()=171314.71875 train_time:1590167ms step_avg:1213.87ms
step:1311/1555 loss.item()=161494.6875 train_time:1596210ms step_avg:1217.55ms
step:1312/1555 loss.item()=167739.609375 train_time:1602303ms step_avg:1221.27ms
step:1313/1555 loss.item()=173505.90625 train_time:1608402ms step_avg:1224.98ms
step:1314/1555 loss.item()=162870.125 train_time:1614912ms step_avg:1229.00ms
step:1315/1555 loss.item()=167756.125 train_time:1620109ms step_avg:1232.02ms
step:1316/1555 loss.item()=164905.59375 train_time:1621221ms step_avg:1231.93ms
step:1317/1555 loss.item()=168198.859375 train_time:1622392ms step_avg:1231.88ms
step:1318/1555 loss.item()=167530.671875 train_time:1623784ms step_avg:1232.01ms
step:1319/1555 loss.item()=172551.890625 train_time:1625078ms step_avg:1232.05ms
step:1320/1555 loss.item()=161979.5625 train_time:1626568ms step_avg:1232.25ms
step:1321/1555 loss.item()=169047.234375 train_time:1627881ms step_avg:1232.31ms
step:1322/1555 loss.item()=165315.921875 train_time:1629413ms step_avg:1232.54ms
step:1323/1555 loss.item()=161384.28125 train_time:1631168ms step_avg:1232.93ms
step:1324/1555 loss.item()=169536.25 train_time:1632602ms step_avg:1233.08ms
step:1325/1555 loss.item()=168723.21875 train_time:1634032ms step_avg:1233.23ms
step:1326/1555 loss.item()=167500.828125 train_time:1635279ms step_avg:1233.24ms
step:1327/1555 loss.item()=163137.03125 train_time:1636882ms step_avg:1233.52ms
step:1328/1555 loss.item()=166169.375 train_time:1639567ms step_avg:1234.61ms
step:1329/1555 loss.item()=169390.765625 train_time:1640703ms step_avg:1234.54ms
step:1330/1555 loss.item()=165019.09375 train_time:1642187ms step_avg:1234.73ms
step:1331/1555 loss.item()=172671.421875 train_time:1643666ms step_avg:1234.91ms
step:1332/1555 loss.item()=166684.90625 train_time:1644914ms step_avg:1234.92ms
step:1333/1555 loss.item()=164011.0625 train_time:1646033ms step_avg:1234.83ms
step:1334/1555 loss.item()=167454.59375 train_time:1647216ms step_avg:1234.79ms
step:1335/1555 loss.item()=168277.5625 train_time:1648504ms step_avg:1234.83ms
step:1336/1555 loss.item()=166886.3125 train_time:1649901ms step_avg:1234.96ms
step:1337/1555 loss.item()=158094.859375 train_time:1651059ms step_avg:1234.90ms
step:1338/1555 loss.item()=165900.625 train_time:1653069ms step_avg:1235.48ms
step:1339/1555 loss.item()=164111.015625 train_time:1654222ms step_avg:1235.42ms
step:1340/1555 loss.item()=164571.171875 train_time:1655744ms step_avg:1235.63ms
step:1341/1555 loss.item()=168566.484375 train_time:1657266ms step_avg:1235.84ms
step:1342/1555 loss.item()=166539.46875 train_time:1658401ms step_avg:1235.77ms
step:1343/1555 loss.item()=177948.9375 train_time:1660136ms step_avg:1236.14ms
step:1344/1555 loss.item()=174082.015625 train_time:1661283ms step_avg:1236.07ms
step:1345/1555 loss.item()=165904.625 train_time:1662685ms step_avg:1236.20ms
step:1346/1555 loss.item()=166141.15625 train_time:1664185ms step_avg:1236.39ms
step:1347/1555 loss.item()=166852.25 train_time:1665467ms step_avg:1236.43ms
step:1348/1555 loss.item()=167924.8125 train_time:1666890ms step_avg:1236.57ms
step:1349/1555 loss.item()=164936.15625 train_time:1668201ms step_avg:1236.62ms
step:1350/1555 loss.item()=166504.34375 train_time:1669509ms step_avg:1236.67ms
step:1351/1555 loss.item()=161689.46875 train_time:1670694ms step_avg:1236.64ms
step:1352/1555 loss.item()=168965.25 train_time:1672037ms step_avg:1236.71ms
step:1353/1555 loss.item()=167523.078125 train_time:1673467ms step_avg:1236.86ms
step:1354/1555 loss.item()=165475.9375 train_time:1674702ms step_avg:1236.86ms
step:1355/1555 loss.item()=170909.109375 train_time:1675901ms step_avg:1236.83ms
step:1356/1555 loss.item()=164265.359375 train_time:1677190ms step_avg:1236.87ms
step:1357/1555 loss.item()=166063.515625 train_time:1678612ms step_avg:1237.00ms
step:1358/1555 loss.item()=165612.53125 train_time:1679919ms step_avg:1237.05ms
step:1359/1555 loss.item()=161953.9375 train_time:1681061ms step_avg:1236.98ms
step:1360/1555 loss.item()=167404.09375 train_time:1682415ms step_avg:1237.07ms
step:1361/1555 loss.item()=166848.140625 train_time:1683667ms step_avg:1237.08ms
step:1362/1555 loss.item()=167679.28125 train_time:1685022ms step_avg:1237.17ms
step:1363/1555 loss.item()=167091.71875 train_time:1686154ms step_avg:1237.09ms
step:1364/1555 loss.item()=162564.71875 train_time:1687364ms step_avg:1237.07ms
step:1365/1555 loss.item()=173315.46875 train_time:1688787ms step_avg:1237.21ms
step:1366/1555 loss.item()=167437.53125 train_time:1689912ms step_avg:1237.12ms
step:1367/1555 loss.item()=164800.53125 train_time:1691812ms step_avg:1237.61ms
step:1368/1555 loss.item()=169281.0625 train_time:1692996ms step_avg:1237.57ms
step:1369/1555 loss.item()=161026.703125 train_time:1694203ms step_avg:1237.55ms
step:1370/1555 loss.item()=169437.796875 train_time:1695688ms step_avg:1237.73ms
step:1371/1555 loss.item()=168204.21875 train_time:1696884ms step_avg:1237.70ms
step:1372/1555 loss.item()=163777.21875 train_time:1699003ms step_avg:1238.34ms
step:1373/1555 loss.item()=159351.625 train_time:1700376ms step_avg:1238.44ms
step:1374/1555 loss.item()=164005.203125 train_time:1701498ms step_avg:1238.35ms
step:1375/1555 loss.item()=162168.875 train_time:1702968ms step_avg:1238.52ms
step:1376/1555 loss.item()=169627.546875 train_time:1704091ms step_avg:1238.44ms
step:1377/1555 loss.item()=167639.78125 train_time:1705502ms step_avg:1238.56ms
step:1378/1555 loss.item()=156750.875 train_time:1706984ms step_avg:1238.74ms
step:1379/1555 loss.item()=163672.9375 train_time:1708184ms step_avg:1238.71ms
step:1380/1555 loss.item()=159272.296875 train_time:1709596ms step_avg:1238.84ms
step:1381/1555 loss.item()=164332.1875 train_time:1710730ms step_avg:1238.76ms
step:1382/1555 loss.item()=159553.9375 train_time:1712662ms step_avg:1239.26ms
step:1383/1555 loss.item()=162101.15625 train_time:1713790ms step_avg:1239.18ms
step:1384/1555 loss.item()=175408.15625 train_time:1714913ms step_avg:1239.10ms
step:1385/1555 loss.item()=170360.796875 train_time:1716281ms step_avg:1239.19ms
step:1386/1555 loss.item()=167015.78125 train_time:1717402ms step_avg:1239.11ms
step:1387/1555 loss.item()=168782.0625 train_time:1718986ms step_avg:1239.36ms
step:1388/1555 loss.item()=163543.53125 train_time:1720340ms step_avg:1239.44ms
step:1389/1555 loss.item()=159690.484375 train_time:1721722ms step_avg:1239.54ms
step:1390/1555 loss.item()=158934.5 train_time:1722938ms step_avg:1239.52ms
step:1391/1555 loss.item()=165348.5625 train_time:1724099ms step_avg:1239.47ms
step:1392/1555 loss.item()=162662.84375 train_time:1725582ms step_avg:1239.64ms
step:1393/1555 loss.item()=161180.875 train_time:1726713ms step_avg:1239.56ms
step:1394/1555 loss.item()=162817.28125 train_time:1728169ms step_avg:1239.72ms
step:1395/1555 loss.item()=162526.34375 train_time:1729672ms step_avg:1239.91ms
step:1396/1555 loss.item()=168725.234375 train_time:1730872ms step_avg:1239.88ms
step:1397/1555 loss.item()=157053.125 train_time:1732406ms step_avg:1240.09ms
step:1398/1555 loss.item()=165609.625 train_time:1733552ms step_avg:1240.02ms
step:1399/1555 loss.item()=168490.59375 train_time:1735107ms step_avg:1240.25ms
step:1400/1555 loss.item()=157808.015625 train_time:1736337ms step_avg:1240.24ms
step:1401/1555 loss.item()=165889.125 train_time:1737658ms step_avg:1240.30ms
step:1402/1555 loss.item()=159369.546875 train_time:1738825ms step_avg:1240.25ms
step:1403/1555 loss.item()=164557.53125 train_time:1740568ms step_avg:1240.60ms
step:1404/1555 loss.item()=166198.09375 train_time:1741872ms step_avg:1240.65ms
step:1405/1555 loss.item()=164050.25 train_time:1743040ms step_avg:1240.60ms
step:1406/1555 loss.item()=164615.84375 train_time:1744308ms step_avg:1240.62ms
step:1407/1555 loss.item()=164981.25 train_time:1745459ms step_avg:1240.55ms
step:1408/1555 loss.item()=167081.59375 train_time:1746888ms step_avg:1240.69ms
step:1409/1555 loss.item()=167650.21875 train_time:1748315ms step_avg:1240.82ms
step:1410/1555 loss.item()=165305.703125 train_time:1749683ms step_avg:1240.91ms
step:1411/1555 loss.item()=171308.203125 train_time:1750988ms step_avg:1240.96ms
step:1412/1555 loss.item()=161815.5625 train_time:1753103ms step_avg:1241.57ms
step:1413/1555 loss.item()=168385.265625 train_time:1754619ms step_avg:1241.77ms
step:1414/1555 loss.item()=165933.8125 train_time:1755947ms step_avg:1241.83ms
step:1415/1555 loss.item()=151473.859375 train_time:1757081ms step_avg:1241.75ms
step:1416/1555 loss.item()=170927.0 train_time:1759612ms step_avg:1242.66ms
step:1417/1555 loss.item()=164420.171875 train_time:1760762ms step_avg:1242.60ms
step:1418/1555 loss.item()=167332.4375 train_time:1761937ms step_avg:1242.55ms
step:1419/1555 loss.item()=157927.9375 train_time:1763091ms step_avg:1242.49ms
step:1420/1555 loss.item()=158584.65625 train_time:1764605ms step_avg:1242.68ms
step:1421/1555 loss.item()=163134.1875 train_time:1765747ms step_avg:1242.61ms
step:1422/1555 loss.item()=161278.03125 train_time:1767247ms step_avg:1242.79ms
step:1423/1555 loss.item()=162980.6875 train_time:1768712ms step_avg:1242.95ms
step:1424/1555 loss.item()=165272.796875 train_time:1769979ms step_avg:1242.96ms
step:1425/1555 loss.item()=163463.15625 train_time:1771157ms step_avg:1242.92ms
step:1426/1555 loss.item()=160939.71875 train_time:1772674ms step_avg:1243.11ms
step:1427/1555 loss.item()=165750.1875 train_time:1774169ms step_avg:1243.29ms
step:1428/1555 loss.item()=164333.484375 train_time:1775611ms step_avg:1243.43ms
step:1429/1555 loss.item()=162525.203125 train_time:1776793ms step_avg:1243.38ms
step:1430/1555 loss.item()=164206.4375 train_time:1778035ms step_avg:1243.38ms
step:1431/1555 loss.item()=166020.875 train_time:1779327ms step_avg:1243.42ms
step:1432/1555 loss.item()=165394.75 train_time:1780805ms step_avg:1243.58ms
step:1433/1555 loss.item()=165120.515625 train_time:1782447ms step_avg:1243.86ms
step:1434/1555 loss.item()=166321.34375 train_time:1783572ms step_avg:1243.77ms
step:1435/1555 loss.item()=168133.671875 train_time:1785007ms step_avg:1243.91ms
step:1436/1555 loss.item()=165288.546875 train_time:1786335ms step_avg:1243.97ms
step:1437/1555 loss.item()=162473.875 train_time:1788136ms step_avg:1244.35ms
step:1438/1555 loss.item()=163905.46875 train_time:1789853ms step_avg:1244.68ms
step:1439/1555 loss.item()=162388.625 train_time:1791139ms step_avg:1244.71ms
step:1440/1555 loss.item()=160609.59375 train_time:1792276ms step_avg:1244.64ms
step:1441/1555 loss.item()=160618.53125 train_time:1793417ms step_avg:1244.56ms
step:1442/1555 loss.item()=172159.671875 train_time:1794567ms step_avg:1244.50ms
step:1443/1555 loss.item()=162222.71875 train_time:1795889ms step_avg:1244.55ms
step:1444/1555 loss.item()=164273.96875 train_time:1797022ms step_avg:1244.48ms
step:1445/1555 loss.item()=163216.640625 train_time:1798560ms step_avg:1244.68ms
step:1446/1555 loss.item()=158448.484375 train_time:1799696ms step_avg:1244.60ms
step:1447/1555 loss.item()=165520.59375 train_time:1801039ms step_avg:1244.67ms
step:1448/1555 loss.item()=163996.8125 train_time:1802209ms step_avg:1244.62ms
step:1449/1555 loss.item()=161969.5625 train_time:1803402ms step_avg:1244.58ms
step:1450/1555 loss.item()=161420.46875 train_time:1805050ms step_avg:1244.86ms
step:1451/1555 loss.item()=161644.6875 train_time:1806379ms step_avg:1244.92ms
step:1452/1555 loss.item()=161911.984375 train_time:1807803ms step_avg:1245.04ms
step:1453/1555 loss.item()=162610.4375 train_time:1809267ms step_avg:1245.19ms
step:1454/1555 loss.item()=163887.125 train_time:1810487ms step_avg:1245.18ms
step:1455/1555 loss.item()=163815.1875 train_time:1812381ms step_avg:1245.62ms
step:1456/1555 loss.item()=166468.25 train_time:1814584ms step_avg:1246.28ms
step:1457/1555 loss.item()=165384.46875 train_time:1815721ms step_avg:1246.21ms
step:1458/1555 loss.item()=163806.1875 train_time:1816994ms step_avg:1246.22ms
step:1459/1555 loss.item()=163479.828125 train_time:1819173ms step_avg:1246.86ms
step:1460/1555 loss.item()=161791.4375 train_time:1820446ms step_avg:1246.88ms
step:1461/1555 loss.item()=165452.40625 train_time:1822203ms step_avg:1247.23ms
step:1462/1555 loss.item()=161393.359375 train_time:1823505ms step_avg:1247.27ms
step:1463/1555 loss.item()=159827.390625 train_time:1824704ms step_avg:1247.23ms
step:1464/1555 loss.item()=165588.3125 train_time:1825852ms step_avg:1247.17ms
step:1465/1555 loss.item()=161177.015625 train_time:1827509ms step_avg:1247.45ms
step:1466/1555 loss.item()=164576.765625 train_time:1828967ms step_avg:1247.59ms
step:1467/1555 loss.item()=162844.75 train_time:1830387ms step_avg:1247.71ms
step:1468/1555 loss.item()=159239.65625 train_time:1831850ms step_avg:1247.85ms
step:1469/1555 loss.item()=166781.15625 train_time:1833195ms step_avg:1247.92ms
step:1470/1555 loss.item()=157045.671875 train_time:1834368ms step_avg:1247.87ms
step:1471/1555 loss.item()=158825.140625 train_time:1835567ms step_avg:1247.84ms
step:1472/1555 loss.item()=164862.15625 train_time:1837181ms step_avg:1248.08ms
step:1473/1555 loss.item()=157257.1875 train_time:1838406ms step_avg:1248.07ms
step:1474/1555 loss.item()=167392.25 train_time:1840010ms step_avg:1248.31ms
step:1475/1555 loss.item()=165900.25 train_time:1841238ms step_avg:1248.30ms
step:1476/1555 loss.item()=154699.96875 train_time:1842377ms step_avg:1248.22ms
step:1477/1555 loss.item()=165420.96875 train_time:1843765ms step_avg:1248.32ms
step:1478/1555 loss.item()=168199.765625 train_time:1847692ms step_avg:1250.13ms
step:1479/1555 loss.item()=167546.59375 train_time:1851412ms step_avg:1251.80ms
step:1480/1555 loss.item()=166997.828125 train_time:1855381ms step_avg:1253.64ms
step:1481/1555 loss.item()=174804.328125 train_time:1857103ms step_avg:1253.95ms
step:1482/1555 loss.item()=160200.96875 train_time:1858315ms step_avg:1253.92ms
step:1483/1555 loss.item()=164664.0 train_time:1859879ms step_avg:1254.13ms
step:1484/1555 loss.item()=161105.609375 train_time:1861342ms step_avg:1254.27ms
step:1485/1555 loss.item()=159178.59375 train_time:1862516ms step_avg:1254.22ms
step:1486/1555 loss.item()=171052.03125 train_time:1864049ms step_avg:1254.41ms
step:1487/1555 loss.item()=161992.375 train_time:1865318ms step_avg:1254.42ms
step:1488/1555 loss.item()=162161.75 train_time:1866514ms step_avg:1254.38ms
step:1489/1555 loss.item()=160965.46875 train_time:1867642ms step_avg:1254.29ms
step:1490/1555 loss.item()=161134.3125 train_time:1868902ms step_avg:1254.30ms
step:1491/1555 loss.item()=161431.84375 train_time:1870082ms step_avg:1254.25ms
step:1492/1555 loss.item()=158272.8125 train_time:1871249ms step_avg:1254.19ms
step:1493/1555 loss.item()=161623.25 train_time:1872929ms step_avg:1254.47ms
step:1494/1555 loss.item()=160052.609375 train_time:1874752ms step_avg:1254.85ms
step:1495/1555 loss.item()=163937.21875 train_time:1875956ms step_avg:1254.82ms
step:1496/1555 loss.item()=166065.03125 train_time:1877604ms step_avg:1255.08ms
step:1497/1555 loss.item()=163314.421875 train_time:1879966ms step_avg:1255.82ms
step:1498/1555 loss.item()=161448.5 train_time:1881267ms step_avg:1255.85ms
step:1499/1555 loss.item()=168756.234375 train_time:1882401ms step_avg:1255.77ms
step:1500/1555 loss.item()=169431.015625 train_time:1883703ms step_avg:1255.80ms
step:1500/1555 starting test-time training...
step:1500/1555 val_step:0/320 val_loss:3.2186 chunk_loss:6805.3560 is_adam_step=False train_time:1883714ms step_avg:1255.81ms
step:1500/1555 val_step:1/320 val_loss:3.2560 chunk_loss:6975.0137 is_adam_step=True train_time:1883714ms step_avg:1255.81ms
step:1500/1555 val_step:2/320 val_loss:3.2970 chunk_loss:7127.5152 is_adam_step=False train_time:1883714ms step_avg:1255.81ms
step:1500/1555 val_step:3/320 val_loss:3.2726 chunk_loss:6767.8745 is_adam_step=True train_time:1883714ms step_avg:1255.81ms
step:1500/1555 val_step:4/320 val_loss:3.2947 chunk_loss:7151.0921 is_adam_step=False train_time:1883714ms step_avg:1255.81ms
step:1500/1555 val_step:5/320 val_loss:3.2896 chunk_loss:6867.3990 is_adam_step=True train_time:1883714ms step_avg:1255.81ms
step:1500/1555 val_step:6/320 val_loss:3.2254 chunk_loss:6099.1803 is_adam_step=False train_time:1883714ms step_avg:1255.81ms
step:1500/1555 val_step:7/320 val_loss:3.2557 chunk_loss:7327.9825 is_adam_step=True train_time:1883714ms step_avg:1255.81ms
step:1500/1555 val_step:8/320 val_loss:3.2651 chunk_loss:7026.4571 is_adam_step=False train_time:1883714ms step_avg:1255.81ms
step:1500/1555 val_step:9/320 val_loss:3.2843 chunk_loss:7290.0108 is_adam_step=True train_time:1883714ms step_avg:1255.81ms
step:1500/1555 val_step:10/320 val_loss:3.2892 chunk_loss:7061.7208 is_adam_step=False train_time:1883714ms step_avg:1255.81ms
step:1500/1555 val_step:11/320 val_loss:3.2735 chunk_loss:6565.3864 is_adam_step=True train_time:1883714ms step_avg:1255.81ms
step:1500/1555 val_step:12/320 val_loss:3.2816 chunk_loss:7119.4558 is_adam_step=False train_time:1883714ms step_avg:1255.81ms
step:1500/1555 val_step:13/320 val_loss:3.2823 chunk_loss:6919.3909 is_adam_step=True train_time:1883714ms step_avg:1255.81ms
step:1500/1555 val_step:14/320 val_loss:3.2824 chunk_loss:6926.1843 is_adam_step=False train_time:1883714ms step_avg:1255.81ms
step:1500/1555 val_step:15/320 val_loss:3.2847 chunk_loss:6972.8997 is_adam_step=True train_time:1883714ms step_avg:1255.81ms
step:1500/1555 val_step:16/320 val_loss:3.2763 chunk_loss:6598.7970 is_adam_step=False train_time:1883714ms step_avg:1255.81ms
step:1500/1555 val_step:17/320 val_loss:3.2955 chunk_loss:7603.1496 is_adam_step=True train_time:1883714ms step_avg:1255.81ms
step:1500/1555 val_step:18/320 val_loss:3.2879 chunk_loss:6618.1669 is_adam_step=False train_time:1883714ms step_avg:1255.81ms
step:1500/1555 val_step:19/320 val_loss:3.2909 chunk_loss:7009.9753 is_adam_step=True train_time:1883714ms step_avg:1255.81ms
step:1500/1555 val_step:20/320 val_loss:3.2923 chunk_loss:6994.3038 is_adam_step=False train_time:1883714ms step_avg:1255.81ms
step:1500/1555 val_step:21/320 val_loss:3.3016 chunk_loss:7372.9469 is_adam_step=True train_time:1883714ms step_avg:1255.81ms
step:1500/1555 val_step:22/320 val_loss:3.3005 chunk_loss:6907.3495 is_adam_step=False train_time:1883714ms step_avg:1255.81ms
step:1500/1555 val_step:23/320 val_loss:3.3079 chunk_loss:7302.2300 is_adam_step=True train_time:1883714ms step_avg:1255.81ms
step:1500/1555 val_step:24/320 val_loss:3.3099 chunk_loss:7001.2668 is_adam_step=False train_time:1883714ms step_avg:1255.81ms
step:1500/1555 val_step:25/320 val_loss:3.3063 chunk_loss:6742.6454 is_adam_step=True train_time:1883714ms step_avg:1255.81ms
step:1500/1555 val_step:26/320 val_loss:3.3202 chunk_loss:7723.4866 is_adam_step=False train_time:1883714ms step_avg:1255.81ms
step:1500/1555 val_step:27/320 val_loss:3.3299 chunk_loss:7506.4875 is_adam_step=True train_time:1883714ms step_avg:1255.81ms
step:1500/1555 val_step:28/320 val_loss:3.3256 chunk_loss:6737.6424 is_adam_step=False train_time:1883714ms step_avg:1255.81ms
step:1500/1555 val_step:29/320 val_loss:3.3164 chunk_loss:6399.6769 is_adam_step=True train_time:1883714ms step_avg:1255.81ms
step:1500/1555 val_step:30/320 val_loss:3.3154 chunk_loss:6911.0290 is_adam_step=False train_time:1883714ms step_avg:1255.81ms
step:1500/1555 val_step:31/320 val_loss:3.3143 chunk_loss:6851.5426 is_adam_step=True train_time:1883714ms step_avg:1255.81ms
step:1500/1555 val_step:32/320 val_loss:3.3110 chunk_loss:6708.4545 is_adam_step=False train_time:1883714ms step_avg:1255.81ms
step:1500/1555 val_step:33/320 val_loss:3.3124 chunk_loss:7039.5660 is_adam_step=True train_time:1883714ms step_avg:1255.81ms
step:1500/1555 val_step:34/320 val_loss:3.3139 chunk_loss:7050.3662 is_adam_step=False train_time:1883714ms step_avg:1255.81ms
step:1500/1555 val_step:35/320 val_loss:3.3135 chunk_loss:6880.6973 is_adam_step=True train_time:1883714ms step_avg:1255.81ms
step:1500/1555 val_step:36/320 val_loss:3.3145 chunk_loss:7054.2353 is_adam_step=False train_time:1883714ms step_avg:1255.81ms
step:1500/1555 val_step:37/320 val_loss:3.3170 chunk_loss:7101.8884 is_adam_step=True train_time:1883714ms step_avg:1255.81ms
step:1500/1555 val_step:38/320 val_loss:3.3103 chunk_loss:6390.9120 is_adam_step=False train_time:1883714ms step_avg:1255.81ms
step:1500/1555 val_step:39/320 val_loss:3.3142 chunk_loss:7320.6368 is_adam_step=True train_time:1883714ms step_avg:1255.81ms
step:1500/1555 val_step:40/320 val_loss:3.3187 chunk_loss:7281.8406 is_adam_step=False train_time:1883714ms step_avg:1255.81ms
step:1500/1555 val_step:41/320 val_loss:3.3259 chunk_loss:7558.7042 is_adam_step=True train_time:1883714ms step_avg:1255.81ms
step:1500/1555 val_step:42/320 val_loss:3.3253 chunk_loss:6899.6653 is_adam_step=False train_time:1883714ms step_avg:1255.81ms
step:1500/1555 val_step:43/320 val_loss:3.3270 chunk_loss:7077.9209 is_adam_step=True train_time:1883714ms step_avg:1255.81ms
step:1500/1555 val_step:44/320 val_loss:3.3328 chunk_loss:7468.4179 is_adam_step=False train_time:1883714ms step_avg:1255.81ms
step:1500/1555 val_step:45/320 val_loss:3.3331 chunk_loss:6978.5274 is_adam_step=True train_time:1883714ms step_avg:1255.81ms
step:1500/1555 val_step:46/320 val_loss:3.3336 chunk_loss:7021.0060 is_adam_step=False train_time:1883714ms step_avg:1255.81ms
step:1500/1555 val_step:47/320 val_loss:3.3336 chunk_loss:7006.4014 is_adam_step=True train_time:1883714ms step_avg:1255.81ms
step:1500/1555 val_step:48/320 val_loss:3.3319 chunk_loss:6780.3379 is_adam_step=False train_time:1883714ms step_avg:1255.81ms
step:1500/1555 val_step:49/320 val_loss:3.3299 chunk_loss:6742.6249 is_adam_step=True train_time:1883714ms step_avg:1255.81ms
step:1500/1555 val_step:50/320 val_loss:3.3287 chunk_loss:6843.6660 is_adam_step=False train_time:1883714ms step_avg:1255.81ms
step:1500/1555 val_step:51/320 val_loss:3.3268 chunk_loss:6758.1113 is_adam_step=True train_time:1883714ms step_avg:1255.81ms
step:1500/1555 val_step:52/320 val_loss:3.3281 chunk_loss:7072.8009 is_adam_step=False train_time:1883714ms step_avg:1255.81ms
step:1500/1555 val_step:53/320 val_loss:3.3278 chunk_loss:6900.8414 is_adam_step=True train_time:1883714ms step_avg:1255.81ms
step:1500/1555 val_step:54/320 val_loss:3.3250 chunk_loss:6643.8480 is_adam_step=False train_time:1883714ms step_avg:1255.81ms
step:1500/1555 val_step:55/320 val_loss:3.3245 chunk_loss:6879.4424 is_adam_step=True train_time:1883714ms step_avg:1255.81ms
step:1500/1555 val_step:56/320 val_loss:3.3231 chunk_loss:6765.0298 is_adam_step=False train_time:1883714ms step_avg:1255.81ms
step:1500/1555 val_step:57/320 val_loss:3.3222 chunk_loss:6894.6068 is_adam_step=True train_time:1883714ms step_avg:1255.81ms
step:1500/1555 val_step:58/320 val_loss:3.3219 chunk_loss:6876.8906 is_adam_step=False train_time:1883714ms step_avg:1255.81ms
step:1500/1555 val_step:59/320 val_loss:3.3234 chunk_loss:7106.1396 is_adam_step=True train_time:1883714ms step_avg:1255.81ms
step:1500/1555 val_step:60/320 val_loss:3.3219 chunk_loss:6714.4684 is_adam_step=False train_time:1883714ms step_avg:1255.81ms
step:1500/1555 val_step:61/320 val_loss:3.3217 chunk_loss:6880.9357 is_adam_step=True train_time:1883714ms step_avg:1255.81ms
step:1500/1555 val_step:62/320 val_loss:3.3215 chunk_loss:6883.0590 is_adam_step=False train_time:1883714ms step_avg:1255.81ms
step:1500/1555 val_step:63/320 val_loss:3.3217 chunk_loss:6959.2936 is_adam_step=True train_time:1883714ms step_avg:1255.81ms
step:1500/1555 val_step:64/320 val_loss:3.3238 chunk_loss:7200.7559 is_adam_step=False train_time:1883714ms step_avg:1255.81ms
step:1500/1555 val_step:65/320 val_loss:3.3251 chunk_loss:7129.0622 is_adam_step=True train_time:1883714ms step_avg:1255.81ms
step:1500/1555 val_step:66/320 val_loss:3.3285 chunk_loss:7392.8298 is_adam_step=False train_time:1883714ms step_avg:1255.81ms
step:1500/1555 val_step:67/320 val_loss:3.3291 chunk_loss:7048.8978 is_adam_step=True train_time:1883714ms step_avg:1255.81ms
step:1500/1555 val_step:68/320 val_loss:3.3277 chunk_loss:6720.1058 is_adam_step=False train_time:1883714ms step_avg:1255.81ms
step:1500/1555 val_step:69/320 val_loss:3.3282 chunk_loss:7006.6361 is_adam_step=True train_time:1883714ms step_avg:1255.81ms
step:1500/1555 val_step:70/320 val_loss:3.3269 chunk_loss:6724.8763 is_adam_step=False train_time:1883714ms step_avg:1255.81ms
step:1500/1555 val_step:71/320 val_loss:3.3244 chunk_loss:6548.5864 is_adam_step=True train_time:1883714ms step_avg:1255.81ms
step:1500/1555 val_step:72/320 val_loss:3.3224 chunk_loss:6615.5875 is_adam_step=False train_time:1883714ms step_avg:1255.81ms
step:1500/1555 val_step:73/320 val_loss:3.3226 chunk_loss:7000.5438 is_adam_step=True train_time:1883714ms step_avg:1255.81ms
step:1500/1555 val_step:74/320 val_loss:3.3252 chunk_loss:7322.4471 is_adam_step=False train_time:1883714ms step_avg:1255.81ms
step:1500/1555 val_step:75/320 val_loss:3.3254 chunk_loss:6956.9639 is_adam_step=True train_time:1883714ms step_avg:1255.81ms
step:1500/1555 val_step:76/320 val_loss:3.3246 chunk_loss:6812.2290 is_adam_step=False train_time:1883714ms step_avg:1255.81ms
step:1500/1555 val_step:77/320 val_loss:3.3262 chunk_loss:7199.5407 is_adam_step=True train_time:1883714ms step_avg:1255.81ms
step:1500/1555 val_step:78/320 val_loss:3.3245 chunk_loss:6646.9799 is_adam_step=False train_time:1883714ms step_avg:1255.81ms
step:1500/1555 val_step:79/320 val_loss:3.3225 chunk_loss:6603.3217 is_adam_step=True train_time:1883714ms step_avg:1255.81ms
step:1500/1555 val_step:80/320 val_loss:3.3212 chunk_loss:6718.7585 is_adam_step=False train_time:1883714ms step_avg:1255.81ms
step:1500/1555 val_step:81/320 val_loss:3.3190 chunk_loss:6549.7101 is_adam_step=True train_time:1883714ms step_avg:1255.81ms
step:1500/1555 val_step:82/320 val_loss:3.3193 chunk_loss:6969.0252 is_adam_step=False train_time:1883714ms step_avg:1255.81ms
step:1500/1555 val_step:83/320 val_loss:3.3165 chunk_loss:6439.1570 is_adam_step=True train_time:1883714ms step_avg:1255.81ms
step:1500/1555 val_step:84/320 val_loss:3.3170 chunk_loss:6995.2526 is_adam_step=False train_time:1883714ms step_avg:1255.81ms
step:1500/1555 val_step:85/320 val_loss:3.3165 chunk_loss:6826.4227 is_adam_step=True train_time:1883714ms step_avg:1255.81ms
step:1500/1555 val_step:86/320 val_loss:3.3163 chunk_loss:6867.3567 is_adam_step=False train_time:1883714ms step_avg:1255.81ms
step:1500/1555 val_step:87/320 val_loss:3.3159 chunk_loss:6807.4334 is_adam_step=True train_time:1883714ms step_avg:1255.81ms
step:1500/1555 val_step:88/320 val_loss:3.3156 chunk_loss:6867.6396 is_adam_step=False train_time:1883714ms step_avg:1255.81ms
step:1500/1555 val_step:89/320 val_loss:3.3164 chunk_loss:7032.9762 is_adam_step=True train_time:1883714ms step_avg:1255.81ms
step:1500/1555 val_step:90/320 val_loss:3.3149 chunk_loss:6619.1158 is_adam_step=False train_time:1883714ms step_avg:1255.81ms
step:1500/1555 val_step:91/320 val_loss:3.3137 chunk_loss:6701.1199 is_adam_step=True train_time:1883714ms step_avg:1255.81ms
step:1500/1555 val_step:92/320 val_loss:3.3149 chunk_loss:7131.9278 is_adam_step=False train_time:1883714ms step_avg:1255.81ms
step:1500/1555 val_step:93/320 val_loss:3.3156 chunk_loss:7012.3471 is_adam_step=True train_time:1883714ms step_avg:1255.81ms
step:1500/1555 val_step:94/320 val_loss:3.3165 chunk_loss:7080.1212 is_adam_step=False train_time:1883714ms step_avg:1255.81ms
step:1500/1555 val_step:95/320 val_loss:3.3168 chunk_loss:6937.6776 is_adam_step=True train_time:1883714ms step_avg:1255.81ms
step:1500/1555 val_step:96/320 val_loss:3.3181 chunk_loss:7138.0427 is_adam_step=False train_time:1883714ms step_avg:1255.81ms
step:1500/1555 val_step:97/320 val_loss:3.3218 chunk_loss:7673.2382 is_adam_step=True train_time:1883714ms step_avg:1255.81ms
step:1500/1555 val_step:98/320 val_loss:3.3223 chunk_loss:6986.9892 is_adam_step=False train_time:1883714ms step_avg:1255.81ms
step:1500/1555 val_step:99/320 val_loss:3.3223 chunk_loss:6918.2868 is_adam_step=True train_time:1883714ms step_avg:1255.81ms
step:1500/1555 val_step:100/320 val_loss:3.3222 chunk_loss:6876.0106 is_adam_step=False train_time:1883714ms step_avg:1255.81ms
step:1500/1555 val_step:101/320 val_loss:3.3215 chunk_loss:6745.5162 is_adam_step=True train_time:1883714ms step_avg:1255.81ms
step:1500/1555 val_step:102/320 val_loss:3.3225 chunk_loss:7116.0697 is_adam_step=False train_time:1883714ms step_avg:1255.81ms
step:1500/1555 val_step:103/320 val_loss:3.3244 chunk_loss:7324.8465 is_adam_step=True train_time:1883714ms step_avg:1255.81ms
step:1500/1555 val_step:104/320 val_loss:3.3241 chunk_loss:6874.2983 is_adam_step=False train_time:1883714ms step_avg:1255.81ms
step:1500/1555 val_step:105/320 val_loss:3.3238 chunk_loss:6844.1791 is_adam_step=True train_time:1883714ms step_avg:1255.81ms
step:1500/1555 val_step:106/320 val_loss:3.3216 chunk_loss:6442.5422 is_adam_step=False train_time:1883714ms step_avg:1255.81ms
step:1500/1555 val_step:107/320 val_loss:3.3211 chunk_loss:6778.4128 is_adam_step=True train_time:1883714ms step_avg:1255.81ms
step:1500/1555 val_step:108/320 val_loss:3.3206 chunk_loss:6795.9695 is_adam_step=False train_time:1883714ms step_avg:1255.81ms
step:1500/1555 val_step:109/320 val_loss:3.3203 chunk_loss:6896.9012 is_adam_step=True train_time:1883714ms step_avg:1255.81ms
step:1500/1555 val_step:110/320 val_loss:3.3204 chunk_loss:6932.8954 is_adam_step=False train_time:1883714ms step_avg:1255.81ms
step:1500/1555 val_step:111/320 val_loss:3.3215 chunk_loss:7203.2633 is_adam_step=True train_time:1883714ms step_avg:1255.81ms
step:1500/1555 val_step:112/320 val_loss:3.3212 chunk_loss:6812.2364 is_adam_step=False train_time:1883714ms step_avg:1255.81ms
step:1500/1555 val_step:113/320 val_loss:3.3198 chunk_loss:6572.0356 is_adam_step=True train_time:1883714ms step_avg:1255.81ms
step:1500/1555 val_step:114/320 val_loss:3.3184 chunk_loss:6604.3429 is_adam_step=False train_time:1883714ms step_avg:1255.81ms
step:1500/1555 val_step:115/320 val_loss:3.3173 chunk_loss:6632.4569 is_adam_step=True train_time:1883714ms step_avg:1255.81ms
step:1500/1555 val_step:116/320 val_loss:3.3169 chunk_loss:6815.7299 is_adam_step=False train_time:1883714ms step_avg:1255.81ms
step:1500/1555 val_step:117/320 val_loss:3.3174 chunk_loss:7022.1056 is_adam_step=True train_time:1883714ms step_avg:1255.81ms
step:1500/1555 val_step:118/320 val_loss:3.3181 chunk_loss:7065.6280 is_adam_step=False train_time:1883714ms step_avg:1255.81ms
step:1500/1555 val_step:119/320 val_loss:3.3174 chunk_loss:6756.1131 is_adam_step=True train_time:1883714ms step_avg:1255.81ms
step:1500/1555 val_step:120/320 val_loss:3.3177 chunk_loss:6951.2876 is_adam_step=False train_time:1883714ms step_avg:1255.81ms
step:1500/1555 val_step:121/320 val_loss:3.3171 chunk_loss:6730.3236 is_adam_step=True train_time:1883714ms step_avg:1255.81ms
step:1500/1555 val_step:122/320 val_loss:3.3169 chunk_loss:6839.9016 is_adam_step=False train_time:1883714ms step_avg:1255.81ms
step:1500/1555 val_step:123/320 val_loss:3.3159 chunk_loss:6674.9970 is_adam_step=True train_time:1883714ms step_avg:1255.81ms
step:1500/1555 val_step:124/320 val_loss:3.3160 chunk_loss:6934.9538 is_adam_step=False train_time:1883714ms step_avg:1255.81ms
step:1500/1555 val_step:125/320 val_loss:3.3163 chunk_loss:7012.2230 is_adam_step=True train_time:1883714ms step_avg:1255.81ms
step:1500/1555 val_step:126/320 val_loss:3.3145 chunk_loss:6419.5052 is_adam_step=False train_time:1883714ms step_avg:1255.81ms
step:1500/1555 val_step:127/320 val_loss:3.3148 chunk_loss:6957.5919 is_adam_step=True train_time:1883714ms step_avg:1255.81ms
step:1500/1555 val_step:128/320 val_loss:3.3140 chunk_loss:6709.6423 is_adam_step=False train_time:1883714ms step_avg:1255.81ms
step:1500/1555 val_step:129/320 val_loss:3.3127 chunk_loss:6583.9672 is_adam_step=True train_time:1883714ms step_avg:1255.81ms
step:1500/1555 val_step:130/320 val_loss:3.3130 chunk_loss:6951.6917 is_adam_step=False train_time:1883714ms step_avg:1255.81ms
step:1500/1555 val_step:131/320 val_loss:3.3126 chunk_loss:6828.2010 is_adam_step=True train_time:1883714ms step_avg:1255.81ms
step:1500/1555 val_step:132/320 val_loss:3.3144 chunk_loss:7359.8214 is_adam_step=False train_time:1883714ms step_avg:1255.81ms
step:1500/1555 val_step:133/320 val_loss:3.3157 chunk_loss:7234.4702 is_adam_step=True train_time:1883714ms step_avg:1255.81ms
step:1500/1555 val_step:134/320 val_loss:3.3134 chunk_loss:6301.9288 is_adam_step=False train_time:1883714ms step_avg:1255.81ms
step:1500/1555 val_step:135/320 val_loss:3.3127 chunk_loss:6736.2984 is_adam_step=True train_time:1883714ms step_avg:1255.81ms
step:1500/1555 val_step:136/320 val_loss:3.3132 chunk_loss:7013.0258 is_adam_step=False train_time:1883714ms step_avg:1255.81ms
step:1500/1555 val_step:137/320 val_loss:3.3137 chunk_loss:7014.1191 is_adam_step=True train_time:1883714ms step_avg:1255.81ms
step:1500/1555 val_step:138/320 val_loss:3.3156 chunk_loss:7452.3925 is_adam_step=False train_time:1883714ms step_avg:1255.81ms
step:1500/1555 val_step:139/320 val_loss:3.3160 chunk_loss:6998.6658 is_adam_step=True train_time:1883714ms step_avg:1255.81ms
step:1500/1555 val_step:140/320 val_loss:3.3160 chunk_loss:6914.8146 is_adam_step=False train_time:1883714ms step_avg:1255.81ms
step:1500/1555 val_step:141/320 val_loss:3.3160 chunk_loss:6869.6348 is_adam_step=True train_time:1883714ms step_avg:1255.81ms
step:1500/1555 val_step:142/320 val_loss:3.3166 chunk_loss:7043.1516 is_adam_step=False train_time:1883714ms step_avg:1255.81ms
step:1500/1555 val_step:143/320 val_loss:3.3179 chunk_loss:7302.6196 is_adam_step=True train_time:1883714ms step_avg:1255.81ms
step:1500/1555 val_step:144/320 val_loss:3.3187 chunk_loss:7154.4180 is_adam_step=False train_time:1883714ms step_avg:1255.81ms
step:1500/1555 val_step:145/320 val_loss:3.3182 chunk_loss:6770.7794 is_adam_step=True train_time:1883714ms step_avg:1255.81ms
step:1500/1555 val_step:146/320 val_loss:3.3185 chunk_loss:6975.2256 is_adam_step=False train_time:1883714ms step_avg:1255.81ms
step:1500/1555 val_step:147/320 val_loss:3.3192 chunk_loss:7075.4711 is_adam_step=True train_time:1883714ms step_avg:1255.81ms
step:1500/1555 val_step:148/320 val_loss:3.3203 chunk_loss:7267.2220 is_adam_step=False train_time:1883714ms step_avg:1255.81ms
step:1500/1555 val_step:149/320 val_loss:3.3194 chunk_loss:6656.2177 is_adam_step=True train_time:1883714ms step_avg:1255.81ms
step:1500/1555 val_step:150/320 val_loss:3.3189 chunk_loss:6709.7190 is_adam_step=False train_time:1883714ms step_avg:1255.81ms
step:1500/1555 val_step:151/320 val_loss:3.3191 chunk_loss:6971.7416 is_adam_step=True train_time:1883714ms step_avg:1255.81ms
step:1500/1555 val_step:152/320 val_loss:3.3182 chunk_loss:6607.7216 is_adam_step=False train_time:1883714ms step_avg:1255.81ms
step:1500/1555 val_step:153/320 val_loss:3.3175 chunk_loss:6678.5069 is_adam_step=True train_time:1883714ms step_avg:1255.81ms
step:1500/1555 val_step:154/320 val_loss:3.3174 chunk_loss:6831.1708 is_adam_step=False train_time:1883714ms step_avg:1255.81ms
step:1500/1555 val_step:155/320 val_loss:3.3176 chunk_loss:6957.3018 is_adam_step=True train_time:1883714ms step_avg:1255.81ms
step:1500/1555 val_step:156/320 val_loss:3.3173 chunk_loss:6791.7845 is_adam_step=False train_time:1883714ms step_avg:1255.81ms
step:1500/1555 val_step:157/320 val_loss:3.3175 chunk_loss:6969.4256 is_adam_step=True train_time:1883714ms step_avg:1255.81ms
step:1500/1555 val_step:158/320 val_loss:3.3175 chunk_loss:6892.1371 is_adam_step=False train_time:1883714ms step_avg:1255.81ms
step:1500/1555 val_step:159/320 val_loss:3.3174 chunk_loss:6882.9585 is_adam_step=True train_time:1883714ms step_avg:1255.81ms
step:1500/1555 val_step:160/320 val_loss:3.3184 chunk_loss:7236.5736 is_adam_step=False train_time:1883714ms step_avg:1255.81ms
step:1500/1555 val_step:161/320 val_loss:3.3182 chunk_loss:6856.1104 is_adam_step=True train_time:1883714ms step_avg:1255.81ms
step:1500/1555 val_step:162/320 val_loss:3.3187 chunk_loss:7038.4532 is_adam_step=False train_time:1883714ms step_avg:1255.81ms
step:1500/1555 val_step:163/320 val_loss:3.3179 chunk_loss:6646.1023 is_adam_step=True train_time:1883714ms step_avg:1255.81ms
step:1500/1555 val_step:164/320 val_loss:3.3178 chunk_loss:6838.3108 is_adam_step=False train_time:1883714ms step_avg:1255.81ms
step:1500/1555 val_step:165/320 val_loss:3.3210 chunk_loss:8019.2153 is_adam_step=True train_time:1883714ms step_avg:1255.81ms
step:1500/1555 val_step:166/320 val_loss:3.3218 chunk_loss:7211.7291 is_adam_step=False train_time:1883714ms step_avg:1255.81ms
step:1500/1555 val_step:167/320 val_loss:3.3222 chunk_loss:7075.9283 is_adam_step=True train_time:1883714ms step_avg:1255.81ms
step:1500/1555 val_step:168/320 val_loss:3.3218 chunk_loss:6795.7971 is_adam_step=False train_time:1883714ms step_avg:1255.81ms
step:1500/1555 val_step:169/320 val_loss:3.3219 chunk_loss:6934.7480 is_adam_step=True train_time:1883714ms step_avg:1255.81ms
step:1500/1555 val_step:170/320 val_loss:3.3216 chunk_loss:6799.8843 is_adam_step=False train_time:1883714ms step_avg:1255.81ms
step:1500/1555 val_step:171/320 val_loss:3.3204 chunk_loss:6471.8145 is_adam_step=True train_time:1883714ms step_avg:1255.81ms
step:1500/1555 val_step:172/320 val_loss:3.3202 chunk_loss:6862.5395 is_adam_step=False train_time:1883714ms step_avg:1255.81ms
step:1500/1555 val_step:173/320 val_loss:3.3198 chunk_loss:6768.6358 is_adam_step=True train_time:1883714ms step_avg:1255.81ms
step:1500/1555 val_step:174/320 val_loss:3.3210 chunk_loss:7364.0737 is_adam_step=False train_time:1883714ms step_avg:1255.81ms
step:1500/1555 val_step:175/320 val_loss:3.3209 chunk_loss:6850.8894 is_adam_step=True train_time:1883714ms step_avg:1255.81ms
step:1500/1555 val_step:176/320 val_loss:3.3211 chunk_loss:6997.9359 is_adam_step=False train_time:1883714ms step_avg:1255.81ms
step:1500/1555 val_step:177/320 val_loss:3.3199 chunk_loss:6454.7852 is_adam_step=True train_time:1883714ms step_avg:1255.81ms
step:1500/1555 val_step:178/320 val_loss:3.3200 chunk_loss:6916.5905 is_adam_step=False train_time:1883714ms step_avg:1255.81ms
step:1500/1555 val_step:179/320 val_loss:3.3199 chunk_loss:6914.7965 is_adam_step=True train_time:1883714ms step_avg:1255.81ms
step:1500/1555 val_step:180/320 val_loss:3.3193 chunk_loss:6649.3675 is_adam_step=False train_time:1883714ms step_avg:1255.81ms
step:1500/1555 val_step:181/320 val_loss:3.3197 chunk_loss:7068.8680 is_adam_step=True train_time:1883714ms step_avg:1255.81ms
step:1500/1555 val_step:182/320 val_loss:3.3182 chunk_loss:6323.4093 is_adam_step=False train_time:1883714ms step_avg:1255.81ms
step:1500/1555 val_step:183/320 val_loss:3.3190 chunk_loss:7305.2209 is_adam_step=True train_time:1883714ms step_avg:1255.81ms
step:1500/1555 val_step:184/320 val_loss:3.3179 chunk_loss:6486.8663 is_adam_step=False train_time:1883714ms step_avg:1255.81ms
step:1500/1555 val_step:185/320 val_loss:3.3158 chunk_loss:6109.9973 is_adam_step=True train_time:1883714ms step_avg:1255.81ms
step:1500/1555 val_step:186/320 val_loss:3.3154 chunk_loss:6723.9730 is_adam_step=False train_time:1883714ms step_avg:1255.81ms
step:1500/1555 val_step:187/320 val_loss:3.3147 chunk_loss:6652.3680 is_adam_step=True train_time:1883714ms step_avg:1255.81ms
step:1500/1555 val_step:188/320 val_loss:3.3155 chunk_loss:7175.7807 is_adam_step=False train_time:1883714ms step_avg:1255.81ms
step:1500/1555 val_step:189/320 val_loss:3.3141 chunk_loss:6388.6030 is_adam_step=True train_time:1883714ms step_avg:1255.81ms
step:1500/1555 val_step:190/320 val_loss:3.3140 chunk_loss:6824.1761 is_adam_step=False train_time:1883714ms step_avg:1255.81ms
step:1500/1555 val_step:191/320 val_loss:3.3136 chunk_loss:6719.4955 is_adam_step=True train_time:1883714ms step_avg:1255.81ms
step:1500/1555 val_step:192/320 val_loss:3.3134 chunk_loss:6814.8421 is_adam_step=False train_time:1883714ms step_avg:1255.81ms
step:1500/1555 val_step:193/320 val_loss:3.3135 chunk_loss:6965.2214 is_adam_step=True train_time:1883714ms step_avg:1255.81ms
step:1500/1555 val_step:194/320 val_loss:3.3141 chunk_loss:7117.2840 is_adam_step=False train_time:1883714ms step_avg:1255.81ms
step:1500/1555 val_step:195/320 val_loss:3.3132 chunk_loss:6529.7612 is_adam_step=True train_time:1883714ms step_avg:1255.81ms
step:1500/1555 val_step:196/320 val_loss:3.3129 chunk_loss:6782.5177 is_adam_step=False train_time:1883714ms step_avg:1255.81ms
step:1500/1555 val_step:197/320 val_loss:3.3130 chunk_loss:6969.0335 is_adam_step=True train_time:1883714ms step_avg:1255.81ms
step:1500/1555 val_step:198/320 val_loss:3.3134 chunk_loss:7046.8346 is_adam_step=False train_time:1883714ms step_avg:1255.81ms
step:1500/1555 val_step:199/320 val_loss:3.3127 chunk_loss:6622.9124 is_adam_step=True train_time:1883714ms step_avg:1255.81ms
step:1500/1555 val_step:200/320 val_loss:3.3122 chunk_loss:6673.7295 is_adam_step=False train_time:1883714ms step_avg:1255.81ms
step:1500/1555 val_step:201/320 val_loss:3.3102 chunk_loss:6183.1890 is_adam_step=True train_time:1883714ms step_avg:1255.81ms
step:1500/1555 val_step:202/320 val_loss:3.3112 chunk_loss:7303.6948 is_adam_step=False train_time:1883714ms step_avg:1255.81ms
step:1500/1555 val_step:203/320 val_loss:3.3103 chunk_loss:6494.4177 is_adam_step=True train_time:1883714ms step_avg:1255.81ms
step:1500/1555 val_step:204/320 val_loss:3.3098 chunk_loss:6670.1682 is_adam_step=False train_time:1883714ms step_avg:1255.81ms
step:1500/1555 val_step:205/320 val_loss:3.3102 chunk_loss:7032.8195 is_adam_step=True train_time:1883714ms step_avg:1255.81ms
step:1500/1555 val_step:206/320 val_loss:3.3097 chunk_loss:6745.1548 is_adam_step=False train_time:1883714ms step_avg:1255.81ms
step:1500/1555 val_step:207/320 val_loss:3.3098 chunk_loss:6884.4850 is_adam_step=True train_time:1883714ms step_avg:1255.81ms
step:1500/1555 val_step:208/320 val_loss:3.3086 chunk_loss:6407.0377 is_adam_step=False train_time:1883714ms step_avg:1255.81ms
step:1500/1555 val_step:209/320 val_loss:3.3090 chunk_loss:7038.2154 is_adam_step=True train_time:1883714ms step_avg:1255.81ms
step:1500/1555 val_step:210/320 val_loss:3.3078 chunk_loss:6404.8475 is_adam_step=False train_time:1883714ms step_avg:1255.81ms
step:1500/1555 val_step:211/320 val_loss:3.3072 chunk_loss:6590.4151 is_adam_step=True train_time:1883714ms step_avg:1255.81ms
step:1500/1555 val_step:212/320 val_loss:3.3088 chunk_loss:7546.7923 is_adam_step=False train_time:1883714ms step_avg:1255.81ms
step:1500/1555 val_step:213/320 val_loss:3.3086 chunk_loss:6790.8116 is_adam_step=True train_time:1883714ms step_avg:1255.81ms
step:1500/1555 val_step:214/320 val_loss:3.3094 chunk_loss:7200.7146 is_adam_step=False train_time:1883714ms step_avg:1255.81ms
step:1500/1555 val_step:215/320 val_loss:3.3083 chunk_loss:6440.9957 is_adam_step=True train_time:1883714ms step_avg:1255.81ms
step:1500/1555 val_step:216/320 val_loss:3.3081 chunk_loss:6782.0847 is_adam_step=False train_time:1883714ms step_avg:1255.81ms
step:1500/1555 val_step:217/320 val_loss:3.3087 chunk_loss:7145.7906 is_adam_step=True train_time:1883714ms step_avg:1255.81ms
step:1500/1555 val_step:218/320 val_loss:3.3086 chunk_loss:6849.3439 is_adam_step=False train_time:1883714ms step_avg:1255.81ms
step:1500/1555 val_step:219/320 val_loss:3.3090 chunk_loss:7000.6970 is_adam_step=True train_time:1883714ms step_avg:1255.81ms
step:1500/1555 val_step:220/320 val_loss:3.3089 chunk_loss:6832.3563 is_adam_step=False train_time:1883714ms step_avg:1255.81ms
step:1500/1555 val_step:221/320 val_loss:3.3087 chunk_loss:6811.2648 is_adam_step=True train_time:1883714ms step_avg:1255.81ms
step:1500/1555 val_step:222/320 val_loss:3.3088 chunk_loss:6913.5334 is_adam_step=False train_time:1883714ms step_avg:1255.81ms
step:1500/1555 val_step:223/320 val_loss:3.3087 chunk_loss:6821.6255 is_adam_step=True train_time:1883714ms step_avg:1255.81ms
step:1500/1555 val_step:224/320 val_loss:3.3080 chunk_loss:6596.7192 is_adam_step=False train_time:1883714ms step_avg:1255.81ms
step:1500/1555 val_step:225/320 val_loss:3.3072 chunk_loss:6537.9380 is_adam_step=True train_time:1883714ms step_avg:1255.81ms
step:1500/1555 val_step:226/320 val_loss:3.3067 chunk_loss:6652.5028 is_adam_step=False train_time:1883714ms step_avg:1255.81ms
step:1500/1555 val_step:227/320 val_loss:3.3069 chunk_loss:6971.6950 is_adam_step=True train_time:1883714ms step_avg:1255.81ms
step:1500/1555 val_step:228/320 val_loss:3.3070 chunk_loss:6959.5407 is_adam_step=False train_time:1883714ms step_avg:1255.81ms
step:1500/1555 val_step:229/320 val_loss:3.3075 chunk_loss:7127.6960 is_adam_step=True train_time:1883714ms step_avg:1255.81ms
step:1500/1555 val_step:230/320 val_loss:3.3077 chunk_loss:6963.1925 is_adam_step=False train_time:1883714ms step_avg:1255.81ms
step:1500/1555 val_step:231/320 val_loss:3.3072 chunk_loss:6640.9622 is_adam_step=True train_time:1883714ms step_avg:1255.81ms
step:1500/1555 val_step:232/320 val_loss:3.3076 chunk_loss:7046.2833 is_adam_step=False train_time:1883714ms step_avg:1255.81ms
step:1500/1555 val_step:233/320 val_loss:3.3082 chunk_loss:7151.4225 is_adam_step=True train_time:1883714ms step_avg:1255.81ms
step:1500/1555 val_step:234/320 val_loss:3.3079 chunk_loss:6757.3594 is_adam_step=False train_time:1883714ms step_avg:1255.81ms
step:1500/1555 val_step:235/320 val_loss:3.3077 chunk_loss:6842.1190 is_adam_step=True train_time:1883714ms step_avg:1255.81ms
step:1500/1555 val_step:236/320 val_loss:3.3078 chunk_loss:6924.5656 is_adam_step=False train_time:1883714ms step_avg:1255.81ms
step:1500/1555 val_step:237/320 val_loss:3.3076 chunk_loss:6796.7881 is_adam_step=True train_time:1883714ms step_avg:1255.81ms
step:1500/1555 val_step:238/320 val_loss:3.3073 chunk_loss:6759.4114 is_adam_step=False train_time:1883714ms step_avg:1255.81ms
step:1500/1555 val_step:239/320 val_loss:3.3069 chunk_loss:6671.0667 is_adam_step=True train_time:1883714ms step_avg:1255.81ms
step:1500/1555 val_step:240/320 val_loss:3.3067 chunk_loss:6741.2540 is_adam_step=False train_time:1883714ms step_avg:1255.81ms
step:1500/1555 val_step:241/320 val_loss:3.3068 chunk_loss:6922.3526 is_adam_step=True train_time:1883714ms step_avg:1255.81ms
step:1500/1555 val_step:242/320 val_loss:3.3078 chunk_loss:7389.4034 is_adam_step=False train_time:1883714ms step_avg:1255.81ms
step:1500/1555 val_step:243/320 val_loss:3.3075 chunk_loss:6738.6447 is_adam_step=True train_time:1883714ms step_avg:1255.81ms
step:1500/1555 val_step:244/320 val_loss:3.3079 chunk_loss:7044.2188 is_adam_step=False train_time:1883714ms step_avg:1255.81ms
step:1500/1555 val_step:245/320 val_loss:3.3081 chunk_loss:6969.5058 is_adam_step=True train_time:1883714ms step_avg:1255.81ms
step:1500/1555 val_step:246/320 val_loss:3.3083 chunk_loss:6997.1463 is_adam_step=False train_time:1883714ms step_avg:1255.81ms
step:1500/1555 val_step:247/320 val_loss:3.3083 chunk_loss:6871.9233 is_adam_step=True train_time:1883714ms step_avg:1255.81ms
step:1500/1555 val_step:248/320 val_loss:3.3081 chunk_loss:6751.2415 is_adam_step=False train_time:1883714ms step_avg:1255.81ms
step:1500/1555 val_step:249/320 val_loss:3.3094 chunk_loss:7515.1776 is_adam_step=True train_time:1883714ms step_avg:1255.81ms
step:1500/1555 val_step:250/320 val_loss:3.3093 chunk_loss:6852.9669 is_adam_step=False train_time:1883714ms step_avg:1255.81ms
step:1500/1555 val_step:251/320 val_loss:3.3094 chunk_loss:6898.7437 is_adam_step=True train_time:1883714ms step_avg:1255.81ms
step:1500/1555 val_step:252/320 val_loss:3.3098 chunk_loss:7071.7815 is_adam_step=False train_time:1883714ms step_avg:1255.81ms
step:1500/1555 val_step:253/320 val_loss:3.3096 chunk_loss:6755.0988 is_adam_step=True train_time:1883714ms step_avg:1255.81ms
step:1500/1555 val_step:254/320 val_loss:3.3099 chunk_loss:7047.3962 is_adam_step=False train_time:1883714ms step_avg:1255.81ms
step:1500/1555 val_step:255/320 val_loss:3.3101 chunk_loss:6984.0346 is_adam_step=True train_time:1883714ms step_avg:1255.81ms
step:1500/1555 val_step:256/320 val_loss:3.3100 chunk_loss:6849.8497 is_adam_step=False train_time:1883714ms step_avg:1255.81ms
step:1500/1555 val_step:257/320 val_loss:3.3110 chunk_loss:7423.3609 is_adam_step=True train_time:1883714ms step_avg:1255.81ms
step:1500/1555 val_step:258/320 val_loss:3.3104 chunk_loss:6533.9314 is_adam_step=False train_time:1883714ms step_avg:1255.81ms
step:1500/1555 val_step:259/320 val_loss:3.3105 chunk_loss:6940.1204 is_adam_step=True train_time:1883714ms step_avg:1255.81ms
step:1500/1555 val_step:260/320 val_loss:3.3103 chunk_loss:6764.9828 is_adam_step=False train_time:1883714ms step_avg:1255.81ms
step:1500/1555 val_step:261/320 val_loss:3.3103 chunk_loss:6898.8978 is_adam_step=True train_time:1883714ms step_avg:1255.81ms
step:1500/1555 val_step:262/320 val_loss:3.3106 chunk_loss:6974.5339 is_adam_step=False train_time:1883714ms step_avg:1255.81ms
step:1500/1555 val_step:263/320 val_loss:3.3102 chunk_loss:6707.2873 is_adam_step=True train_time:1883714ms step_avg:1255.81ms
step:1500/1555 val_step:264/320 val_loss:3.3104 chunk_loss:6989.1671 is_adam_step=False train_time:1883714ms step_avg:1255.81ms
step:1500/1555 val_step:265/320 val_loss:3.3100 chunk_loss:6658.2382 is_adam_step=True train_time:1883714ms step_avg:1255.81ms
step:1500/1555 val_step:266/320 val_loss:3.3102 chunk_loss:7001.3537 is_adam_step=False train_time:1883714ms step_avg:1255.81ms
step:1500/1555 val_step:267/320 val_loss:3.3095 chunk_loss:6518.1867 is_adam_step=True train_time:1883714ms step_avg:1255.81ms
step:1500/1555 val_step:268/320 val_loss:3.3090 chunk_loss:6601.9924 is_adam_step=False train_time:1883714ms step_avg:1255.81ms
step:1500/1555 val_step:269/320 val_loss:3.3088 chunk_loss:6727.7011 is_adam_step=True train_time:1883714ms step_avg:1255.81ms
step:1500/1555 val_step:270/320 val_loss:3.3083 chunk_loss:6640.4626 is_adam_step=False train_time:1883714ms step_avg:1255.81ms
step:1500/1555 val_step:271/320 val_loss:3.3076 chunk_loss:6435.5728 is_adam_step=True train_time:1883714ms step_avg:1255.81ms
step:1500/1555 val_step:272/320 val_loss:3.3068 chunk_loss:6445.6876 is_adam_step=False train_time:1883714ms step_avg:1255.81ms
step:1500/1555 val_step:273/320 val_loss:3.3067 chunk_loss:6902.6796 is_adam_step=True train_time:1883714ms step_avg:1255.81ms
step:1500/1555 val_step:274/320 val_loss:3.3068 chunk_loss:6890.3097 is_adam_step=False train_time:1883714ms step_avg:1255.81ms
step:1500/1555 val_step:275/320 val_loss:3.3072 chunk_loss:7162.8082 is_adam_step=True train_time:1883714ms step_avg:1255.81ms
step:1500/1555 val_step:276/320 val_loss:3.3067 chunk_loss:6555.3556 is_adam_step=False train_time:1883714ms step_avg:1255.81ms
step:1500/1555 val_step:277/320 val_loss:3.3059 chunk_loss:6417.1781 is_adam_step=True train_time:1883714ms step_avg:1255.81ms
step:1500/1555 val_step:278/320 val_loss:3.3057 chunk_loss:6772.5743 is_adam_step=False train_time:1883714ms step_avg:1255.81ms
step:1500/1555 val_step:279/320 val_loss:3.3062 chunk_loss:7089.6648 is_adam_step=True train_time:1883714ms step_avg:1255.81ms
step:1500/1555 val_step:280/320 val_loss:3.3062 chunk_loss:6867.9129 is_adam_step=False train_time:1883714ms step_avg:1255.81ms
step:1500/1555 val_step:281/320 val_loss:3.3058 chunk_loss:6679.8215 is_adam_step=True train_time:1883714ms step_avg:1255.81ms
step:1500/1555 val_step:282/320 val_loss:3.3056 chunk_loss:6770.2051 is_adam_step=False train_time:1883714ms step_avg:1255.81ms
step:1500/1555 val_step:283/320 val_loss:3.3054 chunk_loss:6707.8362 is_adam_step=True train_time:1883714ms step_avg:1255.81ms
step:1500/1555 val_step:284/320 val_loss:3.3057 chunk_loss:7081.9741 is_adam_step=False train_time:1883714ms step_avg:1255.81ms
step:1500/1555 val_step:285/320 val_loss:3.3050 chunk_loss:6483.8924 is_adam_step=True train_time:1883714ms step_avg:1255.81ms
step:1500/1555 val_step:286/320 val_loss:3.3047 chunk_loss:6676.3515 is_adam_step=False train_time:1883714ms step_avg:1255.81ms
step:1500/1555 val_step:287/320 val_loss:3.3050 chunk_loss:7061.2703 is_adam_step=True train_time:1883714ms step_avg:1255.81ms
step:1500/1555 val_step:288/320 val_loss:3.3048 chunk_loss:6734.2733 is_adam_step=False train_time:1883714ms step_avg:1255.81ms
step:1500/1555 val_step:289/320 val_loss:3.3052 chunk_loss:7105.1597 is_adam_step=True train_time:1883714ms step_avg:1255.81ms
step:1500/1555 val_step:290/320 val_loss:3.3056 chunk_loss:7121.3155 is_adam_step=False train_time:1883714ms step_avg:1255.81ms
step:1500/1555 val_step:291/320 val_loss:3.3055 chunk_loss:6817.6319 is_adam_step=True train_time:1883714ms step_avg:1255.81ms
step:1500/1555 val_step:292/320 val_loss:3.3050 chunk_loss:6528.3853 is_adam_step=False train_time:1883714ms step_avg:1255.81ms
step:1500/1555 val_step:293/320 val_loss:3.3048 chunk_loss:6722.5995 is_adam_step=True train_time:1883714ms step_avg:1255.81ms
step:1500/1555 val_step:294/320 val_loss:3.3049 chunk_loss:6961.9300 is_adam_step=False train_time:1883714ms step_avg:1255.81ms
step:1500/1555 val_step:295/320 val_loss:3.3052 chunk_loss:6972.2974 is_adam_step=True train_time:1883714ms step_avg:1255.81ms
step:1500/1555 val_step:296/320 val_loss:3.3052 chunk_loss:6898.9099 is_adam_step=False train_time:1883714ms step_avg:1255.81ms
step:1500/1555 val_step:297/320 val_loss:3.3046 chunk_loss:6460.3959 is_adam_step=True train_time:1883714ms step_avg:1255.81ms
step:1500/1555 val_step:298/320 val_loss:3.3042 chunk_loss:6644.2713 is_adam_step=False train_time:1883714ms step_avg:1255.81ms
step:1500/1555 val_step:299/320 val_loss:3.3040 chunk_loss:6725.9407 is_adam_step=True train_time:1883714ms step_avg:1255.81ms
step:1500/1555 val_step:300/320 val_loss:3.3036 chunk_loss:6654.7375 is_adam_step=False train_time:1883714ms step_avg:1255.81ms
step:1500/1555 val_step:301/320 val_loss:3.3033 chunk_loss:6664.1557 is_adam_step=True train_time:1883714ms step_avg:1255.81ms
step:1500/1555 val_step:302/320 val_loss:3.3031 chunk_loss:6752.2911 is_adam_step=False train_time:1883714ms step_avg:1255.81ms
step:1500/1555 val_step:303/320 val_loss:3.3035 chunk_loss:7089.5654 is_adam_step=True train_time:1883714ms step_avg:1255.81ms
step:1500/1555 val_step:304/320 val_loss:3.3026 chunk_loss:6280.9157 is_adam_step=False train_time:1883714ms step_avg:1255.81ms
step:1500/1555 val_step:305/320 val_loss:3.3024 chunk_loss:6738.2985 is_adam_step=True train_time:1883714ms step_avg:1255.81ms
step:1500/1555 val_step:306/320 val_loss:3.3023 chunk_loss:6825.9170 is_adam_step=False train_time:1883714ms step_avg:1255.81ms
step:1500/1555 val_step:307/320 val_loss:3.3022 chunk_loss:6774.8629 is_adam_step=True train_time:1883714ms step_avg:1255.81ms
step:1500/1555 val_step:308/320 val_loss:3.3023 chunk_loss:6875.0141 is_adam_step=False train_time:1883714ms step_avg:1255.81ms
step:1500/1555 val_step:309/320 val_loss:3.3023 chunk_loss:6888.9921 is_adam_step=True train_time:1883714ms step_avg:1255.81ms
step:1500/1555 val_step:310/320 val_loss:3.3018 chunk_loss:6565.0559 is_adam_step=False train_time:1883714ms step_avg:1255.81ms
step:1500/1555 val_step:311/320 val_loss:3.3021 chunk_loss:7062.6126 is_adam_step=True train_time:1883714ms step_avg:1255.81ms
step:1500/1555 val_step:312/320 val_loss:3.3022 chunk_loss:6894.4601 is_adam_step=False train_time:1883714ms step_avg:1255.81ms
step:1500/1555 val_step:313/320 val_loss:3.3023 chunk_loss:6938.5866 is_adam_step=True train_time:1883714ms step_avg:1255.81ms
step:1500/1555 val_step:314/320 val_loss:3.3026 chunk_loss:7036.5346 is_adam_step=False train_time:1883714ms step_avg:1255.81ms
step:1500/1555 val_step:315/320 val_loss:3.3028 chunk_loss:6959.5260 is_adam_step=True train_time:1883714ms step_avg:1255.81ms
step:1500/1555 val_step:316/320 val_loss:3.3026 chunk_loss:6711.3183 is_adam_step=False train_time:1883714ms step_avg:1255.81ms
step:1500/1555 val_step:317/320 val_loss:3.3025 chunk_loss:6772.6432 is_adam_step=True train_time:1883714ms step_avg:1255.81ms
step:1500/1555 val_step:318/320 val_loss:3.3027 chunk_loss:7009.0624 is_adam_step=False train_time:1883714ms step_avg:1255.81ms
step:1500/1555 val_step:319/320 val_loss:3.3025 chunk_loss:6737.5892 is_adam_step=True train_time:1883714ms step_avg:1255.81ms
step:1500/1555 val_loss:3.3025 train_time:1883714ms step_avg:1255.81ms
step:1501/1555 loss.item()=167656.6875 train_time:1885377ms step_avg:1256.08ms
step:1502/1555 loss.item()=167070.53125 train_time:1886551ms step_avg:1256.03ms
step:1503/1555 loss.item()=159060.921875 train_time:1887957ms step_avg:1256.13ms
step:1504/1555 loss.item()=158110.28125 train_time:1889793ms step_avg:1256.51ms
step:1505/1555 loss.item()=157525.390625 train_time:1891172ms step_avg:1256.59ms
step:1506/1555 loss.item()=168420.515625 train_time:1892411ms step_avg:1256.58ms
step:1507/1555 loss.item()=167132.71875 train_time:1893850ms step_avg:1256.70ms
step:1508/1555 loss.item()=171248.4375 train_time:1895003ms step_avg:1256.63ms
step:1509/1555 loss.item()=165198.8125 train_time:1896509ms step_avg:1256.80ms
step:1510/1555 loss.item()=162966.21875 train_time:1897652ms step_avg:1256.72ms
step:1511/1555 loss.item()=168484.59375 train_time:1899222ms step_avg:1256.93ms
step:1512/1555 loss.item()=164094.96875 train_time:1900721ms step_avg:1257.09ms
step:1513/1555 loss.item()=164081.078125 train_time:1901861ms step_avg:1257.01ms
step:1514/1555 loss.item()=156742.96875 train_time:1903355ms step_avg:1257.17ms
step:1515/1555 loss.item()=158975.15625 train_time:1904564ms step_avg:1257.14ms
step:1516/1555 loss.item()=163836.5 train_time:1931803ms step_avg:1274.28ms
step:1517/1555 loss.item()=163311.65625 train_time:1933050ms step_avg:1274.26ms
step:1518/1555 loss.item()=162693.34375 train_time:1934181ms step_avg:1274.16ms
step:1519/1555 loss.item()=159694.375 train_time:1935453ms step_avg:1274.16ms
step:1520/1555 loss.item()=164391.046875 train_time:1936986ms step_avg:1274.33ms
step:1521/1555 loss.item()=157989.9375 train_time:1938140ms step_avg:1274.25ms
step:1522/1555 loss.item()=160354.09375 train_time:1939490ms step_avg:1274.30ms
step:1523/1555 loss.item()=166700.25 train_time:1941271ms step_avg:1274.64ms
step:1524/1555 loss.item()=156997.140625 train_time:1943787ms step_avg:1275.45ms
step:1525/1555 loss.item()=162891.265625 train_time:1944956ms step_avg:1275.38ms
step:1526/1555 loss.item()=156971.78125 train_time:1946475ms step_avg:1275.54ms
step:1527/1555 loss.item()=164623.90625 train_time:1947750ms step_avg:1275.54ms
step:1528/1555 loss.item()=167672.4375 train_time:1949267ms step_avg:1275.70ms
step:1529/1555 loss.item()=165523.65625 train_time:1950707ms step_avg:1275.81ms
step:1530/1555 loss.item()=159278.09375 train_time:1951986ms step_avg:1275.81ms
step:1531/1555 loss.item()=168819.5 train_time:1953618ms step_avg:1276.04ms
step:1532/1555 loss.item()=172567.09375 train_time:1955776ms step_avg:1276.62ms
step:1533/1555 loss.item()=156129.9375 train_time:1957764ms step_avg:1277.08ms
step:1534/1555 loss.item()=159049.6875 train_time:1958901ms step_avg:1276.99ms
step:1535/1555 loss.item()=158654.78125 train_time:1960482ms step_avg:1277.19ms
step:1536/1555 loss.item()=162383.921875 train_time:1961607ms step_avg:1277.09ms
step:1537/1555 loss.item()=163236.875 train_time:1962985ms step_avg:1277.15ms
step:1538/1555 loss.item()=156683.921875 train_time:1964639ms step_avg:1277.40ms
step:1539/1555 loss.item()=161178.09375 train_time:1965793ms step_avg:1277.32ms
step:1540/1555 loss.item()=169106.375 train_time:1967407ms step_avg:1277.54ms
step:1541/1555 loss.item()=170466.53125 train_time:1968617ms step_avg:1277.49ms
step:1542/1555 loss.item()=160703.171875 train_time:1970027ms step_avg:1277.58ms
step:1543/1555 loss.item()=160626.96875 train_time:1971617ms step_avg:1277.78ms
step:1544/1555 loss.item()=161909.984375 train_time:1972951ms step_avg:1277.82ms
step:1545/1555 loss.item()=158378.1875 train_time:1974192ms step_avg:1277.79ms
step:1546/1555 loss.item()=166239.90625 train_time:1975430ms step_avg:1277.77ms
step:1547/1555 loss.item()=166319.46875 train_time:1976643ms step_avg:1277.73ms
step:1548/1555 loss.item()=164219.0625 train_time:1977813ms step_avg:1277.66ms
step:1549/1555 loss.item()=157986.71875 train_time:1979101ms step_avg:1277.66ms
step:1550/1555 loss.item()=161777.84375 train_time:1980421ms step_avg:1277.69ms
step:1551/1555 loss.item()=164801.375 train_time:1981689ms step_avg:1277.68ms
step:1552/1555 loss.item()=162984.6875 train_time:1983345ms step_avg:1277.93ms
step:1553/1555 loss.item()=159583.828125 train_time:1984592ms step_avg:1277.91ms
step:1554/1555 loss.item()=162881.3125 train_time:1985766ms step_avg:1277.84ms
step:1555/1555 loss.item()=166133.96875 train_time:1987200ms step_avg:1277.94ms
step:1555/1555 starting test-time training...
step:1555/1555 val_step:0/320 val_loss:3.2083 chunk_loss:6787.7599 is_adam_step=True train_time:1987207ms step_avg:1277.95ms
step:1555/1555 val_step:1/320 val_loss:3.2459 chunk_loss:6953.9039 is_adam_step=False train_time:1987207ms step_avg:1277.95ms
step:1555/1555 val_step:2/320 val_loss:3.2863 chunk_loss:7108.6790 is_adam_step=True train_time:1987207ms step_avg:1277.95ms
step:1555/1555 val_step:3/320 val_loss:3.2598 chunk_loss:6734.4477 is_adam_step=False train_time:1987207ms step_avg:1277.95ms
step:1555/1555 val_step:4/320 val_loss:3.2812 chunk_loss:7120.9755 is_adam_step=True train_time:1987207ms step_avg:1277.95ms
step:1555/1555 val_step:5/320 val_loss:3.2762 chunk_loss:6838.3720 is_adam_step=False train_time:1987207ms step_avg:1277.95ms
step:1555/1555 val_step:6/320 val_loss:3.2094 chunk_loss:6069.6594 is_adam_step=True train_time:1987207ms step_avg:1277.95ms
step:1555/1555 val_step:7/320 val_loss:3.2400 chunk_loss:7288.3444 is_adam_step=False train_time:1987207ms step_avg:1277.95ms
step:1555/1555 val_step:8/320 val_loss:3.2502 chunk_loss:6994.2866 is_adam_step=True train_time:1987207ms step_avg:1277.95ms
step:1555/1555 val_step:9/320 val_loss:3.2693 chunk_loss:7252.7376 is_adam_step=False train_time:1987207ms step_avg:1277.95ms
step:1555/1555 val_step:10/320 val_loss:3.2740 chunk_loss:7024.4023 is_adam_step=True train_time:1987207ms step_avg:1277.95ms
step:1555/1555 val_step:11/320 val_loss:3.2580 chunk_loss:6521.3125 is_adam_step=False train_time:1987207ms step_avg:1277.95ms
step:1555/1555 val_step:12/320 val_loss:3.2665 chunk_loss:7086.8724 is_adam_step=True train_time:1987207ms step_avg:1277.95ms
step:1555/1555 val_step:13/320 val_loss:3.2673 chunk_loss:6877.4384 is_adam_step=False train_time:1987207ms step_avg:1277.95ms
step:1555/1555 val_step:14/320 val_loss:3.2669 chunk_loss:6890.1188 is_adam_step=True train_time:1987207ms step_avg:1277.95ms
step:1555/1555 val_step:15/320 val_loss:3.2687 chunk_loss:6927.4031 is_adam_step=False train_time:1987207ms step_avg:1277.95ms
step:1555/1555 val_step:16/320 val_loss:3.2603 chunk_loss:6562.1290 is_adam_step=True train_time:1987207ms step_avg:1277.95ms
step:1555/1555 val_step:17/320 val_loss:3.2793 chunk_loss:7555.3267 is_adam_step=False train_time:1987207ms step_avg:1277.95ms
step:1555/1555 val_step:18/320 val_loss:3.2720 chunk_loss:6579.8227 is_adam_step=True train_time:1987207ms step_avg:1277.95ms
step:1555/1555 val_step:19/320 val_loss:3.2747 chunk_loss:6965.9005 is_adam_step=False train_time:1987207ms step_avg:1277.95ms
step:1555/1555 val_step:20/320 val_loss:3.2758 chunk_loss:6939.4551 is_adam_step=True train_time:1987207ms step_avg:1277.95ms
step:1555/1555 val_step:21/320 val_loss:3.2846 chunk_loss:7322.7543 is_adam_step=False train_time:1987207ms step_avg:1277.95ms
step:1555/1555 val_step:22/320 val_loss:3.2833 chunk_loss:6859.8721 is_adam_step=True train_time:1987207ms step_avg:1277.95ms
step:1555/1555 val_step:23/320 val_loss:3.2905 chunk_loss:7249.7145 is_adam_step=False train_time:1987207ms step_avg:1277.95ms
step:1555/1555 val_step:24/320 val_loss:3.2923 chunk_loss:6954.3767 is_adam_step=True train_time:1987207ms step_avg:1277.95ms
step:1555/1555 val_step:25/320 val_loss:3.2885 chunk_loss:6688.2600 is_adam_step=False train_time:1987207ms step_avg:1277.95ms
step:1555/1555 val_step:26/320 val_loss:3.3017 chunk_loss:7672.4019 is_adam_step=True train_time:1987207ms step_avg:1277.95ms
step:1555/1555 val_step:27/320 val_loss:3.3110 chunk_loss:7450.4323 is_adam_step=False train_time:1987207ms step_avg:1277.95ms
step:1555/1555 val_step:28/320 val_loss:3.3064 chunk_loss:6681.2251 is_adam_step=True train_time:1987207ms step_avg:1277.95ms
step:1555/1555 val_step:29/320 val_loss:3.2970 chunk_loss:6345.1935 is_adam_step=False train_time:1987207ms step_avg:1277.95ms
step:1555/1555 val_step:30/320 val_loss:3.2958 chunk_loss:6865.7885 is_adam_step=True train_time:1987207ms step_avg:1277.95ms
step:1555/1555 val_step:31/320 val_loss:3.2947 chunk_loss:6809.7286 is_adam_step=False train_time:1987207ms step_avg:1277.95ms
step:1555/1555 val_step:32/320 val_loss:3.2913 chunk_loss:6669.9839 is_adam_step=True train_time:1987207ms step_avg:1277.95ms
step:1555/1555 val_step:33/320 val_loss:3.2927 chunk_loss:6998.6471 is_adam_step=False train_time:1987207ms step_avg:1277.95ms
step:1555/1555 val_step:34/320 val_loss:3.2941 chunk_loss:7007.9569 is_adam_step=True train_time:1987207ms step_avg:1277.95ms
step:1555/1555 val_step:35/320 val_loss:3.2936 chunk_loss:6837.9086 is_adam_step=False train_time:1987207ms step_avg:1277.95ms
step:1555/1555 val_step:36/320 val_loss:3.2940 chunk_loss:6998.0667 is_adam_step=True train_time:1987207ms step_avg:1277.95ms
step:1555/1555 val_step:37/320 val_loss:3.2964 chunk_loss:7059.2971 is_adam_step=False train_time:1987207ms step_avg:1277.95ms
step:1555/1555 val_step:38/320 val_loss:3.2896 chunk_loss:6351.4500 is_adam_step=True train_time:1987207ms step_avg:1277.95ms
step:1555/1555 val_step:39/320 val_loss:3.2931 chunk_loss:7270.8442 is_adam_step=False train_time:1987207ms step_avg:1277.95ms
step:1555/1555 val_step:40/320 val_loss:3.2976 chunk_loss:7240.7605 is_adam_step=True train_time:1987207ms step_avg:1277.95ms
step:1555/1555 val_step:41/320 val_loss:3.3047 chunk_loss:7514.0941 is_adam_step=False train_time:1987207ms step_avg:1277.95ms
step:1555/1555 val_step:42/320 val_loss:3.3040 chunk_loss:6856.9437 is_adam_step=True train_time:1987207ms step_avg:1277.95ms
step:1555/1555 val_step:43/320 val_loss:3.3056 chunk_loss:7035.7277 is_adam_step=False train_time:1987207ms step_avg:1277.95ms
step:1555/1555 val_step:44/320 val_loss:3.3114 chunk_loss:7431.0605 is_adam_step=True train_time:1987207ms step_avg:1277.95ms
step:1555/1555 val_step:45/320 val_loss:3.3117 chunk_loss:6940.6300 is_adam_step=False train_time:1987207ms step_avg:1277.95ms
step:1555/1555 val_step:46/320 val_loss:3.3123 chunk_loss:6981.4619 is_adam_step=True train_time:1987207ms step_avg:1277.95ms
step:1555/1555 val_step:47/320 val_loss:3.3123 chunk_loss:6967.9166 is_adam_step=False train_time:1987207ms step_avg:1277.95ms
step:1555/1555 val_step:48/320 val_loss:3.3107 chunk_loss:6749.0645 is_adam_step=True train_time:1987207ms step_avg:1277.95ms
step:1555/1555 val_step:49/320 val_loss:3.3087 chunk_loss:6709.2469 is_adam_step=False train_time:1987207ms step_avg:1277.95ms
step:1555/1555 val_step:50/320 val_loss:3.3075 chunk_loss:6799.8079 is_adam_step=True train_time:1987207ms step_avg:1277.95ms
step:1555/1555 val_step:51/320 val_loss:3.3054 chunk_loss:6718.3251 is_adam_step=False train_time:1987207ms step_avg:1277.95ms
step:1555/1555 val_step:52/320 val_loss:3.3067 chunk_loss:7033.8185 is_adam_step=True train_time:1987207ms step_avg:1277.95ms
step:1555/1555 val_step:53/320 val_loss:3.3064 chunk_loss:6864.8068 is_adam_step=False train_time:1987207ms step_avg:1277.95ms
step:1555/1555 val_step:54/320 val_loss:3.3036 chunk_loss:6611.5257 is_adam_step=True train_time:1987207ms step_avg:1277.95ms
step:1555/1555 val_step:55/320 val_loss:3.3031 chunk_loss:6846.1804 is_adam_step=False train_time:1987207ms step_avg:1277.95ms
step:1555/1555 val_step:56/320 val_loss:3.3017 chunk_loss:6730.2530 is_adam_step=True train_time:1987207ms step_avg:1277.95ms
step:1555/1555 val_step:57/320 val_loss:3.3006 chunk_loss:6864.0190 is_adam_step=False train_time:1987207ms step_avg:1277.95ms
step:1555/1555 val_step:58/320 val_loss:3.3004 chunk_loss:6843.2884 is_adam_step=True train_time:1987207ms step_avg:1277.95ms
step:1555/1555 val_step:59/320 val_loss:3.3020 chunk_loss:7077.0116 is_adam_step=False train_time:1987207ms step_avg:1277.95ms
step:1555/1555 val_step:60/320 val_loss:3.3006 chunk_loss:6686.3012 is_adam_step=True train_time:1987207ms step_avg:1277.95ms
step:1555/1555 val_step:61/320 val_loss:3.3004 chunk_loss:6850.9132 is_adam_step=False train_time:1987207ms step_avg:1277.95ms
step:1555/1555 val_step:62/320 val_loss:3.3003 chunk_loss:6849.4500 is_adam_step=True train_time:1987207ms step_avg:1277.95ms
step:1555/1555 val_step:63/320 val_loss:3.3002 chunk_loss:6929.1046 is_adam_step=False train_time:1987207ms step_avg:1277.95ms
step:1555/1555 val_step:64/320 val_loss:3.3024 chunk_loss:7167.1388 is_adam_step=True train_time:1987207ms step_avg:1277.95ms
step:1555/1555 val_step:65/320 val_loss:3.3037 chunk_loss:7096.6853 is_adam_step=False train_time:1987207ms step_avg:1277.95ms
step:1555/1555 val_step:66/320 val_loss:3.3072 chunk_loss:7367.3210 is_adam_step=True train_time:1987207ms step_avg:1277.95ms
step:1555/1555 val_step:67/320 val_loss:3.3079 chunk_loss:7020.4709 is_adam_step=False train_time:1987207ms step_avg:1277.95ms
step:1555/1555 val_step:68/320 val_loss:3.3065 chunk_loss:6691.3959 is_adam_step=True train_time:1987207ms step_avg:1277.95ms
step:1555/1555 val_step:69/320 val_loss:3.3072 chunk_loss:6983.2658 is_adam_step=False train_time:1987207ms step_avg:1277.95ms
step:1555/1555 val_step:70/320 val_loss:3.3058 chunk_loss:6696.2476 is_adam_step=True train_time:1987207ms step_avg:1277.95ms
step:1555/1555 val_step:71/320 val_loss:3.3035 chunk_loss:6523.2619 is_adam_step=False train_time:1987207ms step_avg:1277.95ms
step:1555/1555 val_step:72/320 val_loss:3.3015 chunk_loss:6582.7405 is_adam_step=True train_time:1987207ms step_avg:1277.95ms
step:1555/1555 val_step:73/320 val_loss:3.3017 chunk_loss:6967.8639 is_adam_step=False train_time:1987207ms step_avg:1277.95ms
step:1555/1555 val_step:74/320 val_loss:3.3044 chunk_loss:7292.7975 is_adam_step=True train_time:1987207ms step_avg:1277.95ms
step:1555/1555 val_step:75/320 val_loss:3.3046 chunk_loss:6921.9914 is_adam_step=False train_time:1987207ms step_avg:1277.95ms
step:1555/1555 val_step:76/320 val_loss:3.3038 chunk_loss:6781.8329 is_adam_step=True train_time:1987207ms step_avg:1277.95ms
step:1555/1555 val_step:77/320 val_loss:3.3054 chunk_loss:7165.6318 is_adam_step=False train_time:1987207ms step_avg:1277.95ms
step:1555/1555 val_step:78/320 val_loss:3.3038 chunk_loss:6616.0229 is_adam_step=True train_time:1987207ms step_avg:1277.95ms
step:1555/1555 val_step:79/320 val_loss:3.3017 chunk_loss:6568.4949 is_adam_step=False train_time:1987207ms step_avg:1277.95ms
step:1555/1555 val_step:80/320 val_loss:3.3003 chunk_loss:6688.8229 is_adam_step=True train_time:1987207ms step_avg:1277.95ms
step:1555/1555 val_step:81/320 val_loss:3.2981 chunk_loss:6518.7668 is_adam_step=False train_time:1987207ms step_avg:1277.95ms
step:1555/1555 val_step:82/320 val_loss:3.2984 chunk_loss:6941.5293 is_adam_step=True train_time:1987207ms step_avg:1277.95ms
step:1555/1555 val_step:83/320 val_loss:3.2957 chunk_loss:6412.7727 is_adam_step=False train_time:1987207ms step_avg:1277.95ms
step:1555/1555 val_step:84/320 val_loss:3.2962 chunk_loss:6965.7341 is_adam_step=True train_time:1987207ms step_avg:1277.95ms
step:1555/1555 val_step:85/320 val_loss:3.2958 chunk_loss:6802.2790 is_adam_step=False train_time:1987207ms step_avg:1277.95ms
step:1555/1555 val_step:86/320 val_loss:3.2956 chunk_loss:6835.1312 is_adam_step=True train_time:1987207ms step_avg:1277.95ms
step:1555/1555 val_step:87/320 val_loss:3.2953 chunk_loss:6781.4419 is_adam_step=False train_time:1987207ms step_avg:1277.95ms
step:1555/1555 val_step:88/320 val_loss:3.2951 chunk_loss:6844.0623 is_adam_step=True train_time:1987207ms step_avg:1277.95ms
step:1555/1555 val_step:89/320 val_loss:3.2959 chunk_loss:7005.7437 is_adam_step=False train_time:1987207ms step_avg:1277.95ms
step:1555/1555 val_step:90/320 val_loss:3.2944 chunk_loss:6590.6440 is_adam_step=True train_time:1987207ms step_avg:1277.95ms
step:1555/1555 val_step:91/320 val_loss:3.2932 chunk_loss:6667.5757 is_adam_step=False train_time:1987207ms step_avg:1277.95ms
step:1555/1555 val_step:92/320 val_loss:3.2944 chunk_loss:7102.6102 is_adam_step=True train_time:1987207ms step_avg:1277.95ms
step:1555/1555 val_step:93/320 val_loss:3.2951 chunk_loss:6985.5464 is_adam_step=False train_time:1987207ms step_avg:1277.95ms
step:1555/1555 val_step:94/320 val_loss:3.2960 chunk_loss:7057.5555 is_adam_step=True train_time:1987207ms step_avg:1277.95ms
step:1555/1555 val_step:95/320 val_loss:3.2964 chunk_loss:6912.5904 is_adam_step=False train_time:1987207ms step_avg:1277.95ms
step:1555/1555 val_step:96/320 val_loss:3.2978 chunk_loss:7118.4307 is_adam_step=True train_time:1987207ms step_avg:1277.95ms
step:1555/1555 val_step:97/320 val_loss:3.3016 chunk_loss:7651.7870 is_adam_step=False train_time:1987207ms step_avg:1277.95ms
step:1555/1555 val_step:98/320 val_loss:3.3020 chunk_loss:6959.0662 is_adam_step=True train_time:1987207ms step_avg:1277.95ms
step:1555/1555 val_step:99/320 val_loss:3.3021 chunk_loss:6895.0848 is_adam_step=False train_time:1987207ms step_avg:1277.95ms
step:1555/1555 val_step:100/320 val_loss:3.3020 chunk_loss:6847.0463 is_adam_step=True train_time:1987207ms step_avg:1277.95ms
step:1555/1555 val_step:101/320 val_loss:3.3014 chunk_loss:6720.5657 is_adam_step=False train_time:1987207ms step_avg:1277.95ms
step:1555/1555 val_step:102/320 val_loss:3.3025 chunk_loss:7093.4437 is_adam_step=True train_time:1987207ms step_avg:1277.95ms
step:1555/1555 val_step:103/320 val_loss:3.3044 chunk_loss:7297.8654 is_adam_step=False train_time:1987207ms step_avg:1277.95ms
step:1555/1555 val_step:104/320 val_loss:3.3041 chunk_loss:6846.7106 is_adam_step=True train_time:1987207ms step_avg:1277.95ms
step:1555/1555 val_step:105/320 val_loss:3.3038 chunk_loss:6817.7176 is_adam_step=False train_time:1987207ms step_avg:1277.95ms
step:1555/1555 val_step:106/320 val_loss:3.3016 chunk_loss:6413.8109 is_adam_step=True train_time:1987207ms step_avg:1277.95ms
step:1555/1555 val_step:107/320 val_loss:3.3012 chunk_loss:6756.7404 is_adam_step=False train_time:1987207ms step_avg:1277.95ms
step:1555/1555 val_step:108/320 val_loss:3.3008 chunk_loss:6768.7321 is_adam_step=True train_time:1987207ms step_avg:1277.95ms
step:1555/1555 val_step:109/320 val_loss:3.3005 chunk_loss:6875.8668 is_adam_step=False train_time:1987207ms step_avg:1277.95ms
step:1555/1555 val_step:110/320 val_loss:3.3006 chunk_loss:6910.4160 is_adam_step=True train_time:1987207ms step_avg:1277.95ms
step:1555/1555 val_step:111/320 val_loss:3.3018 chunk_loss:7181.3795 is_adam_step=False train_time:1987207ms step_avg:1277.95ms
step:1555/1555 val_step:112/320 val_loss:3.3015 chunk_loss:6792.7851 is_adam_step=True train_time:1987207ms step_avg:1277.95ms
step:1555/1555 val_step:113/320 val_loss:3.3001 chunk_loss:6547.1167 is_adam_step=False train_time:1987207ms step_avg:1277.95ms
step:1555/1555 val_step:114/320 val_loss:3.2988 chunk_loss:6581.4249 is_adam_step=True train_time:1987207ms step_avg:1277.95ms
step:1555/1555 val_step:115/320 val_loss:3.2977 chunk_loss:6611.7092 is_adam_step=False train_time:1987207ms step_avg:1277.95ms
step:1555/1555 val_step:116/320 val_loss:3.2972 chunk_loss:6783.9851 is_adam_step=True train_time:1987207ms step_avg:1277.95ms
step:1555/1555 val_step:117/320 val_loss:3.2977 chunk_loss:6999.8074 is_adam_step=False train_time:1987207ms step_avg:1277.95ms
step:1555/1555 val_step:118/320 val_loss:3.2984 chunk_loss:7046.9150 is_adam_step=True train_time:1987207ms step_avg:1277.95ms
step:1555/1555 val_step:119/320 val_loss:3.2979 chunk_loss:6730.5565 is_adam_step=False train_time:1987207ms step_avg:1277.95ms
step:1555/1555 val_step:120/320 val_loss:3.2982 chunk_loss:6927.3844 is_adam_step=True train_time:1987207ms step_avg:1277.95ms
step:1555/1555 val_step:121/320 val_loss:3.2976 chunk_loss:6705.2662 is_adam_step=False train_time:1987207ms step_avg:1277.95ms
step:1555/1555 val_step:122/320 val_loss:3.2974 chunk_loss:6818.4712 is_adam_step=True train_time:1987207ms step_avg:1277.95ms
step:1555/1555 val_step:123/320 val_loss:3.2963 chunk_loss:6646.0812 is_adam_step=False train_time:1987207ms step_avg:1277.95ms
step:1555/1555 val_step:124/320 val_loss:3.2965 chunk_loss:6913.7589 is_adam_step=True train_time:1987207ms step_avg:1277.95ms
step:1555/1555 val_step:125/320 val_loss:3.2969 chunk_loss:6981.8273 is_adam_step=False train_time:1987207ms step_avg:1277.95ms
step:1555/1555 val_step:126/320 val_loss:3.2950 chunk_loss:6389.6679 is_adam_step=True train_time:1987207ms step_avg:1277.95ms
step:1555/1555 val_step:127/320 val_loss:3.2953 chunk_loss:6932.9994 is_adam_step=False train_time:1987207ms step_avg:1277.95ms
step:1555/1555 val_step:128/320 val_loss:3.2945 chunk_loss:6675.2128 is_adam_step=True train_time:1987207ms step_avg:1277.95ms
step:1555/1555 val_step:129/320 val_loss:3.2932 chunk_loss:6554.3051 is_adam_step=False train_time:1987207ms step_avg:1277.95ms
step:1555/1555 val_step:130/320 val_loss:3.2935 chunk_loss:6928.4271 is_adam_step=True train_time:1987207ms step_avg:1277.95ms
step:1555/1555 val_step:131/320 val_loss:3.2932 chunk_loss:6803.1327 is_adam_step=False train_time:1987207ms step_avg:1277.95ms
step:1555/1555 val_step:132/320 val_loss:3.2950 chunk_loss:7334.2148 is_adam_step=True train_time:1987207ms step_avg:1277.95ms
step:1555/1555 val_step:133/320 val_loss:3.2963 chunk_loss:7211.6276 is_adam_step=False train_time:1987207ms step_avg:1277.95ms
step:1555/1555 val_step:134/320 val_loss:3.2938 chunk_loss:6256.0439 is_adam_step=True train_time:1987207ms step_avg:1277.95ms
step:1555/1555 val_step:135/320 val_loss:3.2931 chunk_loss:6715.1088 is_adam_step=False train_time:1987207ms step_avg:1277.95ms
step:1555/1555 val_step:136/320 val_loss:3.2937 chunk_loss:6992.3712 is_adam_step=True train_time:1987207ms step_avg:1277.95ms
step:1555/1555 val_step:137/320 val_loss:3.2942 chunk_loss:6991.8359 is_adam_step=False train_time:1987207ms step_avg:1277.95ms
step:1555/1555 val_step:138/320 val_loss:3.2962 chunk_loss:7435.3972 is_adam_step=True train_time:1987207ms step_avg:1277.95ms
step:1555/1555 val_step:139/320 val_loss:3.2966 chunk_loss:6976.8195 is_adam_step=False train_time:1987207ms step_avg:1277.95ms
step:1555/1555 val_step:140/320 val_loss:3.2967 chunk_loss:6895.7160 is_adam_step=True train_time:1987207ms step_avg:1277.95ms
step:1555/1555 val_step:141/320 val_loss:3.2967 chunk_loss:6847.0422 is_adam_step=False train_time:1987207ms step_avg:1277.95ms
step:1555/1555 val_step:142/320 val_loss:3.2973 chunk_loss:7021.8438 is_adam_step=True train_time:1987207ms step_avg:1277.95ms
step:1555/1555 val_step:143/320 val_loss:3.2986 chunk_loss:7277.6975 is_adam_step=False train_time:1987207ms step_avg:1277.95ms
step:1555/1555 val_step:144/320 val_loss:3.2994 chunk_loss:7132.7953 is_adam_step=True train_time:1987207ms step_avg:1277.95ms
step:1555/1555 val_step:145/320 val_loss:3.2989 chunk_loss:6745.9948 is_adam_step=False train_time:1987207ms step_avg:1277.95ms
step:1555/1555 val_step:146/320 val_loss:3.2993 chunk_loss:6956.6919 is_adam_step=True train_time:1987207ms step_avg:1277.95ms
step:1555/1555 val_step:147/320 val_loss:3.3000 chunk_loss:7053.3574 is_adam_step=False train_time:1987207ms step_avg:1277.95ms
step:1555/1555 val_step:148/320 val_loss:3.3011 chunk_loss:7242.9775 is_adam_step=True train_time:1987207ms step_avg:1277.95ms
step:1555/1555 val_step:149/320 val_loss:3.3002 chunk_loss:6638.5585 is_adam_step=False train_time:1987207ms step_avg:1277.95ms
step:1555/1555 val_step:150/320 val_loss:3.2997 chunk_loss:6687.5259 is_adam_step=True train_time:1987207ms step_avg:1277.95ms
step:1555/1555 val_step:151/320 val_loss:3.3000 chunk_loss:6951.4081 is_adam_step=False train_time:1987207ms step_avg:1277.95ms
step:1555/1555 val_step:152/320 val_loss:3.2992 chunk_loss:6588.5982 is_adam_step=True train_time:1987207ms step_avg:1277.95ms
step:1555/1555 val_step:153/320 val_loss:3.2985 chunk_loss:6656.4352 is_adam_step=False train_time:1987207ms step_avg:1277.95ms
step:1555/1555 val_step:154/320 val_loss:3.2985 chunk_loss:6811.3087 is_adam_step=True train_time:1987207ms step_avg:1277.95ms
step:1555/1555 val_step:155/320 val_loss:3.2987 chunk_loss:6932.7689 is_adam_step=False train_time:1987207ms step_avg:1277.95ms
step:1555/1555 val_step:156/320 val_loss:3.2985 chunk_loss:6771.4826 is_adam_step=True train_time:1987207ms step_avg:1277.95ms
step:1555/1555 val_step:157/320 val_loss:3.2985 chunk_loss:6946.9807 is_adam_step=False train_time:1987207ms step_avg:1277.95ms
step:1555/1555 val_step:158/320 val_loss:3.2986 chunk_loss:6872.3194 is_adam_step=True train_time:1987207ms step_avg:1277.95ms
step:1555/1555 val_step:159/320 val_loss:3.2986 chunk_loss:6860.1292 is_adam_step=False train_time:1987207ms step_avg:1277.95ms
step:1555/1555 val_step:160/320 val_loss:3.2995 chunk_loss:7218.6917 is_adam_step=True train_time:1987207ms step_avg:1277.95ms
step:1555/1555 val_step:161/320 val_loss:3.2994 chunk_loss:6834.4026 is_adam_step=False train_time:1987207ms step_avg:1277.95ms
step:1555/1555 val_step:162/320 val_loss:3.2999 chunk_loss:7016.3631 is_adam_step=True train_time:1987207ms step_avg:1277.95ms
step:1555/1555 val_step:163/320 val_loss:3.2991 chunk_loss:6621.3100 is_adam_step=False train_time:1987207ms step_avg:1277.95ms
step:1555/1555 val_step:164/320 val_loss:3.2990 chunk_loss:6818.0317 is_adam_step=True train_time:1987207ms step_avg:1277.95ms
step:1555/1555 val_step:165/320 val_loss:3.3022 chunk_loss:8000.7960 is_adam_step=False train_time:1987207ms step_avg:1277.95ms
step:1555/1555 val_step:166/320 val_loss:3.3031 chunk_loss:7204.8628 is_adam_step=True train_time:1987207ms step_avg:1277.95ms
step:1555/1555 val_step:167/320 val_loss:3.3035 chunk_loss:7056.1719 is_adam_step=False train_time:1987207ms step_avg:1277.95ms
step:1555/1555 val_step:168/320 val_loss:3.3031 chunk_loss:6776.5361 is_adam_step=True train_time:1987207ms step_avg:1277.95ms
step:1555/1555 val_step:169/320 val_loss:3.3032 chunk_loss:6917.9019 is_adam_step=False train_time:1987207ms step_avg:1277.95ms
step:1555/1555 val_step:170/320 val_loss:3.3030 chunk_loss:6779.1468 is_adam_step=True train_time:1987207ms step_avg:1277.95ms
step:1555/1555 val_step:171/320 val_loss:3.3018 chunk_loss:6451.7886 is_adam_step=False train_time:1987207ms step_avg:1277.95ms
step:1555/1555 val_step:172/320 val_loss:3.3015 chunk_loss:6841.4236 is_adam_step=True train_time:1987207ms step_avg:1277.95ms
step:1555/1555 val_step:173/320 val_loss:3.3012 chunk_loss:6752.1057 is_adam_step=False train_time:1987207ms step_avg:1277.95ms
step:1555/1555 val_step:174/320 val_loss:3.3025 chunk_loss:7341.2698 is_adam_step=True train_time:1987207ms step_avg:1277.95ms
step:1555/1555 val_step:175/320 val_loss:3.3024 chunk_loss:6828.2373 is_adam_step=False train_time:1987207ms step_avg:1277.95ms
step:1555/1555 val_step:176/320 val_loss:3.3026 chunk_loss:6980.3579 is_adam_step=True train_time:1987207ms step_avg:1277.95ms
step:1555/1555 val_step:177/320 val_loss:3.3014 chunk_loss:6437.6328 is_adam_step=False train_time:1987207ms step_avg:1277.95ms
step:1555/1555 val_step:178/320 val_loss:3.3015 chunk_loss:6899.1471 is_adam_step=True train_time:1987207ms step_avg:1277.95ms
step:1555/1555 val_step:179/320 val_loss:3.3016 chunk_loss:6901.5885 is_adam_step=False train_time:1987207ms step_avg:1277.95ms
step:1555/1555 val_step:180/320 val_loss:3.3010 chunk_loss:6635.7207 is_adam_step=True train_time:1987207ms step_avg:1277.95ms
step:1555/1555 val_step:181/320 val_loss:3.3013 chunk_loss:7043.9461 is_adam_step=False train_time:1987207ms step_avg:1277.95ms
step:1555/1555 val_step:182/320 val_loss:3.2999 chunk_loss:6306.7766 is_adam_step=True train_time:1987207ms step_avg:1277.95ms
step:1555/1555 val_step:183/320 val_loss:3.3006 chunk_loss:7283.2847 is_adam_step=False train_time:1987207ms step_avg:1277.95ms
step:1555/1555 val_step:184/320 val_loss:3.2995 chunk_loss:6472.1128 is_adam_step=True train_time:1987207ms step_avg:1277.95ms
step:1555/1555 val_step:185/320 val_loss:3.2974 chunk_loss:6087.9420 is_adam_step=False train_time:1987207ms step_avg:1277.95ms
step:1555/1555 val_step:186/320 val_loss:3.2970 chunk_loss:6706.1155 is_adam_step=True train_time:1987207ms step_avg:1277.95ms
step:1555/1555 val_step:187/320 val_loss:3.2964 chunk_loss:6638.6645 is_adam_step=False train_time:1987207ms step_avg:1277.95ms
step:1555/1555 val_step:188/320 val_loss:3.2971 chunk_loss:7158.3007 is_adam_step=True train_time:1987207ms step_avg:1277.95ms
step:1555/1555 val_step:189/320 val_loss:3.2958 chunk_loss:6372.3499 is_adam_step=False train_time:1987207ms step_avg:1277.95ms
step:1555/1555 val_step:190/320 val_loss:3.2957 chunk_loss:6805.9700 is_adam_step=True train_time:1987207ms step_avg:1277.95ms
step:1555/1555 val_step:191/320 val_loss:3.2953 chunk_loss:6701.0348 is_adam_step=False train_time:1987207ms step_avg:1277.95ms
step:1555/1555 val_step:192/320 val_loss:3.2951 chunk_loss:6796.7521 is_adam_step=True train_time:1987207ms step_avg:1277.95ms
step:1555/1555 val_step:193/320 val_loss:3.2953 chunk_loss:6945.8656 is_adam_step=False train_time:1987207ms step_avg:1277.95ms
step:1555/1555 val_step:194/320 val_loss:3.2959 chunk_loss:7098.2240 is_adam_step=True train_time:1987207ms step_avg:1277.95ms
step:1555/1555 val_step:195/320 val_loss:3.2950 chunk_loss:6512.0745 is_adam_step=False train_time:1987207ms step_avg:1277.95ms
step:1555/1555 val_step:196/320 val_loss:3.2947 chunk_loss:6763.3051 is_adam_step=True train_time:1987207ms step_avg:1277.95ms
step:1555/1555 val_step:197/320 val_loss:3.2948 chunk_loss:6946.7029 is_adam_step=False train_time:1987207ms step_avg:1277.95ms
step:1555/1555 val_step:198/320 val_loss:3.2952 chunk_loss:7026.5934 is_adam_step=True train_time:1987207ms step_avg:1277.95ms
step:1555/1555 val_step:199/320 val_loss:3.2946 chunk_loss:6602.1634 is_adam_step=False train_time:1987207ms step_avg:1277.95ms
step:1555/1555 val_step:200/320 val_loss:3.2940 chunk_loss:6654.4875 is_adam_step=True train_time:1987207ms step_avg:1277.95ms
step:1555/1555 val_step:201/320 val_loss:3.2921 chunk_loss:6167.8593 is_adam_step=False train_time:1987207ms step_avg:1277.95ms
step:1555/1555 val_step:202/320 val_loss:3.2931 chunk_loss:7284.4819 is_adam_step=True train_time:1987207ms step_avg:1277.95ms
step:1555/1555 val_step:203/320 val_loss:3.2922 chunk_loss:6472.9782 is_adam_step=False train_time:1987207ms step_avg:1277.95ms
step:1555/1555 val_step:204/320 val_loss:3.2916 chunk_loss:6645.1332 is_adam_step=True train_time:1987207ms step_avg:1277.95ms
step:1555/1555 val_step:205/320 val_loss:3.2920 chunk_loss:7012.1492 is_adam_step=False train_time:1987207ms step_avg:1277.95ms
step:1555/1555 val_step:206/320 val_loss:3.2916 chunk_loss:6727.2278 is_adam_step=True train_time:1987207ms step_avg:1277.95ms
step:1555/1555 val_step:207/320 val_loss:3.2917 chunk_loss:6870.3946 is_adam_step=False train_time:1987207ms step_avg:1277.95ms
step:1555/1555 val_step:208/320 val_loss:3.2906 chunk_loss:6390.5572 is_adam_step=True train_time:1987207ms step_avg:1277.95ms
step:1555/1555 val_step:209/320 val_loss:3.2910 chunk_loss:7016.8176 is_adam_step=False train_time:1987207ms step_avg:1277.95ms
step:1555/1555 val_step:210/320 val_loss:3.2897 chunk_loss:6378.6075 is_adam_step=True train_time:1987207ms step_avg:1277.95ms
step:1555/1555 val_step:211/320 val_loss:3.2892 chunk_loss:6572.2861 is_adam_step=False train_time:1987207ms step_avg:1277.95ms
step:1555/1555 val_step:212/320 val_loss:3.2908 chunk_loss:7527.7379 is_adam_step=True train_time:1987207ms step_avg:1277.95ms
step:1555/1555 val_step:213/320 val_loss:3.2906 chunk_loss:6771.5743 is_adam_step=False train_time:1987207ms step_avg:1277.95ms
step:1555/1555 val_step:214/320 val_loss:3.2914 chunk_loss:7188.9803 is_adam_step=True train_time:1987207ms step_avg:1277.95ms
step:1555/1555 val_step:215/320 val_loss:3.2903 chunk_loss:6422.8597 is_adam_step=False train_time:1987207ms step_avg:1277.95ms
step:1555/1555 val_step:216/320 val_loss:3.2902 chunk_loss:6764.9674 is_adam_step=True train_time:1987207ms step_avg:1277.95ms
step:1555/1555 val_step:217/320 val_loss:3.2907 chunk_loss:7124.8225 is_adam_step=False train_time:1987207ms step_avg:1277.95ms
step:1555/1555 val_step:218/320 val_loss:3.2907 chunk_loss:6829.2938 is_adam_step=True train_time:1987207ms step_avg:1277.95ms
step:1555/1555 val_step:219/320 val_loss:3.2911 chunk_loss:6985.3843 is_adam_step=False train_time:1987207ms step_avg:1277.95ms
step:1555/1555 val_step:220/320 val_loss:3.2911 chunk_loss:6815.0557 is_adam_step=True train_time:1987207ms step_avg:1277.95ms
step:1555/1555 val_step:221/320 val_loss:3.2909 chunk_loss:6796.1937 is_adam_step=False train_time:1987207ms step_avg:1277.95ms
step:1555/1555 val_step:222/320 val_loss:3.2910 chunk_loss:6901.5497 is_adam_step=True train_time:1987207ms step_avg:1277.95ms
step:1555/1555 val_step:223/320 val_loss:3.2909 chunk_loss:6806.6441 is_adam_step=False train_time:1987207ms step_avg:1277.95ms
step:1555/1555 val_step:224/320 val_loss:3.2903 chunk_loss:6576.4872 is_adam_step=True train_time:1987207ms step_avg:1277.95ms
step:1555/1555 val_step:225/320 val_loss:3.2893 chunk_loss:6499.4892 is_adam_step=False train_time:1987207ms step_avg:1277.95ms
step:1555/1555 val_step:226/320 val_loss:3.2888 chunk_loss:6622.3611 is_adam_step=True train_time:1987207ms step_avg:1277.95ms
step:1555/1555 val_step:227/320 val_loss:3.2891 chunk_loss:6955.9650 is_adam_step=False train_time:1987207ms step_avg:1277.95ms
step:1555/1555 val_step:228/320 val_loss:3.2892 chunk_loss:6940.7489 is_adam_step=True train_time:1987207ms step_avg:1277.95ms
step:1555/1555 val_step:229/320 val_loss:3.2897 chunk_loss:7106.1630 is_adam_step=False train_time:1987207ms step_avg:1277.95ms
step:1555/1555 val_step:230/320 val_loss:3.2899 chunk_loss:6948.8686 is_adam_step=True train_time:1987207ms step_avg:1277.95ms
step:1555/1555 val_step:231/320 val_loss:3.2895 chunk_loss:6624.9368 is_adam_step=False train_time:1987207ms step_avg:1277.95ms
step:1555/1555 val_step:232/320 val_loss:3.2898 chunk_loss:7027.7506 is_adam_step=True train_time:1987207ms step_avg:1277.95ms
step:1555/1555 val_step:233/320 val_loss:3.2904 chunk_loss:7132.3554 is_adam_step=False train_time:1987207ms step_avg:1277.95ms
step:1555/1555 val_step:234/320 val_loss:3.2901 chunk_loss:6738.9147 is_adam_step=True train_time:1987207ms step_avg:1277.95ms
step:1555/1555 val_step:235/320 val_loss:3.2899 chunk_loss:6825.7804 is_adam_step=False train_time:1987207ms step_avg:1277.95ms
step:1555/1555 val_step:236/320 val_loss:3.2900 chunk_loss:6907.3930 is_adam_step=True train_time:1987207ms step_avg:1277.95ms
step:1555/1555 val_step:237/320 val_loss:3.2897 chunk_loss:6775.0368 is_adam_step=False train_time:1987207ms step_avg:1277.95ms
step:1555/1555 val_step:238/320 val_loss:3.2895 chunk_loss:6740.9754 is_adam_step=True train_time:1987207ms step_avg:1277.95ms
step:1555/1555 val_step:239/320 val_loss:3.2892 chunk_loss:6658.1234 is_adam_step=False train_time:1987207ms step_avg:1277.95ms
step:1555/1555 val_step:240/320 val_loss:3.2889 chunk_loss:6725.1817 is_adam_step=True train_time:1987207ms step_avg:1277.95ms
step:1555/1555 val_step:241/320 val_loss:3.2889 chunk_loss:6902.7518 is_adam_step=False train_time:1987207ms step_avg:1277.95ms
step:1555/1555 val_step:242/320 val_loss:3.2898 chunk_loss:7365.4774 is_adam_step=True train_time:1987207ms step_avg:1277.95ms
step:1555/1555 val_step:243/320 val_loss:3.2895 chunk_loss:6714.1761 is_adam_step=False train_time:1987207ms step_avg:1277.95ms
step:1555/1555 val_step:244/320 val_loss:3.2899 chunk_loss:7028.1905 is_adam_step=True train_time:1987207ms step_avg:1277.95ms
step:1555/1555 val_step:245/320 val_loss:3.2901 chunk_loss:6955.9565 is_adam_step=False train_time:1987207ms step_avg:1277.95ms
step:1555/1555 val_step:246/320 val_loss:3.2904 chunk_loss:6978.7813 is_adam_step=True train_time:1987207ms step_avg:1277.95ms
step:1555/1555 val_step:247/320 val_loss:3.2904 chunk_loss:6857.7216 is_adam_step=False train_time:1987207ms step_avg:1277.95ms
step:1555/1555 val_step:248/320 val_loss:3.2902 chunk_loss:6732.9763 is_adam_step=True train_time:1987207ms step_avg:1277.95ms
step:1555/1555 val_step:249/320 val_loss:3.2915 chunk_loss:7499.5377 is_adam_step=False train_time:1987207ms step_avg:1277.95ms
step:1555/1555 val_step:250/320 val_loss:3.2915 chunk_loss:6838.0005 is_adam_step=True train_time:1987207ms step_avg:1277.95ms
step:1555/1555 val_step:251/320 val_loss:3.2916 chunk_loss:6880.8925 is_adam_step=False train_time:1987207ms step_avg:1277.95ms
step:1555/1555 val_step:252/320 val_loss:3.2920 chunk_loss:7049.6532 is_adam_step=True train_time:1987207ms step_avg:1277.95ms
step:1555/1555 val_step:253/320 val_loss:3.2918 chunk_loss:6739.7101 is_adam_step=False train_time:1987207ms step_avg:1277.95ms
step:1555/1555 val_step:254/320 val_loss:3.2922 chunk_loss:7033.9462 is_adam_step=True train_time:1987207ms step_avg:1277.95ms
step:1555/1555 val_step:255/320 val_loss:3.2924 chunk_loss:6968.1650 is_adam_step=False train_time:1987207ms step_avg:1277.95ms
step:1555/1555 val_step:256/320 val_loss:3.2923 chunk_loss:6833.5959 is_adam_step=True train_time:1987207ms step_avg:1277.95ms
step:1555/1555 val_step:257/320 val_loss:3.2932 chunk_loss:7406.8184 is_adam_step=False train_time:1987207ms step_avg:1277.95ms
step:1555/1555 val_step:258/320 val_loss:3.2926 chunk_loss:6520.5072 is_adam_step=True train_time:1987207ms step_avg:1277.95ms
step:1555/1555 val_step:259/320 val_loss:3.2928 chunk_loss:6924.0338 is_adam_step=False train_time:1987207ms step_avg:1277.95ms
step:1555/1555 val_step:260/320 val_loss:3.2926 chunk_loss:6745.2971 is_adam_step=True train_time:1987207ms step_avg:1277.95ms
step:1555/1555 val_step:261/320 val_loss:3.2926 chunk_loss:6876.1384 is_adam_step=False train_time:1987207ms step_avg:1277.95ms
step:1555/1555 val_step:262/320 val_loss:3.2929 chunk_loss:6956.7284 is_adam_step=True train_time:1987207ms step_avg:1277.95ms
step:1555/1555 val_step:263/320 val_loss:3.2925 chunk_loss:6687.1939 is_adam_step=False train_time:1987207ms step_avg:1277.95ms
step:1555/1555 val_step:264/320 val_loss:3.2928 chunk_loss:6971.4684 is_adam_step=True train_time:1987207ms step_avg:1277.95ms
step:1555/1555 val_step:265/320 val_loss:3.2923 chunk_loss:6643.0868 is_adam_step=False train_time:1987207ms step_avg:1277.95ms
step:1555/1555 val_step:266/320 val_loss:3.2925 chunk_loss:6989.1503 is_adam_step=True train_time:1987207ms step_avg:1277.95ms
step:1555/1555 val_step:267/320 val_loss:3.2919 chunk_loss:6498.9827 is_adam_step=False train_time:1987207ms step_avg:1277.95ms
step:1555/1555 val_step:268/320 val_loss:3.2914 chunk_loss:6586.6843 is_adam_step=True train_time:1987207ms step_avg:1277.95ms
step:1555/1555 val_step:269/320 val_loss:3.2912 chunk_loss:6713.0008 is_adam_step=False train_time:1987207ms step_avg:1277.95ms
step:1555/1555 val_step:270/320 val_loss:3.2908 chunk_loss:6622.4345 is_adam_step=True train_time:1987207ms step_avg:1277.95ms
step:1555/1555 val_step:271/320 val_loss:3.2900 chunk_loss:6421.5595 is_adam_step=False train_time:1987207ms step_avg:1277.95ms
step:1555/1555 val_step:272/320 val_loss:3.2892 chunk_loss:6423.6932 is_adam_step=True train_time:1987207ms step_avg:1277.95ms
step:1555/1555 val_step:273/320 val_loss:3.2892 chunk_loss:6888.2741 is_adam_step=False train_time:1987207ms step_avg:1277.95ms
step:1555/1555 val_step:274/320 val_loss:3.2892 chunk_loss:6875.0953 is_adam_step=True train_time:1987207ms step_avg:1277.95ms
step:1555/1555 val_step:275/320 val_loss:3.2897 chunk_loss:7143.9486 is_adam_step=False train_time:1987207ms step_avg:1277.95ms
step:1555/1555 val_step:276/320 val_loss:3.2892 chunk_loss:6541.9380 is_adam_step=True train_time:1987207ms step_avg:1277.95ms
step:1555/1555 val_step:277/320 val_loss:3.2884 chunk_loss:6399.0159 is_adam_step=False train_time:1987207ms step_avg:1277.95ms
step:1555/1555 val_step:278/320 val_loss:3.2883 chunk_loss:6759.1846 is_adam_step=True train_time:1987207ms step_avg:1277.95ms
step:1555/1555 val_step:279/320 val_loss:3.2887 chunk_loss:7065.7101 is_adam_step=False train_time:1987207ms step_avg:1277.95ms
step:1555/1555 val_step:280/320 val_loss:3.2888 chunk_loss:6853.4025 is_adam_step=True train_time:1987207ms step_avg:1277.95ms
step:1555/1555 val_step:281/320 val_loss:3.2884 chunk_loss:6663.6888 is_adam_step=False train_time:1987207ms step_avg:1277.95ms
step:1555/1555 val_step:282/320 val_loss:3.2883 chunk_loss:6751.4907 is_adam_step=True train_time:1987207ms step_avg:1277.95ms
step:1555/1555 val_step:283/320 val_loss:3.2880 chunk_loss:6694.4651 is_adam_step=False train_time:1987207ms step_avg:1277.95ms
step:1555/1555 val_step:284/320 val_loss:3.2884 chunk_loss:7067.9984 is_adam_step=True train_time:1987207ms step_avg:1277.95ms
step:1555/1555 val_step:285/320 val_loss:3.2877 chunk_loss:6469.0108 is_adam_step=False train_time:1987207ms step_avg:1277.95ms
step:1555/1555 val_step:286/320 val_loss:3.2874 chunk_loss:6661.9533 is_adam_step=True train_time:1987207ms step_avg:1277.95ms
step:1555/1555 val_step:287/320 val_loss:3.2877 chunk_loss:7052.4104 is_adam_step=False train_time:1987207ms step_avg:1277.95ms
step:1555/1555 val_step:288/320 val_loss:3.2875 chunk_loss:6719.9666 is_adam_step=True train_time:1987207ms step_avg:1277.95ms
step:1555/1555 val_step:289/320 val_loss:3.2879 chunk_loss:7084.2133 is_adam_step=False train_time:1987207ms step_avg:1277.95ms
step:1555/1555 val_step:290/320 val_loss:3.2884 chunk_loss:7109.1461 is_adam_step=True train_time:1987207ms step_avg:1277.95ms
step:1555/1555 val_step:291/320 val_loss:3.2883 chunk_loss:6805.6162 is_adam_step=False train_time:1987207ms step_avg:1277.95ms
step:1555/1555 val_step:292/320 val_loss:3.2878 chunk_loss:6514.9408 is_adam_step=True train_time:1987207ms step_avg:1277.95ms
step:1555/1555 val_step:293/320 val_loss:3.2876 chunk_loss:6708.4609 is_adam_step=False train_time:1987207ms step_avg:1277.95ms
step:1555/1555 val_step:294/320 val_loss:3.2878 chunk_loss:6941.0256 is_adam_step=True train_time:1987207ms step_avg:1277.95ms
step:1555/1555 val_step:295/320 val_loss:3.2881 chunk_loss:6959.7582 is_adam_step=False train_time:1987207ms step_avg:1277.95ms
step:1555/1555 val_step:296/320 val_loss:3.2881 chunk_loss:6885.6888 is_adam_step=True train_time:1987207ms step_avg:1277.95ms
step:1555/1555 val_step:297/320 val_loss:3.2875 chunk_loss:6442.3127 is_adam_step=False train_time:1987207ms step_avg:1277.95ms
step:1555/1555 val_step:298/320 val_loss:3.2871 chunk_loss:6630.2639 is_adam_step=True train_time:1987207ms step_avg:1277.95ms
step:1555/1555 val_step:299/320 val_loss:3.2870 chunk_loss:6708.3903 is_adam_step=False train_time:1987207ms step_avg:1277.95ms
step:1555/1555 val_step:300/320 val_loss:3.2866 chunk_loss:6640.6317 is_adam_step=True train_time:1987207ms step_avg:1277.95ms
step:1555/1555 val_step:301/320 val_loss:3.2863 chunk_loss:6650.2149 is_adam_step=False train_time:1987207ms step_avg:1277.95ms
step:1555/1555 val_step:302/320 val_loss:3.2862 chunk_loss:6738.9127 is_adam_step=True train_time:1987207ms step_avg:1277.95ms
step:1555/1555 val_step:303/320 val_loss:3.2865 chunk_loss:7070.2676 is_adam_step=False train_time:1987207ms step_avg:1277.95ms
step:1555/1555 val_step:304/320 val_loss:3.2856 chunk_loss:6263.7132 is_adam_step=True train_time:1987207ms step_avg:1277.95ms
step:1555/1555 val_step:305/320 val_loss:3.2854 chunk_loss:6723.1656 is_adam_step=False train_time:1987207ms step_avg:1277.95ms
step:1555/1555 val_step:306/320 val_loss:3.2854 chunk_loss:6814.1453 is_adam_step=True train_time:1987207ms step_avg:1277.95ms
step:1555/1555 val_step:307/320 val_loss:3.2853 chunk_loss:6759.8069 is_adam_step=False train_time:1987207ms step_avg:1277.95ms
step:1555/1555 val_step:308/320 val_loss:3.2854 chunk_loss:6859.6032 is_adam_step=True train_time:1987207ms step_avg:1277.95ms
step:1555/1555 val_step:309/320 val_loss:3.2854 chunk_loss:6871.3413 is_adam_step=False train_time:1987207ms step_avg:1277.95ms
step:1555/1555 val_step:310/320 val_loss:3.2850 chunk_loss:6550.8389 is_adam_step=True train_time:1987207ms step_avg:1277.95ms
step:1555/1555 val_step:311/320 val_loss:3.2853 chunk_loss:7044.9382 is_adam_step=False train_time:1987207ms step_avg:1277.95ms
step:1555/1555 val_step:312/320 val_loss:3.2854 chunk_loss:6880.1331 is_adam_step=True train_time:1987207ms step_avg:1277.95ms
step:1555/1555 val_step:313/320 val_loss:3.2855 chunk_loss:6920.7112 is_adam_step=False train_time:1987207ms step_avg:1277.95ms
step:1555/1555 val_step:314/320 val_loss:3.2859 chunk_loss:7023.6746 is_adam_step=True train_time:1987207ms step_avg:1277.95ms
step:1555/1555 val_step:315/320 val_loss:3.2860 chunk_loss:6946.9117 is_adam_step=False train_time:1987207ms step_avg:1277.95ms
step:1555/1555 val_step:316/320 val_loss:3.2858 chunk_loss:6695.5101 is_adam_step=True train_time:1987207ms step_avg:1277.95ms
step:1555/1555 val_step:317/320 val_loss:3.2858 chunk_loss:6757.6332 is_adam_step=False train_time:1987207ms step_avg:1277.95ms
step:1555/1555 val_step:318/320 val_loss:3.2860 chunk_loss:6994.1702 is_adam_step=True train_time:1987207ms step_avg:1277.95ms
step:1555/1555 val_step:319/320 val_loss:3.2858 chunk_loss:6723.1329 is_adam_step=False train_time:1987207ms step_avg:1277.95ms
step:1555/1555 val_loss:3.2858 train_time:1987207ms step_avg:1277.95ms
peak memory allocated: 32552 MiB reserved: 32820 MiB
