import os
import sys

# Read the current file and the kernels file code ASAP, for logging
with open(sys.argv[0], 'r') as f:
    code = f.read()
with open(os.path.join(os.path.dirname(sys.argv[0]), 'triton_kernels.py'), 'r') as f:
    code += f"\n\n{'-'*40}\n# triton_kernels.py\n{'-'*40}\n\n"
    code += f.read()

import copy
import glob
import math
import threading
import time
import uuid
from dataclasses import dataclass
from itertools import accumulate, pairwise
from pathlib import Path
import gc

do_muon_ttt = os.environ.get('do_muon_ttt', 'False') == 'True'
os.environ["PYTORCH_ALLOC_CONF"] = "expandable_segments:True"
import torch
torch.autograd.set_detect_anomaly(True)
import triton

torch.empty(
    1, device=f"cuda:{os.environ['LOCAL_RANK']}", requires_grad=True
).backward()  # prevents a bug on some systems
import torch._dynamo as dynamo
import torch.distributed as dist
import torch.nn.functional as F

# torch._inductor.config.coordinate_descent_tuning = True # we have banned this flag for new records because it causes compilation to take 30min
from kernels import get_kernel
from torch import Tensor, nn

from triton_kernels import XXT, ba_plus_cAA, FusedLinearReLUSquareFunction, FusedSoftcappedCrossEntropy

dynamo.config.recompile_limit = 64

# -----------------------------------------------------------------------------
# Distributed training setup
rank = int(os.environ["RANK"])
world_size = int(os.environ["WORLD_SIZE"])
assert 8 % world_size == 0, "world_size must be a divisor of 8"
grad_accum_steps = 8 // world_size
grad_scale = 2 / grad_accum_steps # consistent grad magnitudes between different num_devices
assert torch.cuda.is_available()
device = torch.device("cuda", int(os.environ["LOCAL_RANK"]))
torch.cuda.set_device(device)
dist.init_process_group(backend="nccl", device_id=device)
dist.barrier()
master_process = (rank == 0) # this process will do logging, checkpointing etc.

# -----------------------------------------------------------------------------
# Custom operators: FP8 matmul by @YouJiacheng
# Transposed layout by @ChrisJMcCormick allows for faster gradient accumulation.

@torch.library.custom_op("nanogpt::mm_t", mutates_args=())
def mm_t_op(x: Tensor, w: Tensor, x_s: float, w_s: float, grad_s: float) -> tuple[Tensor, Tensor, Tensor]:
    """Computes y = x @ w with F8 weights stored as (in_features, out_features)."""
    @torch.compile
    def impl(x: Tensor, w: Tensor):
        assert x.is_contiguous() and w.is_contiguous()
        assert x.shape[1] == w.shape[0]  # x: (batch, in), w: (in, out)

        x_f8 = x.div(x_s).to(torch.float8_e4m3fn)
        w_f8 = w.div(w_s).to(torch.float8_e4m3fn)

        # _scaled_mm requires column-major B. w_f8 is row-major (in, out).
        # .T.contiguous().T creates a column-major view without changing logical shape.
        w_f8_col_major = w_f8.T.contiguous().T

        out = torch._scaled_mm(
            x_f8,
            w_f8_col_major,
            out_dtype=torch.bfloat16,
            scale_a=x.new_tensor(x_s, dtype=torch.float32),
            scale_b=x.new_tensor(w_s, dtype=torch.float32),
            use_fast_accum=True,
        )
        return out, x_f8, w_f8

    return impl(x, w)

@mm_t_op.register_fake
def _(x: Tensor, w: Tensor, *_):
    assert x.ndim == w.ndim == 2
    assert x.shape[1] == w.shape[0]
    assert x.device == w.device
    assert x.is_contiguous() and w.is_contiguous()
    return x @ w, x.to(torch.float8_e4m3fn), w.to(torch.float8_e4m3fn)

@torch.library.custom_op("nanogpt::mm_t_backward", mutates_args=())
def mm_t_backward_op(g: Tensor, x_f8: Tensor, w_f8: Tensor, x_s: float, w_s: float, grad_s: float) -> tuple[Tensor, Tensor]:
    @torch.compile
    def impl(grad: Tensor, x_f8: Tensor, w_f8: Tensor):
        assert grad.is_contiguous()

        x_scale = grad.new_tensor(x_s, dtype=torch.float32)
        w_scale = grad.new_tensor(w_s, dtype=torch.float32)
        grad_scale = grad.new_tensor(grad_s, dtype=torch.float32)
        grad_f8 = grad.div(grad_s).to(torch.float8_e5m2)

        # grad_x = grad @ w.T
        grad_x = torch._scaled_mm(
            grad_f8,
            w_f8.T,
            out_dtype=torch.bfloat16,
            scale_a=grad_scale,
            scale_b=w_scale,
            use_fast_accum=False,
        )

        # grad_w = x.T @ grad
        # Result is (in, out), naturally matching weight storage. No final .T needed.
        grad_w = torch._scaled_mm(
            x_f8.T.contiguous(),
            grad_f8.T.contiguous().T,
            out_dtype=torch.float32,
            scale_a=x_scale,
            scale_b=grad_scale,
            use_fast_accum=False,
        )

        return grad_x, grad_w

    grad_x, grad_w = impl(g, x_f8, w_f8)

    return grad_x, grad_w

@mm_t_backward_op.register_fake
def _(g: Tensor, x_f8: Tensor, w_f8: Tensor, *_):
    return x_f8.to(torch.bfloat16), w_f8.to(torch.float32)

def backward_t(ctx, grad_out: Tensor, *_):
    x_f8, w_f8 = ctx.saved_tensors
    x_s, w_s, grad_s = ctx.scales
    grad_x, grad_w = torch.ops.nanogpt.mm_t_backward(
        grad_out, x_f8, w_f8, x_s, w_s, grad_s
    )
    return grad_x, grad_w, None, None, None

def setup_context_t(ctx: torch.autograd.function.FunctionCtx, inputs, output):
    *_, x_s, w_s, grad_s = inputs
    _, x_f8, w_f8 = output
    ctx.save_for_backward(x_f8, w_f8)
    ctx.scales = x_s, w_s, grad_s
    ctx.set_materialize_grads(False)

mm_t_op.register_autograd(backward_t, setup_context=setup_context_t)

# -----------------------------------------------------------------------------
# Polar Express

# Computed for num_iters=5, safety_factor=2e-2, cushion=2
polar_express_coeffs = [
    (8.156554524902461, -22.48329292557795, 15.878769915207462),
    (4.042929935166739, -2.808917465908714, 0.5000178451051316),
    (3.8916678022926607, -2.772484153217685, 0.5060648178503393),
    (3.285753657755655, -2.3681294933425376, 0.46449024233003106),
    (2.3465413258596377, -1.7097828382687081, 0.42323551169305323)
]

@torch.compile(dynamic=False, fullgraph=True) # Must use dynamic=False or else it's much slower
def polar_express(G: torch.Tensor, split_baddbmm: bool = False):
    """
    Polar Express Sign Method: https://arxiv.org/pdf/2505.16932
    by Noah Amsel, David Persson, Christopher Musco, Robert M. Gower.
    """
    X = G.bfloat16()
    if G.size(-2) > G.size(-1):
        X = X.mT

    # Ensure spectral norm is at most 1
    X = X / (X.norm(dim=(-2, -1), keepdim=True) * (1 + 2e-2) + 1e-6)

    # Allocate buffers
    X = X.contiguous()
    A = torch.empty((*X.shape[:-1], X.size(-2)), device=X.device, dtype=X.dtype)
    B = torch.empty_like(A)
    C = torch.empty_like(X)

    # Select batched vs unbatched
    if split_baddbmm:
        BX_matmul = torch.bmm if X.ndim > 2 else torch.mm
    else:
        aX_plus_BX = torch.baddbmm if X.ndim > 2 else torch.addmm

    # Perform the iterations
    for a, b, c in polar_express_coeffs:
        XXT(X, out=A)  # A = X @ X.mT
        ba_plus_cAA(A, alpha=c, beta=b, out=B)  # B = b * A + c * A @ A

        # Referencing X twice causes pytorch to make a defensive copy,
        # resulting in a cudaMemcpyAsync in baddbmm.
        # For large matrices (i.e., the mlp weights), it's faster to split
        # the operation into two kernels to avoid this.
        if split_baddbmm:
            BX_matmul(B, X, out=C)  # C = B @ X
            C.add_(X, alpha=a)      # C = C + a*X  (in-place, X only read)
        else:
            aX_plus_BX(X, B, X, beta=a, out=C)  # C = a * X + B @ X

        X, C = C, X  # Swap references to avoid unnecessary copies

    if G.size(-2) > G.size(-1):
        X = X.mT
    return X


# -----------------------------------------------------------------------------
# Combined NorMuon + Adam Optimizer

@dataclass
class ParamConfig:
    """Per-parameter configuration for NorMuonAndAdam optimizer."""
    label: str
    optim: str  # "adam" or "normuon"
    comms: str  # "none", "replicated", or "sharded"
    adam_betas: tuple[float, float] | None
    lr_mul: float
    wd_mul: float
    lr: float
    initial_lr: float
    weight_decay: float
    # Adam-specific
    eps: float | None = None
    # NorMuon-specific
    reshape: tuple | None = None
    chunk_size: int | None = None
    momentum: float | None = None
    beta2: float | None = None
    per_matrix_lr_mul: list[float] | None = None


class NorMuonAndAdam:
    """
    Combined optimizer that handles both NorMuon (for projection matrices) and
    Adam (for embeddings/scalars/gate weights).

    Muon - MomentUm Orthogonalized by Newton-schulz

    https://kellerjordan.github.io/posts/muon/

    Muon internally runs standard SGD-momentum, and then performs an orthogonalization post-
    processing step, in which each 2D parameter's update is replaced with the nearest orthogonal
    matrix. To efficiently orthogonalize each update, Muon uses a Newton-Schulz iteration (replaced
    here with Polar Express), which has the advantage that it can be stably run in bfloat16 on the GPU.

    Muon is applied only to the projection matrices in the attention and MLP layers, and is not recommended
    for embeddings, scalars, or individual weight vectors (e.g., bias terms or gate weights).

    Differences from standard Muon:
    - Newton-Shulz is replaced with Polar Express for the orthogonalization step
    - NorMuon adds a low-rank variance estimator similar to Adafactor. https://arxiv.org/pdf/2510.05491
    - Cautious weight decay, a gated version of decoupled weight decay
    - Mantissa tracking for precision

    Adam (for embeddings/scalars/gates):
    - Standard Adam with bias correction
    - Cautious weight decay

    Configuration:
    Unlike torch.optim.Optimizer, this class uses per-parameter configs from a `param_table` dict
    and does not include parameter "groups". All parameters require a .label attribute, and a
    corresponding entry in the param_table to specify their hyperparameters (lr_mul, wd_mul, adam_betas, etc.).

    Communication and ordering:
    Gradient communication is explicitly scheduled rather than hook-driven.
    Reductions are launched in `scatter_order`, while update math and final
    gathers are executed in `work_order`. These orders are independent and
    must each contain every parameter label exactly once.

    Two communication modes are supported per parameter:
    - 'replicated': Gradients are all-reduced and each rank computes the full update.
    - 'sharded': Gradients are reduce-scattered, each rank updates its shard,
      and results are all-gathered.

    Adam parameters may be freely sharded. NorMuon operates on full matrices; sharding is
    supported by grouping matrices into parameter banks. NorMuon parameters must have a
    `.reshape` attribute that reshapes the bank so that the leading dimension is divisible
    by world_size.

    # Contributors include @YouJiacheng, @KonstantinWilleke, @alexrgilbert, @adricarda,
    # @tuttyfrutyee, @vdlad, @ryanyang0, @vagrawal, @varunneal, @chrisjmccormick
    """
    def __init__(self, named_params, param_table: dict, scatter_order: list, work_order: list,
                 adam_defaults: dict, normuon_defaults: dict):
        self.world_size = dist.get_world_size() if dist.is_initialized() else 1

        # Store defaults for each optimizer type
        self.adam_defaults = adam_defaults
        self.normuon_defaults = normuon_defaults
        self.param_table = param_table
        self.scatter_order = scatter_order
        self.work_order = work_order

        # Collect params by label and build config
        self.param_cfgs: dict[nn.Parameter, ParamConfig] = {}
        self.param_states: dict[nn.Parameter, dict] = {}
        self._param_by_label: dict[str, nn.Parameter] = {}
        for name, param in named_params:
            label = getattr(param, "label", None)
            assert label is not None and label in param_table  # all params must have valid label
            assert label not in self._param_by_label  # exactly one param per label
            self._param_by_label[label] = param
            self._build_param_cfg(param, label)

        # Assert scatter_order and work_order match present labels exactly
        present = set(self._param_by_label.keys())
        assert set(scatter_order) == present and set(work_order) == present

        # Handle world_size=1: overwrite comms to "none"
        if self.world_size == 1:
            for p_cfg in self.param_cfgs.values():
                p_cfg.comms = "none"

        # Initialize state for all params
        self._init_state()

        # 0-D CPU tensors to avoid recompilation
        self._step_size_t = torch.tensor(0.0, dtype=torch.float32, device="cpu")
        self._eff_wd_t = torch.tensor(0.0, dtype=torch.float32, device="cpu")
        self._eff_lr_t = torch.tensor(0.0, dtype=torch.float32, device="cpu")

        # Track async operations
        self._reduce_futures: dict[nn.Parameter, tuple] = {}

        # Embed/lm_head tying state
        self.split_embed = False
        self._lm_head_param = self._param_by_label.get("lm_head")
        self._embed_param = self._param_by_label.get("embed")

    def _build_param_cfg(self, param: nn.Parameter, label: str):
        """Build config for a single parameter from param_table."""
        table_entry = self.param_table[label]
        optim = table_entry["optim"]
        comms = table_entry["comms"]
        adam_betas = table_entry.get("adam_betas")
        lr_mul = table_entry.get("lr_mul", 1.0)
        wd_mul = table_entry.get("wd_mul", 1.0)

        if optim == "adam":
            chunk_size = param.shape[0] // self.world_size if comms == "sharded" else None
            p_cfg = ParamConfig(
                label=label,
                optim=optim,
                comms=comms,
                adam_betas=tuple(adam_betas) if adam_betas else None,
                lr_mul=lr_mul,
                wd_mul=wd_mul,
                lr=self.adam_defaults["lr"],
                initial_lr=self.adam_defaults["lr"],
                weight_decay=self.adam_defaults["weight_decay"],
                eps=self.adam_defaults["eps"],
                chunk_size=chunk_size,
            )
        elif optim == "normuon":
            reshape = getattr(param, "reshape", None)
            if reshape is None:
                raise ValueError(f"NorMuon param {label} must have .reshape attribute")
            if reshape[0] % self.world_size != 0:
                raise ValueError(f"reshape[0]={reshape[0]} must be divisible by world_size")

            chunk_size = reshape[0] // self.world_size
            chunk_shape = (chunk_size, *reshape[1:])
            # Shape-based LR multiplier for NorMuon
            shape_mult = max(1.0, chunk_shape[-2] / chunk_shape[-1]) ** 0.5 if len(chunk_shape) >= 2 else 1.0
            lr_mul = shape_mult * lr_mul

            # Per-matrix LR multipliers for MLP c_proj (2x LR on odd indices)
            per_matrix_lr_mul = None
            if label == "mlp":
                rank = dist.get_rank() if dist.is_initialized() else 0
                start_idx = rank * chunk_size
                per_matrix_lr_mul = []
                for i in range(chunk_size):
                    global_idx = start_idx + i
                    is_c_proj = (global_idx % 2 == 1)
                    per_matrix_lr_mul.append(2.0 if is_c_proj else 1.0)

            p_cfg = ParamConfig(
                label=label,
                optim=optim,
                comms=comms,
                adam_betas=tuple(adam_betas) if adam_betas else None,
                lr_mul=lr_mul,
                wd_mul=wd_mul,
                lr=self.normuon_defaults["lr"],
                initial_lr=self.normuon_defaults["lr"],
                weight_decay=self.normuon_defaults["weight_decay"],
                reshape=reshape,
                chunk_size=chunk_size,
                momentum=self.normuon_defaults["momentum"],
                beta2=self.normuon_defaults["beta2"],
                per_matrix_lr_mul=per_matrix_lr_mul,
            )
        else:
            raise ValueError(f"Unknown optim type: {optim}")

        self.param_cfgs[param] = p_cfg

    def _init_state(self):
        """Initialize optimizer state for all parameters."""
        for param, p_cfg in self.param_cfgs.items():
            if p_cfg.optim == "adam":
                # Sharded params use chunk state, replicated use full state
                if p_cfg.comms == "sharded":
                    chunk = param[:p_cfg.chunk_size]
                else:
                    chunk = param
                exp_avg = torch.zeros_like(chunk, dtype=torch.float32, device=param.device)
                self.param_states[param] = dict(step=0, exp_avg=exp_avg, exp_avg_sq=torch.zeros_like(exp_avg))

            elif p_cfg.optim == "normuon":
                chunk_shape = (p_cfg.chunk_size, *p_cfg.reshape[1:])

                # Momentum buffer (FP32 for precision)
                momentum_buffer = torch.zeros(
                    chunk_shape, dtype=torch.float32, device=param.device
                )

                # Second momentum buffer - reduced along one dimension
                if chunk_shape[-2] >= chunk_shape[-1]:
                    second_mom_shape = (*chunk_shape[:-1], 1)
                else:
                    second_mom_shape = (*chunk_shape[:-2], 1, chunk_shape[-1])
                second_momentum_buffer = torch.zeros(
                    second_mom_shape, dtype=torch.float32, device=param.device
                )

                # Mantissa buffer for precision tracking
                mantissa = torch.zeros(
                    chunk_shape, dtype=torch.uint16, device=param.device
                )

                self.param_states[param] = dict(
                    momentum_buffer=momentum_buffer,
                    second_momentum_buffer=second_momentum_buffer,
                    mantissa=mantissa,
                )

    # -----------------------------------
    # Reduce/Gather operations

    def _launch_reduce(self, param: nn.Parameter, grad: Tensor):
        """Launch async reduce for a parameter based on its comms policy."""
        p_cfg = self.param_cfgs[param]

        if p_cfg.comms == "none":
            if p_cfg.optim == "normuon":
                # NorMuon needs reshaped gradient even without communication
                grad = grad.view(p_cfg.reshape)
            self._reduce_futures[param] = (None, grad)
        elif p_cfg.comms == "replicated":
            future = dist.all_reduce(grad, op=dist.ReduceOp.AVG, async_op=True).get_future()
            self._reduce_futures[param] = (future, grad)
        elif p_cfg.comms == "sharded":
            if p_cfg.optim == "normuon":
                # NorMuon: reshape before reduce_scatter
                grad_reshaped = grad.view(p_cfg.reshape)
                grad_chunk = torch.empty(
                    (p_cfg.chunk_size, *grad_reshaped.shape[1:]),
                    dtype=grad.dtype,
                    device=grad.device
                )
                future = dist.reduce_scatter_tensor(
                    grad_chunk, grad_reshaped.contiguous(), op=dist.ReduceOp.AVG, async_op=True
                ).get_future()
                self._reduce_futures[param] = (future, grad_chunk)
            else:
                # Adam: simple reduce_scatter
                grad_chunk = torch.empty_like(grad[:p_cfg.chunk_size])
                future = dist.reduce_scatter_tensor(
                    grad_chunk, grad, op=dist.ReduceOp.AVG, async_op=True
                ).get_future()
                self._reduce_futures[param] = (future, grad_chunk)

    def _launch_gather(self, param: nn.Parameter, p_slice: Tensor) -> "torch.futures.Future":
        """Launch async all_gather for a sharded parameter."""
        p_cfg = self.param_cfgs[param]
        if p_cfg.optim == "normuon":
            full_param = param.data.view(p_cfg.reshape)
            assert full_param.is_contiguous()
            return dist.all_gather_into_tensor(
                full_param, p_slice.contiguous(), async_op=True
            ).get_future()
        else:
            return dist.all_gather_into_tensor(
                param, p_slice.contiguous(), async_op=True
            ).get_future()

    # -----------------------------------
    # State management

    def reset(self):
        """Reset NorMuon momentum buffers and split_embed state (called on training reset)."""
        self.split_embed = False
        for param, p_cfg in self.param_cfgs.items():
            if p_cfg.optim == "normuon":
                p_state = self.param_states[param]
                p_state["momentum_buffer"].zero_()
                p_state["mantissa"].zero_()
                p_state["second_momentum_buffer"].zero_()

    def copy_lm_state_to_embed(self):
        """
        Copy the optimizer state from the lm_head to the embed at the untie point.
        This requires an all-gather + reshard because of different sharding:
        - lm_head (768, 50304) is sharded to (96, 50304) per rank (along model_dim)
        - embed (50304, 768) is sharded to (6288, 768) per rank (along vocab_size)

        We all-gather the lm_head momentum, transpose it, then each rank takes their
        embed shard to get the correct momentum state.
        """
        lm_head = self._lm_head_param
        embed = self._embed_param
        lm_state = self.param_states[lm_head]
        embed_state = self.param_states[embed]
        lm_cfg = self.param_cfgs[lm_head]
        embed_cfg = self.param_cfgs[embed]

        embed_state['step'] = lm_state['step'] # Preserve step count for bias correction

        # Copy optimizer state with all-gather + transpose + reshard
        if self.world_size > 1:
            rank = dist.get_rank()
            lm_chunk_size = lm_cfg.chunk_size  # 96
            embed_chunk_size = embed_cfg.chunk_size  # 6288

            # All-gather lm_head momentum to get full (768, 50304) tensor
            for key in ["exp_avg", "exp_avg_sq"]:
                lm_chunk = lm_state[key]  # (96, 50304)
                full_lm = torch.empty(lm_head.shape[0], lm_head.shape[1], dtype=lm_chunk.dtype, device=lm_chunk.device)
                dist.all_gather_into_tensor(full_lm, lm_chunk.contiguous())
                embed_state[key].copy_(full_lm.T[rank * embed_chunk_size:(rank + 1) * embed_chunk_size])
        else:
            # Single GPU: simple transpose
            for key in ["exp_avg", "exp_avg_sq"]:
                embed_state[key].copy_(lm_state[key].T)

        # Mark as split
        self.split_embed = True

    def state_dict(self):
        """Return the optimizer state as a dict."""
        return {
            "param_states": {id(p): s for p, s in self.param_states.items()},
            "param_cfgs": {id(p): s for p, s in self.param_cfgs.items()},
        }

    def load_state_dict(self, state_dict):
        """Load optimizer state from a dict."""
        # Build id->param mapping
        id_to_param = {id(p): p for p in self.param_cfgs.keys()}

        # Load state, preserving dtypes
        for param_id, saved_p_state in state_dict["param_states"].items():
            if param_id in id_to_param:
                param = id_to_param[param_id]
                p_state = self.param_states[param]
                for k, v in saved_p_state.items():
                    if isinstance(v, torch.Tensor) and k in p_state:
                        target_dtype = p_state[k].dtype
                        p_state[k] = v.to(dtype=target_dtype, device=p_state[k].device)
                    else:
                        p_state[k] = v

    # -----------------------------------
    # Unified optimizer step with explicit ordering

    @torch.no_grad()
    def step(self, do_adam: bool = True):
        """
        Combined optimizer step with explicit ordering.

        Args:
            do_adam: If True, update Adam params. NorMuon params always updated.

        Flow:
        1. Scatter phase: Launch reduces in scatter_order
        2. Work phase: Process updates in work_order
           - Wait for reduce, compute update, launch gather
        3. Finalize phase: Wait for gathers

        While the embeddings are tied:
        - Comms and update math are only done on lm_head.
        - We add embed.grad.T into lm_head.grad before comms.
        - After lm_head gather, we copy lm_head.data.T --> embed.data
        """
        rank = dist.get_rank() if dist.is_initialized() else 0
        lm_param, embed_param = self._lm_head_param, self._embed_param

        # ===== Phase 1: Launch reduces in scatter_order =====
        for label in self.scatter_order:
            param = self._param_by_label[label]
            p_cfg = self.param_cfgs[param]

            if p_cfg.optim == "adam" and not do_adam:
                continue
            if param.grad is None:
                continue

            # lm_head when tied: aggregate embed.grad.T (transposed shapes)
            if label == "lm_head" and do_adam and not self.split_embed:
                if embed_param is not None and embed_param.grad is not None:
                    param.grad.add_(embed_param.grad.T)

            # Skip embed when tied (copied from lm_head after gather)
            if label == "embed" and not self.split_embed:
                continue

            self._launch_reduce(param, param.grad)

        # ===== Phase 2: Process updates in work_order =====
        gather_futures = []
        lm_head_gather_future = None

        for label in self.work_order:
            param = self._param_by_label[label]
            if param not in self._reduce_futures:
                continue

            p_cfg = self.param_cfgs[param]
            if p_cfg.optim == "adam" and not do_adam:
                continue
            # Wait for reduce
            future, grad_chunk = self._reduce_futures[param]
            if future is not None:
                future.wait()
            # Apply update based on optim type
            if p_cfg.optim == "adam":
                p_slice = self._adam_update(param, grad_chunk, p_cfg, rank)
            else:
                p_slice = self._normuon_update(param, grad_chunk, p_cfg, rank)
            # Launch gather for sharded params
            if p_cfg.comms == "sharded" and self.world_size > 1:
                gather_fut = self._launch_gather(param, p_slice)
                if label == "lm_head":
                    lm_head_gather_future = gather_fut
                else:
                    gather_futures.append(gather_fut)

        # ===== Phase 3: Wait for gathers, sync embed if tied =====
        # Wait for lm_head gather first so we can copy to embed while other gathers complete
        if lm_head_gather_future is not None:
            lm_head_gather_future.wait()

        # When tied: copy lm_head.T to embed
        if do_adam and not self.split_embed and embed_param is not None and lm_param is not None:
            embed_param.data.copy_(lm_param.data.T)

        # Wait for remaining gathers
        for fut in gather_futures:
            fut.wait()

        self._reduce_futures.clear()

        # Clear grads for updated params
        for param, p_cfg in self.param_cfgs.items():
            if p_cfg.optim == "adam" and not do_adam:
                continue  # Don't clear Adam grads on even steps
            param.grad = None

    # -----------------------------------
    # Adam update

    def _adam_update(self, param: nn.Parameter, grad_chunk: Tensor, p_cfg: ParamConfig, rank: int) -> Tensor:
        """Apply Adam update to a parameter. Returns the updated p_slice."""
        beta1, beta2 = p_cfg.adam_betas
        lr = p_cfg.lr * p_cfg.lr_mul

        # Get parameter slice
        if p_cfg.comms == "sharded":
            p_slice = param[rank * p_cfg.chunk_size:(rank + 1) * p_cfg.chunk_size]
        else:
            p_slice = param

        p_state = self.param_states[param]
        p_state["step"] += 1
        t = p_state["step"]

        bias1, bias2 = 1 - beta1 ** t, 1 - beta2 ** t
        self._step_size_t.fill_(lr * (bias2 ** 0.5 / bias1))
        self._eff_wd_t.fill_(lr * lr * p_cfg.weight_decay * p_cfg.wd_mul)

        NorMuonAndAdam._adam_update_step(
            p_slice, grad_chunk, p_state["exp_avg"], p_state["exp_avg_sq"],
            beta1, beta2, p_cfg.eps, self._step_size_t, self._eff_wd_t
        )

        return p_slice

    @staticmethod
    @torch.compile(dynamic=False, fullgraph=True)
    def _adam_update_step(p_slice, g_slice, exp_avg, exp_avg_sq, beta1, beta2, eps, step_size_t, eff_wd_t):
        """Compiled Adam update step."""
        exp_avg.mul_(beta1).add_(g_slice, alpha=1 - beta1)
        exp_avg_sq.mul_(beta2).addcmul_(g_slice, g_slice, value=1 - beta2)
        update = exp_avg.div(exp_avg_sq.sqrt().add_(eps)).mul_(step_size_t)
        # Cautious weight decay
        mask = (update * p_slice) > 0
        update.addcmul_(p_slice, mask, value=eff_wd_t)
        p_slice.add_(other=update, alpha=-1.0)

    # -----------------------------------
    # NorMuon update

    def _normuon_update(self, param: nn.Parameter, grad_chunk: Tensor, p_cfg: ParamConfig, rank: int) -> Tensor:
        """Apply NorMuon update to a parameter. Returns the updated p_slice."""
        chunk_shape = grad_chunk.shape

        p_state = self.param_states[param]
        grad_chunk = grad_chunk.float()  # FP32 for momentum

        # Momentum update
        momentum_buffer = p_state["momentum_buffer"]
        momentum_buffer.lerp_(grad_chunk, 1 - p_cfg.momentum)
        updated_grads = grad_chunk.lerp_(momentum_buffer, p_cfg.momentum)

        self._eff_lr_t.fill_(p_cfg.lr_mul * p_cfg.lr)
        self._eff_wd_t.fill_(p_cfg.wd_mul * p_cfg.weight_decay * p_cfg.lr)

        # Polar Express orthogonalization
        is_large_matrix = chunk_shape[-2] > 1024
        v_chunk = polar_express(updated_grads, split_baddbmm=is_large_matrix)

        # Variance reduction
        red_dim = -1 if chunk_shape[-2] >= chunk_shape[-1] else -2
        v_chunk = NorMuonAndAdam._apply_normuon_variance_reduction(
            v_chunk, p_state["second_momentum_buffer"], p_cfg.beta2, red_dim
        )

        # Update parameter, in place, with cautious weight decay
        param_view = param.data.view(p_cfg.reshape)
        p_slice = param_view[rank * p_cfg.chunk_size:(rank + 1) * p_cfg.chunk_size]

        # MLP has per-matrix LR multipliers (c_proj gets 2x LR)
        if p_cfg.per_matrix_lr_mul is not None:
            for mat_idx in range(p_cfg.chunk_size):
                self._eff_lr_t.fill_(p_cfg.lr_mul * p_cfg.per_matrix_lr_mul[mat_idx] * p_cfg.lr)
                self._eff_wd_t.fill_(p_cfg.wd_mul * p_cfg.weight_decay * p_cfg.lr)
                NorMuonAndAdam._cautious_wd_and_update_inplace(
                    p_slice[mat_idx].view(torch.uint16), p_state["mantissa"][mat_idx], v_chunk[mat_idx],
                    self._eff_wd_t, self._eff_lr_t
                )
        else:
            NorMuonAndAdam._cautious_wd_and_update_inplace(
                p_slice.view(torch.uint16), p_state["mantissa"], v_chunk,
                self._eff_wd_t, self._eff_lr_t
            )

        return p_slice

    @staticmethod
    @torch.compile(dynamic=False, fullgraph=True)
    def _cautious_wd_and_update_inplace(p, mantissa, grad, wd_tensor, lr_tensor):
        """
        Cautious weight decay + parameter update. wd_tensor and lr_tensor are 0-D CPU tensors.
        Mantissa is tracked to enable higher precision updates on bfloat16 parameters.
        bfloat16 format: 1 sign bit + 8 exponent bits + 7 mantissa bits = 16 bits total
        float32 format: 1 sign bit + 8 exponent bits + 23 mantissa bits = 32 bits total
        """
        assert p.dtype == mantissa.dtype == torch.uint16
        grad = grad.float()
        wd_factor = wd_tensor.to(torch.float32)
        lr_factor = lr_tensor.to(torch.float32)
        p_precise_raw = (p.to(torch.uint32) << 16) | mantissa.to(torch.uint32)
        p_precise = p_precise_raw.view(torch.float32)
        mask = (grad * p_precise) >= 0
        p_precise.copy_(p_precise - (p_precise * mask * wd_factor * lr_factor) - (grad * lr_factor))
        p.copy_((p_precise_raw >> 16).to(torch.uint16))
        mantissa.copy_(p_precise_raw.to(torch.uint16))

    @staticmethod
    @torch.compile(dynamic=False, fullgraph=True)
    def _apply_normuon_variance_reduction(v_chunk, second_momentum_buffer, beta2, red_dim):
        """NorMuon variance reduction. Algebraically fuses the normalization steps to minimize memory ops."""
        v_mean = v_chunk.float().square().mean(dim=red_dim, keepdim=True)
        red_dim_size = v_chunk.size(red_dim)
        v_norm_sq = v_mean.sum(dim=(-2, -1), keepdim=True).mul_(red_dim_size)
        v_norm = v_norm_sq.sqrt_()
        second_momentum_buffer.lerp_(v_mean.to(dtype=second_momentum_buffer.dtype), 1 - beta2)
        step_size = second_momentum_buffer.clamp_min(1e-10).rsqrt_()
        scaled_sq_sum = (v_mean * red_dim_size) * step_size.float().square()
        v_norm_new = scaled_sq_sum.sum(dim=(-2, -1), keepdim=True).sqrt_()
        final_scale = step_size * (v_norm / v_norm_new.clamp_min_(1e-10))
        return v_chunk.mul_(final_scale.type_as(v_chunk))

# -----------------------------------------------------------------------------
# PyTorch nn.Module definitions for the model

def norm(x: Tensor):
    return F.rms_norm(x, (x.size(-1),))


class CastedLinearT(nn.Module):
    """
    Linear layer with transposed weight storage (in_features, out_features) which
    addresses the slow kernel that was used for gradient accumulation. @chrisjmccormick
    """
    def __init__(self, in_features: int, out_features: int, use_fp8=False, x_s=1.0, w_s=1.0, grad_s=1.0):
        super().__init__()
        self.in_features = in_features
        self.out_features = out_features
        self.use_fp8 = use_fp8
        self.x_s = x_s
        self.w_s = w_s
        self.grad_s = grad_s

        self.weight = nn.Parameter(torch.empty(in_features, out_features, dtype=torch.bfloat16))
        self.reset_parameters()

    def reset_parameters(self) -> None:
        with torch.no_grad():
            nn.init.zeros_(self.weight) # @Grad62304977 and others

    def forward(self, x: Tensor):
        if self.use_fp8 and self.training:
            _x = x.flatten(0, -2)
            out = torch.ops.nanogpt.mm_t(_x, self.weight, x_s=self.x_s, w_s=self.w_s, grad_s=self.grad_s)[0]
            return out.reshape(*x.shape[:-1], -1)
        else:
            return x @ self.weight.type_as(x)

# -----------------------------------------------------------------------------
# PyTorch nn.Module definitions for the model

class Yarn(nn.Module):
    def __init__(self, head_dim, max_seq_len, paired=False):
        super().__init__()
        self.head_dim = head_dim
        self.max_seq_len = max_seq_len
        self.paired = paired
        self.reset()

    def rotary(self, x_BTHD):
        assert self.factor1.size(0) >= x_BTHD.size(-3)
        factor1, factor2 = (
            self.factor1[None, : x_BTHD.size(-3), None, :],
            self.factor2[None, : x_BTHD.size(-3), None, :],
        )
        x_flip = x_BTHD.view(*x_BTHD.shape[:-1], x_BTHD.shape[-1] // 2, 2).flip(-1).view(x_BTHD.shape)
        return factor1 * x_BTHD + factor2 * x_flip

    def reset(self):
        angular_freq = (1 / 1024) ** torch.linspace(0, 1, steps=self.head_dim//4, dtype=torch.float32, device=device)
        angular_freq = angular_freq.repeat_interleave(2)
        # half-truncate RoPE by @YouJiacheng (w/ base freq tuning)
        angular_freq = torch.cat([angular_freq, angular_freq.new_zeros(self.head_dim//2)])
        t = torch.arange(2*self.max_seq_len, dtype=torch.float32, device=device)
        if not self.paired:
            theta = torch.outer(t, angular_freq)
            self.factor1 = nn.Buffer(
                theta.cos().to(torch.bfloat16), persistent=False
            )
            self.factor2 = nn.Buffer(
                theta.sin().to(torch.bfloat16), persistent=False
            )
        else:
            t_even = 2 * t
            t_odd = 2 * t + 1
            theta1 = torch.outer(t_even, angular_freq)
            theta2 = torch.outer(t_odd, angular_freq)
            self.factor1 = nn.Buffer(
                torch.cat((theta1.cos(), theta2.cos()), dim=-1).to(torch.bfloat16),
                persistent=False
            )
            self.factor2 = nn.Buffer(
                torch.cat((theta1.sin(), theta2.sin()), dim=-1).to(torch.bfloat16),
                persistent=False
            )
        self.factor2[..., 1::2] *= -1
        self.angular_freq = angular_freq
        # start with 0.1, inspired by 0.12 from @leloykun and learnable scalars used by @brendanh0gan https://x.com/hi_tysam/status/1879693583898591283
        self.attn_scale = 0.1

    def apply(self, old_window: int, new_window: int, alpha: int=1, beta: int=32):
        rotations = old_window * self.angular_freq / (2 * torch.pi)
        scaling_factor = old_window / new_window
        interpolation_weight = torch.clamp((rotations - alpha) / (beta - alpha), 0, 1)
        self.angular_freq *= scaling_factor + interpolation_weight * (1 - scaling_factor)
        t = torch.arange(2*self.max_seq_len, dtype=torch.float32, device=self.angular_freq.device)
        if not self.paired:
            theta = torch.outer(t, self.angular_freq)
            self.factor1.copy_(theta.cos())
            self.factor2.copy_(theta.sin())
        else:
            t_even = 2 * t
            t_odd = 2 * t + 1
            theta1 = torch.outer(t_even, self.angular_freq)
            theta2 = torch.outer(t_odd, self.angular_freq)
            self.factor1.copy_(torch.cat((theta1.cos(), theta2.cos()), dim=-1))
            self.factor2.copy_(torch.cat((theta1.sin(), theta2.sin()), dim=-1))
        self.factor2[..., 1::2] *= -1
        self.attn_scale *= 0.2 * math.log(new_window / old_window) + 1

@dataclass
class AttnArgs:
    ve: torch.Tensor
    sa_lambdas: torch.Tensor
    seqlens: torch.Tensor
    bm_size: int
    yarn: Yarn
    key_offset: bool
    attn_gate_w: torch.Tensor
    ve_gate_w: torch.Tensor

flash_attn_interface = get_kernel('varunneal/flash-attention-3').flash_attn_interface

class CausalSelfAttention(nn.Module):
    def __init__(self, dim: int, head_dim: int, num_heads: int, paired: bool = False):
        super().__init__()
        self.num_heads = num_heads
        self.head_dim = head_dim
        self.dim = dim
        self.hdim = num_heads * head_dim
        self.paired = paired
        assert self.hdim == self.dim, "num_heads * head_dim must equal model_dim"
        # Weights are stored in parameter banks and passed via forward()

    def forward(self, x: Tensor, attn_args: AttnArgs, qkvo_w: Tensor):
        B, T = x.size(0), x.size(1) # batch size, sequence length
        assert B == 1, "varlen sequences requires B == 1"
        assert T % 16 == 0
        # unpack attention args
        yarn = attn_args.yarn
        ve, sa_lambdas, key_offset = attn_args.ve, attn_args.sa_lambdas, attn_args.key_offset
        seqlens, bm_size = attn_args.seqlens, attn_args.bm_size
        # sparse gated attention to enable context based no-op by @classiclarryd
        # only include gates on layers with value embeds used on forward pass
        attn_gate_w, ve_gate_w = attn_args.attn_gate_w, attn_args.ve_gate_w

        q, k, v = F.linear(x, sa_lambdas[0] * qkvo_w[:self.dim * 3].type_as(x)).view(B, T, 3 * self.num_heads, self.head_dim).chunk(3, dim=-2)
        max_len = args.train_max_seq_len if self.training else (args.val_batch_size // (grad_accum_steps * world_size))

        q, k = norm(q), norm(k) # QK norm @Grad62304977

        if not self.paired:
            q, k = yarn.rotary(q), yarn.rotary(k)

            if key_offset:
                # shift keys forward for the stationary head dims. Enables 1-layer induction.
                k[:, 1:, :, self.head_dim // 2:] = k[:, :-1, :, self.head_dim // 2:]

            if ve is not None:
                ve_gate_out = 2 * torch.sigmoid(F.linear(x[..., :12], ve_gate_w)).view(B, T, self.num_heads, 1)
                v = v + ve_gate_out * ve.view_as(v) # @ KoszarskyB & @Grad62304977

        else:
            # Paired heads: adjacent heads' queries attend to each other's keys.
            # Two copies of the input stream are interleaved to achieve this, which:
            # - doubles the length of each sequence
            # - halves the effective window size
            q = q.view(B, T, self.num_heads // 2, self.head_dim * 2)
            k = k.view(B, T, self.num_heads // 2, self.head_dim * 2)
            v = v.reshape(B, T * 2, self.num_heads // 2, self.head_dim)

            q, k = yarn.rotary(q), yarn.rotary(k)

            q = q.view(B, T * 2, self.num_heads // 2, self.head_dim)
            k = k.view(B, T * 2, self.num_heads // 2, self.head_dim)

            if ve is not None:
                ve_gate_out = 2 * torch.sigmoid(F.linear(x[..., :12], ve_gate_w)).view(B, T * 2, self.num_heads // 2, 1)
                v = v + ve_gate_out * ve.view_as(v)

            seqlens = 2 * seqlens
            max_len = 2 * max_len

        # use flash_attn over flex_attn @varunneal. flash_attn_varlen suggested by @YouJiacheng
        y = flash_attn_interface.flash_attn_varlen_func(q[0], k[0], v[0], cu_seqlens_q=seqlens, cu_seqlens_k=seqlens,
                                                        max_seqlen_q=max_len, max_seqlen_k=max_len,
                                                        causal=True, softmax_scale=yarn.attn_scale, window_size=(bm_size, 0))
        y = y.view(B, T, self.num_heads, self.head_dim)
        y = y * torch.sigmoid(F.linear(x[..., :12], attn_gate_w)).view(B, T, self.num_heads, 1)
        y = y.contiguous().view(B, T, self.num_heads * self.head_dim) # re-assemble all head outputs side by side
        y = F.linear(y, sa_lambdas[1] * qkvo_w[self.dim * 3:].type_as(y))  # sa_lambdas[1] pre-multiplied to O @shenberg
        return y

class MLP(nn.Module):
    def __init__(self):
        super().__init__()
        # Weights are stored in parameter banks and passed via forward()

    def forward(self, x: Tensor, c_fc: Tensor, c_proj: Tensor):
        # relu(x)^2:
        # https://arxiv.org/abs/2109.08668v2; ~1-2% better than GELU; suggested by @SKYLINEZ007 and @Grad62304977
        # Fused triton kernel for relu(x @ W1.T)^2 @ W2.T
        return FusedLinearReLUSquareFunction.apply(x, c_fc, c_proj)

class Block(nn.Module):
    def __init__(self, dim: int, head_dim: int, num_heads: int, has_attn: bool, has_mlp: bool, use_paired_head: bool):
        super().__init__()
        # skip attention of blocks.6 (the 7th layer) by @YouJiacheng
        self.attn = CausalSelfAttention(dim, head_dim, num_heads, paired=use_paired_head) if has_attn else None
        # skip MLP blocks for first MLP layer by @EmelyanenkoK
        self.mlp = MLP() if has_mlp else None

    def forward(self, x: Tensor, attn_args: AttnArgs, qkvo_w: Tensor = None, c_fc: Tensor = None, c_proj: Tensor = None):
        if self.attn is not None:
            x = x + self.attn(norm(x), attn_args, qkvo_w)
        if self.mlp is not None:
            x = x + self.mlp(norm(x), c_fc, c_proj)
        return x

# -----------------------------------------------------------------------------
# The main model

def next_multiple_of_n(v: float | int, *, n: int):
    return next(x for x in range(n, int(v) + 1 + n, n) if x >= v)

@dataclass
class ForwardScheduleConfig:
    mtp_weights: torch.Tensor
    ws_short: int
    ws_long: int

class GPT(nn.Module):
    def __init__(self, vocab_size: int, num_layers: int, num_heads: int, head_dim: int, model_dim: int, max_seq_len: int):
        super().__init__()
        self.num_layers = num_layers
        self.vocab_size = next_multiple_of_n(vocab_size, n=128)

        self.smear_gate = nn.Linear(12, 1, bias=False)
        nn.init.zeros_(self.smear_gate.weight)
        self.smear_gate.weight.label = 'smear_gate'

        self.skip_gate = nn.Linear(12, 1, bias=False)
        nn.init.zeros_(self.skip_gate.weight)
        self.skip_gate.weight.label = 'skip_gate'

        # token value embeddings by @KoszarskyB - inspired by @Grad62304977's value residual implementation following https://arxiv.org/abs/2410.17897
        # value embedding code simplification inspired by @ragulpr https://github.com/KellerJordan/modded-nanogpt/pull/78
        self.value_embeds = nn.Parameter(torch.zeros(5 * self.vocab_size, model_dim, dtype=torch.bfloat16))
        self.value_embeds.label = 'value_embed'

        # parameter banks for attention and value embedding gate weights
        self.attn_gate_bank = nn.Parameter(torch.zeros(10, num_heads, 12)) # 10 layers
        self.attn_gate_bank.label = 'attn_gate_bank'
        self.ve_gate_bank = nn.Parameter(torch.zeros(5, num_heads, 12)) # 5 unique gates
        self.ve_gate_bank.label = 've_gate_bank'

        # -----------------------------------
        # Parameter banks for sharded optimization, by @chrisjmccormick

        # Identify which layers have attention/MLP
        # Attention is skipped in layer 6 by @YouJiacheng
        self.attn_layer_indices = [i for i in range(num_layers) if i != 6]
        # All layers have MLP (At 11 layers--dropped first layer @EmelyanenkoK)
        self.mlp_layer_indices = list(range(num_layers))

        hdim = num_heads * head_dim
        mlp_hdim = 4 * model_dim

        # Create index mappings: layer_idx -> bank_idx
        self.layer_to_attn_idx = {layer_idx: bank_idx for bank_idx, layer_idx in enumerate(self.attn_layer_indices)}
        self.layer_to_mlp_idx = {layer_idx: bank_idx for bank_idx, layer_idx in enumerate(self.mlp_layer_indices)}

        # Attention bank: stores QKVO weights for all attention layers
        # merged QKVO weights: suggested by many, implemented by @fernbear.bsky.social, and further improved by @YouJiacheng
        # https://x.com/hi_tysam/status/1879699187107033311
        # Simplified layout by @chrisjmccormick
        # Shape: (num_attn_layers, 4*model_dim, hdim) = (10, 3072, 768)
        # Reshape for sharding: (40, 768, 768) for even distribution across 8 GPUs
        self.attn_bank = nn.Parameter(torch.empty(len(self.attn_layer_indices), 4 * model_dim, hdim))
        self.attn_bank.label = 'attn'
        self.attn_bank.reshape = (len(self.attn_layer_indices) * 4, hdim, hdim)  # (40, 768, 768)

        # MLP bank: stores c_fc and c_proj for all MLP layers
        # Shape: (num_mlp_layers + padding, 2, mlp_hdim, model_dim) = (12, 2, 3072, 768)
        # We add 1 padding layer (index 11) to get 12*2=24 matrices for even distribution across 8 GPUs
        # Reshape for sharding: (24, 3072, 768)
        num_mlp_with_padding = len(self.mlp_layer_indices) + 1  # 11 + 1 = 12
        self.mlp_bank = nn.Parameter(torch.empty(num_mlp_with_padding, 2, mlp_hdim, model_dim))
        self.mlp_bank.label = 'mlp'
        self.mlp_bank.reshape = (num_mlp_with_padding * 2, mlp_hdim, model_dim)  # (24, 3072, 768)

        # improved init scale by @YouJiacheng and @srashedll
        std = 0.5 * model_dim ** -0.5
        bound = (3 ** 0.5) * std
        with torch.no_grad():
            self.attn_bank.uniform_(-bound, bound)
            self.mlp_bank[:, 0, :, :].uniform_(-bound, bound)  # c_fc
            self.mlp_bank[:, 1, :, :].zero_()  # c_proj - zero init suggested by @Grad62304977

        # Create blocks with has_attn/has_mlp flags
        self.paired_head_layers = [0, 2, 5, 9]
        self.blocks = nn.ModuleList([
            Block(model_dim, head_dim, num_heads,
                  has_attn=(i in self.layer_to_attn_idx),
                  has_mlp=(i in self.layer_to_mlp_idx),
                  use_paired_head=(i in self.paired_head_layers))
            for i in range(num_layers)
        ])
        self.yarn = Yarn(head_dim, max_seq_len)
        self.yarn_paired_head = Yarn(head_dim, max_seq_len, paired=True)
        # there are only 50257 unique GPT-2 tokens; we extend to nearest multiple of 128 for efficiency.
        # suggested to me by @Grad62304977. this originates from Karpathy's experiments.
        use_fp8 = not os.environ.get("DISABLE_FP8", False)
        # Transposed weight storage for faster gradient accumulation
        self.lm_head = CastedLinearT(model_dim, self.vocab_size, use_fp8=use_fp8, x_s=100/448, w_s=1.6/448, grad_s=grad_scale * 0.75/448)

        nn.init.normal_(self.lm_head.weight, mean=0, std=0.005)
        self.lm_head.weight.label = 'lm_head'

        self.embed = nn.Embedding(self.vocab_size, model_dim)
        self.embed.weight.label = 'embed'
        with torch.no_grad():
            self.embed.weight.copy_(self.lm_head.weight.T)

        self.bigram_embed = nn.Embedding(args.bigram_vocab_size, model_dim)
        self.bigram_embed.weight.label = 'bigram_embed'
        nn.init.zeros_(self.bigram_embed.weight)

        # x0_lambdas separated out for different optimizer treatment (no beta smoothing)
        self.x0_lambdas = nn.Parameter(torch.zeros(num_layers))
        self.x0_lambdas.label = 'x0_lambdas'

        pad = (-num_layers * 3 - 3) % dist.get_world_size()  # updated: 3*num_layers instead of 4*
        self.scalars = nn.Parameter(
            torch.cat(
                [
                    1.1 * torch.ones(num_layers),  # resid lambdas. 1.1 init such that layer i weight is i^(num_layers-i).
                    *[torch.tensor([0.5, 1.0]) for _ in range(num_layers)],  # SA lambdas
                    0.1 * torch.ones(num_layers), # bigram lambdas
                    torch.zeros(1), # smear_lambda
                    0.5*torch.ones(1), # backout_lambda
                    -1.5 * torch.ones(1),  # skip_lambda -> σ(-1.5) ≈ 0.18
                    torch.ones(pad),
                ]
            )
        )
        self.scalars.label = 'scalars'

    def forward(self, input_seq: Tensor, target_seq: Tensor, seqlens: Tensor, bigram_input_seq: Tensor, schedule_cfg: ForwardScheduleConfig):
        assert input_seq.ndim == 1

        # unpack schedule_cfg
        mtp_weights, ws_short, ws_long = schedule_cfg.mtp_weights, schedule_cfg.ws_short, schedule_cfg.ws_long

        # set configs
        skip_connections = []
        skip_in = [3] # long attention window on layer 3
        skip_out = [6] # no attn op on layer 6
        x_backout = None
        backout_layer = 7

        # set lambdas
        resid_lambdas = self.scalars[: 1 * self.num_layers]
        x0_lambdas = self.x0_lambdas
        sa_lambdas = self.scalars[1 * self.num_layers: 3 * self.num_layers].view(-1, 2)
        bigram_lambdas = self.scalars[3 * self.num_layers: 4 * self.num_layers]
        smear_lambda = self.scalars[4 * self.num_layers]
        backout_lambda = self.scalars[4 * self.num_layers+1]
        skip_lambda = self.scalars[4 * self.num_layers+2]

        # set block masks and key shift
        bm_sizes = [ws_short, ws_short, ws_short, ws_long, ws_short, ws_short, None, ws_short, ws_short, ws_short, ws_long]
        assert len(bm_sizes) == self.num_layers
        key_offset = [b==ws_long for b in bm_sizes] # apply partial key offset to long windows

        # Embedding lookup - embed is synced from lm_head during tied phase by optimizer
        x = self.embed(input_seq)
        x0_bigram = self.bigram_embed(bigram_input_seq)[None]

        # Value embeddings - always computed (not precomputed)
        ve = self.value_embeds.view(5, self.vocab_size, -1)[:, input_seq]
        # 01 ... 234 structure on token value embeddings by @photomz
        ve = [ve[0], ve[1]] + [None] * (self.num_layers - 5) + [ve[2], ve[3], ve[4]]
        assert len(ve) == self.num_layers

        # smear token embed forward 1 position @classiclarryd
        smear_gate_out = smear_lambda * torch.sigmoid(self.smear_gate(x[1:, :self.smear_gate.weight.size(-1)]))
        x = torch.cat([x[:1], x[1:] + smear_gate_out * x[:-1]])
        x = x0 = norm(x[None])

        # unbind gate banks to avoid select_backwards kernel
        ag = [w.bfloat16() for w in self.attn_gate_bank.unbind(0)]
        veg = [w.bfloat16() for w in self.ve_gate_bank.unbind(0)]
        attn_gates = ag[:6] + [None] + ag[6:]
        ve_gates = [veg[0], veg[1]] + [None] * (self.num_layers - 5) + [veg[2], veg[3], veg[4]]
        assert len(attn_gates) == self.num_layers
        assert len(ve_gates) == self.num_layers

        # unbind weight banks to avoid select_backwards kernel
        attn_weights = self.attn_bank.unbind(0)  # tuple of [4*dim, hdim] tensors
        mlp_fcs = self.mlp_bank[:, 0, :, :].unbind(0)  # tuple of [mlp_hdim, dim] tensors
        mlp_projs = self.mlp_bank[:, 1, :, :].unbind(0)  # tuple of [mlp_hdim, dim] tensors

        for i in range(self.num_layers):
            yarn = self.yarn_paired_head if i in self.paired_head_layers else self.yarn
            attn_args = AttnArgs(
                ve=ve[i],
                sa_lambdas=sa_lambdas[i],
                seqlens=seqlens,
                bm_size=bm_sizes[i],
                yarn=yarn,
                key_offset=key_offset[i],
                attn_gate_w=attn_gates[i],
                ve_gate_w=ve_gates[i]
            )
            if i in skip_out:
                skip_gate_out = torch.sigmoid(skip_lambda) * 2 * torch.sigmoid(self.skip_gate(x0[..., :self.skip_gate.weight.size(-1)]))
                x = x + skip_gate_out * skip_connections.pop()
            if i == 0:
                x = (resid_lambdas[0] + x0_lambdas[0]) * x + bigram_lambdas[0] * x0_bigram
            else:
                x = resid_lambdas[i] * x + x0_lambdas[i] * x0 + bigram_lambdas[i] * x0_bigram

            # Get weights for this layer from banks
            qkvo_w = attn_weights[self.layer_to_attn_idx[i]] if i in self.layer_to_attn_idx else None
            c_fc = mlp_fcs[self.layer_to_mlp_idx[i]] if i in self.layer_to_mlp_idx else None
            c_proj = mlp_projs[self.layer_to_mlp_idx[i]] if i in self.layer_to_mlp_idx else None

            x = self.blocks[i](x, attn_args, qkvo_w, c_fc, c_proj)
            if i in skip_in:
                skip_connections.append(x)
            if i == backout_layer:
                x_backout = x

        # back out contributions from first 7 layers that are only required for downstream context and not direct prediction
        x -= backout_lambda * x_backout
        x = norm(x)
        logits = self.lm_head(x)
        # @Grad62304977 added tanh softcapping following Gemma 2 paper, @KoszarskyB reduced it from 30 to 15
        # @YouJiacheng shifted it by +15 (2*sigmoid(2*x)=tanh(x)+1). @classiclarryd updated to 23*sigmoid((logits+5)/7.5)
        if self.training:
            losses = FusedSoftcappedCrossEntropy.apply(logits.view(-1, logits.size(-1)), target_seq, mtp_weights, 23.0, 5.0, 7.5)
            loss = losses.sum()
        else:
            logits = 23 * torch.sigmoid((logits + 5) / 7.5)
            logits_for_loss = logits.float()
            loss = F.cross_entropy(logits_for_loss.view(-1, logits_for_loss.size(-1)), target_seq, reduction="mean")
        return loss
# -----------------------------------------------------------------------------
# Distributed data loader

def _load_data_shard(file: Path):
    header = torch.from_file(str(file), False, 256, dtype=torch.int32) # header is 256 int32
    assert header[0] == 20240520, "magic number mismatch in the data .bin file"
    assert header[1] == 1, "unsupported version"
    num_tokens = int(header[2]) # number of tokens (claimed)
    with file.open("rb", buffering=0) as f:
        tokens = torch.empty(num_tokens, dtype=torch.uint16, pin_memory=True) # avoid pin_memory copy by @YouJiacheng
        f.seek(256 * 4)
        nbytes = f.readinto(tokens.numpy()) # avoid bytes->array copy by @YouJiacheng
        assert nbytes == 2 * num_tokens, "number of tokens read does not match header"
    return tokens

BOS_ID = 50256

class Shard:
    def __init__(self, tokens: Tensor, world_size: int = 1):
        self.tokens = tokens
        self.size = tokens.numel()
        self.world_size = world_size
        self.i = 0

        # Partial index now, full index async
        self.bos_idx = (tokens[:6_000_000] == BOS_ID).nonzero(as_tuple=True)[0].to(torch.int64).cpu().numpy()
        self._full_idx = None
        self._loader_thread = None
        self._ready = threading.Event()
        self._loader_thread = threading.Thread(target=self._scan)
        self._loader_thread.start()

    def _scan(self):
        self._full_idx = (self.tokens == BOS_ID).nonzero(as_tuple=True)[0].to(torch.int64).cpu().numpy()
        self._ready.set()

    def _maybe_switch(self):
        # Switch to full index as soon as async scan completes
        if self.bos_idx is not self._full_idx and self._ready.is_set():
            self._loader_thread.join()
            self.bos_idx = self._full_idx

    def next_batch(self, num_tokens_local: int, max_seq_len: int):
        self._maybe_switch()
        n = len(self.bos_idx)
        starts = [[] for _ in range(self.world_size)]
        ends = [[] for _ in range(self.world_size)]

        idx = self.i
        for r in range(self.world_size):
            cur_len = 0
            while cur_len <= num_tokens_local:
                if idx >= n:
                    raise StopIteration(f"Insufficient BOS ahead; hit tail of shard.")
                cur = self.bos_idx[idx]
                starts[r].append(cur)
                end = min(self.bos_idx[idx + 1] if idx + 1 < n else self.size,
                          cur + max_seq_len,
                          cur + num_tokens_local - cur_len + 1)
                ends[r].append(end)
                cur_len += end - cur
                idx += 1

            assert cur_len == num_tokens_local + 1
        self.i = idx
        return starts, ends

    @staticmethod
    def load_async(file: Path, world_size: int = 1):
        """Returns getter function for async shard loading"""
        result = {}
        ready = threading.Event()
        def load():
            tokens = _load_data_shard(file)
            result['shard'] = Shard(tokens, world_size)
            ready.set()
        thread = threading.Thread(target=load)
        thread.start()
        def get():
            ready.wait()
            thread.join()
            return result['shard']
        return get

def get_bigram_hash(x):
    """
    Computes bigram hash for each position using [prev_token, curr_token].
    Multiply by arbitary large ints to get even spread over int32 range.
    Position 0 is mapped to the reserved index (vocab_size - 1).
    BOS_tokens within the batch will hash based on last token of prior doc. Masking this ran slower and showed no improvement.
    """
    rand_int_1 = 36313
    rand_int_2 = 27191
    mod = args.bigram_vocab_size-1
    x = x.to(torch.int32).clone()
    x[0] = mod
    x[1:] = torch.bitwise_xor(rand_int_1 * x[1:], rand_int_2 * x[:-1]) % mod
    return x

def distributed_data_generator(filename_pattern: str, num_tokens: int, max_seq_len: int, grad_accum_steps: int = 1, align_to_bos: bool = True):
    # align_to_bos: each sequence begins with Beginning of Sequence token, sequences truncated to max_seq_len
    rank = dist.get_rank() if dist.is_initialized() else 0
    world_size = dist.get_world_size() if dist.is_initialized() else 1
    assert num_tokens % (world_size * grad_accum_steps) == 0, "Batch size must be divisible by world size"
    num_tokens = num_tokens // grad_accum_steps

    files = [Path(file) for file in sorted(glob.glob(filename_pattern))]
    if not files:
        raise FileNotFoundError(f"No files found for pattern: {filename_pattern}")

    file_iter = iter(files)  # Use itertools.cycle(files) for multi-epoch training
    tokens = _load_data_shard(next(file_iter))
    if align_to_bos:
        shard = Shard(tokens, world_size)
        next_shard_getter = Shard.load_async(next(file_iter), world_size)
    else:
        pos = 0  # for unaligned case

    while True:
        num_tokens_local = num_tokens // world_size
        max_num_docs = next_multiple_of_n(num_tokens_local // 300, n=128)  # median doc length is ~400

        if align_to_bos:
            try:
                seq_starts, seq_ends = shard.next_batch(num_tokens_local, max_seq_len)
                start_idxs, end_idxs = torch.tensor(seq_starts[rank]), torch.tensor(seq_ends[rank])
            except StopIteration:
                # This shard is exhausted, load the next one in the next loop iteration.
                shard = next_shard_getter()
                tokens = shard.tokens
                try:
                    next_shard_getter = Shard.load_async(next(file_iter), world_size)
                except StopIteration:
                    next_shard_getter = None  # no more shards to preload
                continue

            buf = torch.cat([tokens[i:j] for i, j in zip(start_idxs, end_idxs)])
            _inputs = buf[:-1]
            _targets = buf[1:]
            end_idxs[-1] -= 1  # last document was too long to account for _targets offset
            cum_lengths = (end_idxs - start_idxs).cumsum(0)

        else:
            if pos + num_tokens + 1 >= len(tokens):  # should not occur for val data
                tokens, pos = _load_data_shard(next(file_iter)), 0

            pos_local = pos + rank * num_tokens_local
            buf = tokens[pos_local: pos_local + num_tokens_local + 1]
            _inputs = buf[:-1].view(num_tokens_local, )
            _targets = buf[1:].view(num_tokens_local, )

            cum_lengths = torch.nonzero(_inputs == BOS_ID)[:, 0]
            pos += num_tokens


        _cum_lengths = torch.full((max_num_docs,), num_tokens_local)
        _cum_lengths[0] = 0
        _cum_lengths[1:len(cum_lengths) + 1] = cum_lengths

        # Cast to int32 on CPU before transfer to avoid dtype conversion during .to()
        _inputs = _inputs.to(dtype=torch.int32)
        _targets = _targets.to(dtype=torch.int64)
        _cum_lengths = _cum_lengths.to(dtype=torch.int32)
        _bigram_inputs = get_bigram_hash(_inputs)

        new_params = yield (
            _inputs.to(device="cuda", non_blocking=True),
            _targets.to(device="cuda", non_blocking=True),
            _cum_lengths.to(device="cuda", non_blocking=True),
            _bigram_inputs.to(device="cuda", non_blocking=True)
        )

        if new_params is not None:
            # makes it possible for generator to receive new (num_tokens, max_seq_len, grad_accum_steps) via .send()
            new_num_tokens, new_max_seq_len, new_grad_accum_steps = new_params
            assert new_num_tokens % (world_size * new_grad_accum_steps) == 0, "Num tokens must be divisible by world size"
            num_tokens = new_num_tokens // new_grad_accum_steps
            max_seq_len = new_max_seq_len

# -----------------------------------------------------------------------------
# Training Management

@dataclass
class Hyperparameters:
    # data
    data_path = os.environ.get("DATA_PATH", ".")
    train_files: str = os.path.join(data_path, "data/fineweb10B/fineweb_train_*.bin") # input .bin to train on
    val_files: str = os.path.join(data_path, "data/fineweb10B/fineweb_val_*.bin") # input .bin to eval validation loss on
    val_tokens: int = 10485760 # how many tokens of validation data? it's important to keep this fixed for consistent comparisons
    # batch sizes
    train_max_seq_len: int = 128 * 16
    val_batch_size: int = 4 * 64 * 1024 * 1
    # schedule
    num_scheduled_iterations: int = 1515  # number of steps to complete lr and ws schedule
    num_extension_iterations: int = 40  # number of steps to continue training at final lr and ws
    # evaluation and logging
    run_id: str = f"{uuid.uuid4()}"
    val_loss_every: int = 250  # every how many steps to evaluate val loss? 0 for only at the end
    save_checkpoint: bool = False
    # bigram hash embedding
    bigram_vocab_size: int = 50304 * 5

args = Hyperparameters()

@dataclass
class TrainingStage:
    lr_mul: float
    batch_size: int
    window_sizes: tuple[int, int]  # (short, long) in block units
    mtp_weights_start: list[float]
    mtp_weights_end: list[float]
    duration: float = None

class TrainingSchedule:
    """
    Training schedule initialized via TRAINING_STAGES
        1. Multi Token Prediction schedule of [1, 0.5, 0.25->0] -> [1, 0.5->0] -> [1] @varunneal
        2. Sliding Attention window schedule of [1,3] -> [3,7] -> [5,11] -> [6,13]
        3. YaRN updates to RoPE on window changes
        4. Split embed and lm head at 2/3 of training
        5. Batch size schedule of 8 -> 16 -> 24
        6. Post training extension of long windows from 13 to 20
    """

    def __init__(self, stages: list[TrainingStage], scheduled_iterations: int, extension_iterations: int,
                 cooldown_frac: float = 0.5, split_embed_stage: int = 2, ws_post_yarn_ext: int = 20):
        self.stages = stages
        self.scheduled_iterations = scheduled_iterations
        self.cooldown_frac = cooldown_frac
        # increase final validation ws, used for YaRN extension and short window size @classiclarryd
        self.ws_post_yarn_ext = ws_post_yarn_ext

        self.total_steps = self.scheduled_iterations + extension_iterations

        # Build stage boundaries (last is extension stage)
        ends = [0] + [round(c * scheduled_iterations) for c in accumulate(s.duration for s in stages[:-1])] + [self.total_steps]
        assert self.scheduled_iterations == ends[-2]
        self.boundaries = list(pairwise(ends))

        # Split embed at specified stage (ensure odd step for Adam)
        self.split_step = self.boundaries[split_embed_stage][0] | 1

        # Precompute MTP weights for all steps
        self.mtp_weights = []
        for step in range(self.total_steps + 1):
            stage, t = self.lookup(step)
            w = [a + (b - a) * t for a, b in zip(stage.mtp_weights_start, stage.mtp_weights_end)]
            self.mtp_weights.append(torch.tensor(w, device=device))

    def lookup(self, step: int) -> tuple[TrainingStage, float]:
        # Returns stage and % of the way through that stage
        for i, (start, end) in enumerate(self.boundaries):
            if step < end:
                t = (step - start) / (end - start)
                return self.stages[i], t
        return self.stages[-1], 1.0

    def get_lr(self, step: int) -> float:
        # learning rate schedule: tied to batch size schedule, with cooldown at the end
        stage, _ = self.lookup(step)
        lr = stage.lr_mul
        cd_start = int(self.scheduled_iterations * (1 - self.cooldown_frac))
        if step >= cd_start:
            t = min(1.0, (step - cd_start) / (self.scheduled_iterations - cd_start))
            lr = lr * (1 - t) + 0.1 * t
        return lr

# window_sizes are in units of `block_size` tokens (defined in TrainingManager)
TRAINING_STAGES = [
    TrainingStage(duration=1/3, batch_size=8 * 2048 * 8, window_sizes=(1, 3), lr_mul=1.0,
                  mtp_weights_start=[1.0, 0.5, 0.25], mtp_weights_end=[1.0, 0.5, 0.0]),
    TrainingStage(duration=1/3, batch_size=16 * 2048 * 8, window_sizes=(3, 7), lr_mul=1.52,  # (16/8)**0.6
                  mtp_weights_start=[1.0, 0.5], mtp_weights_end=[1.0, 0.0]),
    TrainingStage(duration=1/3, batch_size=24 * 2048 * 8, window_sizes=(5, 11), lr_mul=1.73,  # (24/8)**0.5
                  mtp_weights_start=[1.0], mtp_weights_end=[1.0]),
    # extension stage
    TrainingStage(batch_size=24 * 2048 * 8, window_sizes=(6, 13), lr_mul=1.0,  # lr_mul is not used
                  mtp_weights_start=[1.0], mtp_weights_end=[1.0]),
]

training_schedule = TrainingSchedule(TRAINING_STAGES, args.num_scheduled_iterations, args.num_extension_iterations, cooldown_frac=0.55)

def get_muon_momentum(step: int, muon_warmup_steps=300, muon_cooldown_steps=50, momentum_min=0.85, momentum_max=0.95):
    # warmup phase: linearly increase momentum from min to max
    # cooldown phase: linearly decrease momentum from max to min
    momentum_cd_start = training_schedule.total_steps - muon_cooldown_steps
    if step < muon_warmup_steps:
        frac = step / muon_warmup_steps
        momentum = momentum_min + frac * (momentum_max - momentum_min)
    elif step > momentum_cd_start:
        frac = (step - momentum_cd_start) / muon_cooldown_steps
        momentum = momentum_max - frac * (momentum_max - momentum_min)
    else:
        momentum = momentum_max
    return momentum

class TrainingManager():
    """
    Manages the NorMuonAndAdam for all parameters with explicit ordering.
        1. Scalars are given higher momentum terms to smooth learning @ChrisJMcCormick
        2. Adam optimizers are only stepped on odd steps @classiclarryd
        3. Explicit scatter_order and work_order for communication scheduling (no backward hooks)
        4. Muon has a linear momentum warmup and cooldown schedule
        5. Learning rates follow a linear decay schedule
        6. Embed is tied to lm_head until split step (2/3 of training), then untied @classiclarryd
    """
    def __init__(self, model):
        self.model = model
        self.block_size = 128

        # - Ordering dictates when to launch reduce/reduce_scatter operations
        # - "sharded" parameters use reduce_scatter/all_gather and "replicated" ones use all_reduce
        # - lr_mul and wd_mul are per-parameter learning rate and weight decay multipliers
        self.param_table = {
            "attn":           {"optim": "normuon", "comms": "sharded",    "adam_betas": None},
            "mlp":            {"optim": "normuon", "comms": "sharded",    "adam_betas": None},
            "scalars":        {"optim": "adam",    "comms": "replicated", "adam_betas": [0.9,  0.99], "lr_mul": 5.0,  "wd_mul": 0.0},
            "value_embed":    {"optim": "adam",    "comms": "sharded",    "adam_betas": [0.75, 0.95], "lr_mul": 75.,  "wd_mul": 5.0},
            "bigram_embed":   {"optim": "adam",    "comms": "sharded",    "adam_betas": [0.75, 0.95], "lr_mul": 75.,  "wd_mul": 5.0},
            "smear_gate":     {"optim": "adam",    "comms": "replicated", "adam_betas": [0.9,  0.99], "lr_mul": 0.01, "wd_mul": 0.0},
            "skip_gate":      {"optim": "adam",    "comms": "replicated", "adam_betas": [0.9,  0.99], "lr_mul": 0.05, "wd_mul": 0.0},
            "attn_gate_bank": {"optim": "adam",    "comms": "replicated", "adam_betas": [0.9,  0.99]},
            "ve_gate_bank":   {"optim": "adam",    "comms": "replicated", "adam_betas": [0.9,  0.99]},
            "x0_lambdas":     {"optim": "adam",    "comms": "replicated", "adam_betas": [0.65, 0.95], "lr_mul": 5.0,  "wd_mul": 0.0},
            "lm_head":        {"optim": "adam",    "comms": "sharded",    "adam_betas": [0.5,  0.95], "wd_mul": 150.},
            "embed":          {"optim": "adam",    "comms": "sharded",    "adam_betas": [0.5,  0.95], "wd_mul": 150.},
        }

        # - Process smaller/faster params first while large reduces complete
        # - lm_head must complete before embed sync (when tied)
        self.work_order = [
            "scalars", "smear_gate", "skip_gate", "attn_gate_bank", "ve_gate_bank", "x0_lambdas",  # Small, fast
            "value_embed", "bigram_embed",  # Medium
            "lm_head", "embed",   # lm_head must complete before embed sync (when tied)
            "attn", "mlp",        # Large, polar express - process last to maximize overlap
        ]

        adam_defaults = dict(
            lr=0.008,
            eps=1e-10,
            weight_decay=0.005,
        )

        normuon_defaults = dict(
            lr=0.023,
            momentum=0.95,
            beta2=0.95,
            weight_decay=1.2,
        )

        self.optimizer = NorMuonAndAdam(
            model.named_parameters(),
            param_table=self.param_table,
            scatter_order=list(self.param_table.keys()),  # Dict order defines scatter priority
            work_order=self.work_order,
            adam_defaults=adam_defaults,
            normuon_defaults=normuon_defaults,
        )

        # Split embed from lm_head at 2/3 of training (on an odd step so Adam updates)
        self.split_step = training_schedule.split_step

        self.reset()

    def apply_final_ws_ext(self):
        self.ws_long = training_schedule.ws_post_yarn_ext

    def get_forward_args(self):
        return ForwardScheduleConfig(
            mtp_weights = self.mtp_weights,
            ws_short = self.ws_short * self.block_size,
            ws_long = self.ws_long * self.block_size
        )

    def _is_adam_step(self, step: int):
        """Adam params are only updated on odd steps."""
        return step % 2 == 1

    def get_transition_steps(self):
        return [start for start, _ in training_schedule.boundaries[1:]]

    def advance_schedule(self, step: int):
        stage, _ = training_schedule.lookup(step)
        self.ws_short, new_ws_long = stage.window_sizes
        if new_ws_long != self.ws_long:
            self.model.yarn.apply(self.ws_long * self.block_size, new_ws_long * self.block_size)
            self.model.yarn_paired_head.apply(self.ws_long * self.block_size, new_ws_long * self.block_size)

        new_batch_size = stage.batch_size
        if new_batch_size != self.batch_size:
            self.train_loader_send_args = (new_batch_size, args.train_max_seq_len, grad_accum_steps)
            self.batch_size = new_batch_size
        else:
            self.train_loader_send_args = None

        self.ws_long = new_ws_long
        self.mtp_weights = training_schedule.mtp_weights[step]

    def step_optimizers(self, step: int):
        step_lr = training_schedule.get_lr(step)
        muon_momentum = get_muon_momentum(step)
        do_adam = self._is_adam_step(step)

        # Update learning rates and momentum for all params
        for param, p_cfg in self.optimizer.param_cfgs.items():
            p_cfg.lr = p_cfg.initial_lr * step_lr
            if p_cfg.optim == "normuon":
                p_cfg.momentum = muon_momentum

        # Step optimizer with do_adam flag
        self.optimizer.step(do_adam=do_adam)

        # At split step: copy lm_head optimizer state to embed and mark as split
        if step == self.split_step:
            self.optimizer.copy_lm_state_to_embed()

    def reset(self, state=None):
        if state is not None:
            self.optimizer.load_state_dict(state)

        # Reset NorMuon momentum buffers and split_embed state
        self.optimizer.reset()

        stage, _ = training_schedule.lookup(0)
        self.ws_short, self.ws_long = stage.window_sizes
        self.batch_size = stage.batch_size
        self.model.yarn.reset()
        self.model.yarn_paired_head.reset()

    def get_state(self):
        return copy.deepcopy(self.optimizer.state_dict())

# -----------------------------------------------------------------------------
# int main

# begin logging
logfile = None
if master_process:
    run_id = args.run_id
    os.makedirs("logs", exist_ok=True)
    logfile = f"logs/{run_id}.txt"
    print(logfile)
def print0(s, console=False):
    if master_process:
        with open(logfile, "a") as f:
            if console:
                print(s)
            print(s, file=f)

# begin by printing this file (the Python code)
print0(code)
print0("="*100)
# log information about the hardware/software environment this is running on
print0(f"Running Python {sys.version}")
print0(f"Running PyTorch {torch.version.__version__} compiled for CUDA {torch.version.cuda}")
print0(f"Running Triton version {triton.__version__}")

def nvidia_smi():
    import subprocess  # avoid top level import
    return subprocess.run(["nvidia-smi"], stdout=subprocess.PIPE, stderr=subprocess.PIPE, text=True).stdout
print0(nvidia_smi())
print0("="*100)

model: nn.Module = GPT(
    vocab_size=50257,
    num_layers=11,
    num_heads=6,
    head_dim=128,
    model_dim=768,
    max_seq_len=args.val_batch_size // (grad_accum_steps * world_size)
).cuda()
for m in model.modules():
    if isinstance(m, (nn.Embedding, nn.Linear)):
        m.weight.data = m.weight.data.bfloat16()
model.attn_gate_bank.data = model.attn_gate_bank.data.bfloat16()
model.ve_gate_bank.data = model.ve_gate_bank.data.bfloat16()
model.attn_bank.data = model.attn_bank.data.bfloat16()
model.mlp_bank.data = model.mlp_bank.data.bfloat16()
for param in model.parameters():
    dist.broadcast(param.detach(), 0)

model: nn.Module = torch.compile(model, dynamic=False, fullgraph=True)
training_manager = TrainingManager(model)

########################################
#            Warmup kernels            #
########################################
print0("Compiling model and warming up kernels (~7 minutes on first execution)", console=True)
# Warmup the training kernels, then re-initialize the state so we aren't cheating
initial_state = dict(model=copy.deepcopy(model.state_dict()),
                     optimizer=training_manager.get_state()) # save the initial state
train_loader = distributed_data_generator(args.train_files, TRAINING_STAGES[0].batch_size, args.train_max_seq_len, grad_accum_steps=grad_accum_steps)
val_loader = distributed_data_generator(args.val_files, args.val_batch_size, -1, grad_accum_steps=grad_accum_steps, align_to_bos=False)

transition_steps = training_manager.get_transition_steps()
# first few steps plus transitions
warmup_steps = sorted({0, 1, 2} | set(s + offset for s in transition_steps for offset in [-1, 0, 1] if s + offset >= 0))
print0(f"Sampling steps {warmup_steps} for warmup", console=True)
for step in warmup_steps:
    training_manager.advance_schedule(step)
    model.eval()
    with torch.no_grad():
        inputs, targets, cum_seqlens, bigram_inputs = next(val_loader)
        model(inputs, targets, cum_seqlens, bigram_inputs, training_manager.get_forward_args())
    model.train()
    for idx in range(grad_accum_steps):
        send_args = training_manager.train_loader_send_args
        inputs, targets, cum_seqlens, bigram_inputs = train_loader.send(send_args)
        (model(inputs, targets, cum_seqlens, bigram_inputs, training_manager.get_forward_args()) * grad_scale).backward()
        break
    training_manager.step_optimizers(step)
    break
print0("Resetting Model", console=True)
model.zero_grad(set_to_none=True)
model.load_state_dict(initial_state["model"])
training_manager.reset(initial_state["optimizer"])
del val_loader, train_loader, initial_state
model.train()

########################################
#        Training and validation       #
########################################
train_loader = distributed_data_generator(args.train_files, TRAINING_STAGES[0].batch_size, args.train_max_seq_len, grad_accum_steps=grad_accum_steps)

gc.collect()

training_time_ms = 0
# start the clock
torch.cuda.synchronize()
t0 = time.perf_counter()
# begin training
train_steps = training_schedule.total_steps
for step in range(train_steps + 1):
    last_step = (step == train_steps)
    training_manager.advance_schedule(step)
    # --------------- VALIDATION SECTION -----------------
    if last_step or (args.val_loss_every > 0 and step % args.val_loss_every == 0):
        if last_step:
            training_manager.apply_final_ws_ext()
        # stop the clock
        torch.cuda.synchronize()
        training_time_ms += 1000 * (time.perf_counter() - t0)

        # ------------------- TEST-TIME TRAINING START -------------------
        print0(f"step:{step}/{train_steps} starting test-time training...", console=True)

        # 1. Save model and optimizer state to CPU with minimal memory usage
        # Offload model state dict to CPU
        saved_model_state_cpu = {k: v.to('cpu', non_blocking=True) for k, v in model.state_dict().items()}
        # Offload optimizer state to CPU with a granular, memory-safe approach
        original_optimizer_state = training_manager.optimizer.state_dict()
        saved_optimizer_state_cpu = {
            "param_cfgs": copy.deepcopy(original_optimizer_state["param_cfgs"]), # param_cfgs are typically simple Python objects, deepcopy is fine
            "param_states": {},
            "split_embed": training_manager.optimizer.split_embed # Explicitly save the flag
        }
        for param_id, param_state in original_optimizer_state['param_states'].items():
            saved_optimizer_state_cpu['param_states'][param_id] = {}
            for k, v in param_state.items():
                if isinstance(v, torch.Tensor):
                    saved_optimizer_state_cpu['param_states'][param_id][k] = v.to('cpu', non_blocking=True)
                else:
                    saved_optimizer_state_cpu['param_states'][param_id][k] = copy.deepcopy(v)

        torch.cuda.synchronize()

        # 2. Perform Test-Time Training and progressively calculate validation loss
        val_loader = distributed_data_generator(args.val_files, args.val_batch_size, -1, grad_accum_steps=grad_accum_steps, align_to_bos=False)
        assert args.val_tokens % args.val_batch_size == 0
        val_steps = grad_accum_steps * args.val_tokens // args.val_batch_size
        val_loss = 0

        for val_step in range(val_steps):
            inputs, targets, cum_seqlens, bigram_inputs = next(val_loader)

            model.eval()
            with torch.no_grad():
                val_loss += model(inputs, targets, cum_seqlens, bigram_inputs, training_manager.get_forward_args())

            # TTT start
            model.train()

            num_chunks = len(inputs) // args.train_max_seq_len

            chunk_loss = 0
            for chunk in range(num_chunks):
                start_chunk = chunk * args.train_max_seq_len
                end_chunk = (chunk + 1) * args.train_max_seq_len

                chunked_inputs = inputs[start_chunk:end_chunk]
                chunked_targets = targets[start_chunk:end_chunk]
                chunked_bigram_inputs = bigram_inputs[start_chunk:end_chunk]

                # Compute real chunked_cum_seqlens respecting doc boundaries
                mask = (cum_seqlens > start_chunk) & (cum_seqlens < end_chunk)
                mid_boundaries = cum_seqlens[mask] - start_chunk

                # 2. Build the full tensor: [0, ...mid_boundaries..., chunk_length]
                chunk_length = end_chunk - start_chunk
                chunked_cum_seqlens = torch.cat([
                    torch.tensor([0], dtype=torch.int32, device=inputs.device),
                    mid_boundaries.to(torch.int32),
                    torch.tensor([chunk_length], dtype=torch.int32, device=inputs.device)
                ]).to(torch.int32)

                loss = model(chunked_inputs, chunked_targets, chunked_cum_seqlens, chunked_bigram_inputs, training_manager.get_forward_args())
                (loss / num_chunks).backward()

                chunk_loss += loss.item() # TODO: gpu stall (?)

            is_adam_step = training_manager._is_adam_step(step + val_step)

            print0(f"step:{step}/{train_steps} val_step:{val_step}/{val_steps} val_loss:{val_loss/(val_step+1):.4f} chunk_loss:{chunk_loss/num_chunks:.4f} {is_adam_step=} {do_muon_ttt=} train_time:{training_time_ms:.0f}ms step_avg:{training_time_ms/max(step, 1):.2f}ms", console=True)

            if is_adam_step or do_muon_ttt:
                training_manager.step_optimizers(step + val_step)
            else:
                model.zero_grad(set_to_none=True)

            # TTT end

        val_loss /= val_steps
        del val_loader

        # 3. Restore original model and optimizer state from CPU
        model.load_state_dict(saved_model_state_cpu)
        training_manager.optimizer.load_state_dict(saved_optimizer_state_cpu)
        # Restore split_embed flag
        training_manager.optimizer.split_embed = saved_optimizer_state_cpu["split_embed"]
        # -------------------- TEST-TIME TRAINING END --------------------

        dist.reduce(val_loss, 0, op=dist.ReduceOp.AVG)
        print0(f"step:{step}/{train_steps} val_loss:{val_loss:.4f} train_time:{training_time_ms:.0f}ms step_avg:{training_time_ms/max(step, 1):.2f}ms", console=True)
        model.train()
        # start the clock again
        torch.cuda.synchronize()
        t0 = time.perf_counter()

    if last_step:
        if master_process and args.save_checkpoint:
            log = dict(step=step, code=code, model=model.state_dict(), optimizer=training_manager.get_state())
            os.makedirs(f"logs/{run_id}", exist_ok=True)
            torch.save(log, f"logs/{run_id}/state_step{step:06d}.pt")
        # the last step only has the validation loop, so break to avoid training
        break

    # --------------- TRAINING SECTION -----------------
    for idx in range(grad_accum_steps):
        inputs, targets, cum_seqlens, bigram_inputs = train_loader.send(training_manager.train_loader_send_args)
        loss = model(inputs, targets, cum_seqlens, bigram_inputs, training_manager.get_forward_args())
        (loss * grad_scale).backward()
    training_manager.step_optimizers(step)

    # logging
    approx_training_time_ms = training_time_ms + 1000 * (time.perf_counter() - t0)
    print0(f"step:{step+1}/{train_steps} {loss.item()=} train_time:{approx_training_time_ms:.0f}ms step_avg:{approx_training_time_ms/(step + 1):.2f}ms", console=True)

print0(f"peak memory allocated: {torch.cuda.max_memory_allocated() // 1024 // 1024} MiB "
       f"reserved: {torch.cuda.max_memory_reserved() // 1024 // 1024} MiB", console=True)
dist.destroy_process_group()


----------------------------------------
# triton_kernels.py
----------------------------------------

import torch
import triton
import triton.language as tl
from triton.tools.tensor_descriptor import TensorDescriptor

# -----------------------------------------------------------------------------
# Triton kernel for symmetric matrix multiplication by @byronxu99

@triton.jit
def _pid_to_block(
    pid,
    M,
    BLOCK_SIZE_M: tl.constexpr,
    BLOCK_SIZE_N: tl.constexpr,
    GROUP_SIZE_M: tl.constexpr,
):
    # Split output matrix into blocks of size (BLOCK_SIZE_M, BLOCK_SIZE_N)
    num_pid_m = tl.cdiv(M, BLOCK_SIZE_M)
    num_pid_n = tl.cdiv(M, BLOCK_SIZE_N)

    # Map PID to a single matrix in batch
    batch_idx = pid // (num_pid_m * num_pid_n)
    pid = pid % (num_pid_m * num_pid_n)

    # Map PID to 2D grid of blocks
    pid_m = pid // num_pid_n
    pid_n = pid % num_pid_n
    pid_m, pid_n = tl.swizzle2d(pid_m, pid_n, num_pid_m, num_pid_n, GROUP_SIZE_M)

    m_idx = pid_m * BLOCK_SIZE_M
    n_idx = pid_n * BLOCK_SIZE_N
    return batch_idx, m_idx, n_idx

@triton.jit
def XXT_kernel(
    A_ptr, C_ptr,
    M, K,
    a_stride_b, a_stride_r, a_stride_c,
    c_stride_b, c_stride_r, c_stride_c,
    BLOCK_SIZE_M: tl.constexpr,
    BLOCK_SIZE_N: tl.constexpr,
    BLOCK_SIZE_K: tl.constexpr,
    GROUP_SIZE_M: tl.constexpr,
    LOWER_UPPER: tl.constexpr,
):
    pid = tl.program_id(axis=0)
    batch_idx, m_idx, n_idx = _pid_to_block(
        pid, M, BLOCK_SIZE_M, BLOCK_SIZE_N, GROUP_SIZE_M
    )

    # Skip blocks that don't need to be computed
    skip_block_below_diag = (LOWER_UPPER == 0) and (n_idx + BLOCK_SIZE_N <= m_idx)
    skip_block_above_diag = (LOWER_UPPER != 0) and (m_idx + BLOCK_SIZE_M <= n_idx)
    if skip_block_below_diag or skip_block_above_diag:
        return

    # Index into one matrix of batch
    A_ptr += batch_idx * a_stride_b
    C_ptr += batch_idx * c_stride_b

    # Create pointer arrays for A and A.T
    offs_m = (m_idx + tl.arange(0, BLOCK_SIZE_M)) % M
    offs_n = (n_idx + tl.arange(0, BLOCK_SIZE_N)) % M
    offs_k = tl.arange(0, BLOCK_SIZE_K)
    a_ptrs = A_ptr + (offs_m[:, None] * a_stride_r + offs_k[None, :] * a_stride_c)
    at_ptrs = A_ptr + (offs_k[:, None] * a_stride_c + offs_n[None, :] * a_stride_r)

    accumulator = tl.zeros((BLOCK_SIZE_M, BLOCK_SIZE_N), dtype=tl.float32)

    # Accumulate over blocks of K
    for k in tl.range(0, tl.cdiv(K, BLOCK_SIZE_K)):
        a = tl.load(a_ptrs, mask=offs_k[None, :] < K - k * BLOCK_SIZE_K, other=0.0)
        at = tl.load(at_ptrs, mask=offs_k[:, None] < K - k * BLOCK_SIZE_K, other=0.0)
        accumulator = tl.dot(a, at, accumulator)
        a_ptrs += BLOCK_SIZE_K * a_stride_c
        at_ptrs += BLOCK_SIZE_K * a_stride_c

    out_dtype = C_ptr.dtype.element_ty
    output = accumulator.to(out_dtype)

    # Store block of C
    offs_cm = m_idx + tl.arange(0, BLOCK_SIZE_M)
    offs_cn = n_idx + tl.arange(0, BLOCK_SIZE_N)
    c_ptrs = C_ptr + (offs_cm[:, None] * c_stride_r + offs_cn[None, :] * c_stride_c)
    c_mask = (offs_cm[:, None] < M) & (offs_cn[None, :] < M)
    tl.store(c_ptrs, output, mask=c_mask)

    # Store block of C mirrored across the diagonal
    c_ptrs_t = C_ptr + (offs_cn[:, None] * c_stride_r + offs_cm[None, :] * c_stride_c)
    c_mask_t = (offs_cn[:, None] < M) & (offs_cm[None, :] < M)
    tl.store(c_ptrs_t, output.T, mask=c_mask_t)

def XXT(A: torch.Tensor, out: torch.Tensor):
    """
    Launch Triton kernel to compute C = A @ A.T
    """
    assert A.ndim == 2 or A.ndim == 3
    M, K = A.shape[-2:]
    assert out.size(-2) == M, "Output matrix has incorrect shape"
    assert out.size(-1) == M, "Output matrix has incorrect shape"

    batch_size = A.size(0) if A.ndim == 3 else 1
    input_batch_stride = A.stride(0) if A.ndim == 3 else 0
    output_batch_stride = out.stride(0) if out.ndim == 3 else 0

    # Hardcoded configs based on H100 autotuning
    if K == 768:
        BLOCK_SIZE_M, BLOCK_SIZE_N, BLOCK_SIZE_K = 128, 128, 64
        num_stages, num_warps = 4, 4
    else:
        BLOCK_SIZE_M, BLOCK_SIZE_N, BLOCK_SIZE_K = 64, 128, 128
        num_stages, num_warps = 4, 4

    grid = (batch_size * triton.cdiv(M, BLOCK_SIZE_M) * triton.cdiv(M, BLOCK_SIZE_N),)
    XXT_kernel[grid](
        A_ptr=A,
        C_ptr=out,
        M=M,
        K=K,
        a_stride_b=input_batch_stride,
        a_stride_r=A.stride(-2),
        a_stride_c=A.stride(-1),
        c_stride_b=output_batch_stride,
        c_stride_r=out.stride(-2),
        c_stride_c=out.stride(-1),
        BLOCK_SIZE_M=BLOCK_SIZE_M,
        BLOCK_SIZE_N=BLOCK_SIZE_N,
        BLOCK_SIZE_K=BLOCK_SIZE_K,
        GROUP_SIZE_M=8,
        LOWER_UPPER=1,
        num_stages=num_stages,
        num_warps=num_warps,
    )
    return out

@triton.jit
def ba_plus_cAA_kernel(
    A_ptr, C_ptr,
    M,
    a_stride_b, a_stride_r, a_stride_c,
    c_stride_b, c_stride_r, c_stride_c,
    alpha, beta,
    BLOCK_SIZE_M: tl.constexpr,
    BLOCK_SIZE_N: tl.constexpr,
    BLOCK_SIZE_K: tl.constexpr,
    GROUP_SIZE_M: tl.constexpr,
    LOWER_UPPER: tl.constexpr,
):
    # This is mostly duplicated from XXT_kernel, but also loads and adds a block of A
    # Performance is slightly slower than XXT_kernel, so we use two separate kernels
    pid = tl.program_id(axis=0)
    batch_idx, m_idx, n_idx = _pid_to_block(
        pid, M, BLOCK_SIZE_M, BLOCK_SIZE_N, GROUP_SIZE_M
    )

    # Skip blocks that don't need to be computed
    skip_block_below_diag = (LOWER_UPPER == 0) and (n_idx + BLOCK_SIZE_N <= m_idx)
    skip_block_above_diag = (LOWER_UPPER != 0) and (m_idx + BLOCK_SIZE_M <= n_idx)
    if skip_block_below_diag or skip_block_above_diag:
        return

    # Index into one matrix of batch
    A_ptr += batch_idx * a_stride_b
    C_ptr += batch_idx * c_stride_b

    # Create pointer arrays for A and A.T
    offs_m = (m_idx + tl.arange(0, BLOCK_SIZE_M)) % M
    offs_n = (n_idx + tl.arange(0, BLOCK_SIZE_N)) % M
    offs_k = tl.arange(0, BLOCK_SIZE_K)
    a_ptrs = A_ptr + (offs_m[:, None] * a_stride_r + offs_k[None, :] * a_stride_c)
    at_ptrs = A_ptr + (offs_k[:, None] * a_stride_c + offs_n[None, :] * a_stride_r)

    accumulator = tl.zeros((BLOCK_SIZE_M, BLOCK_SIZE_N), dtype=tl.float32)

    # Accumulate over blocks of K
    for k in tl.range(0, tl.cdiv(M, BLOCK_SIZE_K)):
        a = tl.load(a_ptrs, mask=offs_k[None, :] < M - k * BLOCK_SIZE_K, other=0.0)
        at = tl.load(at_ptrs, mask=offs_k[:, None] < M - k * BLOCK_SIZE_K, other=0.0)
        accumulator = tl.dot(a, at, accumulator)
        a_ptrs += BLOCK_SIZE_K * a_stride_c
        at_ptrs += BLOCK_SIZE_K * a_stride_c

    # Load block of A to add (corresponds to the current block of C)
    offs_am = m_idx + tl.arange(0, BLOCK_SIZE_M)
    offs_an = n_idx + tl.arange(0, BLOCK_SIZE_N)
    a_add_ptrs = A_ptr + (offs_am[:, None] * a_stride_r + offs_an[None, :] * a_stride_c)
    a_add_mask = (offs_am[:, None] < M) & (offs_an[None, :] < M)
    a_add = tl.load(a_add_ptrs, mask=a_add_mask, other=0.0).to(tl.float32)

    # Apply alpha and beta
    accumulator *= alpha
    accumulator += a_add * beta

    out_dtype = C_ptr.dtype.element_ty
    output = accumulator.to(out_dtype)

    # Store block of C
    offs_cm = m_idx + tl.arange(0, BLOCK_SIZE_M)
    offs_cn = n_idx + tl.arange(0, BLOCK_SIZE_N)
    c_ptrs = C_ptr + (offs_cm[:, None] * c_stride_r + offs_cn[None, :] * c_stride_c)
    c_mask = (offs_cm[:, None] < M) & (offs_cn[None, :] < M)
    tl.store(c_ptrs, output, mask=c_mask)

    # Store block of C mirrored across the diagonal
    c_ptrs_t = C_ptr + (offs_cn[:, None] * c_stride_r + offs_cm[None, :] * c_stride_c)
    c_mask_t = (offs_cn[:, None] < M) & (offs_cm[None, :] < M)
    tl.store(c_ptrs_t, output.T, mask=c_mask_t)

def ba_plus_cAA(A: torch.Tensor, alpha: float, beta: float, out: torch.Tensor):
    """
    Launch Triton kernel to compute C = alpha * A @ A.T + beta * A
    """
    assert A.ndim == 2 or A.ndim == 3
    M, K = A.shape[-2:]
    assert M == K, "Input matrix must be square"
    assert out.size(-2) == M
    assert out.size(-1) == M

    batch_size = A.size(0) if A.ndim == 3 else 1
    input_batch_stride = A.stride(0) if A.ndim == 3 else 0
    output_batch_stride = out.stride(0) if out.ndim == 3 else 0

    # Hardcoded config based on H100 autotuning (M=768)
    BLOCK_SIZE_M, BLOCK_SIZE_N, BLOCK_SIZE_K = 128, 128, 64
    num_stages, num_warps = 4, 4

    grid = (batch_size * triton.cdiv(M, BLOCK_SIZE_M) * triton.cdiv(M, BLOCK_SIZE_N),)
    ba_plus_cAA_kernel[grid](
        A_ptr=A,
        C_ptr=out,
        M=M,
        a_stride_b=input_batch_stride,
        a_stride_r=A.stride(-2),
        a_stride_c=A.stride(-1),
        c_stride_b=output_batch_stride,
        c_stride_r=out.stride(-2),
        c_stride_c=out.stride(-1),
        alpha=alpha,
        beta=beta,
        BLOCK_SIZE_M=BLOCK_SIZE_M,
        BLOCK_SIZE_N=BLOCK_SIZE_N,
        BLOCK_SIZE_K=BLOCK_SIZE_K,
        GROUP_SIZE_M=8,
        LOWER_UPPER=1,
        num_stages=num_stages,
        num_warps=num_warps,
    )
    return out

# -----------------------------------------------------------------------------
# Triton kernel for MLP: relu(x @ W1.T)^2, by @andrewbriand, @jrauvola

@triton.jit
def linear_relu_square_kernel(a_desc, b_desc, c_desc, aux_desc,
                                 M, N, K,
                                 BLOCK_SIZE_M: tl.constexpr,
                                 BLOCK_SIZE_N: tl.constexpr,
                                 BLOCK_SIZE_K: tl.constexpr,
                                 GROUP_SIZE_M: tl.constexpr,
                                 NUM_SMS: tl.constexpr,
                                 FORWARD: tl.constexpr,
                                 ):
    dtype = tl.bfloat16
    start_pid = tl.program_id(axis=0)
    num_pid_m = tl.cdiv(M, BLOCK_SIZE_M)
    num_pid_n = tl.cdiv(N, BLOCK_SIZE_N)
    k_tiles = tl.cdiv(K, BLOCK_SIZE_K)
    num_tiles = num_pid_m * num_pid_n

    tile_id_c = start_pid - NUM_SMS
    num_pid_in_group = GROUP_SIZE_M * num_pid_n

    for tile_id in tl.range(start_pid, num_tiles, NUM_SMS, flatten=True):
        pid_m = tile_id // num_pid_n
        pid_n = tile_id % num_pid_n
        offs_am = pid_m * BLOCK_SIZE_M
        offs_bn = pid_n * BLOCK_SIZE_N

        accumulator = tl.zeros((BLOCK_SIZE_M, BLOCK_SIZE_N), dtype=tl.float32)
        for ki in range(k_tiles):
            offs_k = ki * BLOCK_SIZE_K
            a = a_desc.load([offs_am, offs_k])
            b = b_desc.load([offs_bn, offs_k])
            accumulator = tl.dot(a, b.T, accumulator)

        tile_id_c += NUM_SMS
        pid_m = tile_id // num_pid_n
        pid_n = tile_id % num_pid_n
        offs_am_c = pid_m * BLOCK_SIZE_M
        offs_bn_c = pid_n * BLOCK_SIZE_N

        acc = tl.reshape(accumulator, (BLOCK_SIZE_M, 2, BLOCK_SIZE_N // 2))
        acc = tl.permute(acc, (0, 2, 1))
        acc0, acc1 = tl.split(acc)

        c0 = acc0.to(dtype)
        if not FORWARD:
            c0_pre = aux_desc.load([offs_am_c, offs_bn_c])
            c0 = 2 * c0 * tl.where(c0_pre > 0, c0_pre, 0)

        c_desc.store([offs_am_c, offs_bn_c], c0)

        if FORWARD:
            c0_post = tl.maximum(c0, 0)
            c0_post = c0_post * c0_post
            aux_desc.store([offs_am_c, offs_bn_c], c0_post)

        c1 = acc1.to(dtype)
        if not FORWARD:
            c1_pre = aux_desc.load([offs_am_c, offs_bn_c + BLOCK_SIZE_N // 2])
            c1 = 2 * c1 * tl.where(c1_pre > 0, c1_pre, 0)

        c_desc.store([offs_am_c, offs_bn_c + BLOCK_SIZE_N // 2], c1)

        if FORWARD:
            c1_post = tl.maximum(c1, 0)
            c1_post = c1_post * c1_post
            aux_desc.store([offs_am_c, offs_bn_c + BLOCK_SIZE_N // 2], c1_post)


def linear_relu_square(a, b, aux=None):
    M, K = a.shape
    N, K = b.shape
    dtype = a.dtype

    c = torch.empty((M, N), device=a.device, dtype=dtype)

    FORWARD = False
    if aux is None:
        FORWARD = True
        aux = torch.empty((M, N), device=a.device, dtype=dtype)

    NUM_SMS = torch.cuda.get_device_properties("cuda").multi_processor_count

    BLOCK_SIZE_M = 128
    BLOCK_SIZE_N = 256
    BLOCK_SIZE_K = 64
    num_stages = 4 if FORWARD else 3
    num_warps = 8

    a_desc = TensorDescriptor.from_tensor(a, [BLOCK_SIZE_M, BLOCK_SIZE_K])
    b_desc = TensorDescriptor.from_tensor(b, [BLOCK_SIZE_N, BLOCK_SIZE_K])
    c_desc = TensorDescriptor.from_tensor(c, [BLOCK_SIZE_M, BLOCK_SIZE_N // 2])
    aux_desc = TensorDescriptor.from_tensor(aux, [BLOCK_SIZE_M, BLOCK_SIZE_N // 2])

    def grid(META):
        return (min(
            NUM_SMS,
            triton.cdiv(M, BLOCK_SIZE_M) * triton.cdiv(N, BLOCK_SIZE_N),
        ), )

    linear_relu_square_kernel[grid](
        a_desc, b_desc, c_desc, aux_desc,
        M, N, K,
        BLOCK_SIZE_M=BLOCK_SIZE_M,
        BLOCK_SIZE_N=BLOCK_SIZE_N,
        BLOCK_SIZE_K=BLOCK_SIZE_K,
        GROUP_SIZE_M=1,
        NUM_SMS=NUM_SMS,
        FORWARD=FORWARD,
        num_stages=num_stages,
        num_warps=num_warps
    )

    if FORWARD:
        return c, aux
    else:
        return c

class FusedLinearReLUSquareFunction(torch.autograd.Function):
    @staticmethod
    def forward(ctx, x, W1, W2):
        pre, post = linear_relu_square(x.view((-1, x.shape[-1])), W1)
        x3 = post @ W2
        ctx.save_for_backward(x, W1, W2, pre, post)
        return x3.view(x.shape)

    @staticmethod
    def backward(ctx, grad_output):
        x, W1, W2, pre, post = ctx.saved_tensors
        dW2 = post.T @ grad_output
        dpre = linear_relu_square(grad_output.view((-1, grad_output.shape[-1])), W2, aux=pre)
        dW1 = dpre.T @ x
        dx = dpre @ W1
        return dx.view(x.shape), dW1, dW2

# -----------------------------------------------------------------------------
# Fused Softcapped Cross Entropy


@triton.jit
def fused_softcapped_entropy_fwd_kernel(
    logits_ptr, losses_ptr, lse_ptr, targets_ptr, mtp_weights_ptr,
    stride_logits_n, stride_logits_v,
    n_rows, n_cols, n_predict,
    A, B, C,
    BLOCK_SIZE: tl.constexpr
):
    row_idx = tl.program_id(0).to(tl.int64)
    logits_row_ptr = logits_ptr + row_idx * stride_logits_n

    max_val = -float('inf')
    sum_exp = 0.0

    for off in range(0, n_cols, BLOCK_SIZE):
        cols = off + tl.arange(0, BLOCK_SIZE)
        mask = cols < n_cols
        val = tl.load(logits_row_ptr + cols, mask=mask, other=-float('inf')).to(tl.float32)
        z = A * tl.sigmoid((val + B) / C)
        z = tl.where(mask, z, -float('inf'))
        curr_max = tl.max(z, axis=0)
        new_max = tl.maximum(max_val, curr_max)
        sum_exp = sum_exp * tl.exp(max_val - new_max) + tl.sum(tl.exp(z - new_max), axis=0)
        max_val = new_max

    lse = max_val + tl.log(sum_exp)
    tl.store(lse_ptr + row_idx, lse)

    total_loss = 0.0
    for k in range(n_predict):
        target_idx = row_idx + k
        if target_idx < n_rows:
            weight = tl.load(mtp_weights_ptr + k)
            if weight > 0:
                target = tl.load(targets_ptr + target_idx).to(tl.int32)
                if target >= 0 and target < n_cols:
                    val_target = tl.load(logits_row_ptr + target).to(tl.float32)
                    z_target = A * tl.sigmoid((val_target + B) / C)
                    total_loss += weight * (lse - z_target)

    tl.store(losses_ptr + row_idx, total_loss)

@triton.jit
def fused_softcapped_entropy_bwd_kernel(
    grad_input_ptr, grad_output_ptr, lse_ptr, logits_ptr, targets_ptr, mtp_weights_ptr,
    stride_logits_n, stride_logits_v, stride_grad_n, stride_grad_v,
    n_rows, n_cols, n_predict,
    A, B, C,
    BLOCK_SIZE: tl.constexpr
):
    row_idx = tl.program_id(0).to(tl.int64)

    logits_row_ptr = logits_ptr + row_idx * stride_logits_n
    grad_row_ptr = grad_input_ptr + row_idx * stride_grad_n

    lse = tl.load(lse_ptr + row_idx)
    grad_loss = tl.load(grad_output_ptr + row_idx)

    S_w = 0.0
    for k in range(n_predict):
        if row_idx + k < n_rows:
            S_w += tl.load(mtp_weights_ptr + k)

    for off in range(0, n_cols, BLOCK_SIZE):
        cols = off + tl.arange(0, BLOCK_SIZE)
        mask = cols < n_cols
        val = tl.load(logits_row_ptr + cols, mask=mask, other=0.0).to(tl.float32)
        u = (val + B) / C
        sigmoid_u = tl.sigmoid(u)
        z = A * sigmoid_u
        p = tl.exp(z - lse)

        term1 = S_w * p
        term2 = tl.zeros([BLOCK_SIZE], dtype=tl.float32)
        for k in range(n_predict):
            if row_idx + k < n_rows:
                target = tl.load(targets_ptr + row_idx + k).to(tl.int32)
                weight = tl.load(mtp_weights_ptr + k)
                term2 += tl.where(cols == target, weight, 0.0)

        grad_z = grad_loss * (term1 - term2)
        dz_dx = (1.0 / C) * z * (1.0 - sigmoid_u)
        grad_x = grad_z * dz_dx
        tl.store(grad_row_ptr + cols, grad_x.to(tl.bfloat16), mask=mask)

class FusedSoftcappedCrossEntropy(torch.autograd.Function):
    @staticmethod
    def forward(ctx, logits, targets, mtp_weights, A=23.0, B=5.0, C=7.5):
        n_rows, n_cols = logits.shape
        if mtp_weights is None:
             mtp_weights = torch.tensor([1.0], device=logits.device, dtype=torch.float32)
        n_predict = mtp_weights.shape[0]

        losses = torch.empty(n_rows, dtype=torch.float32, device=logits.device)
        lse = torch.empty(n_rows, dtype=torch.float32, device=logits.device)

        logits = logits.contiguous()
        targets = targets.contiguous()
        mtp_weights = mtp_weights.contiguous()

        grid = (n_rows,)
        fused_softcapped_entropy_fwd_kernel[grid](
            logits, losses, lse, targets, mtp_weights,
            logits.stride(0), logits.stride(1),
            n_rows, n_cols, n_predict,
            A, B, C,
            BLOCK_SIZE=1024,
            num_warps=8,
            num_stages=4
        )

        ctx.save_for_backward(logits, targets, mtp_weights, lse)
        ctx.params = (A, B, C)
        return losses

    @staticmethod
    def backward(ctx, grad_output):
        logits, targets, mtp_weights, lse = ctx.saved_tensors
        A, B, C = ctx.params
        n_rows, n_cols = logits.shape
        n_predict = mtp_weights.shape[0]

        grad_input = torch.empty((n_rows, n_cols), dtype=torch.bfloat16, device=logits.device)
        grad_output = grad_output.contiguous()

        grid = (n_rows,)
        fused_softcapped_entropy_bwd_kernel[grid](
            grad_input, grad_output, lse, logits, targets, mtp_weights,
            logits.stride(0), logits.stride(1), grad_input.stride(0), grad_input.stride(1),
            n_rows, n_cols, n_predict,
            A, B, C,
            BLOCK_SIZE=1024,
            num_warps=8,
            num_stages=4
        )
        return grad_input, None, None, None, None, None

====================================================================================================
Running Python 3.10.19 (main, Oct 21 2025, 16:43:05) [GCC 11.2.0]
Running PyTorch 2.10.0.dev20251210+cu126 compiled for CUDA 12.6
Running Triton version 3.6.0
Sun Feb  8 00:16:48 2026       
+-----------------------------------------------------------------------------------------+
| NVIDIA-SMI 580.65.06              Driver Version: 580.65.06      CUDA Version: 13.0     |
+-----------------------------------------+------------------------+----------------------+
| GPU  Name                 Persistence-M | Bus-Id          Disp.A | Volatile Uncorr. ECC |
| Fan  Temp   Perf          Pwr:Usage/Cap |           Memory-Usage | GPU-Util  Compute M. |
|                                         |                        |               MIG M. |
|=========================================+========================+======================|
|   0  NVIDIA H100 PCIe               On  |   00000000:57:00.0 Off |                    0 |
| N/A   27C    P0             74W /  310W |    1105MiB /  81559MiB |      2%      Default |
|                                         |                        |             Disabled |
+-----------------------------------------+------------------------+----------------------+

+-----------------------------------------------------------------------------------------+
| Processes:                                                                              |
|  GPU   GI   CI              PID   Type   Process name                        GPU Memory |
|        ID   ID                                                               Usage      |
|=========================================================================================|
|    0   N/A  N/A            1686      C   .../envs/speedrun/bin/python3.10       1096MiB |
+-----------------------------------------------------------------------------------------+

====================================================================================================
Compiling model and warming up kernels (~7 minutes on first execution)
Sampling steps [0, 1, 2, 504, 505, 506, 1009, 1010, 1011, 1514, 1515, 1516] for warmup
Resetting Model
step:0/1555 starting test-time training...
step:0/1555 val_step:0/320 val_loss:10.8285 chunk_loss:38778.9937 is_adam_step=False do_muon_ttt=False train_time:0ms step_avg:0.03ms
step:0/1555 val_step:1/320 val_loss:10.8293 chunk_loss:38778.2563 is_adam_step=True do_muon_ttt=False train_time:0ms step_avg:0.03ms
step:0/1555 val_step:2/320 val_loss:10.4404 chunk_loss:34724.2866 is_adam_step=False do_muon_ttt=False train_time:0ms step_avg:0.03ms
step:0/1555 val_step:3/320 val_loss:10.2892 chunk_loss:35272.4177 is_adam_step=True do_muon_ttt=False train_time:0ms step_avg:0.03ms
step:0/1555 val_step:4/320 val_loss:9.9926 chunk_loss:31703.3252 is_adam_step=False do_muon_ttt=False train_time:0ms step_avg:0.03ms
step:0/1555 val_step:5/320 val_loss:9.7890 chunk_loss:31573.5345 is_adam_step=True do_muon_ttt=False train_time:0ms step_avg:0.03ms
step:0/1555 val_step:6/320 val_loss:9.5061 chunk_loss:28265.8218 is_adam_step=False do_muon_ttt=False train_time:0ms step_avg:0.03ms
step:0/1555 val_step:7/320 val_loss:9.3423 chunk_loss:29665.2461 is_adam_step=True do_muon_ttt=False train_time:0ms step_avg:0.03ms
step:0/1555 val_step:8/320 val_loss:9.1828 chunk_loss:28887.4949 is_adam_step=False do_muon_ttt=False train_time:0ms step_avg:0.03ms
step:0/1555 val_step:9/320 val_loss:9.0760 chunk_loss:29597.6191 is_adam_step=True do_muon_ttt=False train_time:0ms step_avg:0.03ms
step:0/1555 val_step:10/320 val_loss:8.9500 chunk_loss:28143.4796 is_adam_step=False do_muon_ttt=False train_time:0ms step_avg:0.03ms
step:0/1555 val_step:11/320 val_loss:8.8720 chunk_loss:29273.0602 is_adam_step=True do_muon_ttt=False train_time:0ms step_avg:0.03ms
step:0/1555 val_step:12/320 val_loss:8.7839 chunk_loss:28417.7383 is_adam_step=False do_muon_ttt=False train_time:0ms step_avg:0.03ms
step:0/1555 val_step:13/320 val_loss:8.7159 chunk_loss:28798.0201 is_adam_step=True do_muon_ttt=False train_time:0ms step_avg:0.03ms
step:0/1555 val_step:14/320 val_loss:8.6206 chunk_loss:26914.1182 is_adam_step=False do_muon_ttt=False train_time:0ms step_avg:0.03ms
step:0/1555 val_step:15/320 val_loss:8.5398 chunk_loss:27067.5449 is_adam_step=True do_muon_ttt=False train_time:0ms step_avg:0.03ms
step:0/1555 val_step:16/320 val_loss:8.4633 chunk_loss:26837.8379 is_adam_step=False do_muon_ttt=False train_time:0ms step_avg:0.03ms
step:0/1555 val_step:17/320 val_loss:8.4079 chunk_loss:27575.5356 is_adam_step=True do_muon_ttt=False train_time:0ms step_avg:0.03ms
step:0/1555 val_step:18/320 val_loss:8.3492 chunk_loss:27045.2291 is_adam_step=False do_muon_ttt=False train_time:0ms step_avg:0.03ms
step:0/1555 val_step:19/320 val_loss:8.2942 chunk_loss:26926.3247 is_adam_step=True do_muon_ttt=False train_time:0ms step_avg:0.03ms
step:0/1555 val_step:20/320 val_loss:8.2417 chunk_loss:26770.1010 is_adam_step=False do_muon_ttt=False train_time:0ms step_avg:0.03ms
step:0/1555 val_step:21/320 val_loss:8.2042 chunk_loss:27517.8517 is_adam_step=True do_muon_ttt=False train_time:0ms step_avg:0.03ms
step:0/1555 val_step:22/320 val_loss:8.1617 chunk_loss:26953.0353 is_adam_step=False do_muon_ttt=False train_time:0ms step_avg:0.03ms
step:0/1555 val_step:23/320 val_loss:8.1263 chunk_loss:27240.7325 is_adam_step=True do_muon_ttt=False train_time:0ms step_avg:0.03ms
step:0/1555 val_step:24/320 val_loss:8.0760 chunk_loss:25766.2560 is_adam_step=False do_muon_ttt=False train_time:0ms step_avg:0.03ms
step:0/1555 val_step:25/320 val_loss:8.0414 chunk_loss:26819.1736 is_adam_step=True do_muon_ttt=False train_time:0ms step_avg:0.03ms
step:0/1555 val_step:26/320 val_loss:8.0283 chunk_loss:28468.1587 is_adam_step=False do_muon_ttt=False train_time:0ms step_avg:0.03ms
step:0/1555 val_step:27/320 val_loss:7.9974 chunk_loss:26757.3273 is_adam_step=True do_muon_ttt=False train_time:0ms step_avg:0.03ms
step:0/1555 val_step:28/320 val_loss:7.9609 chunk_loss:26032.9187 is_adam_step=False do_muon_ttt=False train_time:0ms step_avg:0.03ms
step:0/1555 val_step:29/320 val_loss:7.9293 chunk_loss:26284.7505 is_adam_step=True do_muon_ttt=False train_time:0ms step_avg:0.03ms
step:0/1555 val_step:30/320 val_loss:7.8978 chunk_loss:26099.4176 is_adam_step=False do_muon_ttt=False train_time:0ms step_avg:0.03ms
step:0/1555 val_step:31/320 val_loss:7.8667 chunk_loss:25916.8948 is_adam_step=True do_muon_ttt=False train_time:0ms step_avg:0.03ms
step:0/1555 val_step:32/320 val_loss:7.8366 chunk_loss:25966.7495 is_adam_step=False do_muon_ttt=False train_time:0ms step_avg:0.03ms
step:0/1555 val_step:33/320 val_loss:7.8130 chunk_loss:26492.2825 is_adam_step=True do_muon_ttt=False train_time:0ms step_avg:0.03ms
step:0/1555 val_step:34/320 val_loss:7.7893 chunk_loss:26216.3201 is_adam_step=False do_muon_ttt=False train_time:0ms step_avg:0.03ms
step:0/1555 val_step:35/320 val_loss:7.7632 chunk_loss:25777.7943 is_adam_step=True do_muon_ttt=False train_time:0ms step_avg:0.03ms
step:0/1555 val_step:36/320 val_loss:7.7496 chunk_loss:27322.8872 is_adam_step=False do_muon_ttt=False train_time:0ms step_avg:0.03ms
step:0/1555 val_step:37/320 val_loss:7.7269 chunk_loss:26058.3436 is_adam_step=True do_muon_ttt=False train_time:0ms step_avg:0.03ms
step:0/1555 val_step:38/320 val_loss:7.7060 chunk_loss:26094.2767 is_adam_step=False do_muon_ttt=False train_time:0ms step_avg:0.03ms
step:0/1555 val_step:39/320 val_loss:7.6880 chunk_loss:26340.0804 is_adam_step=True do_muon_ttt=False train_time:0ms step_avg:0.03ms
step:0/1555 val_step:40/320 val_loss:7.6759 chunk_loss:27086.0430 is_adam_step=False do_muon_ttt=False train_time:0ms step_avg:0.03ms
step:0/1555 val_step:41/320 val_loss:7.6529 chunk_loss:25402.0292 is_adam_step=True do_muon_ttt=False train_time:0ms step_avg:0.03ms
step:0/1555 val_step:42/320 val_loss:7.6365 chunk_loss:26215.9160 is_adam_step=False do_muon_ttt=False train_time:0ms step_avg:0.03ms
step:0/1555 val_step:43/320 val_loss:7.6174 chunk_loss:25720.3842 is_adam_step=True do_muon_ttt=False train_time:0ms step_avg:0.03ms
step:0/1555 val_step:44/320 val_loss:7.5986 chunk_loss:25580.1116 is_adam_step=False do_muon_ttt=False train_time:0ms step_avg:0.03ms
step:0/1555 val_step:45/320 val_loss:7.5800 chunk_loss:25595.3549 is_adam_step=True do_muon_ttt=False train_time:0ms step_avg:0.03ms
step:0/1555 val_step:46/320 val_loss:7.5625 chunk_loss:25658.1815 is_adam_step=False do_muon_ttt=False train_time:0ms step_avg:0.03ms
step:0/1555 val_step:47/320 val_loss:7.5472 chunk_loss:25914.4984 is_adam_step=True do_muon_ttt=False train_time:0ms step_avg:0.03ms
step:0/1555 val_step:48/320 val_loss:7.5313 chunk_loss:25679.2021 is_adam_step=False do_muon_ttt=False train_time:0ms step_avg:0.03ms
step:0/1555 val_step:49/320 val_loss:7.5157 chunk_loss:25639.4281 is_adam_step=True do_muon_ttt=False train_time:0ms step_avg:0.03ms
step:0/1555 val_step:50/320 val_loss:7.4999 chunk_loss:25560.9199 is_adam_step=False do_muon_ttt=False train_time:0ms step_avg:0.03ms
step:0/1555 val_step:51/320 val_loss:7.4876 chunk_loss:26004.7583 is_adam_step=True do_muon_ttt=False train_time:0ms step_avg:0.03ms
step:0/1555 val_step:52/320 val_loss:7.4722 chunk_loss:25399.7062 is_adam_step=False do_muon_ttt=False train_time:0ms step_avg:0.03ms
step:0/1555 val_step:53/320 val_loss:7.4559 chunk_loss:25149.0492 is_adam_step=True do_muon_ttt=False train_time:0ms step_avg:0.03ms
step:0/1555 val_step:54/320 val_loss:7.4433 chunk_loss:25782.1781 is_adam_step=False do_muon_ttt=False train_time:0ms step_avg:0.03ms
step:0/1555 val_step:55/320 val_loss:7.4183 chunk_loss:23450.8491 is_adam_step=True do_muon_ttt=False train_time:0ms step_avg:0.03ms
step:0/1555 val_step:56/320 val_loss:7.4036 chunk_loss:25076.2390 is_adam_step=False do_muon_ttt=False train_time:0ms step_avg:0.03ms
step:0/1555 val_step:57/320 val_loss:7.3950 chunk_loss:26154.9829 is_adam_step=True do_muon_ttt=False train_time:0ms step_avg:0.03ms
step:0/1555 val_step:58/320 val_loss:7.3812 chunk_loss:25196.9247 is_adam_step=False do_muon_ttt=False train_time:0ms step_avg:0.03ms
step:0/1555 val_step:59/320 val_loss:7.3682 chunk_loss:25300.5597 is_adam_step=True do_muon_ttt=False train_time:0ms step_avg:0.03ms
step:0/1555 val_step:60/320 val_loss:7.3546 chunk_loss:25036.3854 is_adam_step=False do_muon_ttt=False train_time:0ms step_avg:0.03ms
step:0/1555 val_step:61/320 val_loss:7.3421 chunk_loss:25151.6693 is_adam_step=True do_muon_ttt=False train_time:0ms step_avg:0.03ms
step:0/1555 val_step:62/320 val_loss:7.3317 chunk_loss:25537.5298 is_adam_step=False do_muon_ttt=False train_time:0ms step_avg:0.03ms
step:0/1555 val_step:63/320 val_loss:7.3206 chunk_loss:25351.1777 is_adam_step=True do_muon_ttt=False train_time:0ms step_avg:0.03ms
step:0/1555 val_step:64/320 val_loss:7.3084 chunk_loss:24989.0668 is_adam_step=False do_muon_ttt=False train_time:0ms step_avg:0.03ms
step:0/1555 val_step:65/320 val_loss:7.2980 chunk_loss:25257.4598 is_adam_step=True do_muon_ttt=False train_time:0ms step_avg:0.03ms
step:0/1555 val_step:66/320 val_loss:7.2881 chunk_loss:25337.1285 is_adam_step=False do_muon_ttt=False train_time:0ms step_avg:0.03ms
step:0/1555 val_step:67/320 val_loss:7.2765 chunk_loss:24942.1462 is_adam_step=True do_muon_ttt=False train_time:0ms step_avg:0.03ms
step:0/1555 val_step:68/320 val_loss:7.2646 chunk_loss:24762.2351 is_adam_step=False do_muon_ttt=False train_time:0ms step_avg:0.03ms
step:0/1555 val_step:69/320 val_loss:7.2531 chunk_loss:24833.6034 is_adam_step=True do_muon_ttt=False train_time:0ms step_avg:0.03ms
step:0/1555 val_step:70/320 val_loss:7.2433 chunk_loss:25112.6490 is_adam_step=False do_muon_ttt=False train_time:0ms step_avg:0.03ms
step:0/1555 val_step:71/320 val_loss:7.2314 chunk_loss:24615.3638 is_adam_step=True do_muon_ttt=False train_time:0ms step_avg:0.03ms
step:0/1555 val_step:72/320 val_loss:7.2224 chunk_loss:25230.6410 is_adam_step=False do_muon_ttt=False train_time:0ms step_avg:0.03ms
step:0/1555 val_step:73/320 val_loss:7.2140 chunk_loss:25287.8879 is_adam_step=True do_muon_ttt=False train_time:0ms step_avg:0.03ms
step:0/1555 val_step:74/320 val_loss:7.2060 chunk_loss:25332.7998 is_adam_step=False do_muon_ttt=False train_time:0ms step_avg:0.03ms
step:0/1555 val_step:75/320 val_loss:7.1979 chunk_loss:25272.9497 is_adam_step=True do_muon_ttt=False train_time:0ms step_avg:0.03ms
step:0/1555 val_step:76/320 val_loss:7.1872 chunk_loss:24602.6418 is_adam_step=False do_muon_ttt=False train_time:0ms step_avg:0.03ms
step:0/1555 val_step:77/320 val_loss:7.1796 chunk_loss:25287.8252 is_adam_step=True do_muon_ttt=False train_time:0ms step_avg:0.03ms
step:0/1555 val_step:78/320 val_loss:7.1700 chunk_loss:24768.6757 is_adam_step=False do_muon_ttt=False train_time:0ms step_avg:0.03ms
step:0/1555 val_step:79/320 val_loss:7.1630 chunk_loss:25377.6353 is_adam_step=True do_muon_ttt=False train_time:0ms step_avg:0.03ms
step:0/1555 val_step:80/320 val_loss:7.1544 chunk_loss:24919.0267 is_adam_step=False do_muon_ttt=False train_time:0ms step_avg:0.03ms
step:0/1555 val_step:81/320 val_loss:7.1456 chunk_loss:24792.6978 is_adam_step=True do_muon_ttt=False train_time:0ms step_avg:0.03ms
step:0/1555 val_step:82/320 val_loss:7.1374 chunk_loss:24870.9618 is_adam_step=False do_muon_ttt=False train_time:0ms step_avg:0.03ms
step:0/1555 val_step:83/320 val_loss:7.1291 chunk_loss:24775.8038 is_adam_step=True do_muon_ttt=False train_time:0ms step_avg:0.03ms
step:0/1555 val_step:84/320 val_loss:7.1210 chunk_loss:24898.4811 is_adam_step=False do_muon_ttt=False train_time:0ms step_avg:0.03ms
step:0/1555 val_step:85/320 val_loss:7.1130 chunk_loss:24910.1151 is_adam_step=True do_muon_ttt=False train_time:0ms step_avg:0.03ms
step:0/1555 val_step:86/320 val_loss:7.1066 chunk_loss:25166.0785 is_adam_step=False do_muon_ttt=False train_time:0ms step_avg:0.03ms
step:0/1555 val_step:87/320 val_loss:7.0984 chunk_loss:24570.3859 is_adam_step=True do_muon_ttt=False train_time:0ms step_avg:0.03ms
step:0/1555 val_step:88/320 val_loss:7.0917 chunk_loss:25046.1191 is_adam_step=False do_muon_ttt=False train_time:0ms step_avg:0.03ms
step:0/1555 val_step:89/320 val_loss:7.0830 chunk_loss:24356.3021 is_adam_step=True do_muon_ttt=False train_time:0ms step_avg:0.03ms
step:0/1555 val_step:90/320 val_loss:7.0738 chunk_loss:24203.9844 is_adam_step=False do_muon_ttt=False train_time:0ms step_avg:0.03ms
step:0/1555 val_step:91/320 val_loss:7.0627 chunk_loss:23547.2986 is_adam_step=True do_muon_ttt=False train_time:0ms step_avg:0.03ms
step:0/1555 val_step:92/320 val_loss:7.0558 chunk_loss:24738.9579 is_adam_step=False do_muon_ttt=False train_time:0ms step_avg:0.03ms
step:0/1555 val_step:93/320 val_loss:7.0479 chunk_loss:24385.5851 is_adam_step=True do_muon_ttt=False train_time:0ms step_avg:0.03ms
step:0/1555 val_step:94/320 val_loss:7.0393 chunk_loss:24199.4983 is_adam_step=False do_muon_ttt=False train_time:0ms step_avg:0.03ms
step:0/1555 val_step:95/320 val_loss:7.0320 chunk_loss:24534.5691 is_adam_step=True do_muon_ttt=False train_time:0ms step_avg:0.03ms
step:0/1555 val_step:96/320 val_loss:7.0239 chunk_loss:24213.3829 is_adam_step=False do_muon_ttt=False train_time:0ms step_avg:0.03ms
step:0/1555 val_step:97/320 val_loss:7.0173 chunk_loss:24652.7300 is_adam_step=True do_muon_ttt=False train_time:0ms step_avg:0.03ms
step:0/1555 val_step:98/320 val_loss:7.0132 chunk_loss:25444.4923 is_adam_step=False do_muon_ttt=False train_time:0ms step_avg:0.03ms
step:0/1555 val_step:99/320 val_loss:7.0080 chunk_loss:25051.1729 is_adam_step=True do_muon_ttt=False train_time:0ms step_avg:0.03ms
step:0/1555 val_step:100/320 val_loss:7.0014 chunk_loss:24496.9958 is_adam_step=False do_muon_ttt=False train_time:0ms step_avg:0.03ms
step:0/1555 val_step:101/320 val_loss:6.9933 chunk_loss:23978.8066 is_adam_step=True do_muon_ttt=False train_time:0ms step_avg:0.03ms
step:0/1555 val_step:102/320 val_loss:6.9842 chunk_loss:23627.4795 is_adam_step=False do_muon_ttt=False train_time:0ms step_avg:0.03ms
step:0/1555 val_step:103/320 val_loss:6.9776 chunk_loss:24391.6810 is_adam_step=True do_muon_ttt=False train_time:0ms step_avg:0.03ms
step:0/1555 val_step:104/320 val_loss:6.9719 chunk_loss:24642.2668 is_adam_step=False do_muon_ttt=False train_time:0ms step_avg:0.03ms
step:0/1555 val_step:105/320 val_loss:6.9649 chunk_loss:24187.6608 is_adam_step=True do_muon_ttt=False train_time:0ms step_avg:0.03ms
step:0/1555 val_step:106/320 val_loss:6.9580 chunk_loss:24208.8203 is_adam_step=False do_muon_ttt=False train_time:0ms step_avg:0.03ms
step:0/1555 val_step:107/320 val_loss:6.9502 chunk_loss:23869.8086 is_adam_step=True do_muon_ttt=False train_time:0ms step_avg:0.03ms
step:0/1555 val_step:108/320 val_loss:6.9434 chunk_loss:24129.1829 is_adam_step=False do_muon_ttt=False train_time:0ms step_avg:0.03ms
step:0/1555 val_step:109/320 val_loss:6.9383 chunk_loss:24671.8950 is_adam_step=True do_muon_ttt=False train_time:0ms step_avg:0.03ms
step:0/1555 val_step:110/320 val_loss:6.9316 chunk_loss:24111.7428 is_adam_step=False do_muon_ttt=False train_time:0ms step_avg:0.03ms
step:0/1555 val_step:111/320 val_loss:6.9262 chunk_loss:24505.2728 is_adam_step=True do_muon_ttt=False train_time:0ms step_avg:0.03ms
step:0/1555 val_step:112/320 val_loss:6.9192 chunk_loss:23829.3776 is_adam_step=False do_muon_ttt=False train_time:0ms step_avg:0.03ms
step:0/1555 val_step:113/320 val_loss:6.9124 chunk_loss:23894.8491 is_adam_step=True do_muon_ttt=False train_time:0ms step_avg:0.03ms
step:0/1555 val_step:114/320 val_loss:6.9045 chunk_loss:23549.8418 is_adam_step=False do_muon_ttt=False train_time:0ms step_avg:0.03ms
step:0/1555 val_step:115/320 val_loss:6.8973 chunk_loss:23655.2584 is_adam_step=True do_muon_ttt=False train_time:0ms step_avg:0.03ms
step:0/1555 val_step:116/320 val_loss:6.8909 chunk_loss:23959.3813 is_adam_step=False do_muon_ttt=False train_time:0ms step_avg:0.03ms
step:0/1555 val_step:117/320 val_loss:6.8859 chunk_loss:24425.5916 is_adam_step=True do_muon_ttt=False train_time:0ms step_avg:0.03ms
step:0/1555 val_step:118/320 val_loss:6.8809 chunk_loss:24516.4535 is_adam_step=False do_muon_ttt=False train_time:0ms step_avg:0.03ms
step:0/1555 val_step:119/320 val_loss:6.8748 chunk_loss:23951.9037 is_adam_step=True do_muon_ttt=False train_time:0ms step_avg:0.03ms
step:0/1555 val_step:120/320 val_loss:6.8699 chunk_loss:24448.3038 is_adam_step=False do_muon_ttt=False train_time:0ms step_avg:0.03ms
step:0/1555 val_step:121/320 val_loss:6.8644 chunk_loss:24177.4825 is_adam_step=True do_muon_ttt=False train_time:0ms step_avg:0.03ms
step:0/1555 val_step:122/320 val_loss:6.8593 chunk_loss:24284.6383 is_adam_step=False do_muon_ttt=False train_time:0ms step_avg:0.03ms
step:0/1555 val_step:123/320 val_loss:6.8556 chunk_loss:24845.3876 is_adam_step=True do_muon_ttt=False train_time:0ms step_avg:0.03ms
step:0/1555 val_step:124/320 val_loss:6.8507 chunk_loss:24363.2562 is_adam_step=False do_muon_ttt=False train_time:0ms step_avg:0.03ms
step:0/1555 val_step:125/320 val_loss:6.8458 chunk_loss:24302.3268 is_adam_step=True do_muon_ttt=False train_time:0ms step_avg:0.03ms
step:0/1555 val_step:126/320 val_loss:6.8399 chunk_loss:23881.9445 is_adam_step=False do_muon_ttt=False train_time:0ms step_avg:0.03ms
step:0/1555 val_step:127/320 val_loss:6.8357 chunk_loss:24592.6165 is_adam_step=True do_muon_ttt=False train_time:0ms step_avg:0.03ms
step:0/1555 val_step:128/320 val_loss:6.8311 chunk_loss:24305.5199 is_adam_step=False do_muon_ttt=False train_time:0ms step_avg:0.03ms
step:0/1555 val_step:129/320 val_loss:6.8253 chunk_loss:23774.0568 is_adam_step=True do_muon_ttt=False train_time:0ms step_avg:0.03ms
step:0/1555 val_step:130/320 val_loss:6.8192 chunk_loss:23679.3127 is_adam_step=False do_muon_ttt=False train_time:0ms step_avg:0.03ms
step:0/1555 val_step:131/320 val_loss:6.8131 chunk_loss:23582.7426 is_adam_step=True do_muon_ttt=False train_time:0ms step_avg:0.03ms
step:0/1555 val_step:132/320 val_loss:6.8098 chunk_loss:24788.4939 is_adam_step=False do_muon_ttt=False train_time:0ms step_avg:0.03ms
step:0/1555 val_step:133/320 val_loss:6.8060 chunk_loss:24501.5493 is_adam_step=True do_muon_ttt=False train_time:0ms step_avg:0.03ms
step:0/1555 val_step:134/320 val_loss:6.8030 chunk_loss:24614.4010 is_adam_step=False do_muon_ttt=False train_time:0ms step_avg:0.03ms
step:0/1555 val_step:135/320 val_loss:6.7987 chunk_loss:24256.8666 is_adam_step=True do_muon_ttt=False train_time:0ms step_avg:0.03ms
step:0/1555 val_step:136/320 val_loss:6.7930 chunk_loss:23603.0239 is_adam_step=False do_muon_ttt=False train_time:0ms step_avg:0.03ms
step:0/1555 val_step:137/320 val_loss:6.7891 chunk_loss:24436.8998 is_adam_step=True do_muon_ttt=False train_time:0ms step_avg:0.03ms
step:0/1555 val_step:138/320 val_loss:6.7864 chunk_loss:25017.5887 is_adam_step=False do_muon_ttt=False train_time:0ms step_avg:0.03ms
step:0/1555 val_step:139/320 val_loss:6.7828 chunk_loss:24540.9916 is_adam_step=True do_muon_ttt=False train_time:0ms step_avg:0.03ms
step:0/1555 val_step:140/320 val_loss:6.7780 chunk_loss:23906.1176 is_adam_step=False do_muon_ttt=False train_time:0ms step_avg:0.03ms
step:0/1555 val_step:141/320 val_loss:6.7722 chunk_loss:23394.7930 is_adam_step=True do_muon_ttt=False train_time:0ms step_avg:0.03ms
step:0/1555 val_step:142/320 val_loss:6.7663 chunk_loss:23354.9984 is_adam_step=False do_muon_ttt=False train_time:0ms step_avg:0.03ms
step:0/1555 val_step:143/320 val_loss:6.7621 chunk_loss:24155.9504 is_adam_step=True do_muon_ttt=False train_time:0ms step_avg:0.03ms
step:0/1555 val_step:144/320 val_loss:6.7581 chunk_loss:24197.7316 is_adam_step=False do_muon_ttt=False train_time:0ms step_avg:0.03ms
step:0/1555 val_step:145/320 val_loss:6.7534 chunk_loss:23771.7361 is_adam_step=True do_muon_ttt=False train_time:0ms step_avg:0.03ms
step:0/1555 val_step:146/320 val_loss:6.7480 chunk_loss:23429.1321 is_adam_step=False do_muon_ttt=False train_time:0ms step_avg:0.03ms
step:0/1555 val_step:147/320 val_loss:6.7432 chunk_loss:23756.0907 is_adam_step=True do_muon_ttt=False train_time:0ms step_avg:0.03ms
step:0/1555 val_step:148/320 val_loss:6.7384 chunk_loss:23661.8282 is_adam_step=False do_muon_ttt=False train_time:0ms step_avg:0.03ms
step:0/1555 val_step:149/320 val_loss:6.7326 chunk_loss:23232.6029 is_adam_step=True do_muon_ttt=False train_time:0ms step_avg:0.03ms
step:0/1555 val_step:150/320 val_loss:6.7272 chunk_loss:23302.8538 is_adam_step=False do_muon_ttt=False train_time:0ms step_avg:0.03ms
step:0/1555 val_step:151/320 val_loss:6.7227 chunk_loss:23750.8221 is_adam_step=True do_muon_ttt=False train_time:0ms step_avg:0.03ms
step:0/1555 val_step:152/320 val_loss:6.7165 chunk_loss:22889.3047 is_adam_step=False do_muon_ttt=False train_time:0ms step_avg:0.03ms
step:0/1555 val_step:153/320 val_loss:6.7112 chunk_loss:23368.2279 is_adam_step=True do_muon_ttt=False train_time:0ms step_avg:0.03ms
step:0/1555 val_step:154/320 val_loss:6.7052 chunk_loss:22912.5017 is_adam_step=False do_muon_ttt=False train_time:0ms step_avg:0.03ms
step:0/1555 val_step:155/320 val_loss:6.7009 chunk_loss:23792.8837 is_adam_step=True do_muon_ttt=False train_time:0ms step_avg:0.03ms
step:0/1555 val_step:156/320 val_loss:6.6958 chunk_loss:23345.0637 is_adam_step=False do_muon_ttt=False train_time:0ms step_avg:0.03ms
step:0/1555 val_step:157/320 val_loss:6.6915 chunk_loss:23704.5614 is_adam_step=True do_muon_ttt=False train_time:0ms step_avg:0.03ms
step:0/1555 val_step:158/320 val_loss:6.6867 chunk_loss:23388.7454 is_adam_step=False do_muon_ttt=False train_time:0ms step_avg:0.03ms
step:0/1555 val_step:159/320 val_loss:6.6820 chunk_loss:23459.3241 is_adam_step=True do_muon_ttt=False train_time:0ms step_avg:0.03ms
step:0/1555 val_step:160/320 val_loss:6.6781 chunk_loss:23869.0023 is_adam_step=False do_muon_ttt=False train_time:0ms step_avg:0.03ms
step:0/1555 val_step:161/320 val_loss:6.6732 chunk_loss:23359.1702 is_adam_step=True do_muon_ttt=False train_time:0ms step_avg:0.03ms
step:0/1555 val_step:162/320 val_loss:6.6689 chunk_loss:23578.5242 is_adam_step=False do_muon_ttt=False train_time:0ms step_avg:0.03ms
step:0/1555 val_step:163/320 val_loss:6.6642 chunk_loss:23365.8546 is_adam_step=True do_muon_ttt=False train_time:0ms step_avg:0.03ms
step:0/1555 val_step:164/320 val_loss:6.6590 chunk_loss:23035.1113 is_adam_step=False do_muon_ttt=False train_time:0ms step_avg:0.03ms
step:0/1555 val_step:165/320 val_loss:6.6548 chunk_loss:23664.7867 is_adam_step=True do_muon_ttt=False train_time:0ms step_avg:0.03ms
step:0/1555 val_step:166/320 val_loss:6.6499 chunk_loss:23022.9647 is_adam_step=False do_muon_ttt=False train_time:0ms step_avg:0.03ms
step:0/1555 val_step:167/320 val_loss:6.6471 chunk_loss:24204.2964 is_adam_step=True do_muon_ttt=False train_time:0ms step_avg:0.03ms
step:0/1555 val_step:168/320 val_loss:6.6436 chunk_loss:23922.9432 is_adam_step=False do_muon_ttt=False train_time:0ms step_avg:0.03ms
step:0/1555 val_step:169/320 val_loss:6.6406 chunk_loss:24158.5870 is_adam_step=True do_muon_ttt=False train_time:0ms step_avg:0.03ms
step:0/1555 val_step:170/320 val_loss:6.6360 chunk_loss:23227.0215 is_adam_step=False do_muon_ttt=False train_time:0ms step_avg:0.03ms
step:0/1555 val_step:171/320 val_loss:6.6312 chunk_loss:23079.8314 is_adam_step=True do_muon_ttt=False train_time:0ms step_avg:0.03ms
step:0/1555 val_step:172/320 val_loss:6.6272 chunk_loss:23548.5557 is_adam_step=False do_muon_ttt=False train_time:0ms step_avg:0.03ms
step:0/1555 val_step:173/320 val_loss:6.6218 chunk_loss:22681.9526 is_adam_step=True do_muon_ttt=False train_time:0ms step_avg:0.03ms
step:0/1555 val_step:174/320 val_loss:6.6192 chunk_loss:24288.9880 is_adam_step=False do_muon_ttt=False train_time:0ms step_avg:0.03ms
step:0/1555 val_step:175/320 val_loss:6.6142 chunk_loss:22856.5840 is_adam_step=True do_muon_ttt=False train_time:0ms step_avg:0.03ms
step:0/1555 val_step:176/320 val_loss:6.6110 chunk_loss:23965.0321 is_adam_step=False do_muon_ttt=False train_time:0ms step_avg:0.03ms
step:0/1555 val_step:177/320 val_loss:6.6048 chunk_loss:22033.2406 is_adam_step=True do_muon_ttt=False train_time:0ms step_avg:0.03ms
step:0/1555 val_step:178/320 val_loss:6.6006 chunk_loss:23271.8647 is_adam_step=False do_muon_ttt=False train_time:0ms step_avg:0.03ms
step:0/1555 val_step:179/320 val_loss:6.5965 chunk_loss:23225.5995 is_adam_step=True do_muon_ttt=False train_time:0ms step_avg:0.03ms
step:0/1555 val_step:180/320 val_loss:6.5909 chunk_loss:22390.2709 is_adam_step=False do_muon_ttt=False train_time:0ms step_avg:0.03ms
step:0/1555 val_step:181/320 val_loss:6.5870 chunk_loss:23380.0834 is_adam_step=True do_muon_ttt=False train_time:0ms step_avg:0.03ms
step:0/1555 val_step:182/320 val_loss:6.5817 chunk_loss:22386.7332 is_adam_step=False do_muon_ttt=False train_time:0ms step_avg:0.03ms
step:0/1555 val_step:183/320 val_loss:6.5788 chunk_loss:23888.8795 is_adam_step=True do_muon_ttt=False train_time:0ms step_avg:0.03ms
step:0/1555 val_step:184/320 val_loss:6.5749 chunk_loss:23340.0731 is_adam_step=False do_muon_ttt=False train_time:0ms step_avg:0.03ms
step:0/1555 val_step:185/320 val_loss:6.5712 chunk_loss:23450.2061 is_adam_step=True do_muon_ttt=False train_time:0ms step_avg:0.03ms
step:0/1555 val_step:186/320 val_loss:6.5670 chunk_loss:23108.1292 is_adam_step=False do_muon_ttt=False train_time:0ms step_avg:0.03ms
step:0/1555 val_step:187/320 val_loss:6.5630 chunk_loss:23207.2322 is_adam_step=True do_muon_ttt=False train_time:0ms step_avg:0.03ms
step:0/1555 val_step:188/320 val_loss:6.5598 chunk_loss:23577.2478 is_adam_step=False do_muon_ttt=False train_time:0ms step_avg:0.03ms
step:0/1555 val_step:189/320 val_loss:6.5553 chunk_loss:22840.8646 is_adam_step=True do_muon_ttt=False train_time:0ms step_avg:0.03ms
step:0/1555 val_step:190/320 val_loss:6.5506 chunk_loss:22613.2583 is_adam_step=False do_muon_ttt=False train_time:0ms step_avg:0.03ms
step:0/1555 val_step:191/320 val_loss:6.5464 chunk_loss:22926.5159 is_adam_step=True do_muon_ttt=False train_time:0ms step_avg:0.03ms
step:0/1555 val_step:192/320 val_loss:6.5420 chunk_loss:22834.9352 is_adam_step=False do_muon_ttt=False train_time:0ms step_avg:0.03ms
step:0/1555 val_step:193/320 val_loss:6.5376 chunk_loss:22703.0691 is_adam_step=True do_muon_ttt=False train_time:0ms step_avg:0.03ms
step:0/1555 val_step:194/320 val_loss:6.5349 chunk_loss:23891.1733 is_adam_step=False do_muon_ttt=False train_time:0ms step_avg:0.03ms
step:0/1555 val_step:195/320 val_loss:6.5314 chunk_loss:23388.9380 is_adam_step=True do_muon_ttt=False train_time:0ms step_avg:0.03ms
step:0/1555 val_step:196/320 val_loss:6.5282 chunk_loss:23592.0277 is_adam_step=False do_muon_ttt=False train_time:0ms step_avg:0.03ms
step:0/1555 val_step:197/320 val_loss:6.5252 chunk_loss:23591.8762 is_adam_step=True do_muon_ttt=False train_time:0ms step_avg:0.03ms
step:0/1555 val_step:198/320 val_loss:6.5221 chunk_loss:23501.6464 is_adam_step=False do_muon_ttt=False train_time:0ms step_avg:0.03ms
step:0/1555 val_step:199/320 val_loss:6.5183 chunk_loss:23069.2814 is_adam_step=True do_muon_ttt=False train_time:0ms step_avg:0.03ms
step:0/1555 val_step:200/320 val_loss:6.5146 chunk_loss:23165.2079 is_adam_step=False do_muon_ttt=False train_time:0ms step_avg:0.03ms
step:0/1555 val_step:201/320 val_loss:6.5115 chunk_loss:23664.0990 is_adam_step=True do_muon_ttt=False train_time:0ms step_avg:0.03ms
step:0/1555 val_step:202/320 val_loss:6.5094 chunk_loss:24041.7261 is_adam_step=False do_muon_ttt=False train_time:0ms step_avg:0.03ms
step:0/1555 val_step:203/320 val_loss:6.5058 chunk_loss:22969.5564 is_adam_step=True do_muon_ttt=False train_time:0ms step_avg:0.03ms
step:0/1555 val_step:204/320 val_loss:6.5015 chunk_loss:22549.6680 is_adam_step=False do_muon_ttt=False train_time:0ms step_avg:0.03ms
step:0/1555 val_step:205/320 val_loss:6.4986 chunk_loss:23516.6510 is_adam_step=True do_muon_ttt=False train_time:0ms step_avg:0.03ms
step:0/1555 val_step:206/320 val_loss:6.4952 chunk_loss:23279.5034 is_adam_step=False do_muon_ttt=False train_time:0ms step_avg:0.03ms
step:0/1555 val_step:207/320 val_loss:6.4913 chunk_loss:22645.6035 is_adam_step=True do_muon_ttt=False train_time:0ms step_avg:0.03ms
step:0/1555 val_step:208/320 val_loss:6.4871 chunk_loss:22652.5804 is_adam_step=False do_muon_ttt=False train_time:0ms step_avg:0.03ms
step:0/1555 val_step:209/320 val_loss:6.4834 chunk_loss:22834.2345 is_adam_step=True do_muon_ttt=False train_time:0ms step_avg:0.03ms
step:0/1555 val_step:210/320 val_loss:6.4786 chunk_loss:22146.8605 is_adam_step=False do_muon_ttt=False train_time:0ms step_avg:0.03ms
step:0/1555 val_step:211/320 val_loss:6.4749 chunk_loss:22838.0649 is_adam_step=True do_muon_ttt=False train_time:0ms step_avg:0.03ms
step:0/1555 val_step:212/320 val_loss:6.4724 chunk_loss:23620.3357 is_adam_step=False do_muon_ttt=False train_time:0ms step_avg:0.03ms
step:0/1555 val_step:213/320 val_loss:6.4689 chunk_loss:22891.8145 is_adam_step=True do_muon_ttt=False train_time:0ms step_avg:0.03ms
step:0/1555 val_step:214/320 val_loss:6.4659 chunk_loss:23260.5466 is_adam_step=False do_muon_ttt=False train_time:0ms step_avg:0.03ms
step:0/1555 val_step:215/320 val_loss:6.4616 chunk_loss:22363.6183 is_adam_step=True do_muon_ttt=False train_time:0ms step_avg:0.03ms
step:0/1555 val_step:216/320 val_loss:6.4575 chunk_loss:22388.4609 is_adam_step=False do_muon_ttt=False train_time:0ms step_avg:0.03ms
step:0/1555 val_step:217/320 val_loss:6.4550 chunk_loss:23608.5017 is_adam_step=True do_muon_ttt=False train_time:0ms step_avg:0.03ms
step:0/1555 val_step:218/320 val_loss:6.4524 chunk_loss:23505.1097 is_adam_step=False do_muon_ttt=False train_time:0ms step_avg:0.03ms
step:0/1555 val_step:219/320 val_loss:6.4486 chunk_loss:22521.4877 is_adam_step=True do_muon_ttt=False train_time:0ms step_avg:0.03ms
step:0/1555 val_step:220/320 val_loss:6.4457 chunk_loss:23230.2919 is_adam_step=False do_muon_ttt=False train_time:0ms step_avg:0.03ms
step:0/1555 val_step:221/320 val_loss:6.4424 chunk_loss:22870.8815 is_adam_step=True do_muon_ttt=False train_time:0ms step_avg:0.03ms
step:0/1555 val_step:222/320 val_loss:6.4389 chunk_loss:22736.8356 is_adam_step=False do_muon_ttt=False train_time:0ms step_avg:0.03ms
step:0/1555 val_step:223/320 val_loss:6.4354 chunk_loss:22790.9807 is_adam_step=True do_muon_ttt=False train_time:0ms step_avg:0.03ms
step:0/1555 val_step:224/320 val_loss:6.4319 chunk_loss:22825.8552 is_adam_step=False do_muon_ttt=False train_time:0ms step_avg:0.03ms
step:0/1555 val_step:225/320 val_loss:6.4297 chunk_loss:23688.6362 is_adam_step=True do_muon_ttt=False train_time:0ms step_avg:0.03ms
step:0/1555 val_step:226/320 val_loss:6.4259 chunk_loss:22435.2225 is_adam_step=False do_muon_ttt=False train_time:0ms step_avg:0.03ms
step:0/1555 val_step:227/320 val_loss:6.4227 chunk_loss:22815.1047 is_adam_step=True do_muon_ttt=False train_time:0ms step_avg:0.03ms
step:0/1555 val_step:228/320 val_loss:6.4200 chunk_loss:23256.5658 is_adam_step=False do_muon_ttt=False train_time:0ms step_avg:0.03ms
step:0/1555 val_step:229/320 val_loss:6.4174 chunk_loss:23390.9556 is_adam_step=True do_muon_ttt=False train_time:0ms step_avg:0.03ms
step:0/1555 val_step:230/320 val_loss:6.4137 chunk_loss:22287.9983 is_adam_step=False do_muon_ttt=False train_time:0ms step_avg:0.03ms
step:0/1555 val_step:231/320 val_loss:6.4109 chunk_loss:23115.2235 is_adam_step=True do_muon_ttt=False train_time:0ms step_avg:0.03ms
step:0/1555 val_step:232/320 val_loss:6.4084 chunk_loss:23338.9915 is_adam_step=False do_muon_ttt=False train_time:0ms step_avg:0.03ms
step:0/1555 val_step:233/320 val_loss:6.4049 chunk_loss:22417.4407 is_adam_step=True do_muon_ttt=False train_time:0ms step_avg:0.03ms
step:0/1555 val_step:234/320 val_loss:6.4022 chunk_loss:23212.2560 is_adam_step=False do_muon_ttt=False train_time:0ms step_avg:0.03ms
step:0/1555 val_step:235/320 val_loss:6.3999 chunk_loss:23534.3119 is_adam_step=True do_muon_ttt=False train_time:0ms step_avg:0.03ms
step:0/1555 val_step:236/320 val_loss:6.3973 chunk_loss:23216.0281 is_adam_step=False do_muon_ttt=False train_time:0ms step_avg:0.03ms
step:0/1555 val_step:237/320 val_loss:6.3945 chunk_loss:23003.9199 is_adam_step=True do_muon_ttt=False train_time:0ms step_avg:0.03ms
step:0/1555 val_step:238/320 val_loss:6.3916 chunk_loss:22797.0306 is_adam_step=False do_muon_ttt=False train_time:0ms step_avg:0.03ms
step:0/1555 val_step:239/320 val_loss:6.3883 chunk_loss:22548.9062 is_adam_step=True do_muon_ttt=False train_time:0ms step_avg:0.03ms
step:0/1555 val_step:240/320 val_loss:6.3853 chunk_loss:22845.4652 is_adam_step=False do_muon_ttt=False train_time:0ms step_avg:0.03ms
step:0/1555 val_step:241/320 val_loss:6.3826 chunk_loss:23038.8041 is_adam_step=True do_muon_ttt=False train_time:0ms step_avg:0.03ms
step:0/1555 val_step:242/320 val_loss:6.3802 chunk_loss:23225.1780 is_adam_step=False do_muon_ttt=False train_time:0ms step_avg:0.03ms
step:0/1555 val_step:243/320 val_loss:6.3768 chunk_loss:22375.9015 is_adam_step=True do_muon_ttt=False train_time:0ms step_avg:0.03ms
step:0/1555 val_step:244/320 val_loss:6.3742 chunk_loss:23014.3617 is_adam_step=False do_muon_ttt=False train_time:0ms step_avg:0.03ms
step:0/1555 val_step:245/320 val_loss:6.3716 chunk_loss:23021.4231 is_adam_step=True do_muon_ttt=False train_time:0ms step_avg:0.03ms
step:0/1555 val_step:246/320 val_loss:6.3689 chunk_loss:22941.6697 is_adam_step=False do_muon_ttt=False train_time:0ms step_avg:0.03ms
step:0/1555 val_step:247/320 val_loss:6.3655 chunk_loss:22325.2723 is_adam_step=True do_muon_ttt=False train_time:0ms step_avg:0.03ms
step:0/1555 val_step:248/320 val_loss:6.3625 chunk_loss:22726.3777 is_adam_step=False do_muon_ttt=False train_time:0ms step_avg:0.03ms
step:0/1555 val_step:249/320 val_loss:6.3600 chunk_loss:22900.5188 is_adam_step=True do_muon_ttt=False train_time:0ms step_avg:0.03ms
step:0/1555 val_step:250/320 val_loss:6.3570 chunk_loss:22540.2867 is_adam_step=False do_muon_ttt=False train_time:0ms step_avg:0.03ms
step:0/1555 val_step:251/320 val_loss:6.3541 chunk_loss:22718.3094 is_adam_step=True do_muon_ttt=False train_time:0ms step_avg:0.03ms
step:0/1555 val_step:252/320 val_loss:6.3517 chunk_loss:23146.6051 is_adam_step=False do_muon_ttt=False train_time:0ms step_avg:0.03ms
step:0/1555 val_step:253/320 val_loss:6.3484 chunk_loss:22195.3158 is_adam_step=True do_muon_ttt=False train_time:0ms step_avg:0.03ms
step:0/1555 val_step:254/320 val_loss:6.3452 chunk_loss:22307.5205 is_adam_step=False do_muon_ttt=False train_time:0ms step_avg:0.03ms
step:0/1555 val_step:255/320 val_loss:6.3425 chunk_loss:22786.4457 is_adam_step=True do_muon_ttt=False train_time:0ms step_avg:0.03ms
step:0/1555 val_step:256/320 val_loss:6.3396 chunk_loss:22624.6766 is_adam_step=False do_muon_ttt=False train_time:0ms step_avg:0.03ms
step:0/1555 val_step:257/320 val_loss:6.3371 chunk_loss:22837.1788 is_adam_step=True do_muon_ttt=False train_time:0ms step_avg:0.03ms
step:0/1555 val_step:258/320 val_loss:6.3337 chunk_loss:22107.5835 is_adam_step=False do_muon_ttt=False train_time:0ms step_avg:0.03ms
step:0/1555 val_step:259/320 val_loss:6.3304 chunk_loss:22031.1368 is_adam_step=True do_muon_ttt=False train_time:0ms step_avg:0.03ms
step:0/1555 val_step:260/320 val_loss:6.3278 chunk_loss:22902.4957 is_adam_step=False do_muon_ttt=False train_time:0ms step_avg:0.03ms
step:0/1555 val_step:261/320 val_loss:6.3254 chunk_loss:22842.4297 is_adam_step=True do_muon_ttt=False train_time:0ms step_avg:0.03ms
step:0/1555 val_step:262/320 val_loss:6.3226 chunk_loss:22475.3995 is_adam_step=False do_muon_ttt=False train_time:0ms step_avg:0.03ms
step:0/1555 val_step:263/320 val_loss:6.3196 chunk_loss:22365.2085 is_adam_step=True do_muon_ttt=False train_time:0ms step_avg:0.03ms
step:0/1555 val_step:264/320 val_loss:6.3165 chunk_loss:22175.7339 is_adam_step=False do_muon_ttt=False train_time:0ms step_avg:0.03ms
step:0/1555 val_step:265/320 val_loss:6.3136 chunk_loss:22462.9062 is_adam_step=True do_muon_ttt=False train_time:0ms step_avg:0.03ms
step:0/1555 val_step:266/320 val_loss:6.3113 chunk_loss:23072.6733 is_adam_step=False do_muon_ttt=False train_time:0ms step_avg:0.03ms
step:0/1555 val_step:267/320 val_loss:6.3081 chunk_loss:22055.5441 is_adam_step=True do_muon_ttt=False train_time:0ms step_avg:0.03ms
step:0/1555 val_step:268/320 val_loss:6.3052 chunk_loss:22414.0105 is_adam_step=False do_muon_ttt=False train_time:0ms step_avg:0.03ms
step:0/1555 val_step:269/320 val_loss:6.3023 chunk_loss:22316.0198 is_adam_step=True do_muon_ttt=False train_time:0ms step_avg:0.03ms
step:0/1555 val_step:270/320 val_loss:6.2990 chunk_loss:22010.2406 is_adam_step=False do_muon_ttt=False train_time:0ms step_avg:0.03ms
step:0/1555 val_step:271/320 val_loss:6.2959 chunk_loss:22164.6471 is_adam_step=True do_muon_ttt=False train_time:0ms step_avg:0.03ms
step:0/1555 val_step:272/320 val_loss:6.2927 chunk_loss:22244.5933 is_adam_step=False do_muon_ttt=False train_time:0ms step_avg:0.03ms
step:0/1555 val_step:273/320 val_loss:6.2901 chunk_loss:22496.6979 is_adam_step=True do_muon_ttt=False train_time:0ms step_avg:0.03ms
step:0/1555 val_step:274/320 val_loss:6.2870 chunk_loss:22067.2788 is_adam_step=False do_muon_ttt=False train_time:0ms step_avg:0.03ms
step:0/1555 val_step:275/320 val_loss:6.2852 chunk_loss:23190.2006 is_adam_step=True do_muon_ttt=False train_time:0ms step_avg:0.03ms
step:0/1555 val_step:276/320 val_loss:6.2823 chunk_loss:22284.3788 is_adam_step=False do_muon_ttt=False train_time:0ms step_avg:0.03ms
step:0/1555 val_step:277/320 val_loss:6.2795 chunk_loss:22410.6869 is_adam_step=True do_muon_ttt=False train_time:0ms step_avg:0.03ms
step:0/1555 val_step:278/320 val_loss:6.2769 chunk_loss:22469.5815 is_adam_step=False do_muon_ttt=False train_time:0ms step_avg:0.03ms
step:0/1555 val_step:279/320 val_loss:6.2752 chunk_loss:23189.2885 is_adam_step=True do_muon_ttt=False train_time:0ms step_avg:0.03ms
step:0/1555 val_step:280/320 val_loss:6.2729 chunk_loss:22706.4569 is_adam_step=False do_muon_ttt=False train_time:0ms step_avg:0.03ms
step:0/1555 val_step:281/320 val_loss:6.2701 chunk_loss:22251.2222 is_adam_step=True do_muon_ttt=False train_time:0ms step_avg:0.03ms
step:0/1555 val_step:282/320 val_loss:6.2676 chunk_loss:22610.1807 is_adam_step=False do_muon_ttt=False train_time:0ms step_avg:0.03ms
step:0/1555 val_step:283/320 val_loss:6.2649 chunk_loss:22219.7792 is_adam_step=True do_muon_ttt=False train_time:0ms step_avg:0.03ms
step:0/1555 val_step:284/320 val_loss:6.2628 chunk_loss:22782.2089 is_adam_step=False do_muon_ttt=False train_time:0ms step_avg:0.03ms
step:0/1555 val_step:285/320 val_loss:6.2599 chunk_loss:22064.5222 is_adam_step=True do_muon_ttt=False train_time:0ms step_avg:0.03ms
step:0/1555 val_step:286/320 val_loss:6.2571 chunk_loss:22277.5732 is_adam_step=False do_muon_ttt=False train_time:0ms step_avg:0.03ms
step:0/1555 val_step:287/320 val_loss:6.2544 chunk_loss:22168.4497 is_adam_step=True do_muon_ttt=False train_time:0ms step_avg:0.03ms
step:0/1555 val_step:288/320 val_loss:6.2520 chunk_loss:22452.5192 is_adam_step=False do_muon_ttt=False train_time:0ms step_avg:0.03ms
step:0/1555 val_step:289/320 val_loss:6.2499 chunk_loss:22798.9106 is_adam_step=True do_muon_ttt=False train_time:0ms step_avg:0.03ms
step:0/1555 val_step:290/320 val_loss:6.2477 chunk_loss:22574.8998 is_adam_step=False do_muon_ttt=False train_time:0ms step_avg:0.03ms
step:0/1555 val_step:291/320 val_loss:6.2449 chunk_loss:21858.8826 is_adam_step=True do_muon_ttt=False train_time:0ms step_avg:0.03ms
step:0/1555 val_step:292/320 val_loss:6.2424 chunk_loss:22483.0035 is_adam_step=False do_muon_ttt=False train_time:0ms step_avg:0.03ms
step:0/1555 val_step:293/320 val_loss:6.2396 chunk_loss:21967.7083 is_adam_step=True do_muon_ttt=False train_time:0ms step_avg:0.03ms
step:0/1555 val_step:294/320 val_loss:6.2372 chunk_loss:22454.6411 is_adam_step=False do_muon_ttt=False train_time:0ms step_avg:0.03ms
step:0/1555 val_step:295/320 val_loss:6.2347 chunk_loss:22206.2983 is_adam_step=True do_muon_ttt=False train_time:0ms step_avg:0.03ms
step:0/1555 val_step:296/320 val_loss:6.2319 chunk_loss:21990.5386 is_adam_step=False do_muon_ttt=False train_time:0ms step_avg:0.03ms
step:0/1555 val_step:297/320 val_loss:6.2293 chunk_loss:22222.8093 is_adam_step=True do_muon_ttt=False train_time:0ms step_avg:0.03ms
step:0/1555 val_step:298/320 val_loss:6.2265 chunk_loss:22067.5420 is_adam_step=False do_muon_ttt=False train_time:0ms step_avg:0.03ms
step:0/1555 val_step:299/320 val_loss:6.2238 chunk_loss:22112.0663 is_adam_step=True do_muon_ttt=False train_time:0ms step_avg:0.03ms
step:0/1555 val_step:300/320 val_loss:6.2207 chunk_loss:21734.7053 is_adam_step=False do_muon_ttt=False train_time:0ms step_avg:0.03ms
step:0/1555 val_step:301/320 val_loss:6.2180 chunk_loss:21962.1259 is_adam_step=True do_muon_ttt=False train_time:0ms step_avg:0.03ms
step:0/1555 val_step:302/320 val_loss:6.2158 chunk_loss:22516.7877 is_adam_step=False do_muon_ttt=False train_time:0ms step_avg:0.03ms
step:0/1555 val_step:303/320 val_loss:6.2136 chunk_loss:22357.2881 is_adam_step=True do_muon_ttt=False train_time:0ms step_avg:0.03ms
step:0/1555 val_step:304/320 val_loss:6.2104 chunk_loss:21615.8157 is_adam_step=False do_muon_ttt=False train_time:0ms step_avg:0.03ms
step:0/1555 val_step:305/320 val_loss:6.2078 chunk_loss:22051.7899 is_adam_step=True do_muon_ttt=False train_time:0ms step_avg:0.03ms
step:0/1555 val_step:306/320 val_loss:6.2054 chunk_loss:22137.4946 is_adam_step=False do_muon_ttt=False train_time:0ms step_avg:0.03ms
step:0/1555 val_step:307/320 val_loss:6.2029 chunk_loss:22151.7310 is_adam_step=True do_muon_ttt=False train_time:0ms step_avg:0.03ms
step:0/1555 val_step:308/320 val_loss:6.2008 chunk_loss:22497.5389 is_adam_step=False do_muon_ttt=False train_time:0ms step_avg:0.03ms
step:0/1555 val_step:309/320 val_loss:6.1988 chunk_loss:22633.2915 is_adam_step=True do_muon_ttt=False train_time:0ms step_avg:0.03ms
step:0/1555 val_step:310/320 val_loss:6.1962 chunk_loss:21994.2698 is_adam_step=False do_muon_ttt=False train_time:0ms step_avg:0.03ms
step:0/1555 val_step:311/320 val_loss:6.1940 chunk_loss:22327.1791 is_adam_step=True do_muon_ttt=False train_time:0ms step_avg:0.03ms
step:0/1555 val_step:312/320 val_loss:6.1920 chunk_loss:22396.9716 is_adam_step=False do_muon_ttt=False train_time:0ms step_avg:0.03ms
step:0/1555 val_step:313/320 val_loss:6.1898 chunk_loss:22356.8079 is_adam_step=True do_muon_ttt=False train_time:0ms step_avg:0.03ms
step:0/1555 val_step:314/320 val_loss:6.1879 chunk_loss:22653.5253 is_adam_step=False do_muon_ttt=False train_time:0ms step_avg:0.03ms
step:0/1555 val_step:315/320 val_loss:6.1856 chunk_loss:22170.7327 is_adam_step=True do_muon_ttt=False train_time:0ms step_avg:0.03ms
step:0/1555 val_step:316/320 val_loss:6.1831 chunk_loss:21752.2668 is_adam_step=False do_muon_ttt=False train_time:0ms step_avg:0.03ms
step:0/1555 val_step:317/320 val_loss:6.1808 chunk_loss:22064.0413 is_adam_step=True do_muon_ttt=False train_time:0ms step_avg:0.03ms
step:0/1555 val_step:318/320 val_loss:6.1784 chunk_loss:22005.0981 is_adam_step=False do_muon_ttt=False train_time:0ms step_avg:0.03ms
step:0/1555 val_step:319/320 val_loss:6.1761 chunk_loss:22208.1517 is_adam_step=True do_muon_ttt=False train_time:0ms step_avg:0.03ms
step:0/1555 val_loss:6.1761 train_time:0ms step_avg:0.03ms
step:1/1555 loss.item()=310253.75 train_time:1228ms step_avg:1228.11ms
step:2/1555 loss.item()=308544.0625 train_time:1723ms step_avg:861.43ms
step:3/1555 loss.item()=258563.34375 train_time:2219ms step_avg:739.59ms
step:4/1555 loss.item()=251897.71875 train_time:2726ms step_avg:681.41ms
step:5/1555 loss.item()=243180.078125 train_time:3219ms step_avg:643.73ms
step:6/1555 loss.item()=240278.28125 train_time:3724ms step_avg:620.65ms
step:7/1555 loss.item()=234688.125 train_time:4228ms step_avg:603.98ms
step:8/1555 loss.item()=221428.609375 train_time:4734ms step_avg:591.73ms
step:9/1555 loss.item()=222737.859375 train_time:5232ms step_avg:581.33ms
step:10/1555 loss.item()=210366.96875 train_time:5738ms step_avg:573.84ms
step:11/1555 loss.item()=215120.796875 train_time:6241ms step_avg:567.34ms
step:12/1555 loss.item()=211761.421875 train_time:6743ms step_avg:561.90ms
step:13/1555 loss.item()=211991.984375 train_time:7221ms step_avg:555.45ms
step:14/1555 loss.item()=207050.328125 train_time:7697ms step_avg:549.79ms
step:15/1555 loss.item()=206478.375 train_time:8195ms step_avg:546.35ms
step:16/1555 loss.item()=200426.109375 train_time:8699ms step_avg:543.70ms
step:17/1555 loss.item()=197820.28125 train_time:9200ms step_avg:541.15ms
step:18/1555 loss.item()=207672.84375 train_time:9702ms step_avg:539.01ms
step:19/1555 loss.item()=207061.046875 train_time:10207ms step_avg:537.21ms
step:20/1555 loss.item()=208066.703125 train_time:10709ms step_avg:535.45ms
step:21/1555 loss.item()=201746.96875 train_time:11207ms step_avg:533.68ms
step:22/1555 loss.item()=200200.53125 train_time:11710ms step_avg:532.28ms
step:23/1555 loss.item()=195759.9375 train_time:12217ms step_avg:531.17ms
step:24/1555 loss.item()=197014.0 train_time:12718ms step_avg:529.93ms
step:25/1555 loss.item()=202866.375 train_time:13213ms step_avg:528.54ms
step:26/1555 loss.item()=197668.859375 train_time:13707ms step_avg:527.18ms
step:27/1555 loss.item()=195980.9375 train_time:14197ms step_avg:525.80ms
step:28/1555 loss.item()=195314.953125 train_time:14693ms step_avg:524.74ms
step:29/1555 loss.item()=202158.828125 train_time:15188ms step_avg:523.72ms
step:30/1555 loss.item()=193537.46875 train_time:15690ms step_avg:523.01ms
step:31/1555 loss.item()=189014.640625 train_time:16190ms step_avg:522.25ms
step:32/1555 loss.item()=188987.96875 train_time:16700ms step_avg:521.86ms
step:33/1555 loss.item()=194511.78125 train_time:17199ms step_avg:521.20ms
step:34/1555 loss.item()=189018.71875 train_time:17702ms step_avg:520.66ms
step:35/1555 loss.item()=192607.8125 train_time:18201ms step_avg:520.02ms
step:36/1555 loss.item()=191497.8125 train_time:18709ms step_avg:519.68ms
step:37/1555 loss.item()=188946.171875 train_time:19203ms step_avg:518.99ms
step:38/1555 loss.item()=184690.25 train_time:19704ms step_avg:518.52ms
step:39/1555 loss.item()=189994.46875 train_time:20206ms step_avg:518.11ms
step:40/1555 loss.item()=185998.46875 train_time:20708ms step_avg:517.71ms
step:41/1555 loss.item()=187054.140625 train_time:21186ms step_avg:516.73ms
step:42/1555 loss.item()=187843.453125 train_time:21695ms step_avg:516.54ms
step:43/1555 loss.item()=187990.53125 train_time:22202ms step_avg:516.33ms
step:44/1555 loss.item()=183755.03125 train_time:22707ms step_avg:516.07ms
step:45/1555 loss.item()=179176.375 train_time:23206ms step_avg:515.70ms
step:46/1555 loss.item()=182893.421875 train_time:23710ms step_avg:515.44ms
step:47/1555 loss.item()=181772.0 train_time:24217ms step_avg:515.25ms
step:48/1555 loss.item()=177154.171875 train_time:24722ms step_avg:515.05ms
step:49/1555 loss.item()=190096.84375 train_time:25219ms step_avg:514.67ms
step:50/1555 loss.item()=178601.421875 train_time:25721ms step_avg:514.43ms
step:51/1555 loss.item()=176902.0 train_time:26220ms step_avg:514.12ms
step:52/1555 loss.item()=177058.703125 train_time:26725ms step_avg:513.93ms
step:53/1555 loss.item()=178173.5625 train_time:27225ms step_avg:513.67ms
step:54/1555 loss.item()=182015.234375 train_time:27722ms step_avg:513.37ms
step:55/1555 loss.item()=176946.15625 train_time:28224ms step_avg:513.17ms
step:56/1555 loss.item()=179053.84375 train_time:28732ms step_avg:513.08ms
step:57/1555 loss.item()=180270.296875 train_time:29230ms step_avg:512.80ms
step:58/1555 loss.item()=176476.578125 train_time:29735ms step_avg:512.67ms
step:59/1555 loss.item()=180691.28125 train_time:30234ms step_avg:512.44ms
step:60/1555 loss.item()=182972.53125 train_time:30739ms step_avg:512.31ms
step:61/1555 loss.item()=167106.546875 train_time:31236ms step_avg:512.07ms
step:62/1555 loss.item()=173883.21875 train_time:31741ms step_avg:511.94ms
step:63/1555 loss.item()=177802.34375 train_time:32239ms step_avg:511.73ms
step:64/1555 loss.item()=179212.015625 train_time:32741ms step_avg:511.58ms
step:65/1555 loss.item()=178304.046875 train_time:33241ms step_avg:511.40ms
step:66/1555 loss.item()=177127.25 train_time:33748ms step_avg:511.33ms
step:67/1555 loss.item()=176978.234375 train_time:34252ms step_avg:511.23ms
step:68/1555 loss.item()=181710.84375 train_time:34754ms step_avg:511.09ms
step:69/1555 loss.item()=172887.734375 train_time:35261ms step_avg:511.02ms
step:70/1555 loss.item()=170861.21875 train_time:35763ms step_avg:510.90ms
step:71/1555 loss.item()=174117.40625 train_time:36258ms step_avg:510.68ms
step:72/1555 loss.item()=168754.890625 train_time:36758ms step_avg:510.53ms
step:73/1555 loss.item()=167718.8125 train_time:37263ms step_avg:510.45ms
step:74/1555 loss.item()=168812.390625 train_time:37768ms step_avg:510.38ms
step:75/1555 loss.item()=171183.578125 train_time:38272ms step_avg:510.29ms
step:76/1555 loss.item()=166188.109375 train_time:38775ms step_avg:510.19ms
step:77/1555 loss.item()=167845.8125 train_time:39274ms step_avg:510.06ms
step:78/1555 loss.item()=171936.875 train_time:39778ms step_avg:509.98ms
step:79/1555 loss.item()=167432.578125 train_time:40280ms step_avg:509.87ms
step:80/1555 loss.item()=169937.0 train_time:40781ms step_avg:509.76ms
step:81/1555 loss.item()=172732.5 train_time:41277ms step_avg:509.60ms
step:82/1555 loss.item()=172853.46875 train_time:41777ms step_avg:509.47ms
step:83/1555 loss.item()=165824.796875 train_time:42275ms step_avg:509.34ms
step:84/1555 loss.item()=163228.921875 train_time:42780ms step_avg:509.28ms
step:85/1555 loss.item()=165588.421875 train_time:43281ms step_avg:509.19ms
step:86/1555 loss.item()=168972.734375 train_time:43778ms step_avg:509.04ms
step:87/1555 loss.item()=167216.5 train_time:44272ms step_avg:508.88ms
step:88/1555 loss.item()=167317.875 train_time:44767ms step_avg:508.72ms
step:89/1555 loss.item()=166703.796875 train_time:45256ms step_avg:508.50ms
step:90/1555 loss.item()=166110.671875 train_time:45756ms step_avg:508.40ms
step:91/1555 loss.item()=165854.59375 train_time:46258ms step_avg:508.33ms
step:92/1555 loss.item()=163417.15625 train_time:46763ms step_avg:508.30ms
step:93/1555 loss.item()=168013.828125 train_time:47264ms step_avg:508.21ms
step:94/1555 loss.item()=165497.21875 train_time:47769ms step_avg:508.18ms
step:95/1555 loss.item()=168040.828125 train_time:48276ms step_avg:508.17ms
step:96/1555 loss.item()=166023.75 train_time:48783ms step_avg:508.16ms
step:97/1555 loss.item()=167242.515625 train_time:49289ms step_avg:508.13ms
step:98/1555 loss.item()=157920.546875 train_time:49794ms step_avg:508.11ms
step:99/1555 loss.item()=161934.359375 train_time:50295ms step_avg:508.03ms
step:100/1555 loss.item()=168008.5625 train_time:50799ms step_avg:507.99ms
step:101/1555 loss.item()=163604.296875 train_time:51299ms step_avg:507.91ms
step:102/1555 loss.item()=157019.671875 train_time:51826ms step_avg:508.10ms
step:103/1555 loss.item()=162762.0625 train_time:52340ms step_avg:508.16ms
step:104/1555 loss.item()=169687.09375 train_time:52856ms step_avg:508.23ms
step:105/1555 loss.item()=159959.6875 train_time:53355ms step_avg:508.14ms
step:106/1555 loss.item()=159687.3125 train_time:53857ms step_avg:508.09ms
step:107/1555 loss.item()=165164.484375 train_time:54355ms step_avg:507.99ms
step:108/1555 loss.item()=164650.34375 train_time:54851ms step_avg:507.88ms
step:109/1555 loss.item()=166991.15625 train_time:55351ms step_avg:507.80ms
step:110/1555 loss.item()=160492.796875 train_time:55849ms step_avg:507.72ms
step:111/1555 loss.item()=160617.609375 train_time:56343ms step_avg:507.60ms
step:112/1555 loss.item()=164175.4375 train_time:56844ms step_avg:507.54ms
step:113/1555 loss.item()=163601.6875 train_time:57339ms step_avg:507.42ms
step:114/1555 loss.item()=156473.21875 train_time:57843ms step_avg:507.39ms
step:115/1555 loss.item()=157478.171875 train_time:58339ms step_avg:507.30ms
step:116/1555 loss.item()=158497.078125 train_time:58841ms step_avg:507.25ms
step:117/1555 loss.item()=159590.0625 train_time:59338ms step_avg:507.16ms
step:118/1555 loss.item()=166273.25 train_time:59841ms step_avg:507.13ms
step:119/1555 loss.item()=162115.046875 train_time:60342ms step_avg:507.08ms
step:120/1555 loss.item()=158854.65625 train_time:60845ms step_avg:507.04ms
step:121/1555 loss.item()=156354.1875 train_time:61346ms step_avg:506.99ms
step:122/1555 loss.item()=160729.6875 train_time:61852ms step_avg:506.98ms
step:123/1555 loss.item()=155148.140625 train_time:62351ms step_avg:506.92ms
step:124/1555 loss.item()=161661.9375 train_time:62863ms step_avg:506.96ms
step:125/1555 loss.item()=156178.546875 train_time:63362ms step_avg:506.90ms
step:126/1555 loss.item()=157759.03125 train_time:63867ms step_avg:506.88ms
step:127/1555 loss.item()=158659.9375 train_time:64368ms step_avg:506.83ms
step:128/1555 loss.item()=152542.71875 train_time:64871ms step_avg:506.81ms
step:129/1555 loss.item()=152069.09375 train_time:65366ms step_avg:506.71ms
step:130/1555 loss.item()=156003.734375 train_time:65865ms step_avg:506.65ms
step:131/1555 loss.item()=162763.46875 train_time:66360ms step_avg:506.56ms
step:132/1555 loss.item()=158047.28125 train_time:66862ms step_avg:506.53ms
step:133/1555 loss.item()=160978.125 train_time:67361ms step_avg:506.48ms
step:134/1555 loss.item()=155165.421875 train_time:67858ms step_avg:506.40ms
step:135/1555 loss.item()=152408.65625 train_time:68354ms step_avg:506.33ms
step:136/1555 loss.item()=157073.484375 train_time:68856ms step_avg:506.29ms
step:137/1555 loss.item()=152890.875 train_time:69353ms step_avg:506.22ms
step:138/1555 loss.item()=154378.421875 train_time:69855ms step_avg:506.19ms
step:139/1555 loss.item()=152691.0625 train_time:70355ms step_avg:506.15ms
step:140/1555 loss.item()=157062.625 train_time:70861ms step_avg:506.15ms
step:141/1555 loss.item()=155827.515625 train_time:71360ms step_avg:506.10ms
step:142/1555 loss.item()=154267.6875 train_time:71867ms step_avg:506.10ms
step:143/1555 loss.item()=151906.9375 train_time:72362ms step_avg:506.03ms
step:144/1555 loss.item()=154907.96875 train_time:72862ms step_avg:505.99ms
step:145/1555 loss.item()=152148.421875 train_time:73364ms step_avg:505.96ms
step:146/1555 loss.item()=154119.578125 train_time:73867ms step_avg:505.94ms
step:147/1555 loss.item()=151196.171875 train_time:74365ms step_avg:505.88ms
step:148/1555 loss.item()=156233.53125 train_time:74858ms step_avg:505.80ms
step:149/1555 loss.item()=154417.6875 train_time:75348ms step_avg:505.69ms
step:150/1555 loss.item()=153154.1875 train_time:75839ms step_avg:505.60ms
step:151/1555 loss.item()=150436.171875 train_time:76335ms step_avg:505.53ms
step:152/1555 loss.item()=150796.8125 train_time:76834ms step_avg:505.49ms
step:153/1555 loss.item()=149468.71875 train_time:77334ms step_avg:505.45ms
step:154/1555 loss.item()=153051.65625 train_time:77838ms step_avg:505.44ms
step:155/1555 loss.item()=152828.421875 train_time:78344ms step_avg:505.45ms
step:156/1555 loss.item()=154580.828125 train_time:78846ms step_avg:505.42ms
step:157/1555 loss.item()=155612.9375 train_time:79347ms step_avg:505.40ms
step:158/1555 loss.item()=150289.359375 train_time:79852ms step_avg:505.39ms
step:159/1555 loss.item()=153038.71875 train_time:80352ms step_avg:505.36ms
step:160/1555 loss.item()=148950.21875 train_time:80858ms step_avg:505.36ms
step:161/1555 loss.item()=151395.734375 train_time:81362ms step_avg:505.35ms
step:162/1555 loss.item()=149924.140625 train_time:81862ms step_avg:505.32ms
step:163/1555 loss.item()=152585.84375 train_time:82364ms step_avg:505.30ms
step:164/1555 loss.item()=153244.25 train_time:82862ms step_avg:505.25ms
step:165/1555 loss.item()=150267.5 train_time:83365ms step_avg:505.24ms
step:166/1555 loss.item()=149782.1875 train_time:83866ms step_avg:505.21ms
step:167/1555 loss.item()=151637.53125 train_time:84369ms step_avg:505.20ms
step:168/1555 loss.item()=154632.828125 train_time:84873ms step_avg:505.20ms
step:169/1555 loss.item()=148795.09375 train_time:85372ms step_avg:505.16ms
step:170/1555 loss.item()=148570.65625 train_time:85878ms step_avg:505.17ms
step:171/1555 loss.item()=145182.59375 train_time:86380ms step_avg:505.14ms
step:172/1555 loss.item()=149364.234375 train_time:86884ms step_avg:505.14ms
step:173/1555 loss.item()=154207.109375 train_time:87380ms step_avg:505.09ms
step:174/1555 loss.item()=150615.453125 train_time:87885ms step_avg:505.08ms
step:175/1555 loss.item()=152665.609375 train_time:88387ms step_avg:505.07ms
step:176/1555 loss.item()=147796.8125 train_time:88889ms step_avg:505.05ms
step:177/1555 loss.item()=154327.625 train_time:89384ms step_avg:504.99ms
step:178/1555 loss.item()=146917.84375 train_time:89891ms step_avg:505.00ms
step:179/1555 loss.item()=148836.8125 train_time:90388ms step_avg:504.96ms
step:180/1555 loss.item()=146395.46875 train_time:90887ms step_avg:504.93ms
step:181/1555 loss.item()=149021.0625 train_time:91385ms step_avg:504.89ms
step:182/1555 loss.item()=146573.484375 train_time:91888ms step_avg:504.88ms
step:183/1555 loss.item()=149106.65625 train_time:92386ms step_avg:504.84ms
step:184/1555 loss.item()=144073.234375 train_time:92887ms step_avg:504.82ms
step:185/1555 loss.item()=145024.625 train_time:93383ms step_avg:504.78ms
step:186/1555 loss.item()=148463.9375 train_time:93884ms step_avg:504.75ms
step:187/1555 loss.item()=151627.328125 train_time:94380ms step_avg:504.71ms
step:188/1555 loss.item()=145968.21875 train_time:94883ms step_avg:504.69ms
step:189/1555 loss.item()=146232.046875 train_time:95379ms step_avg:504.65ms
step:190/1555 loss.item()=145710.25 train_time:95879ms step_avg:504.63ms
step:191/1555 loss.item()=147157.59375 train_time:96381ms step_avg:504.61ms
step:192/1555 loss.item()=149148.09375 train_time:96886ms step_avg:504.61ms
step:193/1555 loss.item()=145897.625 train_time:97381ms step_avg:504.57ms
step:194/1555 loss.item()=154259.5 train_time:97882ms step_avg:504.55ms
step:195/1555 loss.item()=146713.03125 train_time:98379ms step_avg:504.51ms
step:196/1555 loss.item()=144949.53125 train_time:98882ms step_avg:504.50ms
step:197/1555 loss.item()=141828.0 train_time:99381ms step_avg:504.47ms
step:198/1555 loss.item()=147591.34375 train_time:99882ms step_avg:504.45ms
step:199/1555 loss.item()=150074.296875 train_time:100381ms step_avg:504.43ms
step:200/1555 loss.item()=147708.375 train_time:100883ms step_avg:504.42ms
step:201/1555 loss.item()=144077.59375 train_time:101380ms step_avg:504.38ms
step:202/1555 loss.item()=145325.984375 train_time:101883ms step_avg:504.37ms
step:203/1555 loss.item()=148718.3125 train_time:102383ms step_avg:504.35ms
step:204/1555 loss.item()=144235.375 train_time:102884ms step_avg:504.33ms
step:205/1555 loss.item()=143635.78125 train_time:103391ms step_avg:504.34ms
step:206/1555 loss.item()=150137.734375 train_time:103887ms step_avg:504.31ms
step:207/1555 loss.item()=146172.609375 train_time:104396ms step_avg:504.33ms
step:208/1555 loss.item()=140964.5 train_time:104898ms step_avg:504.32ms
step:209/1555 loss.item()=155075.09375 train_time:105406ms step_avg:504.33ms
step:210/1555 loss.item()=142176.640625 train_time:105904ms step_avg:504.31ms
step:211/1555 loss.item()=145333.53125 train_time:106398ms step_avg:504.26ms
step:212/1555 loss.item()=144915.671875 train_time:106911ms step_avg:504.30ms
step:213/1555 loss.item()=143979.25 train_time:107398ms step_avg:504.21ms
step:214/1555 loss.item()=147831.1875 train_time:107896ms step_avg:504.19ms
step:215/1555 loss.item()=142348.859375 train_time:108402ms step_avg:504.20ms
step:216/1555 loss.item()=143346.96875 train_time:108912ms step_avg:504.22ms
step:217/1555 loss.item()=144409.5 train_time:109408ms step_avg:504.19ms
step:218/1555 loss.item()=150060.78125 train_time:109903ms step_avg:504.14ms
step:219/1555 loss.item()=150493.5625 train_time:110401ms step_avg:504.11ms
step:220/1555 loss.item()=146286.5 train_time:110902ms step_avg:504.10ms
step:221/1555 loss.item()=146291.375 train_time:111403ms step_avg:504.09ms
step:222/1555 loss.item()=153034.046875 train_time:111912ms step_avg:504.11ms
step:223/1555 loss.item()=141253.875 train_time:112421ms step_avg:504.13ms
step:224/1555 loss.item()=139198.28125 train_time:112924ms step_avg:504.12ms
step:225/1555 loss.item()=148506.34375 train_time:113428ms step_avg:504.12ms
step:226/1555 loss.item()=142110.625 train_time:113932ms step_avg:504.13ms
step:227/1555 loss.item()=142733.28125 train_time:114437ms step_avg:504.13ms
step:228/1555 loss.item()=141930.46875 train_time:114943ms step_avg:504.14ms
step:229/1555 loss.item()=143295.375 train_time:115451ms step_avg:504.15ms
step:230/1555 loss.item()=139769.15625 train_time:115955ms step_avg:504.15ms
step:231/1555 loss.item()=139885.90625 train_time:116459ms step_avg:504.15ms
step:232/1555 loss.item()=140045.0625 train_time:116963ms step_avg:504.15ms
step:233/1555 loss.item()=135602.9375 train_time:117467ms step_avg:504.15ms
step:234/1555 loss.item()=141661.75 train_time:117972ms step_avg:504.15ms
step:235/1555 loss.item()=140551.5625 train_time:118472ms step_avg:504.13ms
step:236/1555 loss.item()=145481.203125 train_time:118976ms step_avg:504.14ms
step:237/1555 loss.item()=140642.453125 train_time:119479ms step_avg:504.13ms
step:238/1555 loss.item()=142238.03125 train_time:119984ms step_avg:504.14ms
step:239/1555 loss.item()=142230.453125 train_time:120485ms step_avg:504.12ms
step:240/1555 loss.item()=142186.390625 train_time:120992ms step_avg:504.13ms
step:241/1555 loss.item()=143744.96875 train_time:121493ms step_avg:504.12ms
step:242/1555 loss.item()=146665.484375 train_time:121997ms step_avg:504.12ms
step:243/1555 loss.item()=138783.65625 train_time:122498ms step_avg:504.11ms
step:244/1555 loss.item()=140958.109375 train_time:123005ms step_avg:504.12ms
step:245/1555 loss.item()=144328.71875 train_time:123516ms step_avg:504.15ms
step:246/1555 loss.item()=142414.3125 train_time:124020ms step_avg:504.14ms
step:247/1555 loss.item()=142140.65625 train_time:124518ms step_avg:504.12ms
step:248/1555 loss.item()=141149.953125 train_time:125030ms step_avg:504.15ms
step:249/1555 loss.item()=145532.140625 train_time:125530ms step_avg:504.14ms
step:250/1555 loss.item()=139218.6875 train_time:125999ms step_avg:504.00ms
step:250/1555 starting test-time training...
step:250/1555 val_step:0/320 val_loss:4.5048 chunk_loss:17518.4995 is_adam_step=False do_muon_ttt=False train_time:126005ms step_avg:504.02ms
step:250/1555 val_step:1/320 val_loss:4.5345 chunk_loss:17726.7383 is_adam_step=True do_muon_ttt=False train_time:126005ms step_avg:504.02ms
step:250/1555 val_step:2/320 val_loss:4.5906 chunk_loss:18221.7758 is_adam_step=False do_muon_ttt=False train_time:126005ms step_avg:504.02ms
step:250/1555 val_step:3/320 val_loss:4.5759 chunk_loss:17662.2113 is_adam_step=True do_muon_ttt=False train_time:126005ms step_avg:504.02ms
step:250/1555 val_step:4/320 val_loss:4.6196 chunk_loss:18568.0066 is_adam_step=False do_muon_ttt=False train_time:126005ms step_avg:504.02ms
step:250/1555 val_step:5/320 val_loss:4.6311 chunk_loss:18128.8297 is_adam_step=True do_muon_ttt=False train_time:126005ms step_avg:504.02ms
step:250/1555 val_step:6/320 val_loss:4.5826 chunk_loss:16836.9730 is_adam_step=False do_muon_ttt=False train_time:126005ms step_avg:504.02ms
step:250/1555 val_step:7/320 val_loss:4.6119 chunk_loss:18587.9595 is_adam_step=True do_muon_ttt=False train_time:126005ms step_avg:504.02ms
step:250/1555 val_step:8/320 val_loss:4.6256 chunk_loss:18280.3986 is_adam_step=False do_muon_ttt=False train_time:126005ms step_avg:504.02ms
step:250/1555 val_step:9/320 val_loss:4.6441 chunk_loss:18494.6572 is_adam_step=True do_muon_ttt=False train_time:126005ms step_avg:504.02ms
step:250/1555 val_step:10/320 val_loss:4.6503 chunk_loss:18247.8434 is_adam_step=False do_muon_ttt=False train_time:126005ms step_avg:504.02ms
step:250/1555 val_step:11/320 val_loss:4.6473 chunk_loss:17984.0214 is_adam_step=True do_muon_ttt=False train_time:126005ms step_avg:504.02ms
step:250/1555 val_step:12/320 val_loss:4.6615 chunk_loss:18631.6174 is_adam_step=False do_muon_ttt=False train_time:126005ms step_avg:504.02ms
step:250/1555 val_step:13/320 val_loss:4.6682 chunk_loss:18448.5471 is_adam_step=True do_muon_ttt=False train_time:126005ms step_avg:504.02ms
step:250/1555 val_step:14/320 val_loss:4.6684 chunk_loss:18066.9965 is_adam_step=False do_muon_ttt=False train_time:126005ms step_avg:504.02ms
step:250/1555 val_step:15/320 val_loss:4.6683 chunk_loss:18051.9990 is_adam_step=True do_muon_ttt=False train_time:126005ms step_avg:504.02ms
step:250/1555 val_step:16/320 val_loss:4.6625 chunk_loss:17733.0065 is_adam_step=False do_muon_ttt=False train_time:126005ms step_avg:504.02ms
step:250/1555 val_step:17/320 val_loss:4.6824 chunk_loss:19183.4844 is_adam_step=True do_muon_ttt=False train_time:126005ms step_avg:504.02ms
step:250/1555 val_step:18/320 val_loss:4.6793 chunk_loss:17923.4806 is_adam_step=False do_muon_ttt=False train_time:126005ms step_avg:504.02ms
step:250/1555 val_step:19/320 val_loss:4.6851 chunk_loss:18493.3446 is_adam_step=True do_muon_ttt=False train_time:126005ms step_avg:504.02ms
step:250/1555 val_step:20/320 val_loss:4.6886 chunk_loss:18343.9503 is_adam_step=False do_muon_ttt=False train_time:126005ms step_avg:504.02ms
step:250/1555 val_step:21/320 val_loss:4.6984 chunk_loss:18874.2426 is_adam_step=True do_muon_ttt=False train_time:126005ms step_avg:504.02ms
step:250/1555 val_step:22/320 val_loss:4.6981 chunk_loss:18166.5604 is_adam_step=False do_muon_ttt=False train_time:126005ms step_avg:504.02ms
step:250/1555 val_step:23/320 val_loss:4.7075 chunk_loss:18906.1639 is_adam_step=True do_muon_ttt=False train_time:126005ms step_avg:504.02ms
step:250/1555 val_step:24/320 val_loss:4.7081 chunk_loss:18158.9122 is_adam_step=False do_muon_ttt=False train_time:126005ms step_avg:504.02ms
step:250/1555 val_step:25/320 val_loss:4.7095 chunk_loss:18345.0508 is_adam_step=True do_muon_ttt=False train_time:126005ms step_avg:504.02ms
step:250/1555 val_step:26/320 val_loss:4.7244 chunk_loss:19518.0817 is_adam_step=False do_muon_ttt=False train_time:126005ms step_avg:504.02ms
step:250/1555 val_step:27/320 val_loss:4.7325 chunk_loss:18974.3610 is_adam_step=True do_muon_ttt=False train_time:126005ms step_avg:504.02ms
step:250/1555 val_step:28/320 val_loss:4.7303 chunk_loss:17963.7697 is_adam_step=False do_muon_ttt=False train_time:126005ms step_avg:504.02ms
step:250/1555 val_step:29/320 val_loss:4.7275 chunk_loss:17994.6357 is_adam_step=True do_muon_ttt=False train_time:126005ms step_avg:504.02ms
step:250/1555 val_step:30/320 val_loss:4.7261 chunk_loss:18160.6206 is_adam_step=False do_muon_ttt=False train_time:126005ms step_avg:504.02ms
step:250/1555 val_step:31/320 val_loss:4.7237 chunk_loss:18053.2227 is_adam_step=True do_muon_ttt=False train_time:126005ms step_avg:504.02ms
step:250/1555 val_step:32/320 val_loss:4.7202 chunk_loss:17917.4164 is_adam_step=False do_muon_ttt=False train_time:126005ms step_avg:504.02ms
step:250/1555 val_step:33/320 val_loss:4.7223 chunk_loss:18491.0126 is_adam_step=True do_muon_ttt=False train_time:126005ms step_avg:504.02ms
step:250/1555 val_step:34/320 val_loss:4.7236 chunk_loss:18440.0105 is_adam_step=False do_muon_ttt=False train_time:126005ms step_avg:504.02ms
step:250/1555 val_step:35/320 val_loss:4.7233 chunk_loss:18234.2104 is_adam_step=True do_muon_ttt=False train_time:126005ms step_avg:504.02ms
step:250/1555 val_step:36/320 val_loss:4.7280 chunk_loss:18904.6216 is_adam_step=False do_muon_ttt=False train_time:126005ms step_avg:504.02ms
step:250/1555 val_step:37/320 val_loss:4.7291 chunk_loss:18319.0547 is_adam_step=True do_muon_ttt=False train_time:126005ms step_avg:504.02ms
step:250/1555 val_step:38/320 val_loss:4.7242 chunk_loss:17711.9674 is_adam_step=False do_muon_ttt=False train_time:126005ms step_avg:504.02ms
step:250/1555 val_step:39/320 val_loss:4.7280 chunk_loss:18817.3596 is_adam_step=True do_muon_ttt=False train_time:126005ms step_avg:504.02ms
step:250/1555 val_step:40/320 val_loss:4.7343 chunk_loss:19173.7200 is_adam_step=False do_muon_ttt=False train_time:126005ms step_avg:504.02ms
step:250/1555 val_step:41/320 val_loss:4.7390 chunk_loss:18773.3828 is_adam_step=True do_muon_ttt=False train_time:126005ms step_avg:504.02ms
step:250/1555 val_step:42/320 val_loss:4.7408 chunk_loss:18567.0710 is_adam_step=False do_muon_ttt=False train_time:126005ms step_avg:504.02ms
step:250/1555 val_step:43/320 val_loss:4.7427 chunk_loss:18490.8591 is_adam_step=True do_muon_ttt=False train_time:126005ms step_avg:504.02ms
step:250/1555 val_step:44/320 val_loss:4.7482 chunk_loss:18904.7991 is_adam_step=False do_muon_ttt=False train_time:126005ms step_avg:504.02ms
step:250/1555 val_step:45/320 val_loss:4.7494 chunk_loss:18450.4076 is_adam_step=True do_muon_ttt=False train_time:126005ms step_avg:504.02ms
step:250/1555 val_step:46/320 val_loss:4.7509 chunk_loss:18590.2283 is_adam_step=False do_muon_ttt=False train_time:126005ms step_avg:504.02ms
step:250/1555 val_step:47/320 val_loss:4.7531 chunk_loss:18754.2091 is_adam_step=True do_muon_ttt=False train_time:126005ms step_avg:504.02ms
step:250/1555 val_step:48/320 val_loss:4.7531 chunk_loss:18356.8446 is_adam_step=False do_muon_ttt=False train_time:126005ms step_avg:504.02ms
step:250/1555 val_step:49/320 val_loss:4.7528 chunk_loss:18343.6473 is_adam_step=True do_muon_ttt=False train_time:126005ms step_avg:504.02ms
step:250/1555 val_step:50/320 val_loss:4.7534 chunk_loss:18504.3384 is_adam_step=False do_muon_ttt=False train_time:126005ms step_avg:504.02ms
step:250/1555 val_step:51/320 val_loss:4.7535 chunk_loss:18400.1346 is_adam_step=True do_muon_ttt=False train_time:126005ms step_avg:504.02ms
step:250/1555 val_step:52/320 val_loss:4.7555 chunk_loss:18719.7260 is_adam_step=False do_muon_ttt=False train_time:126005ms step_avg:504.02ms
step:250/1555 val_step:53/320 val_loss:4.7552 chunk_loss:18300.4866 is_adam_step=True do_muon_ttt=False train_time:126005ms step_avg:504.02ms
step:250/1555 val_step:54/320 val_loss:4.7548 chunk_loss:18341.7653 is_adam_step=False do_muon_ttt=False train_time:126005ms step_avg:504.02ms
step:250/1555 val_step:55/320 val_loss:4.7518 chunk_loss:17714.0410 is_adam_step=True do_muon_ttt=False train_time:126005ms step_avg:504.02ms
step:250/1555 val_step:56/320 val_loss:4.7506 chunk_loss:18076.8126 is_adam_step=False do_muon_ttt=False train_time:126005ms step_avg:504.02ms
step:250/1555 val_step:57/320 val_loss:4.7521 chunk_loss:18762.0726 is_adam_step=True do_muon_ttt=False train_time:126005ms step_avg:504.02ms
step:250/1555 val_step:58/320 val_loss:4.7526 chunk_loss:18429.8769 is_adam_step=False do_muon_ttt=False train_time:126005ms step_avg:504.02ms
step:250/1555 val_step:59/320 val_loss:4.7543 chunk_loss:18682.5585 is_adam_step=True do_muon_ttt=False train_time:126005ms step_avg:504.02ms
step:250/1555 val_step:60/320 val_loss:4.7537 chunk_loss:18186.7842 is_adam_step=False do_muon_ttt=False train_time:126005ms step_avg:504.02ms
step:250/1555 val_step:61/320 val_loss:4.7541 chunk_loss:18364.4617 is_adam_step=True do_muon_ttt=False train_time:126005ms step_avg:504.02ms
step:250/1555 val_step:62/320 val_loss:4.7543 chunk_loss:18393.3517 is_adam_step=False do_muon_ttt=False train_time:126005ms step_avg:504.02ms
step:250/1555 val_step:63/320 val_loss:4.7549 chunk_loss:18474.5486 is_adam_step=True do_muon_ttt=False train_time:126005ms step_avg:504.02ms
step:250/1555 val_step:64/320 val_loss:4.7566 chunk_loss:18648.7788 is_adam_step=False do_muon_ttt=False train_time:126005ms step_avg:504.02ms
step:250/1555 val_step:65/320 val_loss:4.7591 chunk_loss:18813.8843 is_adam_step=True do_muon_ttt=False train_time:126005ms step_avg:504.02ms
step:250/1555 val_step:66/320 val_loss:4.7624 chunk_loss:18968.5636 is_adam_step=False do_muon_ttt=False train_time:126005ms step_avg:504.02ms
step:250/1555 val_step:67/320 val_loss:4.7630 chunk_loss:18451.7091 is_adam_step=True do_muon_ttt=False train_time:126005ms step_avg:504.02ms
step:250/1555 val_step:68/320 val_loss:4.7615 chunk_loss:18005.6731 is_adam_step=False do_muon_ttt=False train_time:126005ms step_avg:504.02ms
step:250/1555 val_step:69/320 val_loss:4.7619 chunk_loss:18440.5492 is_adam_step=True do_muon_ttt=False train_time:126005ms step_avg:504.02ms
step:250/1555 val_step:70/320 val_loss:4.7612 chunk_loss:18228.0027 is_adam_step=False do_muon_ttt=False train_time:126005ms step_avg:504.02ms
step:250/1555 val_step:71/320 val_loss:4.7589 chunk_loss:17887.1077 is_adam_step=True do_muon_ttt=False train_time:126005ms step_avg:504.02ms
step:250/1555 val_step:72/320 val_loss:4.7573 chunk_loss:18024.9888 is_adam_step=False do_muon_ttt=False train_time:126005ms step_avg:504.02ms
step:250/1555 val_step:73/320 val_loss:4.7574 chunk_loss:18444.0969 is_adam_step=True do_muon_ttt=False train_time:126005ms step_avg:504.02ms
step:250/1555 val_step:74/320 val_loss:4.7603 chunk_loss:19026.1678 is_adam_step=False do_muon_ttt=False train_time:126005ms step_avg:504.02ms
step:250/1555 val_step:75/320 val_loss:4.7608 chunk_loss:18516.0151 is_adam_step=True do_muon_ttt=False train_time:126005ms step_avg:504.02ms
step:250/1555 val_step:76/320 val_loss:4.7596 chunk_loss:18054.3503 is_adam_step=False do_muon_ttt=False train_time:126005ms step_avg:504.02ms
step:250/1555 val_step:77/320 val_loss:4.7618 chunk_loss:18922.0441 is_adam_step=True do_muon_ttt=False train_time:126005ms step_avg:504.02ms
step:250/1555 val_step:78/320 val_loss:4.7606 chunk_loss:18098.6083 is_adam_step=False do_muon_ttt=False train_time:126005ms step_avg:504.02ms
step:250/1555 val_step:79/320 val_loss:4.7600 chunk_loss:18311.1847 is_adam_step=True do_muon_ttt=False train_time:126005ms step_avg:504.02ms
step:250/1555 val_step:80/320 val_loss:4.7588 chunk_loss:18121.7590 is_adam_step=False do_muon_ttt=False train_time:126005ms step_avg:504.02ms
step:250/1555 val_step:81/320 val_loss:4.7571 chunk_loss:17941.3176 is_adam_step=True do_muon_ttt=False train_time:126005ms step_avg:504.02ms
step:250/1555 val_step:82/320 val_loss:4.7576 chunk_loss:18540.5071 is_adam_step=False do_muon_ttt=False train_time:126005ms step_avg:504.02ms
step:250/1555 val_step:83/320 val_loss:4.7559 chunk_loss:17958.8691 is_adam_step=True do_muon_ttt=False train_time:126005ms step_avg:504.02ms
step:250/1555 val_step:84/320 val_loss:4.7569 chunk_loss:18630.9401 is_adam_step=False do_muon_ttt=False train_time:126005ms step_avg:504.02ms
step:250/1555 val_step:85/320 val_loss:4.7570 chunk_loss:18466.9663 is_adam_step=True do_muon_ttt=False train_time:126005ms step_avg:504.02ms
step:250/1555 val_step:86/320 val_loss:4.7579 chunk_loss:18672.9653 is_adam_step=False do_muon_ttt=False train_time:126005ms step_avg:504.02ms
step:250/1555 val_step:87/320 val_loss:4.7576 chunk_loss:18281.9527 is_adam_step=True do_muon_ttt=False train_time:126005ms step_avg:504.02ms
step:250/1555 val_step:88/320 val_loss:4.7581 chunk_loss:18586.6600 is_adam_step=False do_muon_ttt=False train_time:126005ms step_avg:504.02ms
step:250/1555 val_step:89/320 val_loss:4.7586 chunk_loss:18460.4438 is_adam_step=True do_muon_ttt=False train_time:126005ms step_avg:504.02ms
step:250/1555 val_step:90/320 val_loss:4.7573 chunk_loss:17972.4098 is_adam_step=False do_muon_ttt=False train_time:126005ms step_avg:504.02ms
step:250/1555 val_step:91/320 val_loss:4.7557 chunk_loss:17816.3210 is_adam_step=True do_muon_ttt=False train_time:126005ms step_avg:504.02ms
step:250/1555 val_step:92/320 val_loss:4.7569 chunk_loss:18702.6110 is_adam_step=False do_muon_ttt=False train_time:126005ms step_avg:504.02ms
step:250/1555 val_step:93/320 val_loss:4.7575 chunk_loss:18464.2207 is_adam_step=True do_muon_ttt=False train_time:126005ms step_avg:504.02ms
step:250/1555 val_step:94/320 val_loss:4.7578 chunk_loss:18434.0394 is_adam_step=False do_muon_ttt=False train_time:126005ms step_avg:504.02ms
step:250/1555 val_step:95/320 val_loss:4.7578 chunk_loss:18356.7396 is_adam_step=True do_muon_ttt=False train_time:126005ms step_avg:504.02ms
step:250/1555 val_step:96/320 val_loss:4.7584 chunk_loss:18488.5785 is_adam_step=False do_muon_ttt=False train_time:126005ms step_avg:504.02ms
step:250/1555 val_step:97/320 val_loss:4.7612 chunk_loss:19190.3040 is_adam_step=True do_muon_ttt=False train_time:126005ms step_avg:504.02ms
step:250/1555 val_step:98/320 val_loss:4.7623 chunk_loss:18705.8345 is_adam_step=False do_muon_ttt=False train_time:126005ms step_avg:504.02ms
step:250/1555 val_step:99/320 val_loss:4.7627 chunk_loss:18496.9119 is_adam_step=True do_muon_ttt=False train_time:126005ms step_avg:504.02ms
step:250/1555 val_step:100/320 val_loss:4.7624 chunk_loss:18230.9961 is_adam_step=False do_muon_ttt=False train_time:126005ms step_avg:504.02ms
step:250/1555 val_step:101/320 val_loss:4.7612 chunk_loss:17938.1910 is_adam_step=True do_muon_ttt=False train_time:126005ms step_avg:504.02ms
step:250/1555 val_step:102/320 val_loss:4.7612 chunk_loss:18326.5334 is_adam_step=False do_muon_ttt=False train_time:126005ms step_avg:504.02ms
step:250/1555 val_step:103/320 val_loss:4.7627 chunk_loss:18790.6604 is_adam_step=True do_muon_ttt=False train_time:126005ms step_avg:504.02ms
step:250/1555 val_step:104/320 val_loss:4.7621 chunk_loss:18246.2178 is_adam_step=False do_muon_ttt=False train_time:126005ms step_avg:504.02ms
step:250/1555 val_step:105/320 val_loss:4.7616 chunk_loss:18238.0198 is_adam_step=True do_muon_ttt=False train_time:126005ms step_avg:504.02ms
step:250/1555 val_step:106/320 val_loss:4.7596 chunk_loss:17661.7830 is_adam_step=False do_muon_ttt=False train_time:126005ms step_avg:504.02ms
step:250/1555 val_step:107/320 val_loss:4.7585 chunk_loss:17966.2131 is_adam_step=True do_muon_ttt=False train_time:126005ms step_avg:504.02ms
step:250/1555 val_step:108/320 val_loss:4.7576 chunk_loss:18102.9125 is_adam_step=False do_muon_ttt=False train_time:126005ms step_avg:504.02ms
step:250/1555 val_step:109/320 val_loss:4.7578 chunk_loss:18394.1300 is_adam_step=True do_muon_ttt=False train_time:126005ms step_avg:504.02ms
step:250/1555 val_step:110/320 val_loss:4.7573 chunk_loss:18190.1182 is_adam_step=False do_muon_ttt=False train_time:126005ms step_avg:504.02ms
step:250/1555 val_step:111/320 val_loss:4.7584 chunk_loss:18731.3326 is_adam_step=True do_muon_ttt=False train_time:126005ms step_avg:504.02ms
step:250/1555 val_step:112/320 val_loss:4.7576 chunk_loss:18004.2474 is_adam_step=False do_muon_ttt=False train_time:126005ms step_avg:504.02ms
step:250/1555 val_step:113/320 val_loss:4.7562 chunk_loss:17855.2369 is_adam_step=True do_muon_ttt=False train_time:126005ms step_avg:504.02ms
step:250/1555 val_step:114/320 val_loss:4.7542 chunk_loss:17747.1724 is_adam_step=False do_muon_ttt=False train_time:126005ms step_avg:504.02ms
step:250/1555 val_step:115/320 val_loss:4.7525 chunk_loss:17712.8271 is_adam_step=True do_muon_ttt=False train_time:126005ms step_avg:504.02ms
step:250/1555 val_step:116/320 val_loss:4.7524 chunk_loss:18267.8604 is_adam_step=False do_muon_ttt=False train_time:126005ms step_avg:504.02ms
step:250/1555 val_step:117/320 val_loss:4.7528 chunk_loss:18479.3239 is_adam_step=True do_muon_ttt=False train_time:126005ms step_avg:504.02ms
step:250/1555 val_step:118/320 val_loss:4.7535 chunk_loss:18664.2274 is_adam_step=False do_muon_ttt=False train_time:126005ms step_avg:504.02ms
step:250/1555 val_step:119/320 val_loss:4.7527 chunk_loss:18046.8955 is_adam_step=True do_muon_ttt=False train_time:126005ms step_avg:504.02ms
step:250/1555 val_step:120/320 val_loss:4.7533 chunk_loss:18641.4984 is_adam_step=False do_muon_ttt=False train_time:126005ms step_avg:504.02ms
step:250/1555 val_step:121/320 val_loss:4.7531 chunk_loss:18320.2487 is_adam_step=True do_muon_ttt=False train_time:126005ms step_avg:504.02ms
step:250/1555 val_step:122/320 val_loss:4.7533 chunk_loss:18422.2798 is_adam_step=False do_muon_ttt=False train_time:126005ms step_avg:504.02ms
step:250/1555 val_step:123/320 val_loss:4.7536 chunk_loss:18513.6530 is_adam_step=True do_muon_ttt=False train_time:126005ms step_avg:504.02ms
step:250/1555 val_step:124/320 val_loss:4.7540 chunk_loss:18585.3430 is_adam_step=False do_muon_ttt=False train_time:126005ms step_avg:504.02ms
step:250/1555 val_step:125/320 val_loss:4.7546 chunk_loss:18636.6040 is_adam_step=True do_muon_ttt=False train_time:126005ms step_avg:504.02ms
step:250/1555 val_step:126/320 val_loss:4.7533 chunk_loss:17849.0391 is_adam_step=False do_muon_ttt=False train_time:126005ms step_avg:504.02ms
step:250/1555 val_step:127/320 val_loss:4.7540 chunk_loss:18648.2776 is_adam_step=True do_muon_ttt=False train_time:126005ms step_avg:504.02ms
step:250/1555 val_step:128/320 val_loss:4.7536 chunk_loss:18272.6246 is_adam_step=False do_muon_ttt=False train_time:126005ms step_avg:504.02ms
step:250/1555 val_step:129/320 val_loss:4.7524 chunk_loss:17906.5778 is_adam_step=True do_muon_ttt=False train_time:126005ms step_avg:504.02ms
step:250/1555 val_step:130/320 val_loss:4.7524 chunk_loss:18360.0251 is_adam_step=False do_muon_ttt=False train_time:126005ms step_avg:504.02ms
step:250/1555 val_step:131/320 val_loss:4.7518 chunk_loss:18118.3794 is_adam_step=True do_muon_ttt=False train_time:126005ms step_avg:504.02ms
step:250/1555 val_step:132/320 val_loss:4.7537 chunk_loss:19052.3839 is_adam_step=False do_muon_ttt=False train_time:126005ms step_avg:504.02ms
step:250/1555 val_step:133/320 val_loss:4.7550 chunk_loss:18910.4388 is_adam_step=True do_muon_ttt=False train_time:126005ms step_avg:504.02ms
step:250/1555 val_step:134/320 val_loss:4.7558 chunk_loss:18383.9149 is_adam_step=False do_muon_ttt=False train_time:126005ms step_avg:504.02ms
step:250/1555 val_step:135/320 val_loss:4.7557 chunk_loss:18283.2281 is_adam_step=True do_muon_ttt=False train_time:126005ms step_avg:504.02ms
step:250/1555 val_step:136/320 val_loss:4.7557 chunk_loss:18321.8323 is_adam_step=False do_muon_ttt=False train_time:126005ms step_avg:504.02ms
step:250/1555 val_step:137/320 val_loss:4.7563 chunk_loss:18649.7313 is_adam_step=True do_muon_ttt=False train_time:126005ms step_avg:504.02ms
step:250/1555 val_step:138/320 val_loss:4.7581 chunk_loss:19213.0480 is_adam_step=False do_muon_ttt=False train_time:126005ms step_avg:504.02ms
step:250/1555 val_step:139/320 val_loss:4.7586 chunk_loss:18592.6561 is_adam_step=True do_muon_ttt=False train_time:126005ms step_avg:504.02ms
step:250/1555 val_step:140/320 val_loss:4.7587 chunk_loss:18429.9009 is_adam_step=False do_muon_ttt=False train_time:126005ms step_avg:504.02ms
step:250/1555 val_step:141/320 val_loss:4.7585 chunk_loss:18213.0194 is_adam_step=True do_muon_ttt=False train_time:126005ms step_avg:504.02ms
step:250/1555 val_step:142/320 val_loss:4.7588 chunk_loss:18454.5140 is_adam_step=False do_muon_ttt=False train_time:126005ms step_avg:504.02ms
step:250/1555 val_step:143/320 val_loss:4.7600 chunk_loss:18885.6937 is_adam_step=True do_muon_ttt=False train_time:126005ms step_avg:504.02ms
step:250/1555 val_step:144/320 val_loss:4.7610 chunk_loss:18822.3765 is_adam_step=False do_muon_ttt=False train_time:126005ms step_avg:504.02ms
step:250/1555 val_step:145/320 val_loss:4.7606 chunk_loss:18225.5188 is_adam_step=True do_muon_ttt=False train_time:126005ms step_avg:504.02ms
step:250/1555 val_step:146/320 val_loss:4.7605 chunk_loss:18282.3550 is_adam_step=False do_muon_ttt=False train_time:126005ms step_avg:504.02ms
step:250/1555 val_step:147/320 val_loss:4.7608 chunk_loss:18500.0342 is_adam_step=True do_muon_ttt=False train_time:126005ms step_avg:504.02ms
step:250/1555 val_step:148/320 val_loss:4.7612 chunk_loss:18513.0463 is_adam_step=False do_muon_ttt=False train_time:126005ms step_avg:504.02ms
step:250/1555 val_step:149/320 val_loss:4.7600 chunk_loss:17840.2307 is_adam_step=True do_muon_ttt=False train_time:126005ms step_avg:504.02ms
step:250/1555 val_step:150/320 val_loss:4.7593 chunk_loss:18051.5309 is_adam_step=False do_muon_ttt=False train_time:126005ms step_avg:504.02ms
step:250/1555 val_step:151/320 val_loss:4.7593 chunk_loss:18368.0859 is_adam_step=True do_muon_ttt=False train_time:126005ms step_avg:504.02ms
step:250/1555 val_step:152/320 val_loss:4.7582 chunk_loss:17830.6888 is_adam_step=False do_muon_ttt=False train_time:126005ms step_avg:504.02ms
step:250/1555 val_step:153/320 val_loss:4.7575 chunk_loss:18118.7513 is_adam_step=True do_muon_ttt=False train_time:126005ms step_avg:504.02ms
step:250/1555 val_step:154/320 val_loss:4.7569 chunk_loss:18060.7242 is_adam_step=False do_muon_ttt=False train_time:126005ms step_avg:504.02ms
step:250/1555 val_step:155/320 val_loss:4.7573 chunk_loss:18582.4878 is_adam_step=True do_muon_ttt=False train_time:126005ms step_avg:504.02ms
step:250/1555 val_step:156/320 val_loss:4.7571 chunk_loss:18237.6179 is_adam_step=False do_muon_ttt=False train_time:126005ms step_avg:504.02ms
step:250/1555 val_step:157/320 val_loss:4.7574 chunk_loss:18538.1184 is_adam_step=True do_muon_ttt=False train_time:126005ms step_avg:504.02ms
step:250/1555 val_step:158/320 val_loss:4.7572 chunk_loss:18304.8607 is_adam_step=False do_muon_ttt=False train_time:126005ms step_avg:504.02ms
step:250/1555 val_step:159/320 val_loss:4.7570 chunk_loss:18217.0013 is_adam_step=True do_muon_ttt=False train_time:126005ms step_avg:504.02ms
step:250/1555 val_step:160/320 val_loss:4.7578 chunk_loss:18822.8573 is_adam_step=False do_muon_ttt=False train_time:126005ms step_avg:504.02ms
step:250/1555 val_step:161/320 val_loss:4.7576 chunk_loss:18304.4517 is_adam_step=True do_muon_ttt=False train_time:126005ms step_avg:504.02ms
step:250/1555 val_step:162/320 val_loss:4.7579 chunk_loss:18549.1428 is_adam_step=False do_muon_ttt=False train_time:126005ms step_avg:504.02ms
step:250/1555 val_step:163/320 val_loss:4.7573 chunk_loss:18081.7028 is_adam_step=True do_muon_ttt=False train_time:126005ms step_avg:504.02ms
step:250/1555 val_step:164/320 val_loss:4.7569 chunk_loss:18153.8311 is_adam_step=False do_muon_ttt=False train_time:126005ms step_avg:504.02ms
step:250/1555 val_step:165/320 val_loss:4.7587 chunk_loss:19313.6896 is_adam_step=True do_muon_ttt=False train_time:126005ms step_avg:504.02ms
step:250/1555 val_step:166/320 val_loss:4.7591 chunk_loss:18392.3728 is_adam_step=False do_muon_ttt=False train_time:126005ms step_avg:504.02ms
step:250/1555 val_step:167/320 val_loss:4.7602 chunk_loss:18911.4211 is_adam_step=True do_muon_ttt=False train_time:126005ms step_avg:504.02ms
step:250/1555 val_step:168/320 val_loss:4.7608 chunk_loss:18656.2247 is_adam_step=False do_muon_ttt=False train_time:126005ms step_avg:504.02ms
step:250/1555 val_step:169/320 val_loss:4.7613 chunk_loss:18765.0774 is_adam_step=True do_muon_ttt=False train_time:126005ms step_avg:504.02ms
step:250/1555 val_step:170/320 val_loss:4.7611 chunk_loss:18223.3352 is_adam_step=False do_muon_ttt=False train_time:126005ms step_avg:504.02ms
step:250/1555 val_step:171/320 val_loss:4.7603 chunk_loss:17904.0812 is_adam_step=True do_muon_ttt=False train_time:126005ms step_avg:504.02ms
step:250/1555 val_step:172/320 val_loss:4.7606 chunk_loss:18618.2367 is_adam_step=False do_muon_ttt=False train_time:126005ms step_avg:504.02ms
step:250/1555 val_step:173/320 val_loss:4.7599 chunk_loss:17964.0707 is_adam_step=True do_muon_ttt=False train_time:126005ms step_avg:504.02ms
step:250/1555 val_step:174/320 val_loss:4.7615 chunk_loss:19254.9065 is_adam_step=False do_muon_ttt=False train_time:126005ms step_avg:504.02ms
step:250/1555 val_step:175/320 val_loss:4.7611 chunk_loss:18084.5396 is_adam_step=True do_muon_ttt=False train_time:126005ms step_avg:504.02ms
step:250/1555 val_step:176/320 val_loss:4.7617 chunk_loss:18710.4124 is_adam_step=False do_muon_ttt=False train_time:126005ms step_avg:504.02ms
step:250/1555 val_step:177/320 val_loss:4.7602 chunk_loss:17434.1929 is_adam_step=True do_muon_ttt=False train_time:126005ms step_avg:504.02ms
step:250/1555 val_step:178/320 val_loss:4.7601 chunk_loss:18322.8403 is_adam_step=False do_muon_ttt=False train_time:126005ms step_avg:504.02ms
step:250/1555 val_step:179/320 val_loss:4.7601 chunk_loss:18380.5023 is_adam_step=True do_muon_ttt=False train_time:126005ms step_avg:504.02ms
step:250/1555 val_step:180/320 val_loss:4.7592 chunk_loss:17776.9346 is_adam_step=False do_muon_ttt=False train_time:126005ms step_avg:504.02ms
step:250/1555 val_step:181/320 val_loss:4.7595 chunk_loss:18525.1196 is_adam_step=True do_muon_ttt=False train_time:126005ms step_avg:504.02ms
step:250/1555 val_step:182/320 val_loss:4.7580 chunk_loss:17472.3730 is_adam_step=False do_muon_ttt=False train_time:126005ms step_avg:504.02ms
step:250/1555 val_step:183/320 val_loss:4.7591 chunk_loss:19118.2943 is_adam_step=True do_muon_ttt=False train_time:126005ms step_avg:504.02ms
step:250/1555 val_step:184/320 val_loss:4.7585 chunk_loss:18015.8184 is_adam_step=False do_muon_ttt=False train_time:126005ms step_avg:504.02ms
step:250/1555 val_step:185/320 val_loss:4.7574 chunk_loss:17813.3635 is_adam_step=True do_muon_ttt=False train_time:126005ms step_avg:504.02ms
step:250/1555 val_step:186/320 val_loss:4.7571 chunk_loss:18226.9584 is_adam_step=False do_muon_ttt=False train_time:126005ms step_avg:504.02ms
step:250/1555 val_step:187/320 val_loss:4.7568 chunk_loss:18212.9077 is_adam_step=True do_muon_ttt=False train_time:126005ms step_avg:504.02ms
step:250/1555 val_step:188/320 val_loss:4.7573 chunk_loss:18668.0840 is_adam_step=False do_muon_ttt=False train_time:126005ms step_avg:504.02ms
step:250/1555 val_step:189/320 val_loss:4.7563 chunk_loss:17758.6675 is_adam_step=True do_muon_ttt=False train_time:126005ms step_avg:504.02ms
step:250/1555 val_step:190/320 val_loss:4.7558 chunk_loss:18100.4253 is_adam_step=False do_muon_ttt=False train_time:126005ms step_avg:504.02ms
step:250/1555 val_step:191/320 val_loss:4.7555 chunk_loss:18197.4033 is_adam_step=True do_muon_ttt=False train_time:126005ms step_avg:504.02ms
step:250/1555 val_step:192/320 val_loss:4.7553 chunk_loss:18262.7991 is_adam_step=False do_muon_ttt=False train_time:126005ms step_avg:504.02ms
step:250/1555 val_step:193/320 val_loss:4.7553 chunk_loss:18335.3475 is_adam_step=True do_muon_ttt=False train_time:126005ms step_avg:504.02ms
step:250/1555 val_step:194/320 val_loss:4.7563 chunk_loss:19013.5002 is_adam_step=False do_muon_ttt=False train_time:126005ms step_avg:504.02ms
step:250/1555 val_step:195/320 val_loss:4.7560 chunk_loss:18264.3566 is_adam_step=True do_muon_ttt=False train_time:126005ms step_avg:504.02ms
step:250/1555 val_step:196/320 val_loss:4.7562 chunk_loss:18573.4863 is_adam_step=False do_muon_ttt=False train_time:126005ms step_avg:504.02ms
step:250/1555 val_step:197/320 val_loss:4.7567 chunk_loss:18769.9542 is_adam_step=True do_muon_ttt=False train_time:126005ms step_avg:504.02ms
step:250/1555 val_step:198/320 val_loss:4.7573 chunk_loss:18781.4281 is_adam_step=False do_muon_ttt=False train_time:126005ms step_avg:504.02ms
step:250/1555 val_step:199/320 val_loss:4.7573 chunk_loss:18391.1141 is_adam_step=True do_muon_ttt=False train_time:126005ms step_avg:504.02ms
step:250/1555 val_step:200/320 val_loss:4.7571 chunk_loss:18319.8446 is_adam_step=False do_muon_ttt=False train_time:126005ms step_avg:504.02ms
step:250/1555 val_step:201/320 val_loss:4.7563 chunk_loss:18037.8035 is_adam_step=True do_muon_ttt=False train_time:126005ms step_avg:504.02ms
step:250/1555 val_step:202/320 val_loss:4.7578 chunk_loss:19214.4995 is_adam_step=False do_muon_ttt=False train_time:126005ms step_avg:504.02ms
step:250/1555 val_step:203/320 val_loss:4.7576 chunk_loss:18229.5771 is_adam_step=True do_muon_ttt=False train_time:126005ms step_avg:504.02ms
step:250/1555 val_step:204/320 val_loss:4.7573 chunk_loss:18194.1941 is_adam_step=False do_muon_ttt=False train_time:126005ms step_avg:504.02ms
step:250/1555 val_step:205/320 val_loss:4.7581 chunk_loss:18880.0642 is_adam_step=True do_muon_ttt=False train_time:126005ms step_avg:504.02ms
step:250/1555 val_step:206/320 val_loss:4.7581 chunk_loss:18461.9690 is_adam_step=False do_muon_ttt=False train_time:126005ms step_avg:504.02ms
step:250/1555 val_step:207/320 val_loss:4.7582 chunk_loss:18414.7252 is_adam_step=True do_muon_ttt=False train_time:126005ms step_avg:504.02ms
step:250/1555 val_step:208/320 val_loss:4.7573 chunk_loss:17760.9104 is_adam_step=False do_muon_ttt=False train_time:126005ms step_avg:504.02ms
step:250/1555 val_step:209/320 val_loss:4.7577 chunk_loss:18553.2711 is_adam_step=True do_muon_ttt=False train_time:126005ms step_avg:504.02ms
step:250/1555 val_step:210/320 val_loss:4.7565 chunk_loss:17518.2400 is_adam_step=False do_muon_ttt=False train_time:126005ms step_avg:504.02ms
step:250/1555 val_step:211/320 val_loss:4.7562 chunk_loss:18146.7339 is_adam_step=True do_muon_ttt=False train_time:126005ms step_avg:504.02ms
step:250/1555 val_step:212/320 val_loss:4.7576 chunk_loss:19265.5471 is_adam_step=False do_muon_ttt=False train_time:126005ms step_avg:504.02ms
step:250/1555 val_step:213/320 val_loss:4.7575 chunk_loss:18325.5760 is_adam_step=True do_muon_ttt=False train_time:126005ms step_avg:504.02ms
step:250/1555 val_step:214/320 val_loss:4.7583 chunk_loss:18893.6716 is_adam_step=False do_muon_ttt=False train_time:126005ms step_avg:504.02ms
step:250/1555 val_step:215/320 val_loss:4.7574 chunk_loss:17825.2106 is_adam_step=True do_muon_ttt=False train_time:126005ms step_avg:504.02ms
step:250/1555 val_step:216/320 val_loss:4.7571 chunk_loss:18079.5251 is_adam_step=False do_muon_ttt=False train_time:126005ms step_avg:504.02ms
step:250/1555 val_step:217/320 val_loss:4.7580 chunk_loss:18987.3561 is_adam_step=True do_muon_ttt=False train_time:126005ms step_avg:504.02ms
step:250/1555 val_step:218/320 val_loss:4.7583 chunk_loss:18606.5310 is_adam_step=False do_muon_ttt=False train_time:126005ms step_avg:504.02ms
step:250/1555 val_step:219/320 val_loss:4.7584 chunk_loss:18364.8161 is_adam_step=True do_muon_ttt=False train_time:126005ms step_avg:504.02ms
step:250/1555 val_step:220/320 val_loss:4.7587 chunk_loss:18550.8451 is_adam_step=False do_muon_ttt=False train_time:126005ms step_avg:504.02ms
step:250/1555 val_step:221/320 val_loss:4.7588 chunk_loss:18424.4829 is_adam_step=True do_muon_ttt=False train_time:126005ms step_avg:504.02ms
step:250/1555 val_step:222/320 val_loss:4.7589 chunk_loss:18455.5812 is_adam_step=False do_muon_ttt=False train_time:126005ms step_avg:504.02ms
step:250/1555 val_step:223/320 val_loss:4.7589 chunk_loss:18413.8477 is_adam_step=True do_muon_ttt=False train_time:126005ms step_avg:504.02ms
step:250/1555 val_step:224/320 val_loss:4.7585 chunk_loss:18228.8557 is_adam_step=False do_muon_ttt=False train_time:126005ms step_avg:504.02ms
step:250/1555 val_step:225/320 val_loss:4.7586 chunk_loss:18485.0048 is_adam_step=True do_muon_ttt=False train_time:126005ms step_avg:504.02ms
step:250/1555 val_step:226/320 val_loss:4.7582 chunk_loss:18038.4993 is_adam_step=False do_muon_ttt=False train_time:126005ms step_avg:504.02ms
step:250/1555 val_step:227/320 val_loss:4.7583 chunk_loss:18453.6407 is_adam_step=True do_muon_ttt=False train_time:126005ms step_avg:504.02ms
step:250/1555 val_step:228/320 val_loss:4.7588 chunk_loss:18686.4645 is_adam_step=False do_muon_ttt=False train_time:126005ms step_avg:504.02ms
step:250/1555 val_step:229/320 val_loss:4.7596 chunk_loss:18956.9980 is_adam_step=True do_muon_ttt=False train_time:126005ms step_avg:504.02ms
step:250/1555 val_step:230/320 val_loss:4.7596 chunk_loss:18223.0464 is_adam_step=False do_muon_ttt=False train_time:126005ms step_avg:504.02ms
step:250/1555 val_step:231/320 val_loss:4.7599 chunk_loss:18581.7748 is_adam_step=True do_muon_ttt=False train_time:126005ms step_avg:504.02ms
step:250/1555 val_step:232/320 val_loss:4.7606 chunk_loss:18955.7220 is_adam_step=False do_muon_ttt=False train_time:126005ms step_avg:504.02ms
step:250/1555 val_step:233/320 val_loss:4.7607 chunk_loss:18425.9092 is_adam_step=True do_muon_ttt=False train_time:126005ms step_avg:504.02ms
step:250/1555 val_step:234/320 val_loss:4.7610 chunk_loss:18732.2802 is_adam_step=False do_muon_ttt=False train_time:126005ms step_avg:504.02ms
step:250/1555 val_step:235/320 val_loss:4.7616 chunk_loss:18920.5005 is_adam_step=True do_muon_ttt=False train_time:126005ms step_avg:504.02ms
step:250/1555 val_step:236/320 val_loss:4.7619 chunk_loss:18724.9600 is_adam_step=False do_muon_ttt=False train_time:126005ms step_avg:504.02ms
step:250/1555 val_step:237/320 val_loss:4.7622 chunk_loss:18671.8074 is_adam_step=True do_muon_ttt=False train_time:126005ms step_avg:504.02ms
step:250/1555 val_step:238/320 val_loss:4.7624 chunk_loss:18513.0370 is_adam_step=False do_muon_ttt=False train_time:126005ms step_avg:504.02ms
step:250/1555 val_step:239/320 val_loss:4.7624 chunk_loss:18392.3318 is_adam_step=True do_muon_ttt=False train_time:126005ms step_avg:504.02ms
step:250/1555 val_step:240/320 val_loss:4.7626 chunk_loss:18576.8599 is_adam_step=False do_muon_ttt=False train_time:126005ms step_avg:504.02ms
step:250/1555 val_step:241/320 val_loss:4.7631 chunk_loss:18875.6365 is_adam_step=True do_muon_ttt=False train_time:126005ms step_avg:504.02ms
step:250/1555 val_step:242/320 val_loss:4.7642 chunk_loss:19264.2583 is_adam_step=False do_muon_ttt=False train_time:126005ms step_avg:504.02ms
step:250/1555 val_step:243/320 val_loss:4.7641 chunk_loss:18281.5817 is_adam_step=True do_muon_ttt=False train_time:126005ms step_avg:504.02ms
step:250/1555 val_step:244/320 val_loss:4.7648 chunk_loss:18901.8917 is_adam_step=False do_muon_ttt=False train_time:126005ms step_avg:504.02ms
step:250/1555 val_step:245/320 val_loss:4.7652 chunk_loss:18786.3534 is_adam_step=True do_muon_ttt=False train_time:126005ms step_avg:504.02ms
step:250/1555 val_step:246/320 val_loss:4.7657 chunk_loss:18756.9995 is_adam_step=False do_muon_ttt=False train_time:126005ms step_avg:504.02ms
step:250/1555 val_step:247/320 val_loss:4.7656 chunk_loss:18295.6900 is_adam_step=True do_muon_ttt=False train_time:126005ms step_avg:504.02ms
step:250/1555 val_step:248/320 val_loss:4.7657 chunk_loss:18478.0334 is_adam_step=False do_muon_ttt=False train_time:126005ms step_avg:504.02ms
step:250/1555 val_step:249/320 val_loss:4.7666 chunk_loss:19086.4398 is_adam_step=True do_muon_ttt=False train_time:126005ms step_avg:504.02ms
step:250/1555 val_step:250/320 val_loss:4.7668 chunk_loss:18526.1720 is_adam_step=False do_muon_ttt=False train_time:126005ms step_avg:504.02ms
step:250/1555 val_step:251/320 val_loss:4.7670 chunk_loss:18582.3102 is_adam_step=True do_muon_ttt=False train_time:126005ms step_avg:504.02ms
step:250/1555 val_step:252/320 val_loss:4.7677 chunk_loss:19062.0308 is_adam_step=False do_muon_ttt=False train_time:126005ms step_avg:504.02ms
step:250/1555 val_step:253/320 val_loss:4.7676 chunk_loss:18250.7183 is_adam_step=True do_muon_ttt=False train_time:126005ms step_avg:504.02ms
step:250/1555 val_step:254/320 val_loss:4.7678 chunk_loss:18490.0758 is_adam_step=False do_muon_ttt=False train_time:126005ms step_avg:504.02ms
step:250/1555 val_step:255/320 val_loss:4.7682 chunk_loss:18772.8811 is_adam_step=True do_muon_ttt=False train_time:126005ms step_avg:504.02ms
step:250/1555 val_step:256/320 val_loss:4.7684 chunk_loss:18594.9296 is_adam_step=False do_muon_ttt=False train_time:126005ms step_avg:504.02ms
step:250/1555 val_step:257/320 val_loss:4.7695 chunk_loss:19157.1398 is_adam_step=True do_muon_ttt=False train_time:126005ms step_avg:504.02ms
step:250/1555 val_step:258/320 val_loss:4.7694 chunk_loss:18335.7474 is_adam_step=False do_muon_ttt=False train_time:126005ms step_avg:504.02ms
step:250/1555 val_step:259/320 val_loss:4.7698 chunk_loss:18610.3977 is_adam_step=True do_muon_ttt=False train_time:126005ms step_avg:504.02ms
step:250/1555 val_step:260/320 val_loss:4.7706 chunk_loss:19186.5328 is_adam_step=False do_muon_ttt=False train_time:126005ms step_avg:504.02ms
step:250/1555 val_step:261/320 val_loss:4.7716 chunk_loss:19235.0142 is_adam_step=True do_muon_ttt=False train_time:126005ms step_avg:504.02ms
step:250/1555 val_step:262/320 val_loss:4.7721 chunk_loss:18881.1155 is_adam_step=False do_muon_ttt=False train_time:126005ms step_avg:504.02ms
step:250/1555 val_step:263/320 val_loss:4.7723 chunk_loss:18610.6428 is_adam_step=True do_muon_ttt=False train_time:126005ms step_avg:504.02ms
step:250/1555 val_step:264/320 val_loss:4.7728 chunk_loss:18716.6460 is_adam_step=False do_muon_ttt=False train_time:126005ms step_avg:504.02ms
step:250/1555 val_step:265/320 val_loss:4.7729 chunk_loss:18575.3514 is_adam_step=True do_muon_ttt=False train_time:126005ms step_avg:504.02ms
step:250/1555 val_step:266/320 val_loss:4.7739 chunk_loss:19216.1469 is_adam_step=False do_muon_ttt=False train_time:126005ms step_avg:504.02ms
step:250/1555 val_step:267/320 val_loss:4.7741 chunk_loss:18465.0237 is_adam_step=True do_muon_ttt=False train_time:126005ms step_avg:504.02ms
step:250/1555 val_step:268/320 val_loss:4.7744 chunk_loss:18691.9348 is_adam_step=False do_muon_ttt=False train_time:126005ms step_avg:504.02ms
step:250/1555 val_step:269/320 val_loss:4.7748 chunk_loss:18707.0863 is_adam_step=True do_muon_ttt=False train_time:126005ms step_avg:504.02ms
step:250/1555 val_step:270/320 val_loss:4.7748 chunk_loss:18477.7639 is_adam_step=False do_muon_ttt=False train_time:126005ms step_avg:504.02ms
step:250/1555 val_step:271/320 val_loss:4.7748 chunk_loss:18422.4944 is_adam_step=True do_muon_ttt=False train_time:126005ms step_avg:504.02ms
step:250/1555 val_step:272/320 val_loss:4.7748 chunk_loss:18552.6974 is_adam_step=False do_muon_ttt=False train_time:126005ms step_avg:504.02ms
step:250/1555 val_step:273/320 val_loss:4.7755 chunk_loss:18958.4557 is_adam_step=True do_muon_ttt=False train_time:126005ms step_avg:504.02ms
step:250/1555 val_step:274/320 val_loss:4.7760 chunk_loss:18853.8547 is_adam_step=False do_muon_ttt=False train_time:126005ms step_avg:504.02ms
step:250/1555 val_step:275/320 val_loss:4.7775 chunk_loss:19736.7310 is_adam_step=True do_muon_ttt=False train_time:126005ms step_avg:504.02ms
step:250/1555 val_step:276/320 val_loss:4.7779 chunk_loss:18787.2765 is_adam_step=False do_muon_ttt=False train_time:126005ms step_avg:504.02ms
step:250/1555 val_step:277/320 val_loss:4.7783 chunk_loss:18893.0206 is_adam_step=True do_muon_ttt=False train_time:126005ms step_avg:504.02ms
step:250/1555 val_step:278/320 val_loss:4.7789 chunk_loss:19064.5343 is_adam_step=False do_muon_ttt=False train_time:126005ms step_avg:504.02ms
step:250/1555 val_step:279/320 val_loss:4.7804 chunk_loss:19756.8013 is_adam_step=True do_muon_ttt=False train_time:126005ms step_avg:504.02ms
step:250/1555 val_step:280/320 val_loss:4.7814 chunk_loss:19307.0463 is_adam_step=False do_muon_ttt=False train_time:126005ms step_avg:504.02ms
step:250/1555 val_step:281/320 val_loss:4.7819 chunk_loss:18950.7335 is_adam_step=True do_muon_ttt=False train_time:126005ms step_avg:504.02ms
step:250/1555 val_step:282/320 val_loss:4.7827 chunk_loss:19248.5822 is_adam_step=False do_muon_ttt=False train_time:126005ms step_avg:504.02ms
step:250/1555 val_step:283/320 val_loss:4.7833 chunk_loss:18885.6877 is_adam_step=True do_muon_ttt=False train_time:126005ms step_avg:504.02ms
step:250/1555 val_step:284/320 val_loss:4.7845 chunk_loss:19477.9265 is_adam_step=False do_muon_ttt=False train_time:126005ms step_avg:504.02ms
step:250/1555 val_step:285/320 val_loss:4.7847 chunk_loss:18607.3787 is_adam_step=True do_muon_ttt=False train_time:126005ms step_avg:504.02ms
step:250/1555 val_step:286/320 val_loss:4.7852 chunk_loss:18941.2491 is_adam_step=False do_muon_ttt=False train_time:126005ms step_avg:504.02ms
step:250/1555 val_step:287/320 val_loss:4.7860 chunk_loss:19116.7695 is_adam_step=True do_muon_ttt=False train_time:126005ms step_avg:504.02ms
step:250/1555 val_step:288/320 val_loss:4.7868 chunk_loss:19141.7681 is_adam_step=False do_muon_ttt=False train_time:126005ms step_avg:504.02ms
step:250/1555 val_step:289/320 val_loss:4.7880 chunk_loss:19542.2915 is_adam_step=True do_muon_ttt=False train_time:126005ms step_avg:504.02ms
step:250/1555 val_step:290/320 val_loss:4.7890 chunk_loss:19296.8850 is_adam_step=False do_muon_ttt=False train_time:126005ms step_avg:504.02ms
step:250/1555 val_step:291/320 val_loss:4.7895 chunk_loss:18818.4696 is_adam_step=True do_muon_ttt=False train_time:126005ms step_avg:504.02ms
step:250/1555 val_step:292/320 val_loss:4.7899 chunk_loss:18878.7742 is_adam_step=False do_muon_ttt=False train_time:126005ms step_avg:504.02ms
step:250/1555 val_step:293/320 val_loss:4.7903 chunk_loss:18782.1324 is_adam_step=True do_muon_ttt=False train_time:126005ms step_avg:504.02ms
step:250/1555 val_step:294/320 val_loss:4.7911 chunk_loss:19175.5386 is_adam_step=False do_muon_ttt=False train_time:126005ms step_avg:504.02ms
step:250/1555 val_step:295/320 val_loss:4.7918 chunk_loss:19101.9287 is_adam_step=True do_muon_ttt=False train_time:126005ms step_avg:504.02ms
step:250/1555 val_step:296/320 val_loss:4.7924 chunk_loss:18976.7982 is_adam_step=False do_muon_ttt=False train_time:126005ms step_avg:504.02ms
step:250/1555 val_step:297/320 val_loss:4.7928 chunk_loss:18904.7820 is_adam_step=True do_muon_ttt=False train_time:126005ms step_avg:504.02ms
step:250/1555 val_step:298/320 val_loss:4.7931 chunk_loss:18869.5593 is_adam_step=False do_muon_ttt=False train_time:126005ms step_avg:504.02ms
step:250/1555 val_step:299/320 val_loss:4.7936 chunk_loss:18960.7529 is_adam_step=True do_muon_ttt=False train_time:126005ms step_avg:504.02ms
step:250/1555 val_step:300/320 val_loss:4.7937 chunk_loss:18675.7583 is_adam_step=False do_muon_ttt=False train_time:126005ms step_avg:504.02ms
step:250/1555 val_step:301/320 val_loss:4.7940 chunk_loss:18776.7289 is_adam_step=True do_muon_ttt=False train_time:126005ms step_avg:504.02ms
step:250/1555 val_step:302/320 val_loss:4.7948 chunk_loss:19271.5214 is_adam_step=False do_muon_ttt=False train_time:126005ms step_avg:504.02ms
step:250/1555 val_step:303/320 val_loss:4.7957 chunk_loss:19351.7842 is_adam_step=True do_muon_ttt=False train_time:126005ms step_avg:504.02ms
step:250/1555 val_step:304/320 val_loss:4.7956 chunk_loss:18443.8260 is_adam_step=False do_muon_ttt=False train_time:126005ms step_avg:504.02ms
step:250/1555 val_step:305/320 val_loss:4.7961 chunk_loss:18956.6730 is_adam_step=True do_muon_ttt=False train_time:126005ms step_avg:504.02ms
step:250/1555 val_step:306/320 val_loss:4.7968 chunk_loss:19156.6110 is_adam_step=False do_muon_ttt=False train_time:126005ms step_avg:504.02ms
step:250/1555 val_step:307/320 val_loss:4.7974 chunk_loss:19104.0312 is_adam_step=True do_muon_ttt=False train_time:126005ms step_avg:504.02ms
step:250/1555 val_step:308/320 val_loss:4.7982 chunk_loss:19374.5344 is_adam_step=False do_muon_ttt=False train_time:126005ms step_avg:504.02ms
step:250/1555 val_step:309/320 val_loss:4.7993 chunk_loss:19519.2627 is_adam_step=True do_muon_ttt=False train_time:126005ms step_avg:504.02ms
step:250/1555 val_step:310/320 val_loss:4.7997 chunk_loss:18890.4425 is_adam_step=False do_muon_ttt=False train_time:126005ms step_avg:504.02ms
step:250/1555 val_step:311/320 val_loss:4.8007 chunk_loss:19449.4198 is_adam_step=True do_muon_ttt=False train_time:126005ms step_avg:504.02ms
step:250/1555 val_step:312/320 val_loss:4.8017 chunk_loss:19413.7699 is_adam_step=False do_muon_ttt=False train_time:126005ms step_avg:504.02ms
step:250/1555 val_step:313/320 val_loss:4.8025 chunk_loss:19385.7611 is_adam_step=True do_muon_ttt=False train_time:126005ms step_avg:504.02ms
step:250/1555 val_step:314/320 val_loss:4.8037 chunk_loss:19652.4668 is_adam_step=False do_muon_ttt=False train_time:126005ms step_avg:504.02ms
step:250/1555 val_step:315/320 val_loss:4.8044 chunk_loss:19262.7284 is_adam_step=True do_muon_ttt=False train_time:126005ms step_avg:504.02ms
step:250/1555 val_step:316/320 val_loss:4.8049 chunk_loss:18896.6785 is_adam_step=False do_muon_ttt=False train_time:126005ms step_avg:504.02ms
step:250/1555 val_step:317/320 val_loss:4.8056 chunk_loss:19161.5208 is_adam_step=True do_muon_ttt=False train_time:126005ms step_avg:504.02ms
step:250/1555 val_step:318/320 val_loss:4.8063 chunk_loss:19203.4652 is_adam_step=False do_muon_ttt=False train_time:126005ms step_avg:504.02ms
step:250/1555 val_step:319/320 val_loss:4.8069 chunk_loss:19129.4935 is_adam_step=True do_muon_ttt=False train_time:126005ms step_avg:504.02ms
step:250/1555 val_loss:4.8069 train_time:126005ms step_avg:504.02ms
step:251/1555 loss.item()=140266.875 train_time:126499ms step_avg:503.98ms
step:252/1555 loss.item()=139082.21875 train_time:126996ms step_avg:503.95ms
step:253/1555 loss.item()=137008.03125 train_time:127492ms step_avg:503.92ms
step:254/1555 loss.item()=137656.25 train_time:127989ms step_avg:503.89ms
step:255/1555 loss.item()=142072.953125 train_time:128482ms step_avg:503.85ms
step:256/1555 loss.item()=138835.8125 train_time:128971ms step_avg:503.79ms
step:257/1555 loss.item()=143060.09375 train_time:129458ms step_avg:503.73ms
step:258/1555 loss.item()=142498.15625 train_time:129947ms step_avg:503.67ms
step:259/1555 loss.item()=137057.71875 train_time:130430ms step_avg:503.59ms
step:260/1555 loss.item()=140453.28125 train_time:130918ms step_avg:503.53ms
step:261/1555 loss.item()=138106.6875 train_time:131408ms step_avg:503.48ms
step:262/1555 loss.item()=138126.234375 train_time:131899ms step_avg:503.43ms
step:263/1555 loss.item()=137859.125 train_time:132389ms step_avg:503.38ms
step:264/1555 loss.item()=141890.375 train_time:132880ms step_avg:503.33ms
step:265/1555 loss.item()=137689.03125 train_time:133377ms step_avg:503.31ms
step:266/1555 loss.item()=140015.34375 train_time:133883ms step_avg:503.32ms
step:267/1555 loss.item()=141417.3125 train_time:134376ms step_avg:503.28ms
step:268/1555 loss.item()=140711.90625 train_time:134883ms step_avg:503.30ms
step:269/1555 loss.item()=141010.875 train_time:135381ms step_avg:503.28ms
step:270/1555 loss.item()=137214.21875 train_time:135887ms step_avg:503.29ms
step:271/1555 loss.item()=134987.78125 train_time:136395ms step_avg:503.30ms
step:272/1555 loss.item()=140483.4375 train_time:136911ms step_avg:503.35ms
step:273/1555 loss.item()=136516.4375 train_time:137410ms step_avg:503.33ms
step:274/1555 loss.item()=140945.34375 train_time:137919ms step_avg:503.35ms
step:275/1555 loss.item()=131859.1875 train_time:138413ms step_avg:503.32ms
step:276/1555 loss.item()=140431.28125 train_time:138915ms step_avg:503.32ms
step:277/1555 loss.item()=140620.5625 train_time:139413ms step_avg:503.30ms
step:278/1555 loss.item()=136293.6875 train_time:139916ms step_avg:503.30ms
step:279/1555 loss.item()=136133.15625 train_time:140417ms step_avg:503.29ms
step:280/1555 loss.item()=138197.578125 train_time:140915ms step_avg:503.27ms
step:281/1555 loss.item()=140072.671875 train_time:141415ms step_avg:503.26ms
step:282/1555 loss.item()=138898.25 train_time:141920ms step_avg:503.26ms
step:283/1555 loss.item()=140729.46875 train_time:142418ms step_avg:503.24ms
step:284/1555 loss.item()=140193.3125 train_time:142922ms step_avg:503.25ms
step:285/1555 loss.item()=134230.109375 train_time:143421ms step_avg:503.23ms
step:286/1555 loss.item()=143856.875 train_time:143927ms step_avg:503.24ms
step:287/1555 loss.item()=133596.453125 train_time:144417ms step_avg:503.19ms
step:288/1555 loss.item()=136643.921875 train_time:144915ms step_avg:503.18ms
step:289/1555 loss.item()=140148.03125 train_time:145414ms step_avg:503.16ms
step:290/1555 loss.item()=138009.640625 train_time:145914ms step_avg:503.15ms
step:291/1555 loss.item()=132707.21875 train_time:146412ms step_avg:503.13ms
step:292/1555 loss.item()=136135.15625 train_time:146907ms step_avg:503.11ms
step:293/1555 loss.item()=138144.9375 train_time:147404ms step_avg:503.08ms
step:294/1555 loss.item()=138982.171875 train_time:147900ms step_avg:503.06ms
step:295/1555 loss.item()=137155.40625 train_time:148391ms step_avg:503.02ms
step:296/1555 loss.item()=138052.4375 train_time:148889ms step_avg:503.00ms
step:297/1555 loss.item()=136683.359375 train_time:149386ms step_avg:502.98ms
step:298/1555 loss.item()=137909.296875 train_time:149881ms step_avg:502.96ms
step:299/1555 loss.item()=135861.21875 train_time:150375ms step_avg:502.92ms
step:300/1555 loss.item()=136540.90625 train_time:150872ms step_avg:502.91ms
step:301/1555 loss.item()=141767.1875 train_time:151366ms step_avg:502.88ms
step:302/1555 loss.item()=137361.71875 train_time:151868ms step_avg:502.88ms
step:303/1555 loss.item()=133278.78125 train_time:152362ms step_avg:502.84ms
step:304/1555 loss.item()=139271.90625 train_time:152856ms step_avg:502.82ms
step:305/1555 loss.item()=132869.8125 train_time:153351ms step_avg:502.79ms
step:306/1555 loss.item()=136221.75 train_time:153851ms step_avg:502.78ms
step:307/1555 loss.item()=137569.1875 train_time:154352ms step_avg:502.77ms
step:308/1555 loss.item()=133266.578125 train_time:154854ms step_avg:502.77ms
step:309/1555 loss.item()=136401.90625 train_time:155353ms step_avg:502.76ms
step:310/1555 loss.item()=138405.703125 train_time:155860ms step_avg:502.78ms
step:311/1555 loss.item()=132645.953125 train_time:156361ms step_avg:502.77ms
step:312/1555 loss.item()=135941.171875 train_time:156867ms step_avg:502.78ms
step:313/1555 loss.item()=137834.125 train_time:157362ms step_avg:502.75ms
step:314/1555 loss.item()=134463.28125 train_time:157859ms step_avg:502.73ms
step:315/1555 loss.item()=138801.59375 train_time:158353ms step_avg:502.71ms
step:316/1555 loss.item()=136543.6875 train_time:158852ms step_avg:502.70ms
step:317/1555 loss.item()=136977.90625 train_time:159342ms step_avg:502.66ms
step:318/1555 loss.item()=139710.890625 train_time:159834ms step_avg:502.62ms
step:319/1555 loss.item()=134177.78125 train_time:160309ms step_avg:502.54ms
step:320/1555 loss.item()=139008.578125 train_time:160804ms step_avg:502.51ms
step:321/1555 loss.item()=132792.75 train_time:161292ms step_avg:502.47ms
step:322/1555 loss.item()=131924.15625 train_time:161785ms step_avg:502.44ms
step:323/1555 loss.item()=138261.0 train_time:162277ms step_avg:502.40ms
step:324/1555 loss.item()=137268.78125 train_time:162767ms step_avg:502.37ms
step:325/1555 loss.item()=134401.15625 train_time:163254ms step_avg:502.32ms
step:326/1555 loss.item()=132987.71875 train_time:163737ms step_avg:502.26ms
step:327/1555 loss.item()=130230.296875 train_time:164214ms step_avg:502.18ms
step:328/1555 loss.item()=134849.109375 train_time:164710ms step_avg:502.16ms
step:329/1555 loss.item()=133667.46875 train_time:165203ms step_avg:502.14ms
step:330/1555 loss.item()=137847.3125 train_time:165702ms step_avg:502.13ms
step:331/1555 loss.item()=135126.65625 train_time:166194ms step_avg:502.10ms
step:332/1555 loss.item()=133233.953125 train_time:166689ms step_avg:502.08ms
step:333/1555 loss.item()=130118.140625 train_time:167183ms step_avg:502.05ms
step:334/1555 loss.item()=134460.546875 train_time:167679ms step_avg:502.03ms
step:335/1555 loss.item()=133565.96875 train_time:168170ms step_avg:502.00ms
step:336/1555 loss.item()=130173.8046875 train_time:168665ms step_avg:501.98ms
step:337/1555 loss.item()=134596.09375 train_time:169159ms step_avg:501.95ms
step:338/1555 loss.item()=133445.5 train_time:169655ms step_avg:501.94ms
step:339/1555 loss.item()=130268.53125 train_time:170148ms step_avg:501.91ms
step:340/1555 loss.item()=133588.125 train_time:170642ms step_avg:501.89ms
step:341/1555 loss.item()=127570.546875 train_time:171133ms step_avg:501.86ms
step:342/1555 loss.item()=137804.484375 train_time:171628ms step_avg:501.84ms
step:343/1555 loss.item()=132931.1875 train_time:172120ms step_avg:501.81ms
step:344/1555 loss.item()=133141.203125 train_time:172616ms step_avg:501.79ms
step:345/1555 loss.item()=134183.546875 train_time:173113ms step_avg:501.78ms
step:346/1555 loss.item()=133478.6875 train_time:173610ms step_avg:501.76ms
step:347/1555 loss.item()=123953.75 train_time:174103ms step_avg:501.74ms
step:348/1555 loss.item()=133424.09375 train_time:174597ms step_avg:501.72ms
step:349/1555 loss.item()=133529.171875 train_time:175092ms step_avg:501.70ms
step:350/1555 loss.item()=132630.78125 train_time:175591ms step_avg:501.69ms
step:351/1555 loss.item()=133501.78125 train_time:176086ms step_avg:501.67ms
step:352/1555 loss.item()=132727.421875 train_time:176583ms step_avg:501.66ms
step:353/1555 loss.item()=132650.125 train_time:177074ms step_avg:501.62ms
step:354/1555 loss.item()=135578.453125 train_time:177567ms step_avg:501.60ms
step:355/1555 loss.item()=134300.0625 train_time:178061ms step_avg:501.58ms
step:356/1555 loss.item()=129606.2890625 train_time:178560ms step_avg:501.57ms
step:357/1555 loss.item()=132139.296875 train_time:179055ms step_avg:501.55ms
step:358/1555 loss.item()=130716.71875 train_time:179553ms step_avg:501.54ms
step:359/1555 loss.item()=127394.78125 train_time:180050ms step_avg:501.53ms
step:360/1555 loss.item()=131744.078125 train_time:180553ms step_avg:501.54ms
step:361/1555 loss.item()=134680.703125 train_time:181047ms step_avg:501.52ms
step:362/1555 loss.item()=130015.4375 train_time:181544ms step_avg:501.50ms
step:363/1555 loss.item()=129790.0859375 train_time:182032ms step_avg:501.47ms
step:364/1555 loss.item()=131379.84375 train_time:182529ms step_avg:501.45ms
step:365/1555 loss.item()=135524.6875 train_time:183024ms step_avg:501.44ms
step:366/1555 loss.item()=128751.328125 train_time:183517ms step_avg:501.41ms
step:367/1555 loss.item()=131761.703125 train_time:184013ms step_avg:501.40ms
step:368/1555 loss.item()=130349.328125 train_time:184515ms step_avg:501.40ms
step:369/1555 loss.item()=131421.9375 train_time:185006ms step_avg:501.37ms
step:370/1555 loss.item()=132525.84375 train_time:185510ms step_avg:501.38ms
step:371/1555 loss.item()=128500.25 train_time:186006ms step_avg:501.37ms
step:372/1555 loss.item()=133380.84375 train_time:186505ms step_avg:501.36ms
step:373/1555 loss.item()=133659.859375 train_time:186999ms step_avg:501.34ms
step:374/1555 loss.item()=130677.75 train_time:187496ms step_avg:501.33ms
step:375/1555 loss.item()=131164.3125 train_time:187990ms step_avg:501.31ms
step:376/1555 loss.item()=129366.0703125 train_time:188494ms step_avg:501.31ms
step:377/1555 loss.item()=133215.125 train_time:188990ms step_avg:501.30ms
step:378/1555 loss.item()=130306.484375 train_time:189489ms step_avg:501.29ms
step:379/1555 loss.item()=129926.2890625 train_time:189984ms step_avg:501.28ms
step:380/1555 loss.item()=128346.90625 train_time:190482ms step_avg:501.27ms
step:381/1555 loss.item()=127018.6875 train_time:190974ms step_avg:501.24ms
step:382/1555 loss.item()=128766.875 train_time:191472ms step_avg:501.24ms
step:383/1555 loss.item()=129525.515625 train_time:191971ms step_avg:501.23ms
step:384/1555 loss.item()=131167.203125 train_time:192474ms step_avg:501.23ms
step:385/1555 loss.item()=128159.8125 train_time:192972ms step_avg:501.23ms
step:386/1555 loss.item()=129931.3125 train_time:193465ms step_avg:501.20ms
step:387/1555 loss.item()=127965.9921875 train_time:193953ms step_avg:501.17ms
step:388/1555 loss.item()=128894.9453125 train_time:194446ms step_avg:501.15ms
step:389/1555 loss.item()=132996.09375 train_time:194935ms step_avg:501.12ms
step:390/1555 loss.item()=132938.4375 train_time:195434ms step_avg:501.11ms
step:391/1555 loss.item()=125500.15625 train_time:195931ms step_avg:501.10ms
step:392/1555 loss.item()=124756.0859375 train_time:196432ms step_avg:501.10ms
step:393/1555 loss.item()=126394.3046875 train_time:196931ms step_avg:501.10ms
step:394/1555 loss.item()=131077.203125 train_time:197428ms step_avg:501.09ms
step:395/1555 loss.item()=125167.5625 train_time:197923ms step_avg:501.07ms
step:396/1555 loss.item()=126299.765625 train_time:198418ms step_avg:501.06ms
step:397/1555 loss.item()=124549.3984375 train_time:198913ms step_avg:501.04ms
step:398/1555 loss.item()=129108.7421875 train_time:199412ms step_avg:501.03ms
step:399/1555 loss.item()=126946.1484375 train_time:199909ms step_avg:501.02ms
step:400/1555 loss.item()=132100.1875 train_time:200405ms step_avg:501.01ms
step:401/1555 loss.item()=129428.0390625 train_time:200898ms step_avg:500.99ms
step:402/1555 loss.item()=131617.9375 train_time:201395ms step_avg:500.98ms
step:403/1555 loss.item()=127780.859375 train_time:201892ms step_avg:500.97ms
step:404/1555 loss.item()=125883.1328125 train_time:202391ms step_avg:500.97ms
step:405/1555 loss.item()=128680.734375 train_time:202886ms step_avg:500.95ms
step:406/1555 loss.item()=125135.4375 train_time:203384ms step_avg:500.95ms
step:407/1555 loss.item()=127906.0 train_time:203883ms step_avg:500.94ms
step:408/1555 loss.item()=127526.59375 train_time:204378ms step_avg:500.93ms
step:409/1555 loss.item()=128906.5625 train_time:204871ms step_avg:500.91ms
step:410/1555 loss.item()=123923.609375 train_time:205370ms step_avg:500.90ms
step:411/1555 loss.item()=128561.859375 train_time:205867ms step_avg:500.89ms
step:412/1555 loss.item()=133312.421875 train_time:206365ms step_avg:500.89ms
step:413/1555 loss.item()=125358.5625 train_time:206863ms step_avg:500.88ms
step:414/1555 loss.item()=127675.0078125 train_time:207363ms step_avg:500.88ms
step:415/1555 loss.item()=123223.890625 train_time:207858ms step_avg:500.86ms
step:416/1555 loss.item()=125589.71875 train_time:208355ms step_avg:500.85ms
step:417/1555 loss.item()=128025.1640625 train_time:208852ms step_avg:500.84ms
step:418/1555 loss.item()=124925.453125 train_time:209352ms step_avg:500.84ms
step:419/1555 loss.item()=122803.84375 train_time:209852ms step_avg:500.84ms
step:420/1555 loss.item()=130503.421875 train_time:210352ms step_avg:500.84ms
step:421/1555 loss.item()=127126.875 train_time:210849ms step_avg:500.83ms
step:422/1555 loss.item()=121621.3515625 train_time:211347ms step_avg:500.82ms
step:423/1555 loss.item()=126681.65625 train_time:211841ms step_avg:500.81ms
step:424/1555 loss.item()=118510.6875 train_time:212342ms step_avg:500.81ms
step:425/1555 loss.item()=123133.90625 train_time:212835ms step_avg:500.79ms
step:426/1555 loss.item()=123904.40625 train_time:213335ms step_avg:500.79ms
step:427/1555 loss.item()=121659.25 train_time:213832ms step_avg:500.78ms
step:428/1555 loss.item()=127708.6796875 train_time:214332ms step_avg:500.78ms
step:429/1555 loss.item()=130799.0703125 train_time:214829ms step_avg:500.77ms
step:430/1555 loss.item()=129432.4296875 train_time:215328ms step_avg:500.76ms
step:431/1555 loss.item()=122985.2578125 train_time:215830ms step_avg:500.76ms
step:432/1555 loss.item()=124303.1796875 train_time:216328ms step_avg:500.76ms
step:433/1555 loss.item()=126330.2265625 train_time:216827ms step_avg:500.76ms
step:434/1555 loss.item()=123108.4921875 train_time:217323ms step_avg:500.75ms
step:435/1555 loss.item()=129104.7890625 train_time:217812ms step_avg:500.72ms
step:436/1555 loss.item()=125178.484375 train_time:218313ms step_avg:500.72ms
step:437/1555 loss.item()=123386.5703125 train_time:218811ms step_avg:500.71ms
step:438/1555 loss.item()=128749.890625 train_time:219312ms step_avg:500.71ms
step:439/1555 loss.item()=122722.640625 train_time:219810ms step_avg:500.71ms
step:440/1555 loss.item()=118018.28125 train_time:220311ms step_avg:500.71ms
step:441/1555 loss.item()=126778.8671875 train_time:220809ms step_avg:500.70ms
step:442/1555 loss.item()=124429.28125 train_time:221310ms step_avg:500.70ms
step:443/1555 loss.item()=125191.3515625 train_time:221809ms step_avg:500.70ms
step:444/1555 loss.item()=121022.578125 train_time:222308ms step_avg:500.69ms
step:445/1555 loss.item()=122783.078125 train_time:222808ms step_avg:500.69ms
step:446/1555 loss.item()=118373.9453125 train_time:223302ms step_avg:500.68ms
step:447/1555 loss.item()=122931.859375 train_time:223792ms step_avg:500.65ms
step:448/1555 loss.item()=121130.609375 train_time:224287ms step_avg:500.64ms
step:449/1555 loss.item()=126569.1015625 train_time:224775ms step_avg:500.61ms
step:450/1555 loss.item()=137474.578125 train_time:225266ms step_avg:500.59ms
step:451/1555 loss.item()=124507.21875 train_time:225754ms step_avg:500.56ms
step:452/1555 loss.item()=128839.109375 train_time:226251ms step_avg:500.56ms
step:453/1555 loss.item()=122960.8515625 train_time:226747ms step_avg:500.54ms
step:454/1555 loss.item()=123450.90625 train_time:227238ms step_avg:500.52ms
step:455/1555 loss.item()=122440.5 train_time:227734ms step_avg:500.52ms
step:456/1555 loss.item()=129832.9765625 train_time:228234ms step_avg:500.51ms
step:457/1555 loss.item()=123100.96875 train_time:228731ms step_avg:500.50ms
step:458/1555 loss.item()=120165.59375 train_time:229228ms step_avg:500.50ms
step:459/1555 loss.item()=126913.375 train_time:229719ms step_avg:500.48ms
step:460/1555 loss.item()=125114.421875 train_time:230217ms step_avg:500.47ms
step:461/1555 loss.item()=123425.3671875 train_time:230712ms step_avg:500.46ms
step:462/1555 loss.item()=123274.6328125 train_time:231211ms step_avg:500.46ms
step:463/1555 loss.item()=127219.078125 train_time:231680ms step_avg:500.39ms
step:464/1555 loss.item()=117424.40625 train_time:232153ms step_avg:500.33ms
step:465/1555 loss.item()=122376.1015625 train_time:232650ms step_avg:500.32ms
step:466/1555 loss.item()=124533.609375 train_time:233150ms step_avg:500.32ms
step:467/1555 loss.item()=126578.8125 train_time:233652ms step_avg:500.33ms
step:468/1555 loss.item()=121372.4140625 train_time:234157ms step_avg:500.34ms
step:469/1555 loss.item()=120870.21875 train_time:234652ms step_avg:500.32ms
step:470/1555 loss.item()=119968.7265625 train_time:235154ms step_avg:500.33ms
step:471/1555 loss.item()=120033.734375 train_time:235655ms step_avg:500.33ms
step:472/1555 loss.item()=121029.140625 train_time:236156ms step_avg:500.33ms
step:473/1555 loss.item()=125080.2109375 train_time:236656ms step_avg:500.33ms
step:474/1555 loss.item()=120266.15625 train_time:237156ms step_avg:500.33ms
step:475/1555 loss.item()=124711.34375 train_time:237655ms step_avg:500.33ms
step:476/1555 loss.item()=123877.2421875 train_time:238155ms step_avg:500.33ms
step:477/1555 loss.item()=124926.9375 train_time:238657ms step_avg:500.33ms
step:478/1555 loss.item()=119746.328125 train_time:239156ms step_avg:500.33ms
step:479/1555 loss.item()=121035.484375 train_time:239651ms step_avg:500.32ms
step:480/1555 loss.item()=119379.578125 train_time:240150ms step_avg:500.31ms
step:481/1555 loss.item()=119693.859375 train_time:240647ms step_avg:500.31ms
step:482/1555 loss.item()=118881.3046875 train_time:241144ms step_avg:500.30ms
step:483/1555 loss.item()=119691.1875 train_time:241638ms step_avg:500.29ms
step:484/1555 loss.item()=122547.71875 train_time:242138ms step_avg:500.29ms
step:485/1555 loss.item()=119673.015625 train_time:242632ms step_avg:500.27ms
step:486/1555 loss.item()=121000.859375 train_time:243132ms step_avg:500.27ms
step:487/1555 loss.item()=117050.84375 train_time:243628ms step_avg:500.26ms
step:488/1555 loss.item()=115852.796875 train_time:244131ms step_avg:500.27ms
step:489/1555 loss.item()=118219.703125 train_time:244630ms step_avg:500.27ms
step:490/1555 loss.item()=121054.34375 train_time:245128ms step_avg:500.26ms
step:491/1555 loss.item()=122065.046875 train_time:245621ms step_avg:500.25ms
step:492/1555 loss.item()=120235.28125 train_time:246122ms step_avg:500.25ms
step:493/1555 loss.item()=126411.125 train_time:246617ms step_avg:500.24ms
step:494/1555 loss.item()=119397.125 train_time:247117ms step_avg:500.24ms
step:495/1555 loss.item()=121334.3125 train_time:247614ms step_avg:500.23ms
step:496/1555 loss.item()=120542.546875 train_time:248116ms step_avg:500.23ms
step:497/1555 loss.item()=120404.03125 train_time:248612ms step_avg:500.23ms
step:498/1555 loss.item()=122355.03125 train_time:249111ms step_avg:500.22ms
step:499/1555 loss.item()=117160.9921875 train_time:249609ms step_avg:500.22ms
step:500/1555 loss.item()=113714.09375 train_time:250112ms step_avg:500.22ms
step:500/1555 starting test-time training...
step:500/1555 val_step:0/320 val_loss:4.1757 chunk_loss:14858.2304 is_adam_step=False do_muon_ttt=False train_time:250114ms step_avg:500.23ms
step:500/1555 val_step:1/320 val_loss:4.2021 chunk_loss:15050.2095 is_adam_step=True do_muon_ttt=False train_time:250114ms step_avg:500.23ms
step:500/1555 val_step:2/320 val_loss:4.2392 chunk_loss:15419.5356 is_adam_step=False do_muon_ttt=False train_time:250114ms step_avg:500.23ms
step:500/1555 val_step:3/320 val_loss:4.2209 chunk_loss:14930.3205 is_adam_step=True do_muon_ttt=False train_time:250114ms step_avg:500.23ms
step:500/1555 val_step:4/320 val_loss:4.2544 chunk_loss:15664.0079 is_adam_step=False do_muon_ttt=False train_time:250114ms step_avg:500.23ms
step:500/1555 val_step:5/320 val_loss:4.2604 chunk_loss:15269.5175 is_adam_step=True do_muon_ttt=False train_time:250114ms step_avg:500.23ms
step:500/1555 val_step:6/320 val_loss:4.2129 chunk_loss:14175.4403 is_adam_step=False do_muon_ttt=False train_time:250114ms step_avg:500.23ms
step:500/1555 val_step:7/320 val_loss:4.2426 chunk_loss:15805.2158 is_adam_step=True do_muon_ttt=False train_time:250114ms step_avg:500.23ms
step:500/1555 val_step:8/320 val_loss:4.2564 chunk_loss:15493.5185 is_adam_step=False do_muon_ttt=False train_time:250114ms step_avg:500.23ms
step:500/1555 val_step:9/320 val_loss:4.2779 chunk_loss:15745.3669 is_adam_step=True do_muon_ttt=False train_time:250114ms step_avg:500.23ms
step:500/1555 val_step:10/320 val_loss:4.2892 chunk_loss:15614.7522 is_adam_step=False do_muon_ttt=False train_time:250114ms step_avg:500.23ms
step:500/1555 val_step:11/320 val_loss:4.2874 chunk_loss:15244.1978 is_adam_step=True do_muon_ttt=False train_time:250114ms step_avg:500.23ms
step:500/1555 val_step:12/320 val_loss:4.3042 chunk_loss:15876.7762 is_adam_step=False do_muon_ttt=False train_time:250114ms step_avg:500.23ms
step:500/1555 val_step:13/320 val_loss:4.3143 chunk_loss:15757.9063 is_adam_step=True do_muon_ttt=False train_time:250114ms step_avg:500.23ms
step:500/1555 val_step:14/320 val_loss:4.3189 chunk_loss:15492.5919 is_adam_step=False do_muon_ttt=False train_time:250114ms step_avg:500.23ms
step:500/1555 val_step:15/320 val_loss:4.3224 chunk_loss:15483.1876 is_adam_step=True do_muon_ttt=False train_time:250114ms step_avg:500.23ms
step:500/1555 val_step:16/320 val_loss:4.3186 chunk_loss:15127.3449 is_adam_step=False do_muon_ttt=False train_time:250114ms step_avg:500.23ms
step:500/1555 val_step:17/320 val_loss:4.3412 chunk_loss:16509.4751 is_adam_step=True do_muon_ttt=False train_time:250114ms step_avg:500.23ms
step:500/1555 val_step:18/320 val_loss:4.3403 chunk_loss:15318.3151 is_adam_step=False do_muon_ttt=False train_time:250114ms step_avg:500.23ms
step:500/1555 val_step:19/320 val_loss:4.3477 chunk_loss:15795.9097 is_adam_step=True do_muon_ttt=False train_time:250114ms step_avg:500.23ms
step:500/1555 val_step:20/320 val_loss:4.3543 chunk_loss:15802.2823 is_adam_step=False do_muon_ttt=False train_time:250114ms step_avg:500.23ms
step:500/1555 val_step:21/320 val_loss:4.3673 chunk_loss:16300.5038 is_adam_step=True do_muon_ttt=False train_time:250114ms step_avg:500.23ms
step:500/1555 val_step:22/320 val_loss:4.3703 chunk_loss:15653.5104 is_adam_step=False do_muon_ttt=False train_time:250114ms step_avg:500.23ms
step:500/1555 val_step:23/320 val_loss:4.3826 chunk_loss:16351.5395 is_adam_step=True do_muon_ttt=False train_time:250114ms step_avg:500.23ms
step:500/1555 val_step:24/320 val_loss:4.3863 chunk_loss:15690.9604 is_adam_step=False do_muon_ttt=False train_time:250114ms step_avg:500.23ms
step:500/1555 val_step:25/320 val_loss:4.3886 chunk_loss:15715.1699 is_adam_step=True do_muon_ttt=False train_time:250114ms step_avg:500.23ms
step:500/1555 val_step:26/320 val_loss:4.4068 chunk_loss:16939.1275 is_adam_step=False do_muon_ttt=False train_time:250114ms step_avg:500.23ms
step:500/1555 val_step:27/320 val_loss:4.4171 chunk_loss:16433.5438 is_adam_step=True do_muon_ttt=False train_time:250114ms step_avg:500.23ms
step:500/1555 val_step:28/320 val_loss:4.4179 chunk_loss:15563.2914 is_adam_step=False do_muon_ttt=False train_time:250114ms step_avg:500.23ms
step:500/1555 val_step:29/320 val_loss:4.4173 chunk_loss:15512.1068 is_adam_step=True do_muon_ttt=False train_time:250114ms step_avg:500.23ms
step:500/1555 val_step:30/320 val_loss:4.4186 chunk_loss:15746.4598 is_adam_step=False do_muon_ttt=False train_time:250114ms step_avg:500.23ms
step:500/1555 val_step:31/320 val_loss:4.4187 chunk_loss:15617.3396 is_adam_step=True do_muon_ttt=False train_time:250114ms step_avg:500.23ms
step:500/1555 val_step:32/320 val_loss:4.4180 chunk_loss:15588.5303 is_adam_step=False do_muon_ttt=False train_time:250114ms step_avg:500.23ms
step:500/1555 val_step:33/320 val_loss:4.4224 chunk_loss:16045.7315 is_adam_step=True do_muon_ttt=False train_time:250114ms step_avg:500.23ms
step:500/1555 val_step:34/320 val_loss:4.4262 chunk_loss:16056.0974 is_adam_step=False do_muon_ttt=False train_time:250114ms step_avg:500.23ms
step:500/1555 val_step:35/320 val_loss:4.4281 chunk_loss:15857.3970 is_adam_step=True do_muon_ttt=False train_time:250114ms step_avg:500.23ms
step:500/1555 val_step:36/320 val_loss:4.4347 chunk_loss:16430.2404 is_adam_step=False do_muon_ttt=False train_time:250114ms step_avg:500.23ms
step:500/1555 val_step:37/320 val_loss:4.4389 chunk_loss:16047.4763 is_adam_step=True do_muon_ttt=False train_time:250114ms step_avg:500.23ms
step:500/1555 val_step:38/320 val_loss:4.4353 chunk_loss:15237.9615 is_adam_step=False do_muon_ttt=False train_time:250114ms step_avg:500.23ms
step:500/1555 val_step:39/320 val_loss:4.4413 chunk_loss:16432.0533 is_adam_step=True do_muon_ttt=False train_time:250114ms step_avg:500.23ms
step:500/1555 val_step:40/320 val_loss:4.4495 chunk_loss:16700.4424 is_adam_step=False do_muon_ttt=False train_time:250114ms step_avg:500.23ms
step:500/1555 val_step:41/320 val_loss:4.4576 chunk_loss:16522.9849 is_adam_step=True do_muon_ttt=False train_time:250114ms step_avg:500.23ms
step:500/1555 val_step:42/320 val_loss:4.4602 chunk_loss:16140.1820 is_adam_step=False do_muon_ttt=False train_time:250114ms step_avg:500.23ms
step:500/1555 val_step:43/320 val_loss:4.4631 chunk_loss:16128.0995 is_adam_step=True do_muon_ttt=False train_time:250114ms step_avg:500.23ms
step:500/1555 val_step:44/320 val_loss:4.4701 chunk_loss:16559.9664 is_adam_step=False do_muon_ttt=False train_time:250114ms step_avg:500.23ms
step:500/1555 val_step:45/320 val_loss:4.4727 chunk_loss:16089.9005 is_adam_step=True do_muon_ttt=False train_time:250114ms step_avg:500.23ms
step:500/1555 val_step:46/320 val_loss:4.4758 chunk_loss:16210.6119 is_adam_step=False do_muon_ttt=False train_time:250114ms step_avg:500.23ms
step:500/1555 val_step:47/320 val_loss:4.4793 chunk_loss:16334.6183 is_adam_step=True do_muon_ttt=False train_time:250114ms step_avg:500.23ms
step:500/1555 val_step:48/320 val_loss:4.4804 chunk_loss:15952.2008 is_adam_step=False do_muon_ttt=False train_time:250114ms step_avg:500.23ms
step:500/1555 val_step:49/320 val_loss:4.4810 chunk_loss:15932.5923 is_adam_step=True do_muon_ttt=False train_time:250114ms step_avg:500.23ms
step:500/1555 val_step:50/320 val_loss:4.4824 chunk_loss:16068.6824 is_adam_step=False do_muon_ttt=False train_time:250114ms step_avg:500.23ms
step:500/1555 val_step:51/320 val_loss:4.4835 chunk_loss:15979.3419 is_adam_step=True do_muon_ttt=False train_time:250114ms step_avg:500.23ms
step:500/1555 val_step:52/320 val_loss:4.4870 chunk_loss:16390.4097 is_adam_step=False do_muon_ttt=False train_time:250114ms step_avg:500.23ms
step:500/1555 val_step:53/320 val_loss:4.4880 chunk_loss:15964.7879 is_adam_step=True do_muon_ttt=False train_time:250114ms step_avg:500.23ms
step:500/1555 val_step:54/320 val_loss:4.4883 chunk_loss:15803.7639 is_adam_step=False do_muon_ttt=False train_time:250114ms step_avg:500.23ms
step:500/1555 val_step:55/320 val_loss:4.4871 chunk_loss:15510.4736 is_adam_step=True do_muon_ttt=False train_time:250114ms step_avg:500.23ms
step:500/1555 val_step:56/320 val_loss:4.4871 chunk_loss:15801.0836 is_adam_step=False do_muon_ttt=False train_time:250114ms step_avg:500.23ms
step:500/1555 val_step:57/320 val_loss:4.4895 chunk_loss:16353.0854 is_adam_step=True do_muon_ttt=False train_time:250114ms step_avg:500.23ms
step:500/1555 val_step:58/320 val_loss:4.4914 chunk_loss:16094.5753 is_adam_step=False do_muon_ttt=False train_time:250114ms step_avg:500.23ms
step:500/1555 val_step:59/320 val_loss:4.4944 chunk_loss:16332.8424 is_adam_step=True do_muon_ttt=False train_time:250114ms step_avg:500.23ms
step:500/1555 val_step:60/320 val_loss:4.4948 chunk_loss:15873.1337 is_adam_step=False do_muon_ttt=False train_time:250114ms step_avg:500.23ms
step:500/1555 val_step:61/320 val_loss:4.4962 chunk_loss:16058.2005 is_adam_step=True do_muon_ttt=False train_time:250114ms step_avg:500.23ms
step:500/1555 val_step:62/320 val_loss:4.4978 chunk_loss:16104.6107 is_adam_step=False do_muon_ttt=False train_time:250114ms step_avg:500.23ms
step:500/1555 val_step:63/320 val_loss:4.4996 chunk_loss:16186.3990 is_adam_step=True do_muon_ttt=False train_time:250114ms step_avg:500.23ms
step:500/1555 val_step:64/320 val_loss:4.5024 chunk_loss:16356.6961 is_adam_step=False do_muon_ttt=False train_time:250114ms step_avg:500.23ms
step:500/1555 val_step:65/320 val_loss:4.5060 chunk_loss:16535.0702 is_adam_step=True do_muon_ttt=False train_time:250114ms step_avg:500.23ms
step:500/1555 val_step:66/320 val_loss:4.5106 chunk_loss:16678.9468 is_adam_step=False do_muon_ttt=False train_time:250114ms step_avg:500.23ms
step:500/1555 val_step:67/320 val_loss:4.5126 chunk_loss:16199.3218 is_adam_step=True do_muon_ttt=False train_time:250114ms step_avg:500.23ms
step:500/1555 val_step:68/320 val_loss:4.5122 chunk_loss:15770.4537 is_adam_step=False do_muon_ttt=False train_time:250114ms step_avg:500.23ms
step:500/1555 val_step:69/320 val_loss:4.5135 chunk_loss:16145.2815 is_adam_step=True do_muon_ttt=False train_time:250114ms step_avg:500.23ms
step:500/1555 val_step:70/320 val_loss:4.5137 chunk_loss:15939.9235 is_adam_step=False do_muon_ttt=False train_time:250114ms step_avg:500.23ms
step:500/1555 val_step:71/320 val_loss:4.5125 chunk_loss:15635.4759 is_adam_step=True do_muon_ttt=False train_time:250114ms step_avg:500.23ms
step:500/1555 val_step:72/320 val_loss:4.5118 chunk_loss:15764.5411 is_adam_step=False do_muon_ttt=False train_time:250114ms step_avg:500.23ms
step:500/1555 val_step:73/320 val_loss:4.5129 chunk_loss:16183.6188 is_adam_step=True do_muon_ttt=False train_time:250114ms step_avg:500.23ms
step:500/1555 val_step:74/320 val_loss:4.5169 chunk_loss:16693.0714 is_adam_step=False do_muon_ttt=False train_time:250114ms step_avg:500.23ms
step:500/1555 val_step:75/320 val_loss:4.5186 chunk_loss:16233.8868 is_adam_step=True do_muon_ttt=False train_time:250114ms step_avg:500.23ms
step:500/1555 val_step:76/320 val_loss:4.5181 chunk_loss:15790.5887 is_adam_step=False do_muon_ttt=False train_time:250114ms step_avg:500.23ms
step:500/1555 val_step:77/320 val_loss:4.5211 chunk_loss:16607.8601 is_adam_step=True do_muon_ttt=False train_time:250114ms step_avg:500.23ms
step:500/1555 val_step:78/320 val_loss:4.5206 chunk_loss:15821.3637 is_adam_step=False do_muon_ttt=False train_time:250114ms step_avg:500.23ms
step:500/1555 val_step:79/320 val_loss:4.5206 chunk_loss:15973.8769 is_adam_step=True do_muon_ttt=False train_time:250114ms step_avg:500.23ms
step:500/1555 val_step:80/320 val_loss:4.5202 chunk_loss:15862.6155 is_adam_step=False do_muon_ttt=False train_time:250114ms step_avg:500.23ms
step:500/1555 val_step:81/320 val_loss:4.5192 chunk_loss:15696.9949 is_adam_step=True do_muon_ttt=False train_time:250114ms step_avg:500.23ms
step:500/1555 val_step:82/320 val_loss:4.5205 chunk_loss:16272.0182 is_adam_step=False do_muon_ttt=False train_time:250114ms step_avg:500.23ms
step:500/1555 val_step:83/320 val_loss:4.5195 chunk_loss:15677.6552 is_adam_step=True do_muon_ttt=False train_time:250114ms step_avg:500.23ms
step:500/1555 val_step:84/320 val_loss:4.5210 chunk_loss:16301.5812 is_adam_step=False do_muon_ttt=False train_time:250114ms step_avg:500.23ms
step:500/1555 val_step:85/320 val_loss:4.5216 chunk_loss:16135.1505 is_adam_step=True do_muon_ttt=False train_time:250114ms step_avg:500.23ms
step:500/1555 val_step:86/320 val_loss:4.5230 chunk_loss:16311.9048 is_adam_step=False do_muon_ttt=False train_time:250114ms step_avg:500.23ms
step:500/1555 val_step:87/320 val_loss:4.5235 chunk_loss:16050.9432 is_adam_step=True do_muon_ttt=False train_time:250114ms step_avg:500.23ms
step:500/1555 val_step:88/320 val_loss:4.5250 chunk_loss:16328.0076 is_adam_step=False do_muon_ttt=False train_time:250114ms step_avg:500.23ms
step:500/1555 val_step:89/320 val_loss:4.5263 chunk_loss:16228.7522 is_adam_step=True do_muon_ttt=False train_time:250114ms step_avg:500.23ms
step:500/1555 val_step:90/320 val_loss:4.5259 chunk_loss:15764.7563 is_adam_step=False do_muon_ttt=False train_time:250114ms step_avg:500.23ms
step:500/1555 val_step:91/320 val_loss:4.5253 chunk_loss:15675.3417 is_adam_step=True do_muon_ttt=False train_time:250114ms step_avg:500.23ms
step:500/1555 val_step:92/320 val_loss:4.5274 chunk_loss:16518.4760 is_adam_step=False do_muon_ttt=False train_time:250114ms step_avg:500.23ms
step:500/1555 val_step:93/320 val_loss:4.5290 chunk_loss:16346.4657 is_adam_step=True do_muon_ttt=False train_time:250114ms step_avg:500.23ms
step:500/1555 val_step:94/320 val_loss:4.5299 chunk_loss:16188.2409 is_adam_step=False do_muon_ttt=False train_time:250114ms step_avg:500.23ms
step:500/1555 val_step:95/320 val_loss:4.5307 chunk_loss:16163.8342 is_adam_step=True do_muon_ttt=False train_time:250114ms step_avg:500.23ms
step:500/1555 val_step:96/320 val_loss:4.5320 chunk_loss:16276.2708 is_adam_step=False do_muon_ttt=False train_time:250114ms step_avg:500.23ms
step:500/1555 val_step:97/320 val_loss:4.5357 chunk_loss:16977.6147 is_adam_step=True do_muon_ttt=False train_time:250114ms step_avg:500.23ms
step:500/1555 val_step:98/320 val_loss:4.5375 chunk_loss:16459.7989 is_adam_step=False do_muon_ttt=False train_time:250114ms step_avg:500.23ms
step:500/1555 val_step:99/320 val_loss:4.5386 chunk_loss:16276.3519 is_adam_step=True do_muon_ttt=False train_time:250114ms step_avg:500.23ms
step:500/1555 val_step:100/320 val_loss:4.5390 chunk_loss:16086.6650 is_adam_step=False do_muon_ttt=False train_time:250114ms step_avg:500.23ms
step:500/1555 val_step:101/320 val_loss:4.5387 chunk_loss:15793.5245 is_adam_step=True do_muon_ttt=False train_time:250114ms step_avg:500.23ms
step:500/1555 val_step:102/320 val_loss:4.5397 chunk_loss:16188.5538 is_adam_step=False do_muon_ttt=False train_time:250114ms step_avg:500.23ms
step:500/1555 val_step:103/320 val_loss:4.5420 chunk_loss:16629.5518 is_adam_step=True do_muon_ttt=False train_time:250114ms step_avg:500.23ms
step:500/1555 val_step:104/320 val_loss:4.5423 chunk_loss:16092.1839 is_adam_step=False do_muon_ttt=False train_time:250114ms step_avg:500.23ms
step:500/1555 val_step:105/320 val_loss:4.5426 chunk_loss:16075.5887 is_adam_step=True do_muon_ttt=False train_time:250114ms step_avg:500.23ms
step:500/1555 val_step:106/320 val_loss:4.5414 chunk_loss:15541.1115 is_adam_step=False do_muon_ttt=False train_time:250114ms step_avg:500.23ms
step:500/1555 val_step:107/320 val_loss:4.5412 chunk_loss:15872.0938 is_adam_step=True do_muon_ttt=False train_time:250114ms step_avg:500.23ms
step:500/1555 val_step:108/320 val_loss:4.5411 chunk_loss:15953.5037 is_adam_step=False do_muon_ttt=False train_time:250114ms step_avg:500.23ms
step:500/1555 val_step:109/320 val_loss:4.5419 chunk_loss:16208.0517 is_adam_step=True do_muon_ttt=False train_time:250114ms step_avg:500.23ms
step:500/1555 val_step:110/320 val_loss:4.5421 chunk_loss:16046.0287 is_adam_step=False do_muon_ttt=False train_time:250114ms step_avg:500.23ms
step:500/1555 val_step:111/320 val_loss:4.5439 chunk_loss:16544.0264 is_adam_step=True do_muon_ttt=False train_time:250114ms step_avg:500.23ms
step:500/1555 val_step:112/320 val_loss:4.5438 chunk_loss:15873.7281 is_adam_step=False do_muon_ttt=False train_time:250114ms step_avg:500.23ms
step:500/1555 val_step:113/320 val_loss:4.5430 chunk_loss:15710.3650 is_adam_step=True do_muon_ttt=False train_time:250114ms step_avg:500.23ms
step:500/1555 val_step:114/320 val_loss:4.5418 chunk_loss:15613.6857 is_adam_step=False do_muon_ttt=False train_time:250114ms step_avg:500.23ms
step:500/1555 val_step:115/320 val_loss:4.5409 chunk_loss:15638.3102 is_adam_step=True do_muon_ttt=False train_time:250114ms step_avg:500.23ms
step:500/1555 val_step:116/320 val_loss:4.5416 chunk_loss:16170.9037 is_adam_step=False do_muon_ttt=False train_time:250114ms step_avg:500.23ms
step:500/1555 val_step:117/320 val_loss:4.5428 chunk_loss:16340.1396 is_adam_step=True do_muon_ttt=False train_time:250114ms step_avg:500.23ms
step:500/1555 val_step:118/320 val_loss:4.5441 chunk_loss:16494.4382 is_adam_step=False do_muon_ttt=False train_time:250114ms step_avg:500.23ms
step:500/1555 val_step:119/320 val_loss:4.5441 chunk_loss:15962.0703 is_adam_step=True do_muon_ttt=False train_time:250114ms step_avg:500.23ms
step:500/1555 val_step:120/320 val_loss:4.5454 chunk_loss:16450.1835 is_adam_step=False do_muon_ttt=False train_time:250114ms step_avg:500.23ms
step:500/1555 val_step:121/320 val_loss:4.5457 chunk_loss:16131.9484 is_adam_step=True do_muon_ttt=False train_time:250114ms step_avg:500.23ms
step:500/1555 val_step:122/320 val_loss:4.5466 chunk_loss:16289.2411 is_adam_step=False do_muon_ttt=False train_time:250114ms step_avg:500.23ms
step:500/1555 val_step:123/320 val_loss:4.5475 chunk_loss:16350.8180 is_adam_step=True do_muon_ttt=False train_time:250114ms step_avg:500.23ms
step:500/1555 val_step:124/320 val_loss:4.5485 chunk_loss:16439.3664 is_adam_step=False do_muon_ttt=False train_time:250114ms step_avg:500.23ms
step:500/1555 val_step:125/320 val_loss:4.5496 chunk_loss:16440.4413 is_adam_step=True do_muon_ttt=False train_time:250114ms step_avg:500.23ms
step:500/1555 val_step:126/320 val_loss:4.5490 chunk_loss:15716.9935 is_adam_step=False do_muon_ttt=False train_time:250114ms step_avg:500.23ms
step:500/1555 val_step:127/320 val_loss:4.5504 chunk_loss:16505.9800 is_adam_step=True do_muon_ttt=False train_time:250114ms step_avg:500.23ms
step:500/1555 val_step:128/320 val_loss:4.5506 chunk_loss:16151.7546 is_adam_step=False do_muon_ttt=False train_time:250114ms step_avg:500.23ms
step:500/1555 val_step:129/320 val_loss:4.5501 chunk_loss:15814.0109 is_adam_step=True do_muon_ttt=False train_time:250114ms step_avg:500.23ms
step:500/1555 val_step:130/320 val_loss:4.5509 chunk_loss:16263.3422 is_adam_step=False do_muon_ttt=False train_time:250114ms step_avg:500.23ms
step:500/1555 val_step:131/320 val_loss:4.5510 chunk_loss:16022.6922 is_adam_step=True do_muon_ttt=False train_time:250114ms step_avg:500.23ms
step:500/1555 val_step:132/320 val_loss:4.5535 chunk_loss:16932.8806 is_adam_step=False do_muon_ttt=False train_time:250114ms step_avg:500.23ms
step:500/1555 val_step:133/320 val_loss:4.5554 chunk_loss:16756.5521 is_adam_step=True do_muon_ttt=False train_time:250114ms step_avg:500.23ms
step:500/1555 val_step:134/320 val_loss:4.5582 chunk_loss:16826.1116 is_adam_step=False do_muon_ttt=False train_time:250114ms step_avg:500.23ms
step:500/1555 val_step:135/320 val_loss:4.5588 chunk_loss:16252.4334 is_adam_step=True do_muon_ttt=False train_time:250114ms step_avg:500.23ms
step:500/1555 val_step:136/320 val_loss:4.5595 chunk_loss:16239.8738 is_adam_step=False do_muon_ttt=False train_time:250114ms step_avg:500.23ms
step:500/1555 val_step:137/320 val_loss:4.5608 chunk_loss:16518.1071 is_adam_step=True do_muon_ttt=False train_time:250114ms step_avg:500.23ms
step:500/1555 val_step:138/320 val_loss:4.5632 chunk_loss:17045.5922 is_adam_step=False do_muon_ttt=False train_time:250114ms step_avg:500.23ms
step:500/1555 val_step:139/320 val_loss:4.5645 chunk_loss:16536.1779 is_adam_step=True do_muon_ttt=False train_time:250114ms step_avg:500.23ms
step:500/1555 val_step:140/320 val_loss:4.5653 chunk_loss:16366.0234 is_adam_step=False do_muon_ttt=False train_time:250114ms step_avg:500.23ms
step:500/1555 val_step:141/320 val_loss:4.5657 chunk_loss:16127.0724 is_adam_step=True do_muon_ttt=False train_time:250114ms step_avg:500.23ms
step:500/1555 val_step:142/320 val_loss:4.5665 chunk_loss:16303.1699 is_adam_step=False do_muon_ttt=False train_time:250114ms step_avg:500.23ms
step:500/1555 val_step:143/320 val_loss:4.5681 chunk_loss:16728.5548 is_adam_step=True do_muon_ttt=False train_time:250114ms step_avg:500.23ms
step:500/1555 val_step:144/320 val_loss:4.5697 chunk_loss:16680.7410 is_adam_step=False do_muon_ttt=False train_time:250114ms step_avg:500.23ms
step:500/1555 val_step:145/320 val_loss:4.5700 chunk_loss:16146.9989 is_adam_step=True do_muon_ttt=False train_time:250114ms step_avg:500.23ms
step:500/1555 val_step:146/320 val_loss:4.5705 chunk_loss:16238.7331 is_adam_step=False do_muon_ttt=False train_time:250114ms step_avg:500.23ms
step:500/1555 val_step:147/320 val_loss:4.5714 chunk_loss:16446.3607 is_adam_step=True do_muon_ttt=False train_time:250114ms step_avg:500.23ms
step:500/1555 val_step:148/320 val_loss:4.5724 chunk_loss:16460.6084 is_adam_step=False do_muon_ttt=False train_time:250114ms step_avg:500.23ms
step:500/1555 val_step:149/320 val_loss:4.5718 chunk_loss:15797.2204 is_adam_step=True do_muon_ttt=False train_time:250114ms step_avg:500.23ms
step:500/1555 val_step:150/320 val_loss:4.5718 chunk_loss:16047.5086 is_adam_step=False do_muon_ttt=False train_time:250114ms step_avg:500.23ms
step:500/1555 val_step:151/320 val_loss:4.5725 chunk_loss:16357.5070 is_adam_step=True do_muon_ttt=False train_time:250114ms step_avg:500.23ms
step:500/1555 val_step:152/320 val_loss:4.5719 chunk_loss:15794.0095 is_adam_step=False do_muon_ttt=False train_time:250114ms step_avg:500.23ms
step:500/1555 val_step:153/320 val_loss:4.5718 chunk_loss:16043.2368 is_adam_step=True do_muon_ttt=False train_time:250114ms step_avg:500.23ms
step:500/1555 val_step:154/320 val_loss:4.5718 chunk_loss:16021.5413 is_adam_step=False do_muon_ttt=False train_time:250114ms step_avg:500.23ms
step:500/1555 val_step:155/320 val_loss:4.5729 chunk_loss:16558.1624 is_adam_step=True do_muon_ttt=False train_time:250114ms step_avg:500.23ms
step:500/1555 val_step:156/320 val_loss:4.5732 chunk_loss:16188.9858 is_adam_step=False do_muon_ttt=False train_time:250114ms step_avg:500.23ms
step:500/1555 val_step:157/320 val_loss:4.5741 chunk_loss:16488.5739 is_adam_step=True do_muon_ttt=False train_time:250114ms step_avg:500.23ms
step:500/1555 val_step:158/320 val_loss:4.5745 chunk_loss:16270.0491 is_adam_step=False do_muon_ttt=False train_time:250114ms step_avg:500.23ms
step:500/1555 val_step:159/320 val_loss:4.5749 chunk_loss:16213.9801 is_adam_step=True do_muon_ttt=False train_time:250114ms step_avg:500.23ms
step:500/1555 val_step:160/320 val_loss:4.5763 chunk_loss:16785.4012 is_adam_step=False do_muon_ttt=False train_time:250114ms step_avg:500.23ms
step:500/1555 val_step:161/320 val_loss:4.5767 chunk_loss:16281.0731 is_adam_step=True do_muon_ttt=False train_time:250114ms step_avg:500.23ms
step:500/1555 val_step:162/320 val_loss:4.5775 chunk_loss:16492.3600 is_adam_step=False do_muon_ttt=False train_time:250114ms step_avg:500.23ms
step:500/1555 val_step:163/320 val_loss:4.5775 chunk_loss:16052.1763 is_adam_step=True do_muon_ttt=False train_time:250114ms step_avg:500.23ms
step:500/1555 val_step:164/320 val_loss:4.5777 chunk_loss:16141.7730 is_adam_step=False do_muon_ttt=False train_time:250114ms step_avg:500.23ms
step:500/1555 val_step:165/320 val_loss:4.5803 chunk_loss:17323.8485 is_adam_step=True do_muon_ttt=False train_time:250114ms step_avg:500.23ms
step:500/1555 val_step:166/320 val_loss:4.5816 chunk_loss:16527.6370 is_adam_step=False do_muon_ttt=False train_time:250114ms step_avg:500.23ms
step:500/1555 val_step:167/320 val_loss:4.5833 chunk_loss:16922.2437 is_adam_step=True do_muon_ttt=False train_time:250114ms step_avg:500.23ms
step:500/1555 val_step:168/320 val_loss:4.5844 chunk_loss:16592.2446 is_adam_step=False do_muon_ttt=False train_time:250114ms step_avg:500.23ms
step:500/1555 val_step:169/320 val_loss:4.5855 chunk_loss:16709.8898 is_adam_step=True do_muon_ttt=False train_time:250114ms step_avg:500.23ms
step:500/1555 val_step:170/320 val_loss:4.5858 chunk_loss:16244.8596 is_adam_step=False do_muon_ttt=False train_time:250114ms step_avg:500.23ms
step:500/1555 val_step:171/320 val_loss:4.5855 chunk_loss:15941.9362 is_adam_step=True do_muon_ttt=False train_time:250114ms step_avg:500.23ms
step:500/1555 val_step:172/320 val_loss:4.5864 chunk_loss:16598.9851 is_adam_step=False do_muon_ttt=False train_time:250114ms step_avg:500.23ms
step:500/1555 val_step:173/320 val_loss:4.5863 chunk_loss:16056.2158 is_adam_step=True do_muon_ttt=False train_time:250114ms step_avg:500.23ms
step:500/1555 val_step:174/320 val_loss:4.5884 chunk_loss:17161.9761 is_adam_step=False do_muon_ttt=False train_time:250114ms step_avg:500.23ms
step:500/1555 val_step:175/320 val_loss:4.5886 chunk_loss:16133.8273 is_adam_step=True do_muon_ttt=False train_time:250114ms step_avg:500.23ms
step:500/1555 val_step:176/320 val_loss:4.5897 chunk_loss:16676.5471 is_adam_step=False do_muon_ttt=False train_time:250114ms step_avg:500.23ms
step:500/1555 val_step:177/320 val_loss:4.5888 chunk_loss:15540.3108 is_adam_step=True do_muon_ttt=False train_time:250114ms step_avg:500.23ms
step:500/1555 val_step:178/320 val_loss:4.5892 chunk_loss:16336.6761 is_adam_step=False do_muon_ttt=False train_time:250114ms step_avg:500.23ms
step:500/1555 val_step:179/320 val_loss:4.5898 chunk_loss:16429.9167 is_adam_step=True do_muon_ttt=False train_time:250114ms step_avg:500.23ms
step:500/1555 val_step:180/320 val_loss:4.5894 chunk_loss:15802.2739 is_adam_step=False do_muon_ttt=False train_time:250114ms step_avg:500.23ms
step:500/1555 val_step:181/320 val_loss:4.5903 chunk_loss:16515.2295 is_adam_step=True do_muon_ttt=False train_time:250114ms step_avg:500.23ms
step:500/1555 val_step:182/320 val_loss:4.5892 chunk_loss:15526.4113 is_adam_step=False do_muon_ttt=False train_time:250114ms step_avg:500.23ms
step:500/1555 val_step:183/320 val_loss:4.5910 chunk_loss:17081.3768 is_adam_step=True do_muon_ttt=False train_time:250114ms step_avg:500.23ms
step:500/1555 val_step:184/320 val_loss:4.5911 chunk_loss:16169.1111 is_adam_step=False do_muon_ttt=False train_time:250114ms step_avg:500.23ms
step:500/1555 val_step:185/320 val_loss:4.5906 chunk_loss:15813.0912 is_adam_step=True do_muon_ttt=False train_time:250114ms step_avg:500.23ms
step:500/1555 val_step:186/320 val_loss:4.5907 chunk_loss:16219.4861 is_adam_step=False do_muon_ttt=False train_time:250114ms step_avg:500.23ms
step:500/1555 val_step:187/320 val_loss:4.5909 chunk_loss:16248.5309 is_adam_step=True do_muon_ttt=False train_time:250114ms step_avg:500.23ms
step:500/1555 val_step:188/320 val_loss:4.5920 chunk_loss:16695.8983 is_adam_step=False do_muon_ttt=False train_time:250114ms step_avg:500.23ms
step:500/1555 val_step:189/320 val_loss:4.5915 chunk_loss:15822.9424 is_adam_step=True do_muon_ttt=False train_time:250114ms step_avg:500.23ms
step:500/1555 val_step:190/320 val_loss:4.5914 chunk_loss:16095.0038 is_adam_step=False do_muon_ttt=False train_time:250114ms step_avg:500.23ms
step:500/1555 val_step:191/320 val_loss:4.5915 chunk_loss:16175.9865 is_adam_step=True do_muon_ttt=False train_time:250114ms step_avg:500.23ms
step:500/1555 val_step:192/320 val_loss:4.5918 chunk_loss:16261.2906 is_adam_step=False do_muon_ttt=False train_time:250114ms step_avg:500.23ms
step:500/1555 val_step:193/320 val_loss:4.5923 chunk_loss:16386.0460 is_adam_step=True do_muon_ttt=False train_time:250114ms step_avg:500.23ms
step:500/1555 val_step:194/320 val_loss:4.5938 chunk_loss:17009.4354 is_adam_step=False do_muon_ttt=False train_time:250114ms step_avg:500.23ms
step:500/1555 val_step:195/320 val_loss:4.5939 chunk_loss:16263.1661 is_adam_step=True do_muon_ttt=False train_time:250114ms step_avg:500.23ms
step:500/1555 val_step:196/320 val_loss:4.5945 chunk_loss:16524.6017 is_adam_step=False do_muon_ttt=False train_time:250114ms step_avg:500.23ms
step:500/1555 val_step:197/320 val_loss:4.5955 chunk_loss:16740.5062 is_adam_step=True do_muon_ttt=False train_time:250114ms step_avg:500.23ms
step:500/1555 val_step:198/320 val_loss:4.5967 chunk_loss:16778.4737 is_adam_step=False do_muon_ttt=False train_time:250114ms step_avg:500.23ms
step:500/1555 val_step:199/320 val_loss:4.5971 chunk_loss:16388.5773 is_adam_step=True do_muon_ttt=False train_time:250114ms step_avg:500.23ms
step:500/1555 val_step:200/320 val_loss:4.5974 chunk_loss:16358.3777 is_adam_step=False do_muon_ttt=False train_time:250114ms step_avg:500.23ms
step:500/1555 val_step:201/320 val_loss:4.5971 chunk_loss:16076.2285 is_adam_step=True do_muon_ttt=False train_time:250114ms step_avg:500.23ms
step:500/1555 val_step:202/320 val_loss:4.5991 chunk_loss:17207.2795 is_adam_step=False do_muon_ttt=False train_time:250114ms step_avg:500.23ms
step:500/1555 val_step:203/320 val_loss:4.5993 chunk_loss:16256.9261 is_adam_step=True do_muon_ttt=False train_time:250114ms step_avg:500.23ms
step:500/1555 val_step:204/320 val_loss:4.5995 chunk_loss:16215.3406 is_adam_step=False do_muon_ttt=False train_time:250114ms step_avg:500.23ms
step:500/1555 val_step:205/320 val_loss:4.6007 chunk_loss:16874.0634 is_adam_step=True do_muon_ttt=False train_time:250114ms step_avg:500.23ms
step:500/1555 val_step:206/320 val_loss:4.6012 chunk_loss:16487.5005 is_adam_step=False do_muon_ttt=False train_time:250114ms step_avg:500.23ms
step:500/1555 val_step:207/320 val_loss:4.6017 chunk_loss:16424.8535 is_adam_step=True do_muon_ttt=False train_time:250114ms step_avg:500.23ms
step:500/1555 val_step:208/320 val_loss:4.6012 chunk_loss:15823.1378 is_adam_step=False do_muon_ttt=False train_time:250114ms step_avg:500.23ms
step:500/1555 val_step:209/320 val_loss:4.6021 chunk_loss:16594.8635 is_adam_step=True do_muon_ttt=False train_time:250114ms step_avg:500.23ms
step:500/1555 val_step:210/320 val_loss:4.6013 chunk_loss:15600.3418 is_adam_step=False do_muon_ttt=False train_time:250114ms step_avg:500.23ms
step:500/1555 val_step:211/320 val_loss:4.6015 chunk_loss:16182.2919 is_adam_step=True do_muon_ttt=False train_time:250114ms step_avg:500.23ms
step:500/1555 val_step:212/320 val_loss:4.6032 chunk_loss:17220.1866 is_adam_step=False do_muon_ttt=False train_time:250114ms step_avg:500.23ms
step:500/1555 val_step:213/320 val_loss:4.6034 chunk_loss:16325.0229 is_adam_step=True do_muon_ttt=False train_time:250114ms step_avg:500.23ms
step:500/1555 val_step:214/320 val_loss:4.6046 chunk_loss:16838.1298 is_adam_step=False do_muon_ttt=False train_time:250114ms step_avg:500.23ms
step:500/1555 val_step:215/320 val_loss:4.6041 chunk_loss:15826.9233 is_adam_step=True do_muon_ttt=False train_time:250114ms step_avg:500.23ms
step:500/1555 val_step:216/320 val_loss:4.6042 chunk_loss:16072.3946 is_adam_step=False do_muon_ttt=False train_time:250114ms step_avg:500.23ms
step:500/1555 val_step:217/320 val_loss:4.6054 chunk_loss:16940.6411 is_adam_step=True do_muon_ttt=False train_time:250114ms step_avg:500.23ms
step:500/1555 val_step:218/320 val_loss:4.6060 chunk_loss:16567.7404 is_adam_step=False do_muon_ttt=False train_time:250114ms step_avg:500.23ms
step:500/1555 val_step:219/320 val_loss:4.6065 chunk_loss:16365.7520 is_adam_step=True do_muon_ttt=False train_time:250114ms step_avg:500.23ms
step:500/1555 val_step:220/320 val_loss:4.6071 chunk_loss:16572.7596 is_adam_step=False do_muon_ttt=False train_time:250114ms step_avg:500.23ms
step:500/1555 val_step:221/320 val_loss:4.6075 chunk_loss:16376.1273 is_adam_step=True do_muon_ttt=False train_time:250114ms step_avg:500.23ms
step:500/1555 val_step:222/320 val_loss:4.6079 chunk_loss:16425.4893 is_adam_step=False do_muon_ttt=False train_time:250114ms step_avg:500.23ms
step:500/1555 val_step:223/320 val_loss:4.6083 chunk_loss:16382.2961 is_adam_step=True do_muon_ttt=False train_time:250114ms step_avg:500.23ms
step:500/1555 val_step:224/320 val_loss:4.6083 chunk_loss:16225.0648 is_adam_step=False do_muon_ttt=False train_time:250114ms step_avg:500.23ms
step:500/1555 val_step:225/320 val_loss:4.6087 chunk_loss:16410.8708 is_adam_step=True do_muon_ttt=False train_time:250114ms step_avg:500.23ms
step:500/1555 val_step:226/320 val_loss:4.6085 chunk_loss:16011.7957 is_adam_step=False do_muon_ttt=False train_time:250114ms step_avg:500.23ms
step:500/1555 val_step:227/320 val_loss:4.6090 chunk_loss:16477.3781 is_adam_step=True do_muon_ttt=False train_time:250114ms step_avg:500.23ms
step:500/1555 val_step:228/320 val_loss:4.6098 chunk_loss:16623.7872 is_adam_step=False do_muon_ttt=False train_time:250114ms step_avg:500.23ms
step:500/1555 val_step:229/320 val_loss:4.6110 chunk_loss:16936.5080 is_adam_step=True do_muon_ttt=False train_time:250114ms step_avg:500.23ms
step:500/1555 val_step:230/320 val_loss:4.6113 chunk_loss:16286.4836 is_adam_step=False do_muon_ttt=False train_time:250114ms step_avg:500.23ms
step:500/1555 val_step:231/320 val_loss:4.6120 chunk_loss:16596.2350 is_adam_step=True do_muon_ttt=False train_time:250114ms step_avg:500.23ms
step:500/1555 val_step:232/320 val_loss:4.6130 chunk_loss:16901.3970 is_adam_step=False do_muon_ttt=False train_time:250114ms step_avg:500.23ms
step:500/1555 val_step:233/320 val_loss:4.6133 chunk_loss:16393.2784 is_adam_step=True do_muon_ttt=False train_time:250114ms step_avg:500.23ms
step:500/1555 val_step:234/320 val_loss:4.6140 chunk_loss:16690.2331 is_adam_step=False do_muon_ttt=False train_time:250114ms step_avg:500.23ms
step:500/1555 val_step:235/320 val_loss:4.6149 chunk_loss:16860.1726 is_adam_step=True do_muon_ttt=False train_time:250114ms step_avg:500.23ms
step:500/1555 val_step:236/320 val_loss:4.6156 chunk_loss:16718.9196 is_adam_step=False do_muon_ttt=False train_time:250114ms step_avg:500.23ms
step:500/1555 val_step:237/320 val_loss:4.6163 chunk_loss:16637.7657 is_adam_step=True do_muon_ttt=False train_time:250114ms step_avg:500.23ms
step:500/1555 val_step:238/320 val_loss:4.6167 chunk_loss:16471.5299 is_adam_step=False do_muon_ttt=False train_time:250114ms step_avg:500.23ms
step:500/1555 val_step:239/320 val_loss:4.6169 chunk_loss:16332.9208 is_adam_step=True do_muon_ttt=False train_time:250114ms step_avg:500.23ms
step:500/1555 val_step:240/320 val_loss:4.6173 chunk_loss:16507.3608 is_adam_step=False do_muon_ttt=False train_time:250114ms step_avg:500.23ms
step:500/1555 val_step:241/320 val_loss:4.6181 chunk_loss:16750.6436 is_adam_step=True do_muon_ttt=False train_time:250114ms step_avg:500.23ms
step:500/1555 val_step:242/320 val_loss:4.6195 chunk_loss:17196.5429 is_adam_step=False do_muon_ttt=False train_time:250114ms step_avg:500.23ms
step:500/1555 val_step:243/320 val_loss:4.6196 chunk_loss:16209.4883 is_adam_step=True do_muon_ttt=False train_time:250114ms step_avg:500.23ms
step:500/1555 val_step:244/320 val_loss:4.6204 chunk_loss:16794.0186 is_adam_step=False do_muon_ttt=False train_time:250114ms step_avg:500.23ms
step:500/1555 val_step:245/320 val_loss:4.6212 chunk_loss:16736.9321 is_adam_step=True do_muon_ttt=False train_time:250114ms step_avg:500.23ms
step:500/1555 val_step:246/320 val_loss:4.6219 chunk_loss:16687.0789 is_adam_step=False do_muon_ttt=False train_time:250114ms step_avg:500.23ms
step:500/1555 val_step:247/320 val_loss:4.6221 chunk_loss:16275.4250 is_adam_step=True do_muon_ttt=False train_time:250114ms step_avg:500.23ms
step:500/1555 val_step:248/320 val_loss:4.6225 chunk_loss:16456.6768 is_adam_step=False do_muon_ttt=False train_time:250114ms step_avg:500.23ms
step:500/1555 val_step:249/320 val_loss:4.6236 chunk_loss:17040.8460 is_adam_step=True do_muon_ttt=False train_time:250114ms step_avg:500.23ms
step:500/1555 val_step:250/320 val_loss:4.6241 chunk_loss:16480.1949 is_adam_step=False do_muon_ttt=False train_time:250114ms step_avg:500.23ms
step:500/1555 val_step:251/320 val_loss:4.6246 chunk_loss:16561.6871 is_adam_step=True do_muon_ttt=False train_time:250114ms step_avg:500.23ms
step:500/1555 val_step:252/320 val_loss:4.6255 chunk_loss:16925.9819 is_adam_step=False do_muon_ttt=False train_time:250114ms step_avg:500.23ms
step:500/1555 val_step:253/320 val_loss:4.6255 chunk_loss:16199.1985 is_adam_step=True do_muon_ttt=False train_time:250114ms step_avg:500.23ms
step:500/1555 val_step:254/320 val_loss:4.6260 chunk_loss:16425.4733 is_adam_step=False do_muon_ttt=False train_time:250114ms step_avg:500.23ms
step:500/1555 val_step:255/320 val_loss:4.6266 chunk_loss:16682.3199 is_adam_step=True do_muon_ttt=False train_time:250114ms step_avg:500.23ms
step:500/1555 val_step:256/320 val_loss:4.6268 chunk_loss:16432.1730 is_adam_step=False do_muon_ttt=False train_time:250114ms step_avg:500.23ms
step:500/1555 val_step:257/320 val_loss:4.6280 chunk_loss:16994.1589 is_adam_step=True do_muon_ttt=False train_time:250114ms step_avg:500.23ms
step:500/1555 val_step:258/320 val_loss:4.6278 chunk_loss:15980.0920 is_adam_step=False do_muon_ttt=False train_time:250114ms step_avg:500.23ms
step:500/1555 val_step:259/320 val_loss:4.6279 chunk_loss:16234.9456 is_adam_step=True do_muon_ttt=False train_time:250114ms step_avg:500.23ms
step:500/1555 val_step:260/320 val_loss:4.6283 chunk_loss:16565.8207 is_adam_step=False do_muon_ttt=False train_time:250114ms step_avg:500.23ms
step:500/1555 val_step:261/320 val_loss:4.6289 chunk_loss:16673.6923 is_adam_step=True do_muon_ttt=False train_time:250114ms step_avg:500.23ms
step:500/1555 val_step:262/320 val_loss:4.6293 chunk_loss:16503.9022 is_adam_step=False do_muon_ttt=False train_time:250114ms step_avg:500.23ms
step:500/1555 val_step:263/320 val_loss:4.6294 chunk_loss:16238.9099 is_adam_step=True do_muon_ttt=False train_time:250114ms step_avg:500.23ms
step:500/1555 val_step:264/320 val_loss:4.6297 chunk_loss:16384.4917 is_adam_step=False do_muon_ttt=False train_time:250114ms step_avg:500.23ms
step:500/1555 val_step:265/320 val_loss:4.6297 chunk_loss:16254.1231 is_adam_step=True do_muon_ttt=False train_time:250114ms step_avg:500.23ms
step:500/1555 val_step:266/320 val_loss:4.6304 chunk_loss:16757.2399 is_adam_step=False do_muon_ttt=False train_time:250114ms step_avg:500.23ms
step:500/1555 val_step:267/320 val_loss:4.6302 chunk_loss:16052.3896 is_adam_step=True do_muon_ttt=False train_time:250114ms step_avg:500.23ms
step:500/1555 val_step:268/320 val_loss:4.6303 chunk_loss:16239.9914 is_adam_step=False do_muon_ttt=False train_time:250114ms step_avg:500.23ms
step:500/1555 val_step:269/320 val_loss:4.6305 chunk_loss:16306.3596 is_adam_step=True do_muon_ttt=False train_time:250114ms step_avg:500.23ms
step:500/1555 val_step:270/320 val_loss:4.6303 chunk_loss:16052.1796 is_adam_step=False do_muon_ttt=False train_time:250114ms step_avg:500.23ms
step:500/1555 val_step:271/320 val_loss:4.6300 chunk_loss:15943.8870 is_adam_step=True do_muon_ttt=False train_time:250114ms step_avg:500.23ms
step:500/1555 val_step:272/320 val_loss:4.6297 chunk_loss:16053.1696 is_adam_step=False do_muon_ttt=False train_time:250114ms step_avg:500.23ms
step:500/1555 val_step:273/320 val_loss:4.6301 chunk_loss:16491.5554 is_adam_step=True do_muon_ttt=False train_time:250114ms step_avg:500.23ms
step:500/1555 val_step:274/320 val_loss:4.6303 chunk_loss:16340.3461 is_adam_step=False do_muon_ttt=False train_time:250114ms step_avg:500.23ms
step:500/1555 val_step:275/320 val_loss:4.6314 chunk_loss:17141.6181 is_adam_step=True do_muon_ttt=False train_time:250114ms step_avg:500.23ms
step:500/1555 val_step:276/320 val_loss:4.6314 chunk_loss:16178.6597 is_adam_step=False do_muon_ttt=False train_time:250114ms step_avg:500.23ms
step:500/1555 val_step:277/320 val_loss:4.6314 chunk_loss:16244.1678 is_adam_step=True do_muon_ttt=False train_time:250114ms step_avg:500.23ms
step:500/1555 val_step:278/320 val_loss:4.6315 chunk_loss:16394.8138 is_adam_step=False do_muon_ttt=False train_time:250114ms step_avg:500.23ms
step:500/1555 val_step:279/320 val_loss:4.6325 chunk_loss:17033.4396 is_adam_step=True do_muon_ttt=False train_time:250114ms step_avg:500.23ms
step:500/1555 val_step:280/320 val_loss:4.6330 chunk_loss:16641.3292 is_adam_step=False do_muon_ttt=False train_time:250114ms step_avg:500.23ms
step:500/1555 val_step:281/320 val_loss:4.6331 chunk_loss:16307.4946 is_adam_step=True do_muon_ttt=False train_time:250114ms step_avg:500.23ms
step:500/1555 val_step:282/320 val_loss:4.6335 chunk_loss:16563.3491 is_adam_step=False do_muon_ttt=False train_time:250114ms step_avg:500.23ms
step:500/1555 val_step:283/320 val_loss:4.6336 chunk_loss:16289.6642 is_adam_step=True do_muon_ttt=False train_time:250114ms step_avg:500.23ms
step:500/1555 val_step:284/320 val_loss:4.6345 chunk_loss:16846.6346 is_adam_step=False do_muon_ttt=False train_time:250114ms step_avg:500.23ms
step:500/1555 val_step:285/320 val_loss:4.6343 chunk_loss:15996.5707 is_adam_step=True do_muon_ttt=False train_time:250114ms step_avg:500.23ms
step:500/1555 val_step:286/320 val_loss:4.6344 chunk_loss:16310.3011 is_adam_step=False do_muon_ttt=False train_time:250114ms step_avg:500.23ms
step:500/1555 val_step:287/320 val_loss:4.6349 chunk_loss:16534.2057 is_adam_step=True do_muon_ttt=False train_time:250114ms step_avg:500.23ms
step:500/1555 val_step:288/320 val_loss:4.6352 chunk_loss:16513.4005 is_adam_step=False do_muon_ttt=False train_time:250114ms step_avg:500.23ms
step:500/1555 val_step:289/320 val_loss:4.6359 chunk_loss:16854.9225 is_adam_step=True do_muon_ttt=False train_time:250114ms step_avg:500.23ms
step:500/1555 val_step:290/320 val_loss:4.6366 chunk_loss:16668.4922 is_adam_step=False do_muon_ttt=False train_time:250114ms step_avg:500.23ms
step:500/1555 val_step:291/320 val_loss:4.6366 chunk_loss:16157.0126 is_adam_step=True do_muon_ttt=False train_time:250114ms step_avg:500.23ms
step:500/1555 val_step:292/320 val_loss:4.6365 chunk_loss:16161.6093 is_adam_step=False do_muon_ttt=False train_time:250114ms step_avg:500.23ms
step:500/1555 val_step:293/320 val_loss:4.6364 chunk_loss:16138.2857 is_adam_step=True do_muon_ttt=False train_time:250114ms step_avg:500.23ms
step:500/1555 val_step:294/320 val_loss:4.6367 chunk_loss:16473.4731 is_adam_step=False do_muon_ttt=False train_time:250114ms step_avg:500.23ms
step:500/1555 val_step:295/320 val_loss:4.6371 chunk_loss:16470.8533 is_adam_step=True do_muon_ttt=False train_time:250114ms step_avg:500.23ms
step:500/1555 val_step:296/320 val_loss:4.6372 chunk_loss:16305.2554 is_adam_step=False do_muon_ttt=False train_time:250114ms step_avg:500.23ms
step:500/1555 val_step:297/320 val_loss:4.6371 chunk_loss:16107.2316 is_adam_step=True do_muon_ttt=False train_time:250114ms step_avg:500.23ms
step:500/1555 val_step:298/320 val_loss:4.6369 chunk_loss:16138.0092 is_adam_step=False do_muon_ttt=False train_time:250114ms step_avg:500.23ms
step:500/1555 val_step:299/320 val_loss:4.6369 chunk_loss:16255.0410 is_adam_step=True do_muon_ttt=False train_time:250114ms step_avg:500.23ms
step:500/1555 val_step:300/320 val_loss:4.6366 chunk_loss:15949.9613 is_adam_step=False do_muon_ttt=False train_time:250114ms step_avg:500.23ms
step:500/1555 val_step:301/320 val_loss:4.6364 chunk_loss:16070.8422 is_adam_step=True do_muon_ttt=False train_time:250114ms step_avg:500.23ms
step:500/1555 val_step:302/320 val_loss:4.6366 chunk_loss:16472.8735 is_adam_step=False do_muon_ttt=False train_time:250114ms step_avg:500.23ms
step:500/1555 val_step:303/320 val_loss:4.6371 chunk_loss:16612.2826 is_adam_step=True do_muon_ttt=False train_time:250114ms step_avg:500.23ms
step:500/1555 val_step:304/320 val_loss:4.6365 chunk_loss:15666.4818 is_adam_step=False do_muon_ttt=False train_time:250114ms step_avg:500.23ms
step:500/1555 val_step:305/320 val_loss:4.6365 chunk_loss:16183.3422 is_adam_step=True do_muon_ttt=False train_time:250114ms step_avg:500.23ms
step:500/1555 val_step:306/320 val_loss:4.6366 chunk_loss:16366.3467 is_adam_step=False do_muon_ttt=False train_time:250114ms step_avg:500.23ms
step:500/1555 val_step:307/320 val_loss:4.6367 chunk_loss:16334.5134 is_adam_step=True do_muon_ttt=False train_time:250114ms step_avg:500.23ms
step:500/1555 val_step:308/320 val_loss:4.6371 chunk_loss:16551.5175 is_adam_step=False do_muon_ttt=False train_time:250114ms step_avg:500.23ms
step:500/1555 val_step:309/320 val_loss:4.6375 chunk_loss:16646.6840 is_adam_step=True do_muon_ttt=False train_time:250114ms step_avg:500.23ms
step:500/1555 val_step:310/320 val_loss:4.6373 chunk_loss:16022.9108 is_adam_step=False do_muon_ttt=False train_time:250114ms step_avg:500.23ms
step:500/1555 val_step:311/320 val_loss:4.6377 chunk_loss:16612.4886 is_adam_step=True do_muon_ttt=False train_time:250114ms step_avg:500.23ms
step:500/1555 val_step:312/320 val_loss:4.6381 chunk_loss:16588.6785 is_adam_step=False do_muon_ttt=False train_time:250114ms step_avg:500.23ms
step:500/1555 val_step:313/320 val_loss:4.6385 chunk_loss:16540.3558 is_adam_step=True do_muon_ttt=False train_time:250114ms step_avg:500.23ms
step:500/1555 val_step:314/320 val_loss:4.6390 chunk_loss:16811.0669 is_adam_step=False do_muon_ttt=False train_time:250114ms step_avg:500.23ms
step:500/1555 val_step:315/320 val_loss:4.6393 chunk_loss:16454.1445 is_adam_step=True do_muon_ttt=False train_time:250114ms step_avg:500.23ms
step:500/1555 val_step:316/320 val_loss:4.6392 chunk_loss:16148.0034 is_adam_step=False do_muon_ttt=False train_time:250114ms step_avg:500.23ms
step:500/1555 val_step:317/320 val_loss:4.6394 chunk_loss:16369.5776 is_adam_step=True do_muon_ttt=False train_time:250114ms step_avg:500.23ms
step:500/1555 val_step:318/320 val_loss:4.6396 chunk_loss:16458.1432 is_adam_step=False do_muon_ttt=False train_time:250114ms step_avg:500.23ms
step:500/1555 val_step:319/320 val_loss:4.6396 chunk_loss:16297.0344 is_adam_step=True do_muon_ttt=False train_time:250114ms step_avg:500.23ms
step:500/1555 val_loss:4.6396 train_time:250114ms step_avg:500.23ms
step:501/1555 loss.item()=119657.75 train_time:250596ms step_avg:500.19ms
step:502/1555 loss.item()=122833.0625 train_time:251080ms step_avg:500.16ms
step:503/1555 loss.item()=119562.7265625 train_time:251581ms step_avg:500.16ms
step:504/1555 loss.item()=116442.7578125 train_time:252081ms step_avg:500.16ms
step:505/1555 loss.item()=121257.1640625 train_time:252580ms step_avg:500.16ms
step:506/1555 loss.item()=235488.96875 train_time:307323ms step_avg:607.36ms
step:507/1555 loss.item()=249711.15625 train_time:308094ms step_avg:607.68ms
step:508/1555 loss.item()=239216.28125 train_time:308861ms step_avg:607.99ms
step:509/1555 loss.item()=245597.21875 train_time:309635ms step_avg:608.32ms
step:510/1555 loss.item()=245804.734375 train_time:310405ms step_avg:608.64ms
step:511/1555 loss.item()=245187.96875 train_time:311176ms step_avg:608.96ms
step:512/1555 loss.item()=240263.09375 train_time:311949ms step_avg:609.28ms
step:513/1555 loss.item()=247305.375 train_time:312722ms step_avg:609.59ms
step:514/1555 loss.item()=244130.421875 train_time:313483ms step_avg:609.89ms
step:515/1555 loss.item()=238437.40625 train_time:314252ms step_avg:610.20ms
step:516/1555 loss.item()=237401.3125 train_time:315027ms step_avg:610.52ms
step:517/1555 loss.item()=235764.03125 train_time:315799ms step_avg:610.83ms
step:518/1555 loss.item()=242485.234375 train_time:316570ms step_avg:611.14ms
step:519/1555 loss.item()=238406.96875 train_time:317339ms step_avg:611.44ms
step:520/1555 loss.item()=231837.125 train_time:318117ms step_avg:611.76ms
step:521/1555 loss.item()=235046.96875 train_time:318891ms step_avg:612.08ms
step:522/1555 loss.item()=238306.84375 train_time:319667ms step_avg:612.39ms
step:523/1555 loss.item()=233729.6875 train_time:320437ms step_avg:612.69ms
step:524/1555 loss.item()=235474.046875 train_time:321216ms step_avg:613.01ms
step:525/1555 loss.item()=239156.5 train_time:321983ms step_avg:613.30ms
step:526/1555 loss.item()=230285.4375 train_time:322757ms step_avg:613.61ms
step:527/1555 loss.item()=233475.875 train_time:323528ms step_avg:613.90ms
step:528/1555 loss.item()=236395.59375 train_time:324297ms step_avg:614.20ms
step:529/1555 loss.item()=231374.625 train_time:325072ms step_avg:614.50ms
step:530/1555 loss.item()=234690.859375 train_time:325850ms step_avg:614.81ms
step:531/1555 loss.item()=238242.3125 train_time:326618ms step_avg:615.10ms
step:532/1555 loss.item()=237170.90625 train_time:327390ms step_avg:615.40ms
step:533/1555 loss.item()=228336.5 train_time:328156ms step_avg:615.68ms
step:534/1555 loss.item()=230383.28125 train_time:328927ms step_avg:615.97ms
step:535/1555 loss.item()=234889.25 train_time:329698ms step_avg:616.26ms
step:536/1555 loss.item()=229352.953125 train_time:330472ms step_avg:616.55ms
step:537/1555 loss.item()=227537.78125 train_time:331240ms step_avg:616.83ms
step:538/1555 loss.item()=231192.5625 train_time:332016ms step_avg:617.13ms
step:539/1555 loss.item()=226397.125 train_time:332791ms step_avg:617.42ms
step:540/1555 loss.item()=233605.4375 train_time:333566ms step_avg:617.72ms
step:541/1555 loss.item()=231667.453125 train_time:334339ms step_avg:618.00ms
step:542/1555 loss.item()=231926.40625 train_time:335120ms step_avg:618.30ms
step:543/1555 loss.item()=225324.84375 train_time:335898ms step_avg:618.60ms
step:544/1555 loss.item()=230435.34375 train_time:336674ms step_avg:618.89ms
step:545/1555 loss.item()=228342.359375 train_time:337449ms step_avg:619.17ms
step:546/1555 loss.item()=222359.828125 train_time:338226ms step_avg:619.46ms
step:547/1555 loss.item()=229351.59375 train_time:339000ms step_avg:619.74ms
step:548/1555 loss.item()=228436.3125 train_time:339778ms step_avg:620.03ms
step:549/1555 loss.item()=225153.90625 train_time:340550ms step_avg:620.31ms
step:550/1555 loss.item()=223542.578125 train_time:341327ms step_avg:620.59ms
step:551/1555 loss.item()=226321.984375 train_time:342102ms step_avg:620.87ms
step:552/1555 loss.item()=228607.5 train_time:342882ms step_avg:621.16ms
step:553/1555 loss.item()=231805.0 train_time:343658ms step_avg:621.44ms
step:554/1555 loss.item()=227018.03125 train_time:344439ms step_avg:621.73ms
step:555/1555 loss.item()=230111.0 train_time:345211ms step_avg:622.00ms
step:556/1555 loss.item()=228375.390625 train_time:345993ms step_avg:622.29ms
step:557/1555 loss.item()=225420.890625 train_time:346768ms step_avg:622.56ms
step:558/1555 loss.item()=232157.046875 train_time:347551ms step_avg:622.85ms
step:559/1555 loss.item()=227708.8125 train_time:348324ms step_avg:623.12ms
step:560/1555 loss.item()=222599.53125 train_time:349101ms step_avg:623.39ms
step:561/1555 loss.item()=222754.90625 train_time:349879ms step_avg:623.67ms
step:562/1555 loss.item()=228943.53125 train_time:350658ms step_avg:623.95ms
step:563/1555 loss.item()=227055.84375 train_time:351437ms step_avg:624.22ms
step:564/1555 loss.item()=229382.65625 train_time:352221ms step_avg:624.50ms
step:565/1555 loss.item()=226325.71875 train_time:352999ms step_avg:624.78ms
step:566/1555 loss.item()=219340.875 train_time:353996ms step_avg:625.43ms
step:567/1555 loss.item()=223467.90625 train_time:354779ms step_avg:625.71ms
step:568/1555 loss.item()=230094.53125 train_time:355561ms step_avg:625.99ms
step:569/1555 loss.item()=226188.28125 train_time:356337ms step_avg:626.25ms
step:570/1555 loss.item()=222801.140625 train_time:357118ms step_avg:626.52ms
step:571/1555 loss.item()=225304.3125 train_time:357898ms step_avg:626.79ms
step:572/1555 loss.item()=223788.609375 train_time:358681ms step_avg:627.07ms
step:573/1555 loss.item()=222807.0 train_time:359456ms step_avg:627.32ms
step:574/1555 loss.item()=224216.984375 train_time:360257ms step_avg:627.63ms
step:575/1555 loss.item()=222216.671875 train_time:361031ms step_avg:627.88ms
step:576/1555 loss.item()=224944.921875 train_time:361805ms step_avg:628.13ms
step:577/1555 loss.item()=227992.203125 train_time:362584ms step_avg:628.39ms
step:578/1555 loss.item()=220094.75 train_time:363367ms step_avg:628.66ms
step:579/1555 loss.item()=224801.25 train_time:364141ms step_avg:628.91ms
step:580/1555 loss.item()=218421.4375 train_time:364921ms step_avg:629.17ms
step:581/1555 loss.item()=215952.34375 train_time:365699ms step_avg:629.43ms
step:582/1555 loss.item()=219759.203125 train_time:366479ms step_avg:629.69ms
step:583/1555 loss.item()=217833.46875 train_time:367254ms step_avg:629.94ms
step:584/1555 loss.item()=221333.609375 train_time:368039ms step_avg:630.20ms
step:585/1555 loss.item()=224644.8125 train_time:368817ms step_avg:630.46ms
step:586/1555 loss.item()=216882.03125 train_time:369600ms step_avg:630.72ms
step:587/1555 loss.item()=224075.890625 train_time:370379ms step_avg:630.97ms
step:588/1555 loss.item()=219504.15625 train_time:371159ms step_avg:631.22ms
step:589/1555 loss.item()=221132.734375 train_time:371937ms step_avg:631.47ms
step:590/1555 loss.item()=214231.703125 train_time:372718ms step_avg:631.73ms
step:591/1555 loss.item()=212036.703125 train_time:373496ms step_avg:631.97ms
step:592/1555 loss.item()=220448.78125 train_time:374279ms step_avg:632.23ms
step:593/1555 loss.item()=217143.46875 train_time:375055ms step_avg:632.47ms
step:594/1555 loss.item()=218401.4375 train_time:375840ms step_avg:632.73ms
step:595/1555 loss.item()=215195.3125 train_time:376617ms step_avg:632.97ms
step:596/1555 loss.item()=213707.046875 train_time:377401ms step_avg:633.22ms
step:597/1555 loss.item()=216205.46875 train_time:378183ms step_avg:633.47ms
step:598/1555 loss.item()=223041.4375 train_time:378963ms step_avg:633.72ms
step:599/1555 loss.item()=224073.8125 train_time:379740ms step_avg:633.96ms
step:600/1555 loss.item()=219166.921875 train_time:380524ms step_avg:634.21ms
step:601/1555 loss.item()=215017.578125 train_time:381303ms step_avg:634.45ms
step:602/1555 loss.item()=212951.140625 train_time:382084ms step_avg:634.69ms
step:603/1555 loss.item()=219982.40625 train_time:382863ms step_avg:634.93ms
step:604/1555 loss.item()=214227.34375 train_time:383646ms step_avg:635.17ms
step:605/1555 loss.item()=219766.90625 train_time:384422ms step_avg:635.41ms
step:606/1555 loss.item()=209875.625 train_time:385203ms step_avg:635.65ms
step:607/1555 loss.item()=212262.65625 train_time:385982ms step_avg:635.89ms
step:608/1555 loss.item()=217166.109375 train_time:386763ms step_avg:636.12ms
step:609/1555 loss.item()=216721.34375 train_time:387541ms step_avg:636.36ms
step:610/1555 loss.item()=210713.90625 train_time:388322ms step_avg:636.59ms
step:611/1555 loss.item()=213856.359375 train_time:389101ms step_avg:636.83ms
step:612/1555 loss.item()=212462.4375 train_time:389883ms step_avg:637.06ms
step:613/1555 loss.item()=216538.0625 train_time:390659ms step_avg:637.29ms
step:614/1555 loss.item()=208200.96875 train_time:391438ms step_avg:637.52ms
step:615/1555 loss.item()=208069.6875 train_time:392213ms step_avg:637.74ms
step:616/1555 loss.item()=213204.6875 train_time:392993ms step_avg:637.98ms
step:617/1555 loss.item()=204489.5625 train_time:393777ms step_avg:638.21ms
step:618/1555 loss.item()=210887.46875 train_time:394560ms step_avg:638.45ms
step:619/1555 loss.item()=209499.6875 train_time:395341ms step_avg:638.68ms
step:620/1555 loss.item()=210358.375 train_time:396124ms step_avg:638.91ms
step:621/1555 loss.item()=216934.53125 train_time:396904ms step_avg:639.14ms
step:622/1555 loss.item()=209968.78125 train_time:397687ms step_avg:639.37ms
step:623/1555 loss.item()=206801.765625 train_time:398465ms step_avg:639.59ms
step:624/1555 loss.item()=207416.796875 train_time:399246ms step_avg:639.82ms
step:625/1555 loss.item()=211519.90625 train_time:400024ms step_avg:640.04ms
step:626/1555 loss.item()=209313.015625 train_time:400806ms step_avg:640.27ms
step:627/1555 loss.item()=211862.015625 train_time:401584ms step_avg:640.48ms
step:628/1555 loss.item()=208117.234375 train_time:402366ms step_avg:640.71ms
step:629/1555 loss.item()=205469.859375 train_time:403144ms step_avg:640.93ms
step:630/1555 loss.item()=212725.484375 train_time:403923ms step_avg:641.15ms
step:631/1555 loss.item()=210850.25 train_time:404706ms step_avg:641.37ms
step:632/1555 loss.item()=204069.640625 train_time:405487ms step_avg:641.59ms
step:633/1555 loss.item()=204560.90625 train_time:406262ms step_avg:641.80ms
step:634/1555 loss.item()=206389.1875 train_time:407041ms step_avg:642.02ms
step:635/1555 loss.item()=205867.984375 train_time:407821ms step_avg:642.24ms
step:636/1555 loss.item()=204502.109375 train_time:408609ms step_avg:642.47ms
step:637/1555 loss.item()=207112.96875 train_time:409385ms step_avg:642.68ms
step:638/1555 loss.item()=208283.78125 train_time:410168ms step_avg:642.90ms
step:639/1555 loss.item()=204921.515625 train_time:410945ms step_avg:643.11ms
step:640/1555 loss.item()=218584.609375 train_time:411729ms step_avg:643.33ms
step:641/1555 loss.item()=210085.546875 train_time:412507ms step_avg:643.54ms
step:642/1555 loss.item()=209144.53125 train_time:413290ms step_avg:643.75ms
step:643/1555 loss.item()=213772.1875 train_time:414066ms step_avg:643.96ms
step:644/1555 loss.item()=206050.671875 train_time:414852ms step_avg:644.18ms
step:645/1555 loss.item()=205579.625 train_time:415636ms step_avg:644.40ms
step:646/1555 loss.item()=208568.65625 train_time:416420ms step_avg:644.61ms
step:647/1555 loss.item()=208648.0 train_time:417202ms step_avg:644.83ms
step:648/1555 loss.item()=198964.125 train_time:417987ms step_avg:645.04ms
step:649/1555 loss.item()=207410.640625 train_time:418764ms step_avg:645.25ms
step:650/1555 loss.item()=209589.03125 train_time:419546ms step_avg:645.46ms
step:651/1555 loss.item()=209509.640625 train_time:420326ms step_avg:645.66ms
step:652/1555 loss.item()=199948.515625 train_time:421111ms step_avg:645.88ms
step:653/1555 loss.item()=200429.09375 train_time:421889ms step_avg:646.08ms
step:654/1555 loss.item()=203468.46875 train_time:422673ms step_avg:646.29ms
step:655/1555 loss.item()=211659.15625 train_time:423447ms step_avg:646.48ms
step:656/1555 loss.item()=202218.515625 train_time:424226ms step_avg:646.69ms
step:657/1555 loss.item()=198783.0 train_time:425005ms step_avg:646.89ms
step:658/1555 loss.item()=213178.234375 train_time:425787ms step_avg:647.09ms
step:659/1555 loss.item()=199340.78125 train_time:426568ms step_avg:647.30ms
step:660/1555 loss.item()=201745.296875 train_time:427348ms step_avg:647.50ms
step:661/1555 loss.item()=197826.796875 train_time:428128ms step_avg:647.70ms
step:662/1555 loss.item()=191139.65625 train_time:428911ms step_avg:647.90ms
step:663/1555 loss.item()=198661.671875 train_time:429692ms step_avg:648.10ms
step:664/1555 loss.item()=197746.84375 train_time:430471ms step_avg:648.30ms
step:665/1555 loss.item()=190856.59375 train_time:431252ms step_avg:648.50ms
step:666/1555 loss.item()=194973.15625 train_time:432033ms step_avg:648.70ms
step:667/1555 loss.item()=200503.65625 train_time:432814ms step_avg:648.90ms
step:668/1555 loss.item()=198523.328125 train_time:433601ms step_avg:649.10ms
step:669/1555 loss.item()=201729.125 train_time:434381ms step_avg:649.30ms
step:670/1555 loss.item()=194837.25 train_time:435164ms step_avg:649.50ms
step:671/1555 loss.item()=199673.125 train_time:435945ms step_avg:649.69ms
step:672/1555 loss.item()=200756.34375 train_time:436725ms step_avg:649.89ms
step:673/1555 loss.item()=194657.9375 train_time:437505ms step_avg:650.08ms
step:674/1555 loss.item()=201676.53125 train_time:438287ms step_avg:650.28ms
step:675/1555 loss.item()=203567.0 train_time:439065ms step_avg:650.47ms
step:676/1555 loss.item()=198838.953125 train_time:439847ms step_avg:650.66ms
step:677/1555 loss.item()=196238.484375 train_time:440624ms step_avg:650.85ms
step:678/1555 loss.item()=201498.640625 train_time:441408ms step_avg:651.04ms
step:679/1555 loss.item()=196769.25 train_time:442189ms step_avg:651.24ms
step:680/1555 loss.item()=202092.25 train_time:442964ms step_avg:651.42ms
step:681/1555 loss.item()=192864.734375 train_time:443744ms step_avg:651.61ms
step:682/1555 loss.item()=193297.25 train_time:444525ms step_avg:651.80ms
step:683/1555 loss.item()=190379.5 train_time:445303ms step_avg:651.98ms
step:684/1555 loss.item()=200870.09375 train_time:446089ms step_avg:652.18ms
step:685/1555 loss.item()=196809.125 train_time:446868ms step_avg:652.36ms
step:686/1555 loss.item()=201286.96875 train_time:447650ms step_avg:652.55ms
step:687/1555 loss.item()=192555.25 train_time:448426ms step_avg:652.73ms
step:688/1555 loss.item()=192272.3125 train_time:449208ms step_avg:652.92ms
step:689/1555 loss.item()=194383.40625 train_time:449986ms step_avg:653.10ms
step:690/1555 loss.item()=193530.03125 train_time:450769ms step_avg:653.29ms
step:691/1555 loss.item()=190672.421875 train_time:451546ms step_avg:653.47ms
step:692/1555 loss.item()=188421.25 train_time:452329ms step_avg:653.65ms
step:693/1555 loss.item()=190870.625 train_time:453107ms step_avg:653.83ms
step:694/1555 loss.item()=184263.265625 train_time:453886ms step_avg:654.01ms
step:695/1555 loss.item()=190161.015625 train_time:454663ms step_avg:654.19ms
step:696/1555 loss.item()=196547.875 train_time:455443ms step_avg:654.37ms
step:697/1555 loss.item()=190027.65625 train_time:456217ms step_avg:654.54ms
step:698/1555 loss.item()=192477.53125 train_time:456992ms step_avg:654.72ms
step:699/1555 loss.item()=198979.5625 train_time:457770ms step_avg:654.89ms
step:700/1555 loss.item()=193445.03125 train_time:458539ms step_avg:655.06ms
step:701/1555 loss.item()=191892.71875 train_time:459321ms step_avg:655.24ms
step:702/1555 loss.item()=185383.734375 train_time:460099ms step_avg:655.41ms
step:703/1555 loss.item()=190068.53125 train_time:460869ms step_avg:655.57ms
step:704/1555 loss.item()=194080.75 train_time:461642ms step_avg:655.74ms
step:705/1555 loss.item()=191716.75 train_time:462416ms step_avg:655.91ms
step:706/1555 loss.item()=191979.40625 train_time:463194ms step_avg:656.08ms
step:707/1555 loss.item()=192129.625 train_time:463965ms step_avg:656.24ms
step:708/1555 loss.item()=202814.0 train_time:464747ms step_avg:656.42ms
step:709/1555 loss.item()=195876.640625 train_time:465513ms step_avg:656.58ms
step:710/1555 loss.item()=191184.46875 train_time:466299ms step_avg:656.76ms
step:711/1555 loss.item()=196277.0 train_time:467077ms step_avg:656.93ms
step:712/1555 loss.item()=187131.59375 train_time:467854ms step_avg:657.10ms
step:713/1555 loss.item()=190449.078125 train_time:468632ms step_avg:657.27ms
step:714/1555 loss.item()=190309.90625 train_time:469412ms step_avg:657.44ms
step:715/1555 loss.item()=186583.265625 train_time:470192ms step_avg:657.61ms
step:716/1555 loss.item()=184751.734375 train_time:470967ms step_avg:657.77ms
step:717/1555 loss.item()=191385.1875 train_time:471743ms step_avg:657.94ms
step:718/1555 loss.item()=182490.28125 train_time:472522ms step_avg:658.11ms
step:719/1555 loss.item()=197668.3125 train_time:473302ms step_avg:658.28ms
step:720/1555 loss.item()=186464.90625 train_time:474081ms step_avg:658.45ms
step:721/1555 loss.item()=190182.953125 train_time:474859ms step_avg:658.61ms
step:722/1555 loss.item()=190703.90625 train_time:475640ms step_avg:658.78ms
step:723/1555 loss.item()=188973.734375 train_time:476415ms step_avg:658.94ms
step:724/1555 loss.item()=179515.015625 train_time:477195ms step_avg:659.11ms
step:725/1555 loss.item()=189016.859375 train_time:477971ms step_avg:659.27ms
step:726/1555 loss.item()=181634.609375 train_time:478747ms step_avg:659.43ms
step:727/1555 loss.item()=182195.96875 train_time:479522ms step_avg:659.59ms
step:728/1555 loss.item()=181703.1875 train_time:480300ms step_avg:659.75ms
step:729/1555 loss.item()=188855.5625 train_time:481072ms step_avg:659.91ms
step:730/1555 loss.item()=188303.609375 train_time:481828ms step_avg:660.04ms
step:731/1555 loss.item()=184566.140625 train_time:482590ms step_avg:660.18ms
step:732/1555 loss.item()=181637.703125 train_time:483347ms step_avg:660.31ms
step:733/1555 loss.item()=179058.671875 train_time:484109ms step_avg:660.45ms
step:734/1555 loss.item()=183553.75 train_time:484867ms step_avg:660.58ms
step:735/1555 loss.item()=186061.234375 train_time:485626ms step_avg:660.72ms
step:736/1555 loss.item()=178749.375 train_time:486384ms step_avg:660.85ms
step:737/1555 loss.item()=184649.875 train_time:487144ms step_avg:660.98ms
step:738/1555 loss.item()=183624.5625 train_time:487901ms step_avg:661.11ms
step:739/1555 loss.item()=184189.96875 train_time:488659ms step_avg:661.24ms
step:740/1555 loss.item()=187699.53125 train_time:489419ms step_avg:661.38ms
step:741/1555 loss.item()=186077.25 train_time:490178ms step_avg:661.51ms
step:742/1555 loss.item()=179992.21875 train_time:490935ms step_avg:661.64ms
step:743/1555 loss.item()=184574.34375 train_time:491696ms step_avg:661.77ms
step:744/1555 loss.item()=179879.0625 train_time:492453ms step_avg:661.90ms
step:745/1555 loss.item()=180385.625 train_time:493212ms step_avg:662.03ms
step:746/1555 loss.item()=179398.390625 train_time:493970ms step_avg:662.16ms
step:747/1555 loss.item()=184700.875 train_time:494731ms step_avg:662.29ms
step:748/1555 loss.item()=180413.4375 train_time:495486ms step_avg:662.41ms
step:749/1555 loss.item()=179583.671875 train_time:496245ms step_avg:662.54ms
step:750/1555 loss.item()=181596.390625 train_time:496999ms step_avg:662.66ms
step:750/1555 starting test-time training...
step:750/1555 val_step:0/320 val_loss:3.8114 chunk_loss:11183.2211 is_adam_step=False do_muon_ttt=False train_time:497009ms step_avg:662.68ms
step:750/1555 val_step:1/320 val_loss:3.8496 chunk_loss:11403.9160 is_adam_step=True do_muon_ttt=False train_time:497009ms step_avg:662.68ms
step:750/1555 val_step:2/320 val_loss:3.9064 chunk_loss:11756.9777 is_adam_step=False do_muon_ttt=False train_time:497009ms step_avg:662.68ms
step:750/1555 val_step:3/320 val_loss:3.8900 chunk_loss:11278.1745 is_adam_step=True do_muon_ttt=False train_time:497009ms step_avg:662.68ms
step:750/1555 val_step:4/320 val_loss:3.9291 chunk_loss:11915.9354 is_adam_step=False do_muon_ttt=False train_time:497009ms step_avg:662.68ms
step:750/1555 val_step:5/320 val_loss:3.9369 chunk_loss:11586.6699 is_adam_step=True do_muon_ttt=False train_time:497009ms step_avg:662.68ms
step:750/1555 val_step:6/320 val_loss:3.8834 chunk_loss:10606.0376 is_adam_step=False do_muon_ttt=False train_time:497009ms step_avg:662.68ms
step:750/1555 val_step:7/320 val_loss:3.9187 chunk_loss:12092.4355 is_adam_step=True do_muon_ttt=False train_time:497009ms step_avg:662.68ms
step:750/1555 val_step:8/320 val_loss:3.9384 chunk_loss:11869.7084 is_adam_step=False do_muon_ttt=False train_time:497009ms step_avg:662.68ms
step:750/1555 val_step:9/320 val_loss:3.9642 chunk_loss:12089.4485 is_adam_step=True do_muon_ttt=False train_time:497009ms step_avg:662.68ms
step:750/1555 val_step:10/320 val_loss:3.9749 chunk_loss:11870.0900 is_adam_step=False do_muon_ttt=False train_time:497009ms step_avg:662.68ms
step:750/1555 val_step:11/320 val_loss:3.9695 chunk_loss:11462.2095 is_adam_step=True do_muon_ttt=False train_time:497009ms step_avg:662.68ms
step:750/1555 val_step:12/320 val_loss:3.9848 chunk_loss:12061.4380 is_adam_step=False do_muon_ttt=False train_time:497009ms step_avg:662.68ms
step:750/1555 val_step:13/320 val_loss:3.9940 chunk_loss:11938.3975 is_adam_step=True do_muon_ttt=False train_time:497009ms step_avg:662.68ms
step:750/1555 val_step:14/320 val_loss:3.9980 chunk_loss:11781.2000 is_adam_step=False do_muon_ttt=False train_time:497009ms step_avg:662.68ms
step:750/1555 val_step:15/320 val_loss:4.0026 chunk_loss:11815.6119 is_adam_step=True do_muon_ttt=False train_time:497009ms step_avg:662.68ms
step:750/1555 val_step:16/320 val_loss:3.9977 chunk_loss:11433.5295 is_adam_step=False do_muon_ttt=False train_time:497009ms step_avg:662.68ms
step:750/1555 val_step:17/320 val_loss:4.0197 chunk_loss:12628.9379 is_adam_step=True do_muon_ttt=False train_time:497009ms step_avg:662.68ms
step:750/1555 val_step:18/320 val_loss:4.0168 chunk_loss:11553.9628 is_adam_step=False do_muon_ttt=False train_time:497009ms step_avg:662.68ms
step:750/1555 val_step:19/320 val_loss:4.0234 chunk_loss:12007.5207 is_adam_step=True do_muon_ttt=False train_time:497009ms step_avg:662.68ms
step:750/1555 val_step:20/320 val_loss:4.0277 chunk_loss:11948.3765 is_adam_step=False do_muon_ttt=False train_time:497009ms step_avg:662.68ms
step:750/1555 val_step:21/320 val_loss:4.0394 chunk_loss:12403.0237 is_adam_step=True do_muon_ttt=False train_time:497009ms step_avg:662.68ms
step:750/1555 val_step:22/320 val_loss:4.0405 chunk_loss:11821.3806 is_adam_step=False do_muon_ttt=False train_time:497009ms step_avg:662.68ms
step:750/1555 val_step:23/320 val_loss:4.0514 chunk_loss:12420.3228 is_adam_step=True do_muon_ttt=False train_time:497009ms step_avg:662.68ms
step:750/1555 val_step:24/320 val_loss:4.0544 chunk_loss:11925.6090 is_adam_step=False do_muon_ttt=False train_time:497009ms step_avg:662.68ms
step:750/1555 val_step:25/320 val_loss:4.0552 chunk_loss:11867.6164 is_adam_step=True do_muon_ttt=False train_time:497009ms step_avg:662.68ms
step:750/1555 val_step:26/320 val_loss:4.0703 chunk_loss:12824.2759 is_adam_step=False do_muon_ttt=False train_time:497009ms step_avg:662.68ms
step:750/1555 val_step:27/320 val_loss:4.0804 chunk_loss:12519.0674 is_adam_step=True do_muon_ttt=False train_time:497009ms step_avg:662.68ms
step:750/1555 val_step:28/320 val_loss:4.0789 chunk_loss:11722.5238 is_adam_step=False do_muon_ttt=False train_time:497009ms step_avg:662.68ms
step:750/1555 val_step:29/320 val_loss:4.0758 chunk_loss:11635.0841 is_adam_step=True do_muon_ttt=False train_time:497009ms step_avg:662.68ms
step:750/1555 val_step:30/320 val_loss:4.0764 chunk_loss:11939.8660 is_adam_step=False do_muon_ttt=False train_time:497009ms step_avg:662.68ms
step:750/1555 val_step:31/320 val_loss:4.0766 chunk_loss:11848.1570 is_adam_step=True do_muon_ttt=False train_time:497009ms step_avg:662.68ms
step:750/1555 val_step:32/320 val_loss:4.0753 chunk_loss:11759.3430 is_adam_step=False do_muon_ttt=False train_time:497009ms step_avg:662.68ms
step:750/1555 val_step:33/320 val_loss:4.0788 chunk_loss:12160.9571 is_adam_step=True do_muon_ttt=False train_time:497009ms step_avg:662.68ms
step:750/1555 val_step:34/320 val_loss:4.0822 chunk_loss:12187.3165 is_adam_step=False do_muon_ttt=False train_time:497009ms step_avg:662.68ms
step:750/1555 val_step:35/320 val_loss:4.0837 chunk_loss:11986.1439 is_adam_step=True do_muon_ttt=False train_time:497009ms step_avg:662.68ms
step:750/1555 val_step:36/320 val_loss:4.0876 chunk_loss:12313.3638 is_adam_step=False do_muon_ttt=False train_time:497009ms step_avg:662.68ms
step:750/1555 val_step:37/320 val_loss:4.0916 chunk_loss:12191.0255 is_adam_step=True do_muon_ttt=False train_time:497009ms step_avg:662.68ms
step:750/1555 val_step:38/320 val_loss:4.0872 chunk_loss:11443.2753 is_adam_step=False do_muon_ttt=False train_time:497009ms step_avg:662.68ms
step:750/1555 val_step:39/320 val_loss:4.0921 chunk_loss:12449.7021 is_adam_step=True do_muon_ttt=False train_time:497009ms step_avg:662.68ms
step:750/1555 val_step:40/320 val_loss:4.0989 chunk_loss:12640.0208 is_adam_step=False do_muon_ttt=False train_time:497009ms step_avg:662.68ms
step:750/1555 val_step:41/320 val_loss:4.1061 chunk_loss:12631.3571 is_adam_step=True do_muon_ttt=False train_time:497009ms step_avg:662.68ms
step:750/1555 val_step:42/320 val_loss:4.1084 chunk_loss:12226.4742 is_adam_step=False do_muon_ttt=False train_time:497009ms step_avg:662.68ms
step:750/1555 val_step:43/320 val_loss:4.1116 chunk_loss:12230.2893 is_adam_step=True do_muon_ttt=False train_time:497009ms step_avg:662.68ms
step:750/1555 val_step:44/320 val_loss:4.1190 chunk_loss:12713.3658 is_adam_step=False do_muon_ttt=False train_time:497009ms step_avg:662.68ms
step:750/1555 val_step:45/320 val_loss:4.1215 chunk_loss:12223.5767 is_adam_step=True do_muon_ttt=False train_time:497009ms step_avg:662.68ms
step:750/1555 val_step:46/320 val_loss:4.1240 chunk_loss:12293.0147 is_adam_step=False do_muon_ttt=False train_time:497009ms step_avg:662.68ms
step:750/1555 val_step:47/320 val_loss:4.1269 chunk_loss:12371.4089 is_adam_step=True do_muon_ttt=False train_time:497009ms step_avg:662.68ms
step:750/1555 val_step:48/320 val_loss:4.1275 chunk_loss:12059.5794 is_adam_step=False do_muon_ttt=False train_time:497009ms step_avg:662.68ms
step:750/1555 val_step:49/320 val_loss:4.1281 chunk_loss:12076.1367 is_adam_step=True do_muon_ttt=False train_time:497009ms step_avg:662.68ms
step:750/1555 val_step:50/320 val_loss:4.1290 chunk_loss:12145.5340 is_adam_step=False do_muon_ttt=False train_time:497009ms step_avg:662.68ms
step:750/1555 val_step:51/320 val_loss:4.1292 chunk_loss:12043.9393 is_adam_step=True do_muon_ttt=False train_time:497009ms step_avg:662.68ms
step:750/1555 val_step:52/320 val_loss:4.1322 chunk_loss:12413.1154 is_adam_step=False do_muon_ttt=False train_time:497009ms step_avg:662.68ms
step:750/1555 val_step:53/320 val_loss:4.1335 chunk_loss:12153.2100 is_adam_step=True do_muon_ttt=False train_time:497009ms step_avg:662.68ms
step:750/1555 val_step:54/320 val_loss:4.1319 chunk_loss:11833.7486 is_adam_step=False do_muon_ttt=False train_time:497009ms step_avg:662.68ms
step:750/1555 val_step:55/320 val_loss:4.1313 chunk_loss:11881.3719 is_adam_step=True do_muon_ttt=False train_time:497009ms step_avg:662.68ms
step:750/1555 val_step:56/320 val_loss:4.1312 chunk_loss:11957.2706 is_adam_step=False do_muon_ttt=False train_time:497009ms step_avg:662.68ms
step:750/1555 val_step:57/320 val_loss:4.1325 chunk_loss:12276.4509 is_adam_step=True do_muon_ttt=False train_time:497009ms step_avg:662.68ms
step:750/1555 val_step:58/320 val_loss:4.1340 chunk_loss:12183.8924 is_adam_step=False do_muon_ttt=False train_time:497009ms step_avg:662.68ms
step:750/1555 val_step:59/320 val_loss:4.1369 chunk_loss:12399.9526 is_adam_step=True do_muon_ttt=False train_time:497009ms step_avg:662.68ms
step:750/1555 val_step:60/320 val_loss:4.1372 chunk_loss:12012.1733 is_adam_step=False do_muon_ttt=False train_time:497009ms step_avg:662.68ms
step:750/1555 val_step:61/320 val_loss:4.1385 chunk_loss:12158.6202 is_adam_step=True do_muon_ttt=False train_time:497009ms step_avg:662.68ms
step:750/1555 val_step:62/320 val_loss:4.1399 chunk_loss:12183.1275 is_adam_step=False do_muon_ttt=False train_time:497009ms step_avg:662.68ms
step:750/1555 val_step:63/320 val_loss:4.1414 chunk_loss:12233.0480 is_adam_step=True do_muon_ttt=False train_time:497009ms step_avg:662.68ms
step:750/1555 val_step:64/320 val_loss:4.1442 chunk_loss:12450.9720 is_adam_step=False do_muon_ttt=False train_time:497009ms step_avg:662.68ms
step:750/1555 val_step:65/320 val_loss:4.1475 chunk_loss:12536.3146 is_adam_step=True do_muon_ttt=False train_time:497009ms step_avg:662.68ms
step:750/1555 val_step:66/320 val_loss:4.1515 chunk_loss:12647.4354 is_adam_step=False do_muon_ttt=False train_time:497009ms step_avg:662.68ms
step:750/1555 val_step:67/320 val_loss:4.1530 chunk_loss:12279.7949 is_adam_step=True do_muon_ttt=False train_time:497009ms step_avg:662.68ms
step:750/1555 val_step:68/320 val_loss:4.1526 chunk_loss:11914.6340 is_adam_step=False do_muon_ttt=False train_time:497009ms step_avg:662.68ms
step:750/1555 val_step:69/320 val_loss:4.1540 chunk_loss:12270.9037 is_adam_step=True do_muon_ttt=False train_time:497009ms step_avg:662.68ms
step:750/1555 val_step:70/320 val_loss:4.1540 chunk_loss:12048.0372 is_adam_step=False do_muon_ttt=False train_time:497009ms step_avg:662.68ms
step:750/1555 val_step:71/320 val_loss:4.1524 chunk_loss:11748.8663 is_adam_step=True do_muon_ttt=False train_time:497009ms step_avg:662.68ms
step:750/1555 val_step:72/320 val_loss:4.1513 chunk_loss:11859.1859 is_adam_step=False do_muon_ttt=False train_time:497009ms step_avg:662.68ms
step:750/1555 val_step:73/320 val_loss:4.1521 chunk_loss:12218.7202 is_adam_step=True do_muon_ttt=False train_time:497009ms step_avg:662.68ms
step:750/1555 val_step:74/320 val_loss:4.1558 chunk_loss:12724.9977 is_adam_step=False do_muon_ttt=False train_time:497009ms step_avg:662.68ms
step:750/1555 val_step:75/320 val_loss:4.1571 chunk_loss:12286.6707 is_adam_step=True do_muon_ttt=False train_time:497009ms step_avg:662.68ms
step:750/1555 val_step:76/320 val_loss:4.1567 chunk_loss:11958.8145 is_adam_step=False do_muon_ttt=False train_time:497009ms step_avg:662.68ms
step:750/1555 val_step:77/320 val_loss:4.1593 chunk_loss:12580.8353 is_adam_step=True do_muon_ttt=False train_time:497009ms step_avg:662.68ms
step:750/1555 val_step:78/320 val_loss:4.1584 chunk_loss:11889.3204 is_adam_step=False do_muon_ttt=False train_time:497009ms step_avg:662.68ms
step:750/1555 val_step:79/320 val_loss:4.1577 chunk_loss:11980.8074 is_adam_step=True do_muon_ttt=False train_time:497009ms step_avg:662.68ms
step:750/1555 val_step:80/320 val_loss:4.1569 chunk_loss:11912.1231 is_adam_step=False do_muon_ttt=False train_time:497009ms step_avg:662.68ms
step:750/1555 val_step:81/320 val_loss:4.1555 chunk_loss:11786.5303 is_adam_step=True do_muon_ttt=False train_time:497009ms step_avg:662.68ms
step:750/1555 val_step:82/320 val_loss:4.1566 chunk_loss:12292.7222 is_adam_step=False do_muon_ttt=False train_time:497009ms step_avg:662.68ms
step:750/1555 val_step:83/320 val_loss:4.1551 chunk_loss:11764.6046 is_adam_step=True do_muon_ttt=False train_time:497009ms step_avg:662.68ms
step:750/1555 val_step:84/320 val_loss:4.1564 chunk_loss:12343.8050 is_adam_step=False do_muon_ttt=False train_time:497009ms step_avg:662.68ms
step:750/1555 val_step:85/320 val_loss:4.1569 chunk_loss:12183.6567 is_adam_step=True do_muon_ttt=False train_time:497009ms step_avg:662.68ms
step:750/1555 val_step:86/320 val_loss:4.1581 chunk_loss:12338.3694 is_adam_step=False do_muon_ttt=False train_time:497009ms step_avg:662.68ms
step:750/1555 val_step:87/320 val_loss:4.1584 chunk_loss:12102.1822 is_adam_step=True do_muon_ttt=False train_time:497009ms step_avg:662.68ms
step:750/1555 val_step:88/320 val_loss:4.1594 chunk_loss:12311.1773 is_adam_step=False do_muon_ttt=False train_time:497009ms step_avg:662.68ms
step:750/1555 val_step:89/320 val_loss:4.1604 chunk_loss:12267.4634 is_adam_step=True do_muon_ttt=False train_time:497009ms step_avg:662.68ms
step:750/1555 val_step:90/320 val_loss:4.1594 chunk_loss:11830.9775 is_adam_step=False do_muon_ttt=False train_time:497009ms step_avg:662.68ms
step:750/1555 val_step:91/320 val_loss:4.1582 chunk_loss:11785.2782 is_adam_step=True do_muon_ttt=False train_time:497009ms step_avg:662.68ms
step:750/1555 val_step:92/320 val_loss:4.1600 chunk_loss:12455.6299 is_adam_step=False do_muon_ttt=False train_time:497009ms step_avg:662.68ms
step:750/1555 val_step:93/320 val_loss:4.1612 chunk_loss:12296.7829 is_adam_step=True do_muon_ttt=False train_time:497009ms step_avg:662.68ms
step:750/1555 val_step:94/320 val_loss:4.1621 chunk_loss:12279.3171 is_adam_step=False do_muon_ttt=False train_time:497009ms step_avg:662.68ms
step:750/1555 val_step:95/320 val_loss:4.1626 chunk_loss:12185.7222 is_adam_step=True do_muon_ttt=False train_time:497009ms step_avg:662.68ms
step:750/1555 val_step:96/320 val_loss:4.1640 chunk_loss:12339.5998 is_adam_step=False do_muon_ttt=False train_time:497009ms step_avg:662.68ms
step:750/1555 val_step:97/320 val_loss:4.1677 chunk_loss:12928.6179 is_adam_step=True do_muon_ttt=False train_time:497009ms step_avg:662.68ms
step:750/1555 val_step:98/320 val_loss:4.1688 chunk_loss:12363.6418 is_adam_step=False do_muon_ttt=False train_time:497009ms step_avg:662.68ms
step:750/1555 val_step:99/320 val_loss:4.1695 chunk_loss:12250.0466 is_adam_step=True do_muon_ttt=False train_time:497009ms step_avg:662.68ms
step:750/1555 val_step:100/320 val_loss:4.1697 chunk_loss:12077.8184 is_adam_step=False do_muon_ttt=False train_time:497009ms step_avg:662.68ms
step:750/1555 val_step:101/320 val_loss:4.1692 chunk_loss:11890.3426 is_adam_step=True do_muon_ttt=False train_time:497009ms step_avg:662.68ms
step:750/1555 val_step:102/320 val_loss:4.1701 chunk_loss:12262.5537 is_adam_step=False do_muon_ttt=False train_time:497009ms step_avg:662.68ms
step:750/1555 val_step:103/320 val_loss:4.1720 chunk_loss:12600.8868 is_adam_step=True do_muon_ttt=False train_time:497009ms step_avg:662.68ms
step:750/1555 val_step:104/320 val_loss:4.1718 chunk_loss:12053.2974 is_adam_step=False do_muon_ttt=False train_time:497009ms step_avg:662.68ms
step:750/1555 val_step:105/320 val_loss:4.1718 chunk_loss:12082.2961 is_adam_step=True do_muon_ttt=False train_time:497009ms step_avg:662.68ms
step:750/1555 val_step:106/320 val_loss:4.1699 chunk_loss:11583.1472 is_adam_step=False do_muon_ttt=False train_time:497009ms step_avg:662.68ms
step:750/1555 val_step:107/320 val_loss:4.1694 chunk_loss:11930.6870 is_adam_step=True do_muon_ttt=False train_time:497009ms step_avg:662.68ms
step:750/1555 val_step:108/320 val_loss:4.1689 chunk_loss:11953.3986 is_adam_step=False do_muon_ttt=False train_time:497009ms step_avg:662.68ms
step:750/1555 val_step:109/320 val_loss:4.1691 chunk_loss:12142.4050 is_adam_step=True do_muon_ttt=False train_time:497009ms step_avg:662.68ms
step:750/1555 val_step:110/320 val_loss:4.1689 chunk_loss:12012.3824 is_adam_step=False do_muon_ttt=False train_time:497009ms step_avg:662.68ms
step:750/1555 val_step:111/320 val_loss:4.1701 chunk_loss:12441.9524 is_adam_step=True do_muon_ttt=False train_time:497009ms step_avg:662.68ms
step:750/1555 val_step:112/320 val_loss:4.1698 chunk_loss:11929.0167 is_adam_step=False do_muon_ttt=False train_time:497009ms step_avg:662.68ms
step:750/1555 val_step:113/320 val_loss:4.1687 chunk_loss:11756.3099 is_adam_step=True do_muon_ttt=False train_time:497009ms step_avg:662.68ms
step:750/1555 val_step:114/320 val_loss:4.1671 chunk_loss:11651.4955 is_adam_step=False do_muon_ttt=False train_time:497009ms step_avg:662.68ms
step:750/1555 val_step:115/320 val_loss:4.1658 chunk_loss:11673.8139 is_adam_step=True do_muon_ttt=False train_time:497009ms step_avg:662.68ms
step:750/1555 val_step:116/320 val_loss:4.1658 chunk_loss:12062.0438 is_adam_step=False do_muon_ttt=False train_time:497009ms step_avg:662.68ms
step:750/1555 val_step:117/320 val_loss:4.1663 chunk_loss:12231.4949 is_adam_step=True do_muon_ttt=False train_time:497009ms step_avg:662.68ms
step:750/1555 val_step:118/320 val_loss:4.1672 chunk_loss:12378.4890 is_adam_step=False do_muon_ttt=False train_time:497009ms step_avg:662.68ms
step:750/1555 val_step:119/320 val_loss:4.1669 chunk_loss:11972.2896 is_adam_step=True do_muon_ttt=False train_time:497009ms step_avg:662.68ms
step:750/1555 val_step:120/320 val_loss:4.1675 chunk_loss:12293.2422 is_adam_step=False do_muon_ttt=False train_time:497009ms step_avg:662.68ms
step:750/1555 val_step:121/320 val_loss:4.1675 chunk_loss:12079.6357 is_adam_step=True do_muon_ttt=False train_time:497009ms step_avg:662.68ms
step:750/1555 val_step:122/320 val_loss:4.1675 chunk_loss:12107.8281 is_adam_step=False do_muon_ttt=False train_time:497009ms step_avg:662.68ms
step:750/1555 val_step:123/320 val_loss:4.1674 chunk_loss:12116.4929 is_adam_step=True do_muon_ttt=False train_time:497009ms step_avg:662.68ms
step:750/1555 val_step:124/320 val_loss:4.1678 chunk_loss:12258.6674 is_adam_step=False do_muon_ttt=False train_time:497009ms step_avg:662.68ms
step:750/1555 val_step:125/320 val_loss:4.1685 chunk_loss:12319.4841 is_adam_step=True do_muon_ttt=False train_time:497009ms step_avg:662.68ms
step:750/1555 val_step:126/320 val_loss:4.1670 chunk_loss:11632.9891 is_adam_step=False do_muon_ttt=False train_time:497009ms step_avg:662.68ms
step:750/1555 val_step:127/320 val_loss:4.1677 chunk_loss:12289.6225 is_adam_step=True do_muon_ttt=False train_time:497009ms step_avg:662.68ms
step:750/1555 val_step:128/320 val_loss:4.1672 chunk_loss:11969.2651 is_adam_step=False do_muon_ttt=False train_time:497009ms step_avg:662.68ms
step:750/1555 val_step:129/320 val_loss:4.1659 chunk_loss:11694.9751 is_adam_step=True do_muon_ttt=False train_time:497009ms step_avg:662.68ms
step:750/1555 val_step:130/320 val_loss:4.1662 chunk_loss:12172.6724 is_adam_step=False do_muon_ttt=False train_time:497009ms step_avg:662.68ms
step:750/1555 val_step:131/320 val_loss:4.1658 chunk_loss:11945.8551 is_adam_step=True do_muon_ttt=False train_time:497009ms step_avg:662.68ms
step:750/1555 val_step:132/320 val_loss:4.1679 chunk_loss:12766.9899 is_adam_step=False do_muon_ttt=False train_time:497009ms step_avg:662.68ms
step:750/1555 val_step:133/320 val_loss:4.1694 chunk_loss:12580.2657 is_adam_step=True do_muon_ttt=False train_time:497009ms step_avg:662.68ms
step:750/1555 val_step:134/320 val_loss:4.1693 chunk_loss:11929.0291 is_adam_step=False do_muon_ttt=False train_time:497009ms step_avg:662.68ms
step:750/1555 val_step:135/320 val_loss:4.1689 chunk_loss:11987.1715 is_adam_step=True do_muon_ttt=False train_time:497009ms step_avg:662.68ms
step:750/1555 val_step:136/320 val_loss:4.1693 chunk_loss:12163.0421 is_adam_step=False do_muon_ttt=False train_time:497009ms step_avg:662.68ms
step:750/1555 val_step:137/320 val_loss:4.1700 chunk_loss:12312.9983 is_adam_step=True do_muon_ttt=False train_time:497009ms step_avg:662.68ms
step:750/1555 val_step:138/320 val_loss:4.1720 chunk_loss:12782.9384 is_adam_step=False do_muon_ttt=False train_time:497009ms step_avg:662.68ms
step:750/1555 val_step:139/320 val_loss:4.1726 chunk_loss:12305.7258 is_adam_step=True do_muon_ttt=False train_time:497009ms step_avg:662.68ms
step:750/1555 val_step:140/320 val_loss:4.1727 chunk_loss:12119.9872 is_adam_step=False do_muon_ttt=False train_time:497009ms step_avg:662.68ms
step:750/1555 val_step:141/320 val_loss:4.1727 chunk_loss:12049.2045 is_adam_step=True do_muon_ttt=False train_time:497009ms step_avg:662.68ms
step:750/1555 val_step:142/320 val_loss:4.1731 chunk_loss:12206.1298 is_adam_step=False do_muon_ttt=False train_time:497009ms step_avg:662.68ms
step:750/1555 val_step:143/320 val_loss:4.1744 chunk_loss:12552.9750 is_adam_step=True do_muon_ttt=False train_time:497009ms step_avg:662.68ms
step:750/1555 val_step:144/320 val_loss:4.1754 chunk_loss:12435.4725 is_adam_step=False do_muon_ttt=False train_time:497009ms step_avg:662.68ms
step:750/1555 val_step:145/320 val_loss:4.1749 chunk_loss:11946.7678 is_adam_step=True do_muon_ttt=False train_time:497009ms step_avg:662.68ms
step:750/1555 val_step:146/320 val_loss:4.1751 chunk_loss:12123.2163 is_adam_step=False do_muon_ttt=False train_time:497009ms step_avg:662.68ms
step:750/1555 val_step:147/320 val_loss:4.1756 chunk_loss:12253.8385 is_adam_step=True do_muon_ttt=False train_time:497009ms step_avg:662.68ms
step:750/1555 val_step:148/320 val_loss:4.1762 chunk_loss:12326.5581 is_adam_step=False do_muon_ttt=False train_time:497009ms step_avg:662.68ms
step:750/1555 val_step:149/320 val_loss:4.1751 chunk_loss:11722.8610 is_adam_step=True do_muon_ttt=False train_time:497009ms step_avg:662.68ms
step:750/1555 val_step:150/320 val_loss:4.1745 chunk_loss:11833.2017 is_adam_step=False do_muon_ttt=False train_time:497009ms step_avg:662.68ms
step:750/1555 val_step:151/320 val_loss:4.1745 chunk_loss:12125.9949 is_adam_step=True do_muon_ttt=False train_time:497009ms step_avg:662.68ms
step:750/1555 val_step:152/320 val_loss:4.1734 chunk_loss:11680.5886 is_adam_step=False do_muon_ttt=False train_time:497009ms step_avg:662.68ms
step:750/1555 val_step:153/320 val_loss:4.1726 chunk_loss:11809.7131 is_adam_step=True do_muon_ttt=False train_time:497009ms step_avg:662.68ms
step:750/1555 val_step:154/320 val_loss:4.1723 chunk_loss:11933.9734 is_adam_step=False do_muon_ttt=False train_time:497009ms step_avg:662.68ms
step:750/1555 val_step:155/320 val_loss:4.1728 chunk_loss:12312.6625 is_adam_step=True do_muon_ttt=False train_time:497009ms step_avg:662.68ms
step:750/1555 val_step:156/320 val_loss:4.1727 chunk_loss:12016.1412 is_adam_step=False do_muon_ttt=False train_time:497009ms step_avg:662.68ms
step:750/1555 val_step:157/320 val_loss:4.1729 chunk_loss:12236.0109 is_adam_step=True do_muon_ttt=False train_time:497009ms step_avg:662.68ms
step:750/1555 val_step:158/320 val_loss:4.1729 chunk_loss:12073.8955 is_adam_step=False do_muon_ttt=False train_time:497009ms step_avg:662.68ms
step:750/1555 val_step:159/320 val_loss:4.1728 chunk_loss:12044.6534 is_adam_step=True do_muon_ttt=False train_time:497009ms step_avg:662.68ms
step:750/1555 val_step:160/320 val_loss:4.1738 chunk_loss:12517.3541 is_adam_step=False do_muon_ttt=False train_time:497009ms step_avg:662.68ms
step:750/1555 val_step:161/320 val_loss:4.1737 chunk_loss:12067.9525 is_adam_step=True do_muon_ttt=False train_time:497009ms step_avg:662.68ms
step:750/1555 val_step:162/320 val_loss:4.1741 chunk_loss:12266.8678 is_adam_step=False do_muon_ttt=False train_time:497009ms step_avg:662.68ms
step:750/1555 val_step:163/320 val_loss:4.1735 chunk_loss:11848.1989 is_adam_step=True do_muon_ttt=False train_time:497009ms step_avg:662.68ms
step:750/1555 val_step:164/320 val_loss:4.1732 chunk_loss:11949.8212 is_adam_step=False do_muon_ttt=False train_time:497009ms step_avg:662.68ms
step:750/1555 val_step:165/320 val_loss:4.1755 chunk_loss:13031.2205 is_adam_step=True do_muon_ttt=False train_time:497009ms step_avg:662.68ms
step:750/1555 val_step:166/320 val_loss:4.1762 chunk_loss:12322.5858 is_adam_step=False do_muon_ttt=False train_time:497009ms step_avg:662.68ms
step:750/1555 val_step:167/320 val_loss:4.1770 chunk_loss:12462.5930 is_adam_step=True do_muon_ttt=False train_time:497009ms step_avg:662.68ms
step:750/1555 val_step:168/320 val_loss:4.1772 chunk_loss:12210.8588 is_adam_step=False do_muon_ttt=False train_time:497009ms step_avg:662.68ms
step:750/1555 val_step:169/320 val_loss:4.1775 chunk_loss:12285.2733 is_adam_step=True do_muon_ttt=False train_time:497009ms step_avg:662.68ms
step:750/1555 val_step:170/320 val_loss:4.1773 chunk_loss:11979.6946 is_adam_step=False do_muon_ttt=False train_time:497009ms step_avg:662.68ms
step:750/1555 val_step:171/320 val_loss:4.1764 chunk_loss:11678.1183 is_adam_step=True do_muon_ttt=False train_time:497009ms step_avg:662.68ms
step:750/1555 val_step:172/320 val_loss:4.1765 chunk_loss:12191.1920 is_adam_step=False do_muon_ttt=False train_time:497009ms step_avg:662.68ms
step:750/1555 val_step:173/320 val_loss:4.1759 chunk_loss:11852.0566 is_adam_step=True do_muon_ttt=False train_time:497009ms step_avg:662.68ms
step:750/1555 val_step:174/320 val_loss:4.1774 chunk_loss:12744.7603 is_adam_step=False do_muon_ttt=False train_time:497009ms step_avg:662.68ms
step:750/1555 val_step:175/320 val_loss:4.1770 chunk_loss:11949.2949 is_adam_step=True do_muon_ttt=False train_time:497009ms step_avg:662.68ms
step:750/1555 val_step:176/320 val_loss:4.1775 chunk_loss:12337.6198 is_adam_step=False do_muon_ttt=False train_time:497009ms step_avg:662.68ms
step:750/1555 val_step:177/320 val_loss:4.1761 chunk_loss:11434.5633 is_adam_step=True do_muon_ttt=False train_time:497009ms step_avg:662.68ms
step:750/1555 val_step:178/320 val_loss:4.1761 chunk_loss:12089.1229 is_adam_step=False do_muon_ttt=False train_time:497009ms step_avg:662.68ms
step:750/1555 val_step:179/320 val_loss:4.1762 chunk_loss:12110.8474 is_adam_step=True do_muon_ttt=False train_time:497009ms step_avg:662.68ms
step:750/1555 val_step:180/320 val_loss:4.1754 chunk_loss:11678.0316 is_adam_step=False do_muon_ttt=False train_time:497009ms step_avg:662.68ms
step:750/1555 val_step:181/320 val_loss:4.1757 chunk_loss:12253.9864 is_adam_step=True do_muon_ttt=False train_time:497009ms step_avg:662.68ms
step:750/1555 val_step:182/320 val_loss:4.1742 chunk_loss:11366.6830 is_adam_step=False do_muon_ttt=False train_time:497009ms step_avg:662.68ms
step:750/1555 val_step:183/320 val_loss:4.1752 chunk_loss:12639.2973 is_adam_step=True do_muon_ttt=False train_time:497009ms step_avg:662.68ms
step:750/1555 val_step:184/320 val_loss:4.1743 chunk_loss:11699.9559 is_adam_step=False do_muon_ttt=False train_time:497009ms step_avg:662.68ms
step:750/1555 val_step:185/320 val_loss:4.1727 chunk_loss:11403.6279 is_adam_step=True do_muon_ttt=False train_time:497009ms step_avg:662.68ms
step:750/1555 val_step:186/320 val_loss:4.1722 chunk_loss:11875.5163 is_adam_step=False do_muon_ttt=False train_time:497009ms step_avg:662.68ms
step:750/1555 val_step:187/320 val_loss:4.1717 chunk_loss:11843.1761 is_adam_step=True do_muon_ttt=False train_time:497009ms step_avg:662.68ms
step:750/1555 val_step:188/320 val_loss:4.1724 chunk_loss:12385.8267 is_adam_step=False do_muon_ttt=False train_time:497009ms step_avg:662.68ms
step:750/1555 val_step:189/320 val_loss:4.1711 chunk_loss:11512.5563 is_adam_step=True do_muon_ttt=False train_time:497009ms step_avg:662.68ms
step:750/1555 val_step:190/320 val_loss:4.1708 chunk_loss:11921.3939 is_adam_step=False do_muon_ttt=False train_time:497009ms step_avg:662.68ms
step:750/1555 val_step:191/320 val_loss:4.1704 chunk_loss:11886.3450 is_adam_step=True do_muon_ttt=False train_time:497009ms step_avg:662.68ms
step:750/1555 val_step:192/320 val_loss:4.1702 chunk_loss:11982.9088 is_adam_step=False do_muon_ttt=False train_time:497009ms step_avg:662.68ms
step:750/1555 val_step:193/320 val_loss:4.1703 chunk_loss:12159.7173 is_adam_step=True do_muon_ttt=False train_time:497009ms step_avg:662.68ms
step:750/1555 val_step:194/320 val_loss:4.1711 chunk_loss:12493.0931 is_adam_step=False do_muon_ttt=False train_time:497009ms step_avg:662.68ms
step:750/1555 val_step:195/320 val_loss:4.1704 chunk_loss:11828.7773 is_adam_step=True do_muon_ttt=False train_time:497009ms step_avg:662.68ms
step:750/1555 val_step:196/320 val_loss:4.1703 chunk_loss:12060.1262 is_adam_step=False do_muon_ttt=False train_time:497009ms step_avg:662.68ms
step:750/1555 val_step:197/320 val_loss:4.1706 chunk_loss:12274.2308 is_adam_step=True do_muon_ttt=False train_time:497009ms step_avg:662.68ms
step:750/1555 val_step:198/320 val_loss:4.1712 chunk_loss:12377.8835 is_adam_step=False do_muon_ttt=False train_time:497009ms step_avg:662.68ms
step:750/1555 val_step:199/320 val_loss:4.1709 chunk_loss:11972.3770 is_adam_step=True do_muon_ttt=False train_time:497009ms step_avg:662.68ms
step:750/1555 val_step:200/320 val_loss:4.1705 chunk_loss:11919.9443 is_adam_step=False do_muon_ttt=False train_time:497009ms step_avg:662.68ms
step:750/1555 val_step:201/320 val_loss:4.1690 chunk_loss:11503.5693 is_adam_step=True do_muon_ttt=False train_time:497009ms step_avg:662.68ms
step:750/1555 val_step:202/320 val_loss:4.1703 chunk_loss:12674.1031 is_adam_step=False do_muon_ttt=False train_time:497009ms step_avg:662.68ms
step:750/1555 val_step:203/320 val_loss:4.1698 chunk_loss:11845.5696 is_adam_step=True do_muon_ttt=False train_time:497009ms step_avg:662.68ms
step:750/1555 val_step:204/320 val_loss:4.1693 chunk_loss:11863.2756 is_adam_step=False do_muon_ttt=False train_time:497009ms step_avg:662.68ms
step:750/1555 val_step:205/320 val_loss:4.1700 chunk_loss:12416.0826 is_adam_step=True do_muon_ttt=False train_time:497009ms step_avg:662.68ms
step:750/1555 val_step:206/320 val_loss:4.1697 chunk_loss:12004.3501 is_adam_step=False do_muon_ttt=False train_time:497009ms step_avg:662.68ms
step:750/1555 val_step:207/320 val_loss:4.1697 chunk_loss:12088.0787 is_adam_step=True do_muon_ttt=False train_time:497009ms step_avg:662.68ms
step:750/1555 val_step:208/320 val_loss:4.1685 chunk_loss:11487.8566 is_adam_step=False do_muon_ttt=False train_time:497009ms step_avg:662.68ms
step:750/1555 val_step:209/320 val_loss:4.1690 chunk_loss:12290.1281 is_adam_step=True do_muon_ttt=False train_time:497009ms step_avg:662.68ms
step:750/1555 val_step:210/320 val_loss:4.1677 chunk_loss:11414.0294 is_adam_step=False do_muon_ttt=False train_time:497009ms step_avg:662.68ms
step:750/1555 val_step:211/320 val_loss:4.1672 chunk_loss:11832.7407 is_adam_step=True do_muon_ttt=False train_time:497009ms step_avg:662.68ms
step:750/1555 val_step:212/320 val_loss:4.1687 chunk_loss:12789.3397 is_adam_step=False do_muon_ttt=False train_time:497009ms step_avg:662.68ms
step:750/1555 val_step:213/320 val_loss:4.1685 chunk_loss:12020.1368 is_adam_step=True do_muon_ttt=False train_time:497009ms step_avg:662.68ms
step:750/1555 val_step:214/320 val_loss:4.1694 chunk_loss:12483.0635 is_adam_step=False do_muon_ttt=False train_time:497009ms step_avg:662.68ms
step:750/1555 val_step:215/320 val_loss:4.1683 chunk_loss:11543.7684 is_adam_step=True do_muon_ttt=False train_time:497009ms step_avg:662.68ms
step:750/1555 val_step:216/320 val_loss:4.1679 chunk_loss:11850.5472 is_adam_step=False do_muon_ttt=False train_time:497009ms step_avg:662.68ms
step:750/1555 val_step:217/320 val_loss:4.1687 chunk_loss:12505.6475 is_adam_step=True do_muon_ttt=False train_time:497009ms step_avg:662.68ms
step:750/1555 val_step:218/320 val_loss:4.1687 chunk_loss:12094.2476 is_adam_step=False do_muon_ttt=False train_time:497009ms step_avg:662.68ms
step:750/1555 val_step:219/320 val_loss:4.1688 chunk_loss:12111.5052 is_adam_step=True do_muon_ttt=False train_time:497009ms step_avg:662.68ms
step:750/1555 val_step:220/320 val_loss:4.1690 chunk_loss:12144.2062 is_adam_step=False do_muon_ttt=False train_time:497009ms step_avg:662.68ms
step:750/1555 val_step:221/320 val_loss:4.1690 chunk_loss:12053.3918 is_adam_step=True do_muon_ttt=False train_time:497009ms step_avg:662.68ms
step:750/1555 val_step:222/320 val_loss:4.1690 chunk_loss:12118.1666 is_adam_step=False do_muon_ttt=False train_time:497009ms step_avg:662.68ms
step:750/1555 val_step:223/320 val_loss:4.1689 chunk_loss:12040.5363 is_adam_step=True do_muon_ttt=False train_time:497009ms step_avg:662.68ms
step:750/1555 val_step:224/320 val_loss:4.1684 chunk_loss:11854.9710 is_adam_step=False do_muon_ttt=False train_time:497009ms step_avg:662.68ms
step:750/1555 val_step:225/320 val_loss:4.1679 chunk_loss:11819.5553 is_adam_step=True do_muon_ttt=False train_time:497009ms step_avg:662.68ms
step:750/1555 val_step:226/320 val_loss:4.1673 chunk_loss:11743.0215 is_adam_step=False do_muon_ttt=False train_time:497009ms step_avg:662.68ms
step:750/1555 val_step:227/320 val_loss:4.1674 chunk_loss:12101.2526 is_adam_step=True do_muon_ttt=False train_time:497009ms step_avg:662.68ms
step:750/1555 val_step:228/320 val_loss:4.1676 chunk_loss:12167.7596 is_adam_step=False do_muon_ttt=False train_time:497009ms step_avg:662.68ms
step:750/1555 val_step:229/320 val_loss:4.1682 chunk_loss:12421.8439 is_adam_step=True do_muon_ttt=False train_time:497009ms step_avg:662.68ms
step:750/1555 val_step:230/320 val_loss:4.1681 chunk_loss:12019.5569 is_adam_step=False do_muon_ttt=False train_time:497009ms step_avg:662.68ms
step:750/1555 val_step:231/320 val_loss:4.1681 chunk_loss:12086.0112 is_adam_step=True do_muon_ttt=False train_time:497009ms step_avg:662.68ms
step:750/1555 val_step:232/320 val_loss:4.1686 chunk_loss:12396.3353 is_adam_step=False do_muon_ttt=False train_time:497009ms step_avg:662.68ms
step:750/1555 val_step:233/320 val_loss:4.1687 chunk_loss:12118.4354 is_adam_step=True do_muon_ttt=False train_time:497009ms step_avg:662.68ms
step:750/1555 val_step:234/320 val_loss:4.1687 chunk_loss:12153.8716 is_adam_step=False do_muon_ttt=False train_time:497009ms step_avg:662.68ms
step:750/1555 val_step:235/320 val_loss:4.1689 chunk_loss:12264.9390 is_adam_step=True do_muon_ttt=False train_time:497009ms step_avg:662.68ms
step:750/1555 val_step:236/320 val_loss:4.1690 chunk_loss:12231.3405 is_adam_step=False do_muon_ttt=False train_time:497009ms step_avg:662.68ms
step:750/1555 val_step:237/320 val_loss:4.1690 chunk_loss:12120.9368 is_adam_step=True do_muon_ttt=False train_time:497009ms step_avg:662.68ms
step:750/1555 val_step:238/320 val_loss:4.1689 chunk_loss:12044.2618 is_adam_step=False do_muon_ttt=False train_time:497009ms step_avg:662.68ms
step:750/1555 val_step:239/320 val_loss:4.1686 chunk_loss:11921.8363 is_adam_step=True do_muon_ttt=False train_time:497009ms step_avg:662.68ms
step:750/1555 val_step:240/320 val_loss:4.1686 chunk_loss:12064.8514 is_adam_step=False do_muon_ttt=False train_time:497009ms step_avg:662.68ms
step:750/1555 val_step:241/320 val_loss:4.1689 chunk_loss:12280.6271 is_adam_step=True do_muon_ttt=False train_time:497009ms step_avg:662.68ms
step:750/1555 val_step:242/320 val_loss:4.1699 chunk_loss:12730.1011 is_adam_step=False do_muon_ttt=False train_time:497009ms step_avg:662.68ms
step:750/1555 val_step:243/320 val_loss:4.1697 chunk_loss:11916.3406 is_adam_step=True do_muon_ttt=False train_time:497009ms step_avg:662.68ms
step:750/1555 val_step:244/320 val_loss:4.1702 chunk_loss:12367.7672 is_adam_step=False do_muon_ttt=False train_time:497009ms step_avg:662.68ms
step:750/1555 val_step:245/320 val_loss:4.1705 chunk_loss:12275.4678 is_adam_step=True do_muon_ttt=False train_time:497009ms step_avg:662.68ms
step:750/1555 val_step:246/320 val_loss:4.1709 chunk_loss:12302.6031 is_adam_step=False do_muon_ttt=False train_time:497009ms step_avg:662.68ms
step:750/1555 val_step:247/320 val_loss:4.1708 chunk_loss:11988.5102 is_adam_step=True do_muon_ttt=False train_time:497009ms step_avg:662.68ms
step:750/1555 val_step:248/320 val_loss:4.1707 chunk_loss:12037.6016 is_adam_step=False do_muon_ttt=False train_time:497009ms step_avg:662.68ms
step:750/1555 val_step:249/320 val_loss:4.1717 chunk_loss:12672.0261 is_adam_step=True do_muon_ttt=False train_time:497009ms step_avg:662.68ms
step:750/1555 val_step:250/320 val_loss:4.1716 chunk_loss:12080.2338 is_adam_step=False do_muon_ttt=False train_time:497009ms step_avg:662.68ms
step:750/1555 val_step:251/320 val_loss:4.1718 chunk_loss:12144.3096 is_adam_step=True do_muon_ttt=False train_time:497009ms step_avg:662.68ms
step:750/1555 val_step:252/320 val_loss:4.1723 chunk_loss:12422.4913 is_adam_step=False do_muon_ttt=False train_time:497009ms step_avg:662.68ms
step:750/1555 val_step:253/320 val_loss:4.1720 chunk_loss:11887.1371 is_adam_step=True do_muon_ttt=False train_time:497009ms step_avg:662.68ms
step:750/1555 val_step:254/320 val_loss:4.1722 chunk_loss:12140.7701 is_adam_step=False do_muon_ttt=False train_time:497009ms step_avg:662.68ms
step:750/1555 val_step:255/320 val_loss:4.1724 chunk_loss:12250.0333 is_adam_step=True do_muon_ttt=False train_time:497009ms step_avg:662.68ms
step:750/1555 val_step:256/320 val_loss:4.1723 chunk_loss:12059.6563 is_adam_step=False do_muon_ttt=False train_time:497009ms step_avg:662.68ms
step:750/1555 val_step:257/320 val_loss:4.1732 chunk_loss:12567.0776 is_adam_step=True do_muon_ttt=False train_time:497009ms step_avg:662.68ms
step:750/1555 val_step:258/320 val_loss:4.1726 chunk_loss:11664.6856 is_adam_step=False do_muon_ttt=False train_time:497009ms step_avg:662.68ms
step:750/1555 val_step:259/320 val_loss:4.1725 chunk_loss:12006.1876 is_adam_step=True do_muon_ttt=False train_time:497009ms step_avg:662.68ms
step:750/1555 val_step:260/320 val_loss:4.1725 chunk_loss:12086.9041 is_adam_step=False do_muon_ttt=False train_time:497009ms step_avg:662.68ms
step:750/1555 val_step:261/320 val_loss:4.1727 chunk_loss:12190.9592 is_adam_step=True do_muon_ttt=False train_time:497009ms step_avg:662.68ms
step:750/1555 val_step:262/320 val_loss:4.1728 chunk_loss:12123.1886 is_adam_step=False do_muon_ttt=False train_time:497009ms step_avg:662.68ms
step:750/1555 val_step:263/320 val_loss:4.1725 chunk_loss:11903.5401 is_adam_step=True do_muon_ttt=False train_time:497009ms step_avg:662.68ms
step:750/1555 val_step:264/320 val_loss:4.1726 chunk_loss:12103.6353 is_adam_step=False do_muon_ttt=False train_time:497009ms step_avg:662.68ms
step:750/1555 val_step:265/320 val_loss:4.1722 chunk_loss:11864.6885 is_adam_step=True do_muon_ttt=False train_time:497009ms step_avg:662.68ms
step:750/1555 val_step:266/320 val_loss:4.1724 chunk_loss:12271.2339 is_adam_step=False do_muon_ttt=False train_time:497009ms step_avg:662.68ms
step:750/1555 val_step:267/320 val_loss:4.1719 chunk_loss:11702.6950 is_adam_step=True do_muon_ttt=False train_time:497009ms step_avg:662.68ms
step:750/1555 val_step:268/320 val_loss:4.1715 chunk_loss:11832.9603 is_adam_step=False do_muon_ttt=False train_time:497009ms step_avg:662.68ms
step:750/1555 val_step:269/320 val_loss:4.1713 chunk_loss:11955.8128 is_adam_step=True do_muon_ttt=False train_time:497009ms step_avg:662.68ms
step:750/1555 val_step:270/320 val_loss:4.1709 chunk_loss:11820.6437 is_adam_step=False do_muon_ttt=False train_time:497009ms step_avg:662.68ms
step:750/1555 val_step:271/320 val_loss:4.1703 chunk_loss:11655.6650 is_adam_step=True do_muon_ttt=False train_time:497009ms step_avg:662.68ms
step:750/1555 val_step:272/320 val_loss:4.1696 chunk_loss:11669.0230 is_adam_step=False do_muon_ttt=False train_time:497009ms step_avg:662.68ms
step:750/1555 val_step:273/320 val_loss:4.1697 chunk_loss:12160.0244 is_adam_step=True do_muon_ttt=False train_time:497009ms step_avg:662.68ms
step:750/1555 val_step:274/320 val_loss:4.1697 chunk_loss:12088.7822 is_adam_step=False do_muon_ttt=False train_time:497009ms step_avg:662.68ms
step:750/1555 val_step:275/320 val_loss:4.1704 chunk_loss:12649.4593 is_adam_step=True do_muon_ttt=False train_time:497009ms step_avg:662.68ms
step:750/1555 val_step:276/320 val_loss:4.1701 chunk_loss:11833.8968 is_adam_step=False do_muon_ttt=False train_time:497009ms step_avg:662.68ms
step:750/1555 val_step:277/320 val_loss:4.1696 chunk_loss:11802.5430 is_adam_step=True do_muon_ttt=False train_time:497009ms step_avg:662.68ms
step:750/1555 val_step:278/320 val_loss:4.1695 chunk_loss:12047.0096 is_adam_step=False do_muon_ttt=False train_time:497009ms step_avg:662.68ms
step:750/1555 val_step:279/320 val_loss:4.1702 chunk_loss:12556.6147 is_adam_step=True do_muon_ttt=False train_time:497009ms step_avg:662.68ms
step:750/1555 val_step:280/320 val_loss:4.1704 chunk_loss:12220.9050 is_adam_step=False do_muon_ttt=False train_time:497009ms step_avg:662.68ms
step:750/1555 val_step:281/320 val_loss:4.1702 chunk_loss:11952.1354 is_adam_step=True do_muon_ttt=False train_time:497009ms step_avg:662.68ms
step:750/1555 val_step:282/320 val_loss:4.1702 chunk_loss:12136.0103 is_adam_step=False do_muon_ttt=False train_time:497009ms step_avg:662.68ms
step:750/1555 val_step:283/320 val_loss:4.1701 chunk_loss:11970.4777 is_adam_step=True do_muon_ttt=False train_time:497009ms step_avg:662.68ms
step:750/1555 val_step:284/320 val_loss:4.1706 chunk_loss:12401.6588 is_adam_step=False do_muon_ttt=False train_time:497009ms step_avg:662.68ms
step:750/1555 val_step:285/320 val_loss:4.1700 chunk_loss:11689.7261 is_adam_step=True do_muon_ttt=False train_time:497009ms step_avg:662.68ms
step:750/1555 val_step:286/320 val_loss:4.1699 chunk_loss:11987.1017 is_adam_step=False do_muon_ttt=False train_time:497009ms step_avg:662.68ms
step:750/1555 val_step:287/320 val_loss:4.1703 chunk_loss:12308.2572 is_adam_step=True do_muon_ttt=False train_time:497009ms step_avg:662.68ms
step:750/1555 val_step:288/320 val_loss:4.1703 chunk_loss:12116.5499 is_adam_step=False do_muon_ttt=False train_time:497009ms step_avg:662.68ms
step:750/1555 val_step:289/320 val_loss:4.1708 chunk_loss:12441.4654 is_adam_step=True do_muon_ttt=False train_time:497009ms step_avg:662.68ms
step:750/1555 val_step:290/320 val_loss:4.1712 chunk_loss:12325.7718 is_adam_step=False do_muon_ttt=False train_time:497009ms step_avg:662.68ms
step:750/1555 val_step:291/320 val_loss:4.1712 chunk_loss:11982.6527 is_adam_step=True do_muon_ttt=False train_time:497009ms step_avg:662.68ms
step:750/1555 val_step:292/320 val_loss:4.1708 chunk_loss:11830.7578 is_adam_step=False do_muon_ttt=False train_time:497009ms step_avg:662.68ms
step:750/1555 val_step:293/320 val_loss:4.1706 chunk_loss:11909.2283 is_adam_step=True do_muon_ttt=False train_time:497009ms step_avg:662.68ms
step:750/1555 val_step:294/320 val_loss:4.1708 chunk_loss:12200.8730 is_adam_step=False do_muon_ttt=False train_time:497009ms step_avg:662.68ms
step:750/1555 val_step:295/320 val_loss:4.1711 chunk_loss:12222.1155 is_adam_step=True do_muon_ttt=False train_time:497009ms step_avg:662.68ms
step:750/1555 val_step:296/320 val_loss:4.1711 chunk_loss:12094.6401 is_adam_step=False do_muon_ttt=False train_time:497009ms step_avg:662.68ms
step:750/1555 val_step:297/320 val_loss:4.1707 chunk_loss:11771.2131 is_adam_step=True do_muon_ttt=False train_time:497009ms step_avg:662.68ms
step:750/1555 val_step:298/320 val_loss:4.1704 chunk_loss:11859.3823 is_adam_step=False do_muon_ttt=False train_time:497009ms step_avg:662.68ms
step:750/1555 val_step:299/320 val_loss:4.1703 chunk_loss:11997.3446 is_adam_step=True do_muon_ttt=False train_time:497009ms step_avg:662.68ms
step:750/1555 val_step:300/320 val_loss:4.1699 chunk_loss:11804.9445 is_adam_step=False do_muon_ttt=False train_time:497009ms step_avg:662.68ms
step:750/1555 val_step:301/320 val_loss:4.1695 chunk_loss:11846.3937 is_adam_step=True do_muon_ttt=False train_time:497009ms step_avg:662.68ms
step:750/1555 val_step:302/320 val_loss:4.1695 chunk_loss:12063.3485 is_adam_step=False do_muon_ttt=False train_time:497009ms step_avg:662.68ms
step:750/1555 val_step:303/320 val_loss:4.1699 chunk_loss:12335.0234 is_adam_step=True do_muon_ttt=False train_time:497009ms step_avg:662.68ms
step:750/1555 val_step:304/320 val_loss:4.1690 chunk_loss:11432.8052 is_adam_step=False do_muon_ttt=False train_time:497009ms step_avg:662.68ms
step:750/1555 val_step:305/320 val_loss:4.1689 chunk_loss:11945.1585 is_adam_step=True do_muon_ttt=False train_time:497009ms step_avg:662.68ms
step:750/1555 val_step:306/320 val_loss:4.1689 chunk_loss:12090.1084 is_adam_step=False do_muon_ttt=False train_time:497009ms step_avg:662.68ms
step:750/1555 val_step:307/320 val_loss:4.1689 chunk_loss:12055.3366 is_adam_step=True do_muon_ttt=False train_time:497009ms step_avg:662.68ms
step:750/1555 val_step:308/320 val_loss:4.1690 chunk_loss:12215.5739 is_adam_step=False do_muon_ttt=False train_time:497009ms step_avg:662.68ms
step:750/1555 val_step:309/320 val_loss:4.1692 chunk_loss:12261.1775 is_adam_step=True do_muon_ttt=False train_time:497009ms step_avg:662.68ms
step:750/1555 val_step:310/320 val_loss:4.1689 chunk_loss:11792.5345 is_adam_step=False do_muon_ttt=False train_time:497009ms step_avg:662.68ms
step:750/1555 val_step:311/320 val_loss:4.1692 chunk_loss:12333.3886 is_adam_step=True do_muon_ttt=False train_time:497009ms step_avg:662.68ms
step:750/1555 val_step:312/320 val_loss:4.1695 chunk_loss:12279.2910 is_adam_step=False do_muon_ttt=False train_time:497009ms step_avg:662.68ms
step:750/1555 val_step:313/320 val_loss:4.1697 chunk_loss:12235.4811 is_adam_step=True do_muon_ttt=False train_time:497009ms step_avg:662.68ms
step:750/1555 val_step:314/320 val_loss:4.1701 chunk_loss:12451.5582 is_adam_step=False do_muon_ttt=False train_time:497009ms step_avg:662.68ms
step:750/1555 val_step:315/320 val_loss:4.1703 chunk_loss:12220.5854 is_adam_step=True do_muon_ttt=False train_time:497009ms step_avg:662.68ms
step:750/1555 val_step:316/320 val_loss:4.1702 chunk_loss:11985.4518 is_adam_step=False do_muon_ttt=False train_time:497009ms step_avg:662.68ms
step:750/1555 val_step:317/320 val_loss:4.1703 chunk_loss:12087.0336 is_adam_step=True do_muon_ttt=False train_time:497009ms step_avg:662.68ms
step:750/1555 val_step:318/320 val_loss:4.1705 chunk_loss:12254.4911 is_adam_step=False do_muon_ttt=False train_time:497009ms step_avg:662.68ms
step:750/1555 val_step:319/320 val_loss:4.1704 chunk_loss:12023.3467 is_adam_step=True do_muon_ttt=False train_time:497009ms step_avg:662.68ms
step:750/1555 val_loss:4.1704 train_time:497009ms step_avg:662.68ms
step:751/1555 loss.item()=182250.125 train_time:497764ms step_avg:662.80ms
step:752/1555 loss.item()=185599.578125 train_time:498539ms step_avg:662.95ms
step:753/1555 loss.item()=180132.6875 train_time:499313ms step_avg:663.10ms
step:754/1555 loss.item()=177159.296875 train_time:500082ms step_avg:663.24ms
step:755/1555 loss.item()=190063.78125 train_time:500849ms step_avg:663.38ms
step:756/1555 loss.item()=178653.375 train_time:501625ms step_avg:663.52ms
step:757/1555 loss.item()=178351.15625 train_time:502396ms step_avg:663.67ms
step:758/1555 loss.item()=175173.875 train_time:503165ms step_avg:663.81ms
step:759/1555 loss.item()=176096.46875 train_time:503932ms step_avg:663.94ms
step:760/1555 loss.item()=182072.359375 train_time:504703ms step_avg:664.08ms
step:761/1555 loss.item()=177649.578125 train_time:505477ms step_avg:664.23ms
step:762/1555 loss.item()=176471.515625 train_time:506252ms step_avg:664.37ms
step:763/1555 loss.item()=183543.40625 train_time:507022ms step_avg:664.51ms
step:764/1555 loss.item()=175578.9375 train_time:507800ms step_avg:664.66ms
step:765/1555 loss.item()=174711.734375 train_time:508571ms step_avg:664.80ms
step:766/1555 loss.item()=179545.21875 train_time:509346ms step_avg:664.94ms
step:767/1555 loss.item()=176845.25 train_time:510116ms step_avg:665.08ms
step:768/1555 loss.item()=177287.46875 train_time:510895ms step_avg:665.23ms
step:769/1555 loss.item()=175846.1875 train_time:511677ms step_avg:665.38ms
step:770/1555 loss.item()=176275.6875 train_time:512459ms step_avg:665.53ms
step:771/1555 loss.item()=175493.625 train_time:513236ms step_avg:665.68ms
step:772/1555 loss.item()=177571.03125 train_time:514016ms step_avg:665.82ms
step:773/1555 loss.item()=173759.15625 train_time:514794ms step_avg:665.97ms
step:774/1555 loss.item()=174121.84375 train_time:515574ms step_avg:666.12ms
step:775/1555 loss.item()=179184.5 train_time:516350ms step_avg:666.26ms
step:776/1555 loss.item()=176924.4375 train_time:517128ms step_avg:666.40ms
step:777/1555 loss.item()=176834.21875 train_time:517902ms step_avg:666.54ms
step:778/1555 loss.item()=173544.640625 train_time:518677ms step_avg:666.68ms
step:779/1555 loss.item()=183827.75 train_time:519453ms step_avg:666.82ms
step:780/1555 loss.item()=179924.390625 train_time:520235ms step_avg:666.97ms
step:781/1555 loss.item()=173342.78125 train_time:521010ms step_avg:667.11ms
step:782/1555 loss.item()=170462.03125 train_time:521791ms step_avg:667.25ms
step:783/1555 loss.item()=178474.015625 train_time:522569ms step_avg:667.39ms
step:784/1555 loss.item()=176013.78125 train_time:523347ms step_avg:667.53ms
step:785/1555 loss.item()=177023.84375 train_time:524121ms step_avg:667.67ms
step:786/1555 loss.item()=167075.25 train_time:524899ms step_avg:667.81ms
step:787/1555 loss.item()=173511.515625 train_time:525677ms step_avg:667.95ms
step:788/1555 loss.item()=172274.78125 train_time:526456ms step_avg:668.09ms
step:789/1555 loss.item()=175731.15625 train_time:527234ms step_avg:668.23ms
step:790/1555 loss.item()=170436.0625 train_time:528013ms step_avg:668.37ms
step:791/1555 loss.item()=168659.78125 train_time:528789ms step_avg:668.51ms
step:792/1555 loss.item()=171607.53125 train_time:529567ms step_avg:668.65ms
step:793/1555 loss.item()=174779.34375 train_time:530341ms step_avg:668.78ms
step:794/1555 loss.item()=171664.203125 train_time:531120ms step_avg:668.92ms
step:795/1555 loss.item()=176402.0 train_time:531897ms step_avg:669.05ms
step:796/1555 loss.item()=167046.765625 train_time:532679ms step_avg:669.19ms
step:797/1555 loss.item()=169459.359375 train_time:533457ms step_avg:669.33ms
step:798/1555 loss.item()=169107.765625 train_time:534237ms step_avg:669.47ms
step:799/1555 loss.item()=167257.1875 train_time:535012ms step_avg:669.60ms
step:800/1555 loss.item()=160126.90625 train_time:535794ms step_avg:669.74ms
step:801/1555 loss.item()=166949.8125 train_time:536572ms step_avg:669.88ms
step:802/1555 loss.item()=161388.46875 train_time:537348ms step_avg:670.01ms
step:803/1555 loss.item()=166465.484375 train_time:538123ms step_avg:670.14ms
step:804/1555 loss.item()=169376.59375 train_time:538904ms step_avg:670.28ms
step:805/1555 loss.item()=163822.09375 train_time:539682ms step_avg:670.41ms
step:806/1555 loss.item()=165913.890625 train_time:540463ms step_avg:670.55ms
step:807/1555 loss.item()=167281.75 train_time:541240ms step_avg:670.68ms
step:808/1555 loss.item()=164792.09375 train_time:542024ms step_avg:670.82ms
step:809/1555 loss.item()=170630.625 train_time:542803ms step_avg:670.96ms
step:810/1555 loss.item()=167901.328125 train_time:543583ms step_avg:671.09ms
step:811/1555 loss.item()=166206.65625 train_time:544362ms step_avg:671.22ms
step:812/1555 loss.item()=165607.71875 train_time:545144ms step_avg:671.36ms
step:813/1555 loss.item()=171509.4375 train_time:545922ms step_avg:671.49ms
step:814/1555 loss.item()=162588.65625 train_time:546700ms step_avg:671.62ms
step:815/1555 loss.item()=165928.09375 train_time:547476ms step_avg:671.75ms
step:816/1555 loss.item()=166119.765625 train_time:548258ms step_avg:671.89ms
step:817/1555 loss.item()=162146.34375 train_time:549037ms step_avg:672.02ms
step:818/1555 loss.item()=169102.75 train_time:549819ms step_avg:672.15ms
step:819/1555 loss.item()=168991.625 train_time:550598ms step_avg:672.28ms
step:820/1555 loss.item()=163490.890625 train_time:551380ms step_avg:672.41ms
step:821/1555 loss.item()=168451.65625 train_time:552158ms step_avg:672.54ms
step:822/1555 loss.item()=174713.40625 train_time:552939ms step_avg:672.68ms
step:823/1555 loss.item()=161802.03125 train_time:553718ms step_avg:672.80ms
step:824/1555 loss.item()=163527.46875 train_time:554499ms step_avg:672.94ms
step:825/1555 loss.item()=166964.265625 train_time:555279ms step_avg:673.07ms
step:826/1555 loss.item()=159545.46875 train_time:556062ms step_avg:673.20ms
step:827/1555 loss.item()=160444.515625 train_time:556843ms step_avg:673.33ms
step:828/1555 loss.item()=164588.421875 train_time:557624ms step_avg:673.46ms
step:829/1555 loss.item()=165035.0 train_time:558402ms step_avg:673.58ms
step:830/1555 loss.item()=163544.125 train_time:559184ms step_avg:673.72ms
step:831/1555 loss.item()=161821.375 train_time:559963ms step_avg:673.84ms
step:832/1555 loss.item()=159364.40625 train_time:560742ms step_avg:673.97ms
step:833/1555 loss.item()=162805.3125 train_time:561521ms step_avg:674.09ms
step:834/1555 loss.item()=160727.734375 train_time:562306ms step_avg:674.23ms
step:835/1555 loss.item()=160343.515625 train_time:563082ms step_avg:674.35ms
step:836/1555 loss.item()=160899.765625 train_time:563864ms step_avg:674.48ms
step:837/1555 loss.item()=157281.90625 train_time:564642ms step_avg:674.60ms
step:838/1555 loss.item()=161588.6875 train_time:565422ms step_avg:674.73ms
step:839/1555 loss.item()=165428.625 train_time:566200ms step_avg:674.85ms
step:840/1555 loss.item()=158361.53125 train_time:566986ms step_avg:674.98ms
step:841/1555 loss.item()=156254.484375 train_time:567765ms step_avg:675.11ms
step:842/1555 loss.item()=165918.625 train_time:568533ms step_avg:675.22ms
step:843/1555 loss.item()=151530.28125 train_time:569322ms step_avg:675.35ms
step:844/1555 loss.item()=161368.1875 train_time:570103ms step_avg:675.48ms
step:845/1555 loss.item()=162911.3125 train_time:570877ms step_avg:675.59ms
step:846/1555 loss.item()=159896.625 train_time:571660ms step_avg:675.72ms
step:847/1555 loss.item()=155586.484375 train_time:572442ms step_avg:675.85ms
step:848/1555 loss.item()=151246.4375 train_time:573226ms step_avg:675.97ms
step:849/1555 loss.item()=150588.15625 train_time:574003ms step_avg:676.09ms
step:850/1555 loss.item()=159313.09375 train_time:574785ms step_avg:676.22ms
step:851/1555 loss.item()=154734.0625 train_time:575562ms step_avg:676.34ms
step:852/1555 loss.item()=153463.78125 train_time:576347ms step_avg:676.46ms
step:853/1555 loss.item()=161890.25 train_time:577131ms step_avg:676.59ms
step:854/1555 loss.item()=153848.375 train_time:577912ms step_avg:676.71ms
step:855/1555 loss.item()=156651.828125 train_time:578691ms step_avg:676.83ms
step:856/1555 loss.item()=159913.3125 train_time:579473ms step_avg:676.95ms
step:857/1555 loss.item()=150738.875 train_time:580253ms step_avg:677.07ms
step:858/1555 loss.item()=158318.828125 train_time:581036ms step_avg:677.20ms
step:859/1555 loss.item()=157697.65625 train_time:581815ms step_avg:677.32ms
step:860/1555 loss.item()=152577.78125 train_time:582597ms step_avg:677.44ms
step:861/1555 loss.item()=152155.78125 train_time:583378ms step_avg:677.56ms
step:862/1555 loss.item()=151577.375 train_time:584159ms step_avg:677.68ms
step:863/1555 loss.item()=148353.234375 train_time:584935ms step_avg:677.79ms
step:864/1555 loss.item()=148624.265625 train_time:585718ms step_avg:677.91ms
step:865/1555 loss.item()=153727.921875 train_time:586496ms step_avg:678.03ms
step:866/1555 loss.item()=151684.40625 train_time:587278ms step_avg:678.15ms
step:867/1555 loss.item()=154898.125 train_time:588057ms step_avg:678.27ms
step:868/1555 loss.item()=152613.125 train_time:588841ms step_avg:678.39ms
step:869/1555 loss.item()=147993.0 train_time:589622ms step_avg:678.51ms
step:870/1555 loss.item()=155818.0 train_time:590405ms step_avg:678.63ms
step:871/1555 loss.item()=155663.796875 train_time:591181ms step_avg:678.74ms
step:872/1555 loss.item()=152080.65625 train_time:591964ms step_avg:678.86ms
step:873/1555 loss.item()=158580.9375 train_time:592740ms step_avg:678.97ms
step:874/1555 loss.item()=153512.6875 train_time:593519ms step_avg:679.08ms
step:875/1555 loss.item()=154465.625 train_time:594297ms step_avg:679.20ms
step:876/1555 loss.item()=151068.125 train_time:595079ms step_avg:679.31ms
step:877/1555 loss.item()=160654.34375 train_time:595857ms step_avg:679.43ms
step:878/1555 loss.item()=151778.53125 train_time:596640ms step_avg:679.54ms
step:879/1555 loss.item()=155781.1875 train_time:597421ms step_avg:679.66ms
step:880/1555 loss.item()=154177.46875 train_time:598205ms step_avg:679.78ms
step:881/1555 loss.item()=145852.0625 train_time:598979ms step_avg:679.89ms
step:882/1555 loss.item()=148325.84375 train_time:599761ms step_avg:680.00ms
step:883/1555 loss.item()=143968.03125 train_time:600749ms step_avg:680.35ms
step:884/1555 loss.item()=153662.25 train_time:601530ms step_avg:680.46ms
step:885/1555 loss.item()=147572.03125 train_time:602313ms step_avg:680.58ms
step:886/1555 loss.item()=147575.703125 train_time:603106ms step_avg:680.71ms
step:887/1555 loss.item()=154489.90625 train_time:603887ms step_avg:680.82ms
step:888/1555 loss.item()=149113.46875 train_time:604672ms step_avg:680.94ms
step:889/1555 loss.item()=153196.5625 train_time:605455ms step_avg:681.05ms
step:890/1555 loss.item()=149246.484375 train_time:606238ms step_avg:681.17ms
step:891/1555 loss.item()=153470.453125 train_time:607019ms step_avg:681.28ms
step:892/1555 loss.item()=150407.25 train_time:607801ms step_avg:681.39ms
step:893/1555 loss.item()=148341.359375 train_time:608579ms step_avg:681.50ms
step:894/1555 loss.item()=140555.875 train_time:609362ms step_avg:681.61ms
step:895/1555 loss.item()=144410.21875 train_time:610141ms step_avg:681.72ms
step:896/1555 loss.item()=147846.1875 train_time:610924ms step_avg:681.83ms
step:897/1555 loss.item()=149583.046875 train_time:611703ms step_avg:681.94ms
step:898/1555 loss.item()=142992.59375 train_time:612485ms step_avg:682.05ms
step:899/1555 loss.item()=143902.15625 train_time:613263ms step_avg:682.16ms
step:900/1555 loss.item()=144476.96875 train_time:614044ms step_avg:682.27ms
step:901/1555 loss.item()=141799.4375 train_time:614822ms step_avg:682.38ms
step:902/1555 loss.item()=146940.6875 train_time:615605ms step_avg:682.49ms
step:903/1555 loss.item()=143493.34375 train_time:616383ms step_avg:682.59ms
step:904/1555 loss.item()=144798.34375 train_time:617162ms step_avg:682.70ms
step:905/1555 loss.item()=150030.734375 train_time:617937ms step_avg:682.80ms
step:906/1555 loss.item()=139576.40625 train_time:618715ms step_avg:682.91ms
step:907/1555 loss.item()=148017.140625 train_time:619490ms step_avg:683.01ms
step:908/1555 loss.item()=140787.78125 train_time:620266ms step_avg:683.11ms
step:909/1555 loss.item()=139398.59375 train_time:621039ms step_avg:683.21ms
step:910/1555 loss.item()=141079.03125 train_time:621820ms step_avg:683.32ms
step:911/1555 loss.item()=142682.84375 train_time:622597ms step_avg:683.42ms
step:912/1555 loss.item()=139725.8125 train_time:623376ms step_avg:683.53ms
step:913/1555 loss.item()=141907.984375 train_time:624154ms step_avg:683.63ms
step:914/1555 loss.item()=136509.5625 train_time:624934ms step_avg:683.73ms
step:915/1555 loss.item()=139792.40625 train_time:625711ms step_avg:683.84ms
step:916/1555 loss.item()=143315.78125 train_time:626488ms step_avg:683.94ms
step:917/1555 loss.item()=138893.125 train_time:627266ms step_avg:684.04ms
step:918/1555 loss.item()=148709.59375 train_time:628046ms step_avg:684.15ms
step:919/1555 loss.item()=145484.921875 train_time:628823ms step_avg:684.25ms
step:920/1555 loss.item()=137093.671875 train_time:629602ms step_avg:684.35ms
step:921/1555 loss.item()=137540.25 train_time:630378ms step_avg:684.45ms
step:922/1555 loss.item()=138087.75 train_time:631161ms step_avg:684.56ms
step:923/1555 loss.item()=140902.5 train_time:631938ms step_avg:684.66ms
step:924/1555 loss.item()=144321.46875 train_time:632719ms step_avg:684.76ms
step:925/1555 loss.item()=137445.078125 train_time:633496ms step_avg:684.86ms
step:926/1555 loss.item()=138071.0625 train_time:634274ms step_avg:684.96ms
step:927/1555 loss.item()=140734.9375 train_time:635055ms step_avg:685.06ms
step:928/1555 loss.item()=134326.890625 train_time:635836ms step_avg:685.17ms
step:929/1555 loss.item()=139741.4375 train_time:636612ms step_avg:685.27ms
step:930/1555 loss.item()=138490.25 train_time:637393ms step_avg:685.37ms
step:931/1555 loss.item()=137499.59375 train_time:638171ms step_avg:685.47ms
step:932/1555 loss.item()=138785.109375 train_time:638948ms step_avg:685.57ms
step:933/1555 loss.item()=137910.6875 train_time:639723ms step_avg:685.66ms
step:934/1555 loss.item()=140125.375 train_time:640502ms step_avg:685.76ms
step:935/1555 loss.item()=140082.34375 train_time:641278ms step_avg:685.86ms
step:936/1555 loss.item()=133299.375 train_time:642059ms step_avg:685.96ms
step:937/1555 loss.item()=142872.265625 train_time:642836ms step_avg:686.06ms
step:938/1555 loss.item()=138153.90625 train_time:643613ms step_avg:686.15ms
step:939/1555 loss.item()=136145.0 train_time:644390ms step_avg:686.25ms
step:940/1555 loss.item()=135304.0625 train_time:645165ms step_avg:686.35ms
step:941/1555 loss.item()=133499.0625 train_time:645941ms step_avg:686.44ms
step:942/1555 loss.item()=139253.375 train_time:646719ms step_avg:686.54ms
step:943/1555 loss.item()=134906.34375 train_time:647494ms step_avg:686.63ms
step:944/1555 loss.item()=135379.25 train_time:648275ms step_avg:686.73ms
step:945/1555 loss.item()=137553.140625 train_time:649050ms step_avg:686.83ms
step:946/1555 loss.item()=135839.234375 train_time:649825ms step_avg:686.92ms
step:947/1555 loss.item()=135725.328125 train_time:650601ms step_avg:687.01ms
step:948/1555 loss.item()=131516.3125 train_time:651380ms step_avg:687.11ms
step:949/1555 loss.item()=135313.0625 train_time:652157ms step_avg:687.20ms
step:950/1555 loss.item()=133228.5625 train_time:652933ms step_avg:687.30ms
step:951/1555 loss.item()=134364.78125 train_time:653707ms step_avg:687.39ms
step:952/1555 loss.item()=126113.546875 train_time:654484ms step_avg:687.48ms
step:953/1555 loss.item()=135811.40625 train_time:655260ms step_avg:687.58ms
step:954/1555 loss.item()=130785.015625 train_time:656039ms step_avg:687.67ms
step:955/1555 loss.item()=133037.609375 train_time:656817ms step_avg:687.77ms
step:956/1555 loss.item()=133473.609375 train_time:657599ms step_avg:687.87ms
step:957/1555 loss.item()=130466.5703125 train_time:658378ms step_avg:687.96ms
step:958/1555 loss.item()=125076.609375 train_time:659158ms step_avg:688.06ms
step:959/1555 loss.item()=131536.40625 train_time:659938ms step_avg:688.15ms
step:960/1555 loss.item()=129812.296875 train_time:660719ms step_avg:688.25ms
step:961/1555 loss.item()=134206.75 train_time:661500ms step_avg:688.35ms
step:962/1555 loss.item()=129704.265625 train_time:662285ms step_avg:688.45ms
step:963/1555 loss.item()=127234.6875 train_time:663065ms step_avg:688.54ms
step:964/1555 loss.item()=128240.046875 train_time:663847ms step_avg:688.64ms
step:965/1555 loss.item()=127392.6875 train_time:664628ms step_avg:688.73ms
step:966/1555 loss.item()=129046.234375 train_time:665412ms step_avg:688.83ms
step:967/1555 loss.item()=131494.390625 train_time:666193ms step_avg:688.93ms
step:968/1555 loss.item()=129429.8125 train_time:666980ms step_avg:689.03ms
step:969/1555 loss.item()=128085.390625 train_time:667761ms step_avg:689.12ms
step:970/1555 loss.item()=130106.1953125 train_time:668543ms step_avg:689.22ms
step:971/1555 loss.item()=130090.65625 train_time:669324ms step_avg:689.31ms
step:972/1555 loss.item()=125937.34375 train_time:670108ms step_avg:689.41ms
step:973/1555 loss.item()=131637.09375 train_time:670885ms step_avg:689.50ms
step:974/1555 loss.item()=130133.2890625 train_time:671670ms step_avg:689.60ms
step:975/1555 loss.item()=129823.3671875 train_time:672451ms step_avg:689.69ms
step:976/1555 loss.item()=130228.53125 train_time:673236ms step_avg:689.79ms
step:977/1555 loss.item()=130056.40625 train_time:674016ms step_avg:689.88ms
step:978/1555 loss.item()=126750.796875 train_time:674800ms step_avg:689.98ms
step:979/1555 loss.item()=128035.1875 train_time:675581ms step_avg:690.07ms
step:980/1555 loss.item()=126571.7890625 train_time:676362ms step_avg:690.16ms
step:981/1555 loss.item()=121500.328125 train_time:677143ms step_avg:690.26ms
step:982/1555 loss.item()=132374.4375 train_time:677926ms step_avg:690.35ms
step:983/1555 loss.item()=119757.21875 train_time:678704ms step_avg:690.44ms
step:984/1555 loss.item()=124002.96875 train_time:679487ms step_avg:690.54ms
step:985/1555 loss.item()=130881.921875 train_time:680263ms step_avg:690.62ms
step:986/1555 loss.item()=120517.328125 train_time:681046ms step_avg:690.72ms
step:987/1555 loss.item()=121936.40625 train_time:681824ms step_avg:690.80ms
step:988/1555 loss.item()=122246.78125 train_time:682606ms step_avg:690.90ms
step:989/1555 loss.item()=127124.484375 train_time:683384ms step_avg:690.98ms
step:990/1555 loss.item()=121367.09375 train_time:684170ms step_avg:691.08ms
step:991/1555 loss.item()=122831.328125 train_time:684948ms step_avg:691.17ms
step:992/1555 loss.item()=124435.109375 train_time:685736ms step_avg:691.27ms
step:993/1555 loss.item()=122314.5078125 train_time:686517ms step_avg:691.36ms
step:994/1555 loss.item()=116425.1796875 train_time:687303ms step_avg:691.45ms
step:995/1555 loss.item()=122090.2890625 train_time:688081ms step_avg:691.54ms
step:996/1555 loss.item()=122495.2265625 train_time:688861ms step_avg:691.63ms
step:997/1555 loss.item()=121603.390625 train_time:689636ms step_avg:691.71ms
step:998/1555 loss.item()=120018.015625 train_time:690419ms step_avg:691.80ms
step:999/1555 loss.item()=119039.328125 train_time:691196ms step_avg:691.89ms
step:1000/1555 loss.item()=118395.3359375 train_time:691978ms step_avg:691.98ms
step:1000/1555 starting test-time training...
step:1000/1555 val_step:0/320 val_loss:3.4952 chunk_loss:7443.1446 is_adam_step=False do_muon_ttt=False train_time:691980ms step_avg:691.98ms
step:1000/1555 val_step:1/320 val_loss:3.5294 chunk_loss:7587.6244 is_adam_step=True do_muon_ttt=False train_time:691980ms step_avg:691.98ms
step:1000/1555 val_step:2/320 val_loss:3.5779 chunk_loss:7801.2899 is_adam_step=False do_muon_ttt=False train_time:691980ms step_avg:691.98ms
step:1000/1555 val_step:3/320 val_loss:3.5573 chunk_loss:7434.1147 is_adam_step=True do_muon_ttt=False train_time:691980ms step_avg:691.98ms
step:1000/1555 val_step:4/320 val_loss:3.5887 chunk_loss:7882.0081 is_adam_step=False do_muon_ttt=False train_time:691980ms step_avg:691.98ms
step:1000/1555 val_step:5/320 val_loss:3.5924 chunk_loss:7651.5090 is_adam_step=True do_muon_ttt=False train_time:691980ms step_avg:691.98ms
step:1000/1555 val_step:6/320 val_loss:3.5341 chunk_loss:6870.9622 is_adam_step=False do_muon_ttt=False train_time:691980ms step_avg:691.98ms
step:1000/1555 val_step:7/320 val_loss:3.5672 chunk_loss:8046.9526 is_adam_step=True do_muon_ttt=False train_time:691980ms step_avg:691.98ms
step:1000/1555 val_step:8/320 val_loss:3.5826 chunk_loss:7852.1915 is_adam_step=False do_muon_ttt=False train_time:691980ms step_avg:691.98ms
step:1000/1555 val_step:9/320 val_loss:3.6070 chunk_loss:8116.1027 is_adam_step=True do_muon_ttt=False train_time:691980ms step_avg:691.98ms
step:1000/1555 val_step:10/320 val_loss:3.6161 chunk_loss:7862.5356 is_adam_step=False do_muon_ttt=False train_time:691980ms step_avg:691.98ms
step:1000/1555 val_step:11/320 val_loss:3.6057 chunk_loss:7422.6534 is_adam_step=True do_muon_ttt=False train_time:691980ms step_avg:691.98ms
step:1000/1555 val_step:12/320 val_loss:3.6187 chunk_loss:7979.3729 is_adam_step=False do_muon_ttt=False train_time:691980ms step_avg:691.98ms
step:1000/1555 val_step:13/320 val_loss:3.6250 chunk_loss:7835.9859 is_adam_step=True do_muon_ttt=False train_time:691980ms step_avg:691.98ms
step:1000/1555 val_step:14/320 val_loss:3.6279 chunk_loss:7756.9169 is_adam_step=False do_muon_ttt=False train_time:691980ms step_avg:691.98ms
step:1000/1555 val_step:15/320 val_loss:3.6324 chunk_loss:7818.3336 is_adam_step=True do_muon_ttt=False train_time:691980ms step_avg:691.98ms
step:1000/1555 val_step:16/320 val_loss:3.6266 chunk_loss:7476.6731 is_adam_step=False do_muon_ttt=False train_time:691980ms step_avg:691.98ms
step:1000/1555 val_step:17/320 val_loss:3.6487 chunk_loss:8491.0090 is_adam_step=True do_muon_ttt=False train_time:691980ms step_avg:691.98ms
step:1000/1555 val_step:18/320 val_loss:3.6455 chunk_loss:7592.7314 is_adam_step=False do_muon_ttt=False train_time:691980ms step_avg:691.98ms
step:1000/1555 val_step:19/320 val_loss:3.6515 chunk_loss:7945.1084 is_adam_step=True do_muon_ttt=False train_time:691980ms step_avg:691.98ms
step:1000/1555 val_step:20/320 val_loss:3.6559 chunk_loss:7921.9642 is_adam_step=False do_muon_ttt=False train_time:691980ms step_avg:691.98ms
step:1000/1555 val_step:21/320 val_loss:3.6684 chunk_loss:8305.2463 is_adam_step=True do_muon_ttt=False train_time:691980ms step_avg:691.98ms
step:1000/1555 val_step:22/320 val_loss:3.6703 chunk_loss:7858.2019 is_adam_step=False do_muon_ttt=False train_time:691980ms step_avg:691.98ms
step:1000/1555 val_step:23/320 val_loss:3.6812 chunk_loss:8293.2433 is_adam_step=True do_muon_ttt=False train_time:691980ms step_avg:691.98ms
step:1000/1555 val_step:24/320 val_loss:3.6847 chunk_loss:7937.6693 is_adam_step=False do_muon_ttt=False train_time:691980ms step_avg:691.98ms
step:1000/1555 val_step:25/320 val_loss:3.6848 chunk_loss:7798.9528 is_adam_step=True do_muon_ttt=False train_time:691980ms step_avg:691.98ms
step:1000/1555 val_step:26/320 val_loss:3.7015 chunk_loss:8767.8385 is_adam_step=False do_muon_ttt=False train_time:691980ms step_avg:691.98ms
step:1000/1555 val_step:27/320 val_loss:3.7128 chunk_loss:8492.6772 is_adam_step=True do_muon_ttt=False train_time:691980ms step_avg:691.98ms
step:1000/1555 val_step:28/320 val_loss:3.7113 chunk_loss:7770.9321 is_adam_step=False do_muon_ttt=False train_time:691980ms step_avg:691.98ms
step:1000/1555 val_step:29/320 val_loss:3.7104 chunk_loss:7798.2421 is_adam_step=True do_muon_ttt=False train_time:691980ms step_avg:691.98ms
step:1000/1555 val_step:30/320 val_loss:3.7116 chunk_loss:7938.6013 is_adam_step=False do_muon_ttt=False train_time:691980ms step_avg:691.98ms
step:1000/1555 val_step:31/320 val_loss:3.7121 chunk_loss:7866.6229 is_adam_step=True do_muon_ttt=False train_time:691980ms step_avg:691.98ms
step:1000/1555 val_step:32/320 val_loss:3.7115 chunk_loss:7820.9712 is_adam_step=False do_muon_ttt=False train_time:691980ms step_avg:691.98ms
step:1000/1555 val_step:33/320 val_loss:3.7154 chunk_loss:8128.3648 is_adam_step=True do_muon_ttt=False train_time:691980ms step_avg:691.98ms
step:1000/1555 val_step:34/320 val_loss:3.7193 chunk_loss:8138.0183 is_adam_step=False do_muon_ttt=False train_time:691980ms step_avg:691.98ms
step:1000/1555 val_step:35/320 val_loss:3.7210 chunk_loss:7962.3289 is_adam_step=True do_muon_ttt=False train_time:691980ms step_avg:691.98ms
step:1000/1555 val_step:36/320 val_loss:3.7256 chunk_loss:8254.2343 is_adam_step=False do_muon_ttt=False train_time:691980ms step_avg:691.98ms
step:1000/1555 val_step:37/320 val_loss:3.7298 chunk_loss:8164.3511 is_adam_step=True do_muon_ttt=False train_time:691980ms step_avg:691.98ms
step:1000/1555 val_step:38/320 val_loss:3.7256 chunk_loss:7536.1259 is_adam_step=False do_muon_ttt=False train_time:691980ms step_avg:691.98ms
step:1000/1555 val_step:39/320 val_loss:3.7318 chunk_loss:8432.4113 is_adam_step=True do_muon_ttt=False train_time:691980ms step_avg:691.98ms
step:1000/1555 val_step:40/320 val_loss:3.7393 chunk_loss:8511.7770 is_adam_step=False do_muon_ttt=False train_time:691980ms step_avg:691.98ms
step:1000/1555 val_step:41/320 val_loss:3.7477 chunk_loss:8633.8135 is_adam_step=True do_muon_ttt=False train_time:691980ms step_avg:691.98ms
step:1000/1555 val_step:42/320 val_loss:3.7500 chunk_loss:8129.8651 is_adam_step=False do_muon_ttt=False train_time:691980ms step_avg:691.98ms
step:1000/1555 val_step:43/320 val_loss:3.7539 chunk_loss:8247.5016 is_adam_step=True do_muon_ttt=False train_time:691980ms step_avg:691.98ms
step:1000/1555 val_step:44/320 val_loss:3.7618 chunk_loss:8665.1328 is_adam_step=False do_muon_ttt=False train_time:691980ms step_avg:691.98ms
step:1000/1555 val_step:45/320 val_loss:3.7646 chunk_loss:8191.5025 is_adam_step=True do_muon_ttt=False train_time:691980ms step_avg:691.98ms
step:1000/1555 val_step:46/320 val_loss:3.7677 chunk_loss:8252.4882 is_adam_step=False do_muon_ttt=False train_time:691980ms step_avg:691.98ms
step:1000/1555 val_step:47/320 val_loss:3.7709 chunk_loss:8299.8981 is_adam_step=True do_muon_ttt=False train_time:691980ms step_avg:691.98ms
step:1000/1555 val_step:48/320 val_loss:3.7718 chunk_loss:8037.5970 is_adam_step=False do_muon_ttt=False train_time:691980ms step_avg:691.98ms
step:1000/1555 val_step:49/320 val_loss:3.7723 chunk_loss:8011.3476 is_adam_step=True do_muon_ttt=False train_time:691980ms step_avg:691.98ms
step:1000/1555 val_step:50/320 val_loss:3.7737 chunk_loss:8116.5534 is_adam_step=False do_muon_ttt=False train_time:691980ms step_avg:691.98ms
step:1000/1555 val_step:51/320 val_loss:3.7742 chunk_loss:8047.3260 is_adam_step=True do_muon_ttt=False train_time:691980ms step_avg:691.98ms
step:1000/1555 val_step:52/320 val_loss:3.7778 chunk_loss:8351.2022 is_adam_step=False do_muon_ttt=False train_time:691980ms step_avg:691.98ms
step:1000/1555 val_step:53/320 val_loss:3.7792 chunk_loss:8126.0606 is_adam_step=True do_muon_ttt=False train_time:691980ms step_avg:691.98ms
step:1000/1555 val_step:54/320 val_loss:3.7776 chunk_loss:7844.2262 is_adam_step=False do_muon_ttt=False train_time:691980ms step_avg:691.98ms
step:1000/1555 val_step:55/320 val_loss:3.7776 chunk_loss:7986.3910 is_adam_step=True do_muon_ttt=False train_time:691980ms step_avg:691.98ms
step:1000/1555 val_step:56/320 val_loss:3.7780 chunk_loss:8011.9854 is_adam_step=False do_muon_ttt=False train_time:691980ms step_avg:691.98ms
step:1000/1555 val_step:57/320 val_loss:3.7782 chunk_loss:8066.2810 is_adam_step=True do_muon_ttt=False train_time:691980ms step_avg:691.98ms
step:1000/1555 val_step:58/320 val_loss:3.7801 chunk_loss:8195.2731 is_adam_step=False do_muon_ttt=False train_time:691980ms step_avg:691.98ms
step:1000/1555 val_step:59/320 val_loss:3.7835 chunk_loss:8385.2200 is_adam_step=True do_muon_ttt=False train_time:691980ms step_avg:691.98ms
step:1000/1555 val_step:60/320 val_loss:3.7839 chunk_loss:8016.6971 is_adam_step=False do_muon_ttt=False train_time:691980ms step_avg:691.98ms
step:1000/1555 val_step:61/320 val_loss:3.7854 chunk_loss:8166.2084 is_adam_step=True do_muon_ttt=False train_time:691980ms step_avg:691.98ms
step:1000/1555 val_step:62/320 val_loss:3.7869 chunk_loss:8161.4162 is_adam_step=False do_muon_ttt=False train_time:691980ms step_avg:691.98ms
step:1000/1555 val_step:63/320 val_loss:3.7886 chunk_loss:8216.4813 is_adam_step=True do_muon_ttt=False train_time:691980ms step_avg:691.98ms
step:1000/1555 val_step:64/320 val_loss:3.7920 chunk_loss:8445.3043 is_adam_step=False do_muon_ttt=False train_time:691980ms step_avg:691.98ms
step:1000/1555 val_step:65/320 val_loss:3.7955 chunk_loss:8491.4621 is_adam_step=True do_muon_ttt=False train_time:691980ms step_avg:691.98ms
step:1000/1555 val_step:66/320 val_loss:3.8003 chunk_loss:8662.9330 is_adam_step=False do_muon_ttt=False train_time:691980ms step_avg:691.98ms
step:1000/1555 val_step:67/320 val_loss:3.8021 chunk_loss:8284.1212 is_adam_step=True do_muon_ttt=False train_time:691980ms step_avg:691.98ms
step:1000/1555 val_step:68/320 val_loss:3.8021 chunk_loss:8012.8564 is_adam_step=False do_muon_ttt=False train_time:691980ms step_avg:691.98ms
step:1000/1555 val_step:69/320 val_loss:3.8041 chunk_loss:8285.5397 is_adam_step=True do_muon_ttt=False train_time:691980ms step_avg:691.98ms
step:1000/1555 val_step:70/320 val_loss:3.8044 chunk_loss:8067.7046 is_adam_step=False do_muon_ttt=False train_time:691980ms step_avg:691.98ms
step:1000/1555 val_step:71/320 val_loss:3.8031 chunk_loss:7812.1454 is_adam_step=True do_muon_ttt=False train_time:691980ms step_avg:691.98ms
step:1000/1555 val_step:72/320 val_loss:3.8021 chunk_loss:7877.4968 is_adam_step=False do_muon_ttt=False train_time:691980ms step_avg:691.98ms
step:1000/1555 val_step:73/320 val_loss:3.8032 chunk_loss:8220.9109 is_adam_step=True do_muon_ttt=False train_time:691980ms step_avg:691.98ms
step:1000/1555 val_step:74/320 val_loss:3.8071 chunk_loss:8628.8900 is_adam_step=False do_muon_ttt=False train_time:691980ms step_avg:691.98ms
step:1000/1555 val_step:75/320 val_loss:3.8086 chunk_loss:8260.4349 is_adam_step=True do_muon_ttt=False train_time:691980ms step_avg:691.98ms
step:1000/1555 val_step:76/320 val_loss:3.8086 chunk_loss:8055.2404 is_adam_step=False do_muon_ttt=False train_time:691980ms step_avg:691.98ms
step:1000/1555 val_step:77/320 val_loss:3.8113 chunk_loss:8477.5267 is_adam_step=True do_muon_ttt=False train_time:691980ms step_avg:691.98ms
step:1000/1555 val_step:78/320 val_loss:3.8106 chunk_loss:7919.1043 is_adam_step=False do_muon_ttt=False train_time:691980ms step_avg:691.98ms
step:1000/1555 val_step:79/320 val_loss:3.8100 chunk_loss:7950.1708 is_adam_step=True do_muon_ttt=False train_time:691980ms step_avg:691.98ms
step:1000/1555 val_step:80/320 val_loss:3.8095 chunk_loss:7975.2766 is_adam_step=False do_muon_ttt=False train_time:691980ms step_avg:691.98ms
step:1000/1555 val_step:81/320 val_loss:3.8085 chunk_loss:7875.6252 is_adam_step=True do_muon_ttt=False train_time:691980ms step_avg:691.98ms
step:1000/1555 val_step:82/320 val_loss:3.8097 chunk_loss:8244.0961 is_adam_step=False do_muon_ttt=False train_time:691980ms step_avg:691.98ms
step:1000/1555 val_step:83/320 val_loss:3.8084 chunk_loss:7822.4268 is_adam_step=True do_muon_ttt=False train_time:691980ms step_avg:691.98ms
step:1000/1555 val_step:84/320 val_loss:3.8101 chunk_loss:8321.1037 is_adam_step=False do_muon_ttt=False train_time:691980ms step_avg:691.98ms
step:1000/1555 val_step:85/320 val_loss:3.8108 chunk_loss:8167.8366 is_adam_step=True do_muon_ttt=False train_time:691980ms step_avg:691.98ms
step:1000/1555 val_step:86/320 val_loss:3.8119 chunk_loss:8235.1455 is_adam_step=False do_muon_ttt=False train_time:691980ms step_avg:691.98ms
step:1000/1555 val_step:87/320 val_loss:3.8124 chunk_loss:8110.3382 is_adam_step=True do_muon_ttt=False train_time:691980ms step_avg:691.98ms
step:1000/1555 val_step:88/320 val_loss:3.8134 chunk_loss:8241.3186 is_adam_step=False do_muon_ttt=False train_time:691980ms step_avg:691.98ms
step:1000/1555 val_step:89/320 val_loss:3.8147 chunk_loss:8280.1161 is_adam_step=True do_muon_ttt=False train_time:691980ms step_avg:691.98ms
step:1000/1555 val_step:90/320 val_loss:3.8140 chunk_loss:7905.8803 is_adam_step=False do_muon_ttt=False train_time:691980ms step_avg:691.98ms
step:1000/1555 val_step:91/320 val_loss:3.8132 chunk_loss:7907.1114 is_adam_step=True do_muon_ttt=False train_time:691980ms step_avg:691.98ms
step:1000/1555 val_step:92/320 val_loss:3.8151 chunk_loss:8419.5843 is_adam_step=False do_muon_ttt=False train_time:691980ms step_avg:691.98ms
step:1000/1555 val_step:93/320 val_loss:3.8165 chunk_loss:8294.3154 is_adam_step=True do_muon_ttt=False train_time:691980ms step_avg:691.98ms
step:1000/1555 val_step:94/320 val_loss:3.8178 chunk_loss:8299.3229 is_adam_step=False do_muon_ttt=False train_time:691980ms step_avg:691.98ms
step:1000/1555 val_step:95/320 val_loss:3.8187 chunk_loss:8210.6863 is_adam_step=True do_muon_ttt=False train_time:691980ms step_avg:691.98ms
step:1000/1555 val_step:96/320 val_loss:3.8202 chunk_loss:8331.8036 is_adam_step=False do_muon_ttt=False train_time:691980ms step_avg:691.98ms
step:1000/1555 val_step:97/320 val_loss:3.8241 chunk_loss:8839.5854 is_adam_step=True do_muon_ttt=False train_time:691980ms step_avg:691.98ms
step:1000/1555 val_step:98/320 val_loss:3.8253 chunk_loss:8299.1712 is_adam_step=False do_muon_ttt=False train_time:691980ms step_avg:691.98ms
step:1000/1555 val_step:99/320 val_loss:3.8260 chunk_loss:8203.8847 is_adam_step=True do_muon_ttt=False train_time:691980ms step_avg:691.98ms
step:1000/1555 val_step:100/320 val_loss:3.8265 chunk_loss:8150.6327 is_adam_step=False do_muon_ttt=False train_time:691980ms step_avg:691.98ms
step:1000/1555 val_step:101/320 val_loss:3.8261 chunk_loss:7966.0052 is_adam_step=True do_muon_ttt=False train_time:691980ms step_avg:691.98ms
step:1000/1555 val_step:102/320 val_loss:3.8273 chunk_loss:8297.2882 is_adam_step=False do_muon_ttt=False train_time:691980ms step_avg:691.98ms
step:1000/1555 val_step:103/320 val_loss:3.8295 chunk_loss:8565.6907 is_adam_step=True do_muon_ttt=False train_time:691980ms step_avg:691.98ms
step:1000/1555 val_step:104/320 val_loss:3.8296 chunk_loss:8122.8066 is_adam_step=False do_muon_ttt=False train_time:691980ms step_avg:691.98ms
step:1000/1555 val_step:105/320 val_loss:3.8297 chunk_loss:8101.2940 is_adam_step=True do_muon_ttt=False train_time:691980ms step_avg:691.98ms
step:1000/1555 val_step:106/320 val_loss:3.8279 chunk_loss:7673.1867 is_adam_step=False do_muon_ttt=False train_time:691980ms step_avg:691.98ms
step:1000/1555 val_step:107/320 val_loss:3.8276 chunk_loss:7984.7628 is_adam_step=True do_muon_ttt=False train_time:691980ms step_avg:691.98ms
step:1000/1555 val_step:108/320 val_loss:3.8273 chunk_loss:8000.9669 is_adam_step=False do_muon_ttt=False train_time:691980ms step_avg:691.98ms
step:1000/1555 val_step:109/320 val_loss:3.8275 chunk_loss:8140.3046 is_adam_step=True do_muon_ttt=False train_time:691980ms step_avg:691.98ms
step:1000/1555 val_step:110/320 val_loss:3.8275 chunk_loss:8089.5842 is_adam_step=False do_muon_ttt=False train_time:691980ms step_avg:691.98ms
step:1000/1555 val_step:111/320 val_loss:3.8291 chunk_loss:8457.4926 is_adam_step=True do_muon_ttt=False train_time:691980ms step_avg:691.98ms
step:1000/1555 val_step:112/320 val_loss:3.8289 chunk_loss:8010.9702 is_adam_step=False do_muon_ttt=False train_time:691980ms step_avg:691.98ms
step:1000/1555 val_step:113/320 val_loss:3.8277 chunk_loss:7802.1626 is_adam_step=True do_muon_ttt=False train_time:691980ms step_avg:691.98ms
step:1000/1555 val_step:114/320 val_loss:3.8263 chunk_loss:7749.8611 is_adam_step=False do_muon_ttt=False train_time:691980ms step_avg:691.98ms
step:1000/1555 val_step:115/320 val_loss:3.8252 chunk_loss:7813.2466 is_adam_step=True do_muon_ttt=False train_time:691980ms step_avg:691.98ms
step:1000/1555 val_step:116/320 val_loss:3.8253 chunk_loss:8082.3557 is_adam_step=False do_muon_ttt=False train_time:691980ms step_avg:691.98ms
step:1000/1555 val_step:117/320 val_loss:3.8260 chunk_loss:8248.4941 is_adam_step=True do_muon_ttt=False train_time:691980ms step_avg:691.98ms
step:1000/1555 val_step:118/320 val_loss:3.8269 chunk_loss:8300.3091 is_adam_step=False do_muon_ttt=False train_time:691980ms step_avg:691.98ms
step:1000/1555 val_step:119/320 val_loss:3.8266 chunk_loss:8003.3761 is_adam_step=True do_muon_ttt=False train_time:691980ms step_avg:691.98ms
step:1000/1555 val_step:120/320 val_loss:3.8274 chunk_loss:8235.8628 is_adam_step=False do_muon_ttt=False train_time:691980ms step_avg:691.98ms
step:1000/1555 val_step:121/320 val_loss:3.8272 chunk_loss:8023.2085 is_adam_step=True do_muon_ttt=False train_time:691980ms step_avg:691.98ms
step:1000/1555 val_step:122/320 val_loss:3.8274 chunk_loss:8119.4980 is_adam_step=False do_muon_ttt=False train_time:691980ms step_avg:691.98ms
step:1000/1555 val_step:123/320 val_loss:3.8272 chunk_loss:8038.1419 is_adam_step=True do_muon_ttt=False train_time:691980ms step_avg:691.98ms
step:1000/1555 val_step:124/320 val_loss:3.8276 chunk_loss:8191.8021 is_adam_step=False do_muon_ttt=False train_time:691980ms step_avg:691.98ms
step:1000/1555 val_step:125/320 val_loss:3.8283 chunk_loss:8278.1735 is_adam_step=True do_muon_ttt=False train_time:691980ms step_avg:691.98ms
step:1000/1555 val_step:126/320 val_loss:3.8269 chunk_loss:7715.0595 is_adam_step=False do_muon_ttt=False train_time:691980ms step_avg:691.98ms
step:1000/1555 val_step:127/320 val_loss:3.8275 chunk_loss:8239.4196 is_adam_step=True do_muon_ttt=False train_time:691980ms step_avg:691.98ms
step:1000/1555 val_step:128/320 val_loss:3.8271 chunk_loss:7958.4970 is_adam_step=False do_muon_ttt=False train_time:691980ms step_avg:691.98ms
step:1000/1555 val_step:129/320 val_loss:3.8258 chunk_loss:7750.2867 is_adam_step=True do_muon_ttt=False train_time:691980ms step_avg:691.98ms
step:1000/1555 val_step:130/320 val_loss:3.8262 chunk_loss:8164.3044 is_adam_step=False do_muon_ttt=False train_time:691980ms step_avg:691.98ms
step:1000/1555 val_step:131/320 val_loss:3.8259 chunk_loss:7992.7689 is_adam_step=True do_muon_ttt=False train_time:691980ms step_avg:691.98ms
step:1000/1555 val_step:132/320 val_loss:3.8280 chunk_loss:8642.5316 is_adam_step=False do_muon_ttt=False train_time:691980ms step_avg:691.98ms
step:1000/1555 val_step:133/320 val_loss:3.8297 chunk_loss:8531.7302 is_adam_step=True do_muon_ttt=False train_time:691980ms step_avg:691.98ms
step:1000/1555 val_step:134/320 val_loss:3.8288 chunk_loss:7847.2447 is_adam_step=False do_muon_ttt=False train_time:691980ms step_avg:691.98ms
step:1000/1555 val_step:135/320 val_loss:3.8284 chunk_loss:8016.5718 is_adam_step=True do_muon_ttt=False train_time:691980ms step_avg:691.98ms
step:1000/1555 val_step:136/320 val_loss:3.8288 chunk_loss:8160.3377 is_adam_step=False do_muon_ttt=False train_time:691980ms step_avg:691.98ms
step:1000/1555 val_step:137/320 val_loss:3.8294 chunk_loss:8243.4297 is_adam_step=True do_muon_ttt=False train_time:691980ms step_avg:691.98ms
step:1000/1555 val_step:138/320 val_loss:3.8313 chunk_loss:8630.3566 is_adam_step=False do_muon_ttt=False train_time:691980ms step_avg:691.98ms
step:1000/1555 val_step:139/320 val_loss:3.8319 chunk_loss:8231.1136 is_adam_step=True do_muon_ttt=False train_time:691980ms step_avg:691.98ms
step:1000/1555 val_step:140/320 val_loss:3.8320 chunk_loss:8124.1787 is_adam_step=False do_muon_ttt=False train_time:691980ms step_avg:691.98ms
step:1000/1555 val_step:141/320 val_loss:3.8320 chunk_loss:8075.8897 is_adam_step=True do_muon_ttt=False train_time:691980ms step_avg:691.98ms
step:1000/1555 val_step:142/320 val_loss:3.8326 chunk_loss:8224.8231 is_adam_step=False do_muon_ttt=False train_time:691980ms step_avg:691.98ms
step:1000/1555 val_step:143/320 val_loss:3.8340 chunk_loss:8515.4811 is_adam_step=True do_muon_ttt=False train_time:691980ms step_avg:691.98ms
step:1000/1555 val_step:144/320 val_loss:3.8350 chunk_loss:8381.9739 is_adam_step=False do_muon_ttt=False train_time:691980ms step_avg:691.98ms
step:1000/1555 val_step:145/320 val_loss:3.8344 chunk_loss:7957.3794 is_adam_step=True do_muon_ttt=False train_time:691980ms step_avg:691.98ms
step:1000/1555 val_step:146/320 val_loss:3.8346 chunk_loss:8135.2932 is_adam_step=False do_muon_ttt=False train_time:691980ms step_avg:691.98ms
step:1000/1555 val_step:147/320 val_loss:3.8353 chunk_loss:8249.4279 is_adam_step=True do_muon_ttt=False train_time:691980ms step_avg:691.98ms
step:1000/1555 val_step:148/320 val_loss:3.8361 chunk_loss:8378.1704 is_adam_step=False do_muon_ttt=False train_time:691980ms step_avg:691.98ms
step:1000/1555 val_step:149/320 val_loss:3.8352 chunk_loss:7802.0277 is_adam_step=True do_muon_ttt=False train_time:691980ms step_avg:691.98ms
step:1000/1555 val_step:150/320 val_loss:3.8346 chunk_loss:7888.2621 is_adam_step=False do_muon_ttt=False train_time:691980ms step_avg:691.98ms
step:1000/1555 val_step:151/320 val_loss:3.8347 chunk_loss:8133.0854 is_adam_step=True do_muon_ttt=False train_time:691980ms step_avg:691.98ms
step:1000/1555 val_step:152/320 val_loss:3.8337 chunk_loss:7763.0148 is_adam_step=False do_muon_ttt=False train_time:691980ms step_avg:691.98ms
step:1000/1555 val_step:153/320 val_loss:3.8330 chunk_loss:7862.4427 is_adam_step=True do_muon_ttt=False train_time:691980ms step_avg:691.98ms
step:1000/1555 val_step:154/320 val_loss:3.8327 chunk_loss:7977.0345 is_adam_step=False do_muon_ttt=False train_time:691980ms step_avg:691.98ms
step:1000/1555 val_step:155/320 val_loss:3.8332 chunk_loss:8230.9482 is_adam_step=True do_muon_ttt=False train_time:691980ms step_avg:691.98ms
step:1000/1555 val_step:156/320 val_loss:3.8330 chunk_loss:8004.9476 is_adam_step=False do_muon_ttt=False train_time:691980ms step_avg:691.98ms
step:1000/1555 val_step:157/320 val_loss:3.8332 chunk_loss:8171.0879 is_adam_step=True do_muon_ttt=False train_time:691980ms step_avg:691.98ms
step:1000/1555 val_step:158/320 val_loss:3.8331 chunk_loss:8066.6220 is_adam_step=False do_muon_ttt=False train_time:691980ms step_avg:691.98ms
step:1000/1555 val_step:159/320 val_loss:3.8331 chunk_loss:8069.9194 is_adam_step=True do_muon_ttt=False train_time:691980ms step_avg:691.98ms
step:1000/1555 val_step:160/320 val_loss:3.8340 chunk_loss:8421.6852 is_adam_step=False do_muon_ttt=False train_time:691980ms step_avg:691.98ms
step:1000/1555 val_step:161/320 val_loss:3.8338 chunk_loss:8033.6740 is_adam_step=True do_muon_ttt=False train_time:691980ms step_avg:691.98ms
step:1000/1555 val_step:162/320 val_loss:3.8342 chunk_loss:8198.0092 is_adam_step=False do_muon_ttt=False train_time:691980ms step_avg:691.98ms
step:1000/1555 val_step:163/320 val_loss:3.8335 chunk_loss:7857.8860 is_adam_step=True do_muon_ttt=False train_time:691980ms step_avg:691.98ms
step:1000/1555 val_step:164/320 val_loss:3.8333 chunk_loss:8012.2581 is_adam_step=False do_muon_ttt=False train_time:691980ms step_avg:691.98ms
step:1000/1555 val_step:165/320 val_loss:3.8364 chunk_loss:9135.7051 is_adam_step=True do_muon_ttt=False train_time:691980ms step_avg:691.98ms
step:1000/1555 val_step:166/320 val_loss:3.8370 chunk_loss:8329.5161 is_adam_step=False do_muon_ttt=False train_time:691980ms step_avg:691.98ms
step:1000/1555 val_step:167/320 val_loss:3.8376 chunk_loss:8336.1426 is_adam_step=True do_muon_ttt=False train_time:691980ms step_avg:691.98ms
step:1000/1555 val_step:168/320 val_loss:3.8375 chunk_loss:8061.3438 is_adam_step=False do_muon_ttt=False train_time:691980ms step_avg:691.98ms
step:1000/1555 val_step:169/320 val_loss:3.8376 chunk_loss:8152.6818 is_adam_step=True do_muon_ttt=False train_time:691980ms step_avg:691.98ms
step:1000/1555 val_step:170/320 val_loss:3.8374 chunk_loss:7976.5019 is_adam_step=False do_muon_ttt=False train_time:691980ms step_avg:691.98ms
step:1000/1555 val_step:171/320 val_loss:3.8363 chunk_loss:7693.2701 is_adam_step=True do_muon_ttt=False train_time:691980ms step_avg:691.98ms
step:1000/1555 val_step:172/320 val_loss:3.8362 chunk_loss:8073.6481 is_adam_step=False do_muon_ttt=False train_time:691980ms step_avg:691.98ms
step:1000/1555 val_step:173/320 val_loss:3.8356 chunk_loss:7914.5078 is_adam_step=True do_muon_ttt=False train_time:691980ms step_avg:691.98ms
step:1000/1555 val_step:174/320 val_loss:3.8370 chunk_loss:8586.2100 is_adam_step=False do_muon_ttt=False train_time:691980ms step_avg:691.98ms
step:1000/1555 val_step:175/320 val_loss:3.8368 chunk_loss:8023.5613 is_adam_step=True do_muon_ttt=False train_time:691980ms step_avg:691.98ms
step:1000/1555 val_step:176/320 val_loss:3.8371 chunk_loss:8215.8730 is_adam_step=False do_muon_ttt=False train_time:691980ms step_avg:691.98ms
step:1000/1555 val_step:177/320 val_loss:3.8357 chunk_loss:7553.4897 is_adam_step=True do_muon_ttt=False train_time:691980ms step_avg:691.98ms
step:1000/1555 val_step:178/320 val_loss:3.8356 chunk_loss:8068.7286 is_adam_step=False do_muon_ttt=False train_time:691980ms step_avg:691.98ms
step:1000/1555 val_step:179/320 val_loss:3.8357 chunk_loss:8110.6745 is_adam_step=True do_muon_ttt=False train_time:691980ms step_avg:691.98ms
step:1000/1555 val_step:180/320 val_loss:3.8349 chunk_loss:7769.2725 is_adam_step=False do_muon_ttt=False train_time:691980ms step_avg:691.98ms
step:1000/1555 val_step:181/320 val_loss:3.8352 chunk_loss:8229.8326 is_adam_step=True do_muon_ttt=False train_time:691980ms step_avg:691.98ms
step:1000/1555 val_step:182/320 val_loss:3.8336 chunk_loss:7472.7135 is_adam_step=False do_muon_ttt=False train_time:691980ms step_avg:691.98ms
step:1000/1555 val_step:183/320 val_loss:3.8344 chunk_loss:8465.6898 is_adam_step=True do_muon_ttt=False train_time:691980ms step_avg:691.98ms
step:1000/1555 val_step:184/320 val_loss:3.8333 chunk_loss:7676.7911 is_adam_step=False do_muon_ttt=False train_time:691980ms step_avg:691.98ms
step:1000/1555 val_step:185/320 val_loss:3.8315 chunk_loss:7390.4364 is_adam_step=True do_muon_ttt=False train_time:691980ms step_avg:691.98ms
step:1000/1555 val_step:186/320 val_loss:3.8310 chunk_loss:7889.4492 is_adam_step=False do_muon_ttt=False train_time:691980ms step_avg:691.98ms
step:1000/1555 val_step:187/320 val_loss:3.8303 chunk_loss:7827.3601 is_adam_step=True do_muon_ttt=False train_time:691980ms step_avg:691.98ms
step:1000/1555 val_step:188/320 val_loss:3.8309 chunk_loss:8328.7769 is_adam_step=False do_muon_ttt=False train_time:691980ms step_avg:691.98ms
step:1000/1555 val_step:189/320 val_loss:3.8296 chunk_loss:7559.7309 is_adam_step=True do_muon_ttt=False train_time:691980ms step_avg:691.98ms
step:1000/1555 val_step:190/320 val_loss:3.8292 chunk_loss:7934.1532 is_adam_step=False do_muon_ttt=False train_time:691980ms step_avg:691.98ms
step:1000/1555 val_step:191/320 val_loss:3.8288 chunk_loss:7893.1691 is_adam_step=True do_muon_ttt=False train_time:691980ms step_avg:691.98ms
step:1000/1555 val_step:192/320 val_loss:3.8286 chunk_loss:7994.5525 is_adam_step=False do_muon_ttt=False train_time:691980ms step_avg:691.98ms
step:1000/1555 val_step:193/320 val_loss:3.8287 chunk_loss:8112.8675 is_adam_step=True do_muon_ttt=False train_time:691980ms step_avg:691.98ms
step:1000/1555 val_step:194/320 val_loss:3.8293 chunk_loss:8335.4522 is_adam_step=False do_muon_ttt=False train_time:691980ms step_avg:691.98ms
step:1000/1555 val_step:195/320 val_loss:3.8285 chunk_loss:7766.6480 is_adam_step=True do_muon_ttt=False train_time:691980ms step_avg:691.98ms
step:1000/1555 val_step:196/320 val_loss:3.8282 chunk_loss:7960.7684 is_adam_step=False do_muon_ttt=False train_time:691980ms step_avg:691.98ms
step:1000/1555 val_step:197/320 val_loss:3.8284 chunk_loss:8205.1087 is_adam_step=True do_muon_ttt=False train_time:691980ms step_avg:691.98ms
step:1000/1555 val_step:198/320 val_loss:3.8288 chunk_loss:8253.4316 is_adam_step=False do_muon_ttt=False train_time:691980ms step_avg:691.98ms
step:1000/1555 val_step:199/320 val_loss:3.8283 chunk_loss:7870.9457 is_adam_step=True do_muon_ttt=False train_time:691980ms step_avg:691.98ms
step:1000/1555 val_step:200/320 val_loss:3.8279 chunk_loss:7885.4550 is_adam_step=False do_muon_ttt=False train_time:691980ms step_avg:691.98ms
step:1000/1555 val_step:201/320 val_loss:3.8259 chunk_loss:7354.3474 is_adam_step=True do_muon_ttt=False train_time:691980ms step_avg:691.98ms
step:1000/1555 val_step:202/320 val_loss:3.8271 chunk_loss:8568.8917 is_adam_step=False do_muon_ttt=False train_time:691980ms step_avg:691.98ms
step:1000/1555 val_step:203/320 val_loss:3.8263 chunk_loss:7719.8824 is_adam_step=True do_muon_ttt=False train_time:691980ms step_avg:691.98ms
step:1000/1555 val_step:204/320 val_loss:3.8257 chunk_loss:7849.0161 is_adam_step=False do_muon_ttt=False train_time:691980ms step_avg:691.98ms
step:1000/1555 val_step:205/320 val_loss:3.8262 chunk_loss:8268.2818 is_adam_step=True do_muon_ttt=False train_time:691980ms step_avg:691.98ms
step:1000/1555 val_step:206/320 val_loss:3.8258 chunk_loss:7939.6295 is_adam_step=False do_muon_ttt=False train_time:691980ms step_avg:691.98ms
step:1000/1555 val_step:207/320 val_loss:3.8257 chunk_loss:8013.7505 is_adam_step=True do_muon_ttt=False train_time:691980ms step_avg:691.98ms
step:1000/1555 val_step:208/320 val_loss:3.8244 chunk_loss:7524.0849 is_adam_step=False do_muon_ttt=False train_time:691980ms step_avg:691.98ms
step:1000/1555 val_step:209/320 val_loss:3.8248 chunk_loss:8237.6762 is_adam_step=True do_muon_ttt=False train_time:691980ms step_avg:691.98ms
step:1000/1555 val_step:210/320 val_loss:3.8234 chunk_loss:7531.2495 is_adam_step=False do_muon_ttt=False train_time:691980ms step_avg:691.98ms
step:1000/1555 val_step:211/320 val_loss:3.8228 chunk_loss:7779.1487 is_adam_step=True do_muon_ttt=False train_time:691980ms step_avg:691.98ms
step:1000/1555 val_step:212/320 val_loss:3.8242 chunk_loss:8657.4334 is_adam_step=False do_muon_ttt=False train_time:691980ms step_avg:691.98ms
step:1000/1555 val_step:213/320 val_loss:3.8240 chunk_loss:7958.8372 is_adam_step=True do_muon_ttt=False train_time:691980ms step_avg:691.98ms
step:1000/1555 val_step:214/320 val_loss:3.8248 chunk_loss:8384.7270 is_adam_step=False do_muon_ttt=False train_time:691980ms step_avg:691.98ms
step:1000/1555 val_step:215/320 val_loss:3.8236 chunk_loss:7593.4960 is_adam_step=True do_muon_ttt=False train_time:691980ms step_avg:691.98ms
step:1000/1555 val_step:216/320 val_loss:3.8232 chunk_loss:7877.9059 is_adam_step=False do_muon_ttt=False train_time:691980ms step_avg:691.98ms
step:1000/1555 val_step:217/320 val_loss:3.8239 chunk_loss:8352.8212 is_adam_step=True do_muon_ttt=False train_time:691980ms step_avg:691.98ms
step:1000/1555 val_step:218/320 val_loss:3.8238 chunk_loss:8018.0801 is_adam_step=False do_muon_ttt=False train_time:691980ms step_avg:691.98ms
step:1000/1555 val_step:219/320 val_loss:3.8239 chunk_loss:8084.8263 is_adam_step=True do_muon_ttt=False train_time:691980ms step_avg:691.98ms
step:1000/1555 val_step:220/320 val_loss:3.8238 chunk_loss:8018.1178 is_adam_step=False do_muon_ttt=False train_time:691980ms step_avg:691.98ms
step:1000/1555 val_step:221/320 val_loss:3.8236 chunk_loss:7996.7484 is_adam_step=True do_muon_ttt=False train_time:691980ms step_avg:691.98ms
step:1000/1555 val_step:222/320 val_loss:3.8236 chunk_loss:8073.4554 is_adam_step=False do_muon_ttt=False train_time:691980ms step_avg:691.98ms
step:1000/1555 val_step:223/320 val_loss:3.8234 chunk_loss:7974.7083 is_adam_step=True do_muon_ttt=False train_time:691980ms step_avg:691.98ms
step:1000/1555 val_step:224/320 val_loss:3.8227 chunk_loss:7765.4995 is_adam_step=False do_muon_ttt=False train_time:691980ms step_avg:691.98ms
step:1000/1555 val_step:225/320 val_loss:3.8220 chunk_loss:7811.5822 is_adam_step=True do_muon_ttt=False train_time:691980ms step_avg:691.98ms
step:1000/1555 val_step:226/320 val_loss:3.8214 chunk_loss:7781.6788 is_adam_step=False do_muon_ttt=False train_time:691980ms step_avg:691.98ms
step:1000/1555 val_step:227/320 val_loss:3.8215 chunk_loss:8081.0096 is_adam_step=True do_muon_ttt=False train_time:691980ms step_avg:691.98ms
step:1000/1555 val_step:228/320 val_loss:3.8215 chunk_loss:8115.7834 is_adam_step=False do_muon_ttt=False train_time:691980ms step_avg:691.98ms
step:1000/1555 val_step:229/320 val_loss:3.8220 chunk_loss:8294.1519 is_adam_step=True do_muon_ttt=False train_time:691980ms step_avg:691.98ms
step:1000/1555 val_step:230/320 val_loss:3.8219 chunk_loss:8033.8271 is_adam_step=False do_muon_ttt=False train_time:691980ms step_avg:691.98ms
step:1000/1555 val_step:231/320 val_loss:3.8217 chunk_loss:7916.4819 is_adam_step=True do_muon_ttt=False train_time:691980ms step_avg:691.98ms
step:1000/1555 val_step:232/320 val_loss:3.8220 chunk_loss:8254.4033 is_adam_step=False do_muon_ttt=False train_time:691980ms step_avg:691.98ms
step:1000/1555 val_step:233/320 val_loss:3.8223 chunk_loss:8180.0855 is_adam_step=True do_muon_ttt=False train_time:691980ms step_avg:691.98ms
step:1000/1555 val_step:234/320 val_loss:3.8221 chunk_loss:7989.6133 is_adam_step=False do_muon_ttt=False train_time:691980ms step_avg:691.98ms
step:1000/1555 val_step:235/320 val_loss:3.8221 chunk_loss:8092.7345 is_adam_step=True do_muon_ttt=False train_time:691980ms step_avg:691.98ms
step:1000/1555 val_step:236/320 val_loss:3.8221 chunk_loss:8108.4977 is_adam_step=False do_muon_ttt=False train_time:691980ms step_avg:691.98ms
step:1000/1555 val_step:237/320 val_loss:3.8219 chunk_loss:7986.0544 is_adam_step=True do_muon_ttt=False train_time:691980ms step_avg:691.98ms
step:1000/1555 val_step:238/320 val_loss:3.8217 chunk_loss:7961.4139 is_adam_step=False do_muon_ttt=False train_time:691980ms step_avg:691.98ms
step:1000/1555 val_step:239/320 val_loss:3.8213 chunk_loss:7850.7497 is_adam_step=True do_muon_ttt=False train_time:691980ms step_avg:691.98ms
step:1000/1555 val_step:240/320 val_loss:3.8211 chunk_loss:7951.9031 is_adam_step=False do_muon_ttt=False train_time:691980ms step_avg:691.98ms
step:1000/1555 val_step:241/320 val_loss:3.8212 chunk_loss:8119.9568 is_adam_step=True do_muon_ttt=False train_time:691980ms step_avg:691.98ms
step:1000/1555 val_step:242/320 val_loss:3.8222 chunk_loss:8581.8800 is_adam_step=False do_muon_ttt=False train_time:691980ms step_avg:691.98ms
step:1000/1555 val_step:243/320 val_loss:3.8218 chunk_loss:7865.2989 is_adam_step=True do_muon_ttt=False train_time:691980ms step_avg:691.98ms
step:1000/1555 val_step:244/320 val_loss:3.8221 chunk_loss:8229.8983 is_adam_step=False do_muon_ttt=False train_time:691980ms step_avg:691.98ms
step:1000/1555 val_step:245/320 val_loss:3.8223 chunk_loss:8131.1187 is_adam_step=True do_muon_ttt=False train_time:691980ms step_avg:691.98ms
step:1000/1555 val_step:246/320 val_loss:3.8225 chunk_loss:8191.9940 is_adam_step=False do_muon_ttt=False train_time:691980ms step_avg:691.98ms
step:1000/1555 val_step:247/320 val_loss:3.8223 chunk_loss:7952.5771 is_adam_step=True do_muon_ttt=False train_time:691980ms step_avg:691.98ms
step:1000/1555 val_step:248/320 val_loss:3.8220 chunk_loss:7908.6699 is_adam_step=False do_muon_ttt=False train_time:691980ms step_avg:691.98ms
step:1000/1555 val_step:249/320 val_loss:3.8231 chunk_loss:8571.9043 is_adam_step=True do_muon_ttt=False train_time:691980ms step_avg:691.98ms
step:1000/1555 val_step:250/320 val_loss:3.8229 chunk_loss:8003.7451 is_adam_step=False do_muon_ttt=False train_time:691980ms step_avg:691.98ms
step:1000/1555 val_step:251/320 val_loss:3.8230 chunk_loss:8079.3762 is_adam_step=True do_muon_ttt=False train_time:691980ms step_avg:691.98ms
step:1000/1555 val_step:252/320 val_loss:3.8234 chunk_loss:8255.4600 is_adam_step=False do_muon_ttt=False train_time:691980ms step_avg:691.98ms
step:1000/1555 val_step:253/320 val_loss:3.8230 chunk_loss:7846.1026 is_adam_step=True do_muon_ttt=False train_time:691980ms step_avg:691.98ms
step:1000/1555 val_step:254/320 val_loss:3.8232 chunk_loss:8131.5090 is_adam_step=False do_muon_ttt=False train_time:691980ms step_avg:691.98ms
step:1000/1555 val_step:255/320 val_loss:3.8233 chunk_loss:8124.5587 is_adam_step=True do_muon_ttt=False train_time:691980ms step_avg:691.98ms
step:1000/1555 val_step:256/320 val_loss:3.8231 chunk_loss:7980.9837 is_adam_step=False do_muon_ttt=False train_time:691980ms step_avg:691.98ms
step:1000/1555 val_step:257/320 val_loss:3.8239 chunk_loss:8491.2434 is_adam_step=True do_muon_ttt=False train_time:691980ms step_avg:691.98ms
step:1000/1555 val_step:258/320 val_loss:3.8232 chunk_loss:7639.9510 is_adam_step=False do_muon_ttt=False train_time:691980ms step_avg:691.98ms
step:1000/1555 val_step:259/320 val_loss:3.8231 chunk_loss:8022.9845 is_adam_step=True do_muon_ttt=False train_time:691980ms step_avg:691.98ms
step:1000/1555 val_step:260/320 val_loss:3.8229 chunk_loss:7933.7122 is_adam_step=False do_muon_ttt=False train_time:691980ms step_avg:691.98ms
step:1000/1555 val_step:261/320 val_loss:3.8229 chunk_loss:8086.2090 is_adam_step=True do_muon_ttt=False train_time:691980ms step_avg:691.98ms
step:1000/1555 val_step:262/320 val_loss:3.8229 chunk_loss:8055.1225 is_adam_step=False do_muon_ttt=False train_time:691980ms step_avg:691.98ms
step:1000/1555 val_step:263/320 val_loss:3.8225 chunk_loss:7858.7012 is_adam_step=True do_muon_ttt=False train_time:691980ms step_avg:691.98ms
step:1000/1555 val_step:264/320 val_loss:3.8226 chunk_loss:8104.6233 is_adam_step=False do_muon_ttt=False train_time:691980ms step_avg:691.98ms
step:1000/1555 val_step:265/320 val_loss:3.8221 chunk_loss:7788.5590 is_adam_step=True do_muon_ttt=False train_time:691980ms step_avg:691.98ms
step:1000/1555 val_step:266/320 val_loss:3.8222 chunk_loss:8129.4473 is_adam_step=False do_muon_ttt=False train_time:691980ms step_avg:691.98ms
step:1000/1555 val_step:267/320 val_loss:3.8214 chunk_loss:7666.8336 is_adam_step=True do_muon_ttt=False train_time:691980ms step_avg:691.98ms
step:1000/1555 val_step:268/320 val_loss:3.8209 chunk_loss:7751.6010 is_adam_step=False do_muon_ttt=False train_time:691980ms step_avg:691.98ms
step:1000/1555 val_step:269/320 val_loss:3.8205 chunk_loss:7858.0359 is_adam_step=True do_muon_ttt=False train_time:691980ms step_avg:691.98ms
step:1000/1555 val_step:270/320 val_loss:3.8199 chunk_loss:7750.5137 is_adam_step=False do_muon_ttt=False train_time:691980ms step_avg:691.98ms
step:1000/1555 val_step:271/320 val_loss:3.8191 chunk_loss:7595.2921 is_adam_step=True do_muon_ttt=False train_time:691980ms step_avg:691.98ms
step:1000/1555 val_step:272/320 val_loss:3.8183 chunk_loss:7587.2068 is_adam_step=False do_muon_ttt=False train_time:691980ms step_avg:691.98ms
step:1000/1555 val_step:273/320 val_loss:3.8182 chunk_loss:8041.5817 is_adam_step=True do_muon_ttt=False train_time:691980ms step_avg:691.98ms
step:1000/1555 val_step:274/320 val_loss:3.8181 chunk_loss:7990.8568 is_adam_step=False do_muon_ttt=False train_time:691980ms step_avg:691.98ms
step:1000/1555 val_step:275/320 val_loss:3.8186 chunk_loss:8352.7100 is_adam_step=True do_muon_ttt=False train_time:691980ms step_avg:691.98ms
step:1000/1555 val_step:276/320 val_loss:3.8180 chunk_loss:7703.1724 is_adam_step=False do_muon_ttt=False train_time:691980ms step_avg:691.98ms
step:1000/1555 val_step:277/320 val_loss:3.8173 chunk_loss:7650.0594 is_adam_step=True do_muon_ttt=False train_time:691980ms step_avg:691.98ms
step:1000/1555 val_step:278/320 val_loss:3.8170 chunk_loss:7927.5869 is_adam_step=False do_muon_ttt=False train_time:691980ms step_avg:691.98ms
step:1000/1555 val_step:279/320 val_loss:3.8175 chunk_loss:8292.7806 is_adam_step=True do_muon_ttt=False train_time:691980ms step_avg:691.98ms
step:1000/1555 val_step:280/320 val_loss:3.8175 chunk_loss:8039.2635 is_adam_step=False do_muon_ttt=False train_time:691980ms step_avg:691.98ms
step:1000/1555 val_step:281/320 val_loss:3.8171 chunk_loss:7816.7769 is_adam_step=True do_muon_ttt=False train_time:691980ms step_avg:691.98ms
step:1000/1555 val_step:282/320 val_loss:3.8168 chunk_loss:7919.5062 is_adam_step=False do_muon_ttt=False train_time:691980ms step_avg:691.98ms
step:1000/1555 val_step:283/320 val_loss:3.8165 chunk_loss:7845.7115 is_adam_step=True do_muon_ttt=False train_time:691980ms step_avg:691.98ms
step:1000/1555 val_step:284/320 val_loss:3.8167 chunk_loss:8223.9867 is_adam_step=False do_muon_ttt=False train_time:691980ms step_avg:691.98ms
step:1000/1555 val_step:285/320 val_loss:3.8159 chunk_loss:7605.2738 is_adam_step=True do_muon_ttt=False train_time:691980ms step_avg:691.98ms
step:1000/1555 val_step:286/320 val_loss:3.8155 chunk_loss:7795.2218 is_adam_step=False do_muon_ttt=False train_time:691980ms step_avg:691.98ms
step:1000/1555 val_step:287/320 val_loss:3.8158 chunk_loss:8149.8068 is_adam_step=True do_muon_ttt=False train_time:691980ms step_avg:691.98ms
step:1000/1555 val_step:288/320 val_loss:3.8156 chunk_loss:7931.1306 is_adam_step=False do_muon_ttt=False train_time:691980ms step_avg:691.98ms
step:1000/1555 val_step:289/320 val_loss:3.8159 chunk_loss:8245.8811 is_adam_step=True do_muon_ttt=False train_time:691980ms step_avg:691.98ms
step:1000/1555 val_step:290/320 val_loss:3.8161 chunk_loss:8196.2411 is_adam_step=False do_muon_ttt=False train_time:691980ms step_avg:691.98ms
step:1000/1555 val_step:291/320 val_loss:3.8159 chunk_loss:7908.8304 is_adam_step=True do_muon_ttt=False train_time:691980ms step_avg:691.98ms
step:1000/1555 val_step:292/320 val_loss:3.8153 chunk_loss:7681.9280 is_adam_step=False do_muon_ttt=False train_time:691980ms step_avg:691.98ms
step:1000/1555 val_step:293/320 val_loss:3.8149 chunk_loss:7801.7646 is_adam_step=True do_muon_ttt=False train_time:691980ms step_avg:691.98ms
step:1000/1555 val_step:294/320 val_loss:3.8149 chunk_loss:8037.0464 is_adam_step=False do_muon_ttt=False train_time:691980ms step_avg:691.98ms
step:1000/1555 val_step:295/320 val_loss:3.8150 chunk_loss:8085.6389 is_adam_step=True do_muon_ttt=False train_time:691980ms step_avg:691.98ms
step:1000/1555 val_step:296/320 val_loss:3.8149 chunk_loss:7975.7158 is_adam_step=False do_muon_ttt=False train_time:691980ms step_avg:691.98ms
step:1000/1555 val_step:297/320 val_loss:3.8142 chunk_loss:7599.4233 is_adam_step=True do_muon_ttt=False train_time:691980ms step_avg:691.98ms
step:1000/1555 val_step:298/320 val_loss:3.8137 chunk_loss:7752.4441 is_adam_step=False do_muon_ttt=False train_time:691980ms step_avg:691.98ms
step:1000/1555 val_step:299/320 val_loss:3.8134 chunk_loss:7843.9639 is_adam_step=True do_muon_ttt=False train_time:691980ms step_avg:691.98ms
step:1000/1555 val_step:300/320 val_loss:3.8128 chunk_loss:7708.6077 is_adam_step=False do_muon_ttt=False train_time:691980ms step_avg:691.98ms
step:1000/1555 val_step:301/320 val_loss:3.8123 chunk_loss:7735.5884 is_adam_step=True do_muon_ttt=False train_time:691980ms step_avg:691.98ms
step:1000/1555 val_step:302/320 val_loss:3.8121 chunk_loss:7873.9641 is_adam_step=False do_muon_ttt=False train_time:691980ms step_avg:691.98ms
step:1000/1555 val_step:303/320 val_loss:3.8123 chunk_loss:8184.0942 is_adam_step=True do_muon_ttt=False train_time:691980ms step_avg:691.98ms
step:1000/1555 val_step:304/320 val_loss:3.8112 chunk_loss:7373.3444 is_adam_step=False do_muon_ttt=False train_time:691980ms step_avg:691.98ms
step:1000/1555 val_step:305/320 val_loss:3.8109 chunk_loss:7815.9448 is_adam_step=True do_muon_ttt=False train_time:691980ms step_avg:691.98ms
step:1000/1555 val_step:306/320 val_loss:3.8107 chunk_loss:7925.0446 is_adam_step=False do_muon_ttt=False train_time:691980ms step_avg:691.98ms
step:1000/1555 val_step:307/320 val_loss:3.8105 chunk_loss:7888.1764 is_adam_step=True do_muon_ttt=False train_time:691980ms step_avg:691.98ms
step:1000/1555 val_step:308/320 val_loss:3.8105 chunk_loss:8007.6873 is_adam_step=False do_muon_ttt=False train_time:691980ms step_avg:691.98ms
step:1000/1555 val_step:309/320 val_loss:3.8104 chunk_loss:8038.9354 is_adam_step=True do_muon_ttt=False train_time:691980ms step_avg:691.98ms
step:1000/1555 val_step:310/320 val_loss:3.8099 chunk_loss:7676.7495 is_adam_step=False do_muon_ttt=False train_time:691980ms step_avg:691.98ms
step:1000/1555 val_step:311/320 val_loss:3.8101 chunk_loss:8184.7038 is_adam_step=True do_muon_ttt=False train_time:691980ms step_avg:691.98ms
step:1000/1555 val_step:312/320 val_loss:3.8102 chunk_loss:8053.2481 is_adam_step=False do_muon_ttt=False train_time:691980ms step_avg:691.98ms
step:1000/1555 val_step:313/320 val_loss:3.8101 chunk_loss:8034.9142 is_adam_step=True do_muon_ttt=False train_time:691980ms step_avg:691.98ms
step:1000/1555 val_step:314/320 val_loss:3.8104 chunk_loss:8192.6785 is_adam_step=False do_muon_ttt=False train_time:691980ms step_avg:691.98ms
step:1000/1555 val_step:315/320 val_loss:3.8104 chunk_loss:8035.6637 is_adam_step=True do_muon_ttt=False train_time:691980ms step_avg:691.98ms
step:1000/1555 val_step:316/320 val_loss:3.8101 chunk_loss:7847.9454 is_adam_step=False do_muon_ttt=False train_time:691980ms step_avg:691.98ms
step:1000/1555 val_step:317/320 val_loss:3.8100 chunk_loss:7929.7880 is_adam_step=True do_muon_ttt=False train_time:691980ms step_avg:691.98ms
step:1000/1555 val_step:318/320 val_loss:3.8100 chunk_loss:8065.2865 is_adam_step=False do_muon_ttt=False train_time:691980ms step_avg:691.98ms
step:1000/1555 val_step:319/320 val_loss:3.8097 chunk_loss:7854.4893 is_adam_step=True do_muon_ttt=False train_time:691980ms step_avg:691.98ms
step:1000/1555 val_loss:3.8097 train_time:691980ms step_avg:691.98ms
step:1001/1555 loss.item()=123443.03125 train_time:692736ms step_avg:692.04ms
step:1002/1555 loss.item()=115365.421875 train_time:693508ms step_avg:692.12ms
step:1003/1555 loss.item()=120061.5625 train_time:694280ms step_avg:692.20ms
step:1004/1555 loss.item()=121926.234375 train_time:695048ms step_avg:692.28ms
step:1005/1555 loss.item()=115054.3828125 train_time:695817ms step_avg:692.36ms
step:1006/1555 loss.item()=117392.296875 train_time:696587ms step_avg:692.43ms
step:1007/1555 loss.item()=114322.21875 train_time:697358ms step_avg:692.51ms
step:1008/1555 loss.item()=116964.6796875 train_time:698133ms step_avg:692.59ms
step:1009/1555 loss.item()=116822.234375 train_time:698900ms step_avg:692.67ms
step:1010/1555 loss.item()=118074.328125 train_time:699676ms step_avg:692.75ms
step:1011/1555 loss.item()=175235.65625 train_time:754867ms step_avg:746.65ms
step:1012/1555 loss.item()=177518.078125 train_time:755987ms step_avg:747.02ms
step:1013/1555 loss.item()=176224.25 train_time:757102ms step_avg:747.39ms
step:1014/1555 loss.item()=175820.0625 train_time:758213ms step_avg:747.74ms
step:1015/1555 loss.item()=180230.109375 train_time:759326ms step_avg:748.10ms
step:1016/1555 loss.item()=168275.5 train_time:760442ms step_avg:748.47ms
step:1017/1555 loss.item()=170193.3125 train_time:761552ms step_avg:748.82ms
step:1018/1555 loss.item()=173770.75 train_time:762671ms step_avg:749.19ms
step:1019/1555 loss.item()=180823.3125 train_time:763787ms step_avg:749.55ms
step:1020/1555 loss.item()=175991.234375 train_time:764907ms step_avg:749.91ms
step:1021/1555 loss.item()=182957.90625 train_time:766020ms step_avg:750.26ms
step:1022/1555 loss.item()=178315.765625 train_time:767141ms step_avg:750.63ms
step:1023/1555 loss.item()=188986.53125 train_time:768264ms step_avg:750.99ms
step:1024/1555 loss.item()=175333.984375 train_time:769387ms step_avg:751.35ms
step:1025/1555 loss.item()=168833.09375 train_time:770505ms step_avg:751.71ms
step:1026/1555 loss.item()=173700.90625 train_time:771630ms step_avg:752.08ms
step:1027/1555 loss.item()=175606.578125 train_time:772749ms step_avg:752.43ms
step:1028/1555 loss.item()=176818.375 train_time:773870ms step_avg:752.79ms
step:1029/1555 loss.item()=171082.0 train_time:774995ms step_avg:753.15ms
step:1030/1555 loss.item()=178577.109375 train_time:776122ms step_avg:753.52ms
step:1031/1555 loss.item()=175066.859375 train_time:777248ms step_avg:753.88ms
step:1032/1555 loss.item()=171901.3125 train_time:778378ms step_avg:754.24ms
step:1033/1555 loss.item()=175544.65625 train_time:779497ms step_avg:754.60ms
step:1034/1555 loss.item()=179623.0625 train_time:780619ms step_avg:754.95ms
step:1035/1555 loss.item()=180856.09375 train_time:781737ms step_avg:755.30ms
step:1036/1555 loss.item()=166801.53125 train_time:782864ms step_avg:755.66ms
step:1037/1555 loss.item()=177334.71875 train_time:783986ms step_avg:756.01ms
step:1038/1555 loss.item()=177634.1875 train_time:785111ms step_avg:756.37ms
step:1039/1555 loss.item()=174008.09375 train_time:786230ms step_avg:756.72ms
step:1040/1555 loss.item()=177621.21875 train_time:787352ms step_avg:757.07ms
step:1041/1555 loss.item()=177237.84375 train_time:788479ms step_avg:757.42ms
step:1042/1555 loss.item()=175932.78125 train_time:789608ms step_avg:757.78ms
step:1043/1555 loss.item()=175306.59375 train_time:790730ms step_avg:758.13ms
step:1044/1555 loss.item()=168739.234375 train_time:791854ms step_avg:758.48ms
step:1045/1555 loss.item()=176045.59375 train_time:792982ms step_avg:758.83ms
step:1046/1555 loss.item()=169691.46875 train_time:794111ms step_avg:759.19ms
step:1047/1555 loss.item()=170983.96875 train_time:795230ms step_avg:759.53ms
step:1048/1555 loss.item()=173707.46875 train_time:796353ms step_avg:759.88ms
step:1049/1555 loss.item()=170663.9375 train_time:797472ms step_avg:760.22ms
step:1050/1555 loss.item()=175894.796875 train_time:798595ms step_avg:760.57ms
step:1051/1555 loss.item()=173224.59375 train_time:799719ms step_avg:760.91ms
step:1052/1555 loss.item()=171888.6875 train_time:800850ms step_avg:761.26ms
step:1053/1555 loss.item()=171827.03125 train_time:801977ms step_avg:761.61ms
step:1054/1555 loss.item()=171318.703125 train_time:803109ms step_avg:761.96ms
step:1055/1555 loss.item()=173120.625 train_time:804231ms step_avg:762.30ms
step:1056/1555 loss.item()=177900.21875 train_time:805361ms step_avg:762.65ms
step:1057/1555 loss.item()=166952.5 train_time:806488ms step_avg:763.00ms
step:1058/1555 loss.item()=167081.734375 train_time:807613ms step_avg:763.34ms
step:1059/1555 loss.item()=172131.0 train_time:808741ms step_avg:763.68ms
step:1060/1555 loss.item()=172936.3125 train_time:809875ms step_avg:764.03ms
step:1061/1555 loss.item()=171911.75 train_time:811008ms step_avg:764.38ms
step:1062/1555 loss.item()=178581.40625 train_time:812134ms step_avg:764.72ms
step:1063/1555 loss.item()=175621.75 train_time:813257ms step_avg:765.06ms
step:1064/1555 loss.item()=176782.171875 train_time:814385ms step_avg:765.40ms
step:1065/1555 loss.item()=172642.71875 train_time:815506ms step_avg:765.73ms
step:1066/1555 loss.item()=171129.46875 train_time:816632ms step_avg:766.07ms
step:1067/1555 loss.item()=179449.8125 train_time:817758ms step_avg:766.41ms
step:1068/1555 loss.item()=169870.5625 train_time:818891ms step_avg:766.75ms
step:1069/1555 loss.item()=173892.859375 train_time:820015ms step_avg:767.09ms
step:1070/1555 loss.item()=162856.90625 train_time:821149ms step_avg:767.43ms
step:1071/1555 loss.item()=178908.65625 train_time:822269ms step_avg:767.76ms
step:1072/1555 loss.item()=174312.390625 train_time:823394ms step_avg:768.09ms
step:1073/1555 loss.item()=171873.75 train_time:824523ms step_avg:768.43ms
step:1074/1555 loss.item()=166763.609375 train_time:825649ms step_avg:768.76ms
step:1075/1555 loss.item()=176813.390625 train_time:826772ms step_avg:769.09ms
step:1076/1555 loss.item()=170235.5 train_time:827898ms step_avg:769.42ms
step:1077/1555 loss.item()=171986.96875 train_time:829026ms step_avg:769.75ms
step:1078/1555 loss.item()=175493.125 train_time:830153ms step_avg:770.09ms
step:1079/1555 loss.item()=169304.921875 train_time:831271ms step_avg:770.41ms
step:1080/1555 loss.item()=171889.671875 train_time:832391ms step_avg:770.73ms
step:1081/1555 loss.item()=166537.125 train_time:833515ms step_avg:771.06ms
step:1082/1555 loss.item()=173596.46875 train_time:834647ms step_avg:771.39ms
step:1083/1555 loss.item()=168509.734375 train_time:835828ms step_avg:771.77ms
step:1084/1555 loss.item()=172069.515625 train_time:836958ms step_avg:772.10ms
step:1085/1555 loss.item()=165055.1875 train_time:838086ms step_avg:772.43ms
step:1086/1555 loss.item()=171971.28125 train_time:839214ms step_avg:772.76ms
step:1087/1555 loss.item()=167442.046875 train_time:840332ms step_avg:773.07ms
step:1088/1555 loss.item()=174626.6875 train_time:841454ms step_avg:773.40ms
step:1089/1555 loss.item()=174290.984375 train_time:842581ms step_avg:773.72ms
step:1090/1555 loss.item()=175618.59375 train_time:843711ms step_avg:774.05ms
step:1091/1555 loss.item()=173386.546875 train_time:844860ms step_avg:774.39ms
step:1092/1555 loss.item()=168278.5625 train_time:845992ms step_avg:774.72ms
step:1093/1555 loss.item()=176359.734375 train_time:847105ms step_avg:775.03ms
step:1094/1555 loss.item()=165059.171875 train_time:848230ms step_avg:775.35ms
step:1095/1555 loss.item()=183408.21875 train_time:849349ms step_avg:775.66ms
step:1096/1555 loss.item()=171393.078125 train_time:850473ms step_avg:775.98ms
step:1097/1555 loss.item()=173444.1875 train_time:851600ms step_avg:776.30ms
step:1098/1555 loss.item()=172566.234375 train_time:852731ms step_avg:776.62ms
step:1099/1555 loss.item()=172761.21875 train_time:853852ms step_avg:776.94ms
step:1100/1555 loss.item()=167077.984375 train_time:854985ms step_avg:777.26ms
step:1101/1555 loss.item()=168087.140625 train_time:856109ms step_avg:777.57ms
step:1102/1555 loss.item()=171493.125 train_time:857234ms step_avg:777.89ms
step:1103/1555 loss.item()=165587.890625 train_time:858372ms step_avg:778.22ms
step:1104/1555 loss.item()=174552.9375 train_time:859506ms step_avg:778.54ms
step:1105/1555 loss.item()=173091.03125 train_time:860631ms step_avg:778.85ms
step:1106/1555 loss.item()=173115.5625 train_time:861762ms step_avg:779.17ms
step:1107/1555 loss.item()=167058.46875 train_time:862895ms step_avg:779.49ms
step:1108/1555 loss.item()=173830.890625 train_time:864026ms step_avg:779.81ms
step:1109/1555 loss.item()=171997.75 train_time:865151ms step_avg:780.12ms
step:1110/1555 loss.item()=171247.796875 train_time:866274ms step_avg:780.43ms
step:1111/1555 loss.item()=173454.390625 train_time:867404ms step_avg:780.74ms
step:1112/1555 loss.item()=170924.46875 train_time:868531ms step_avg:781.05ms
step:1113/1555 loss.item()=176669.625 train_time:869651ms step_avg:781.36ms
step:1114/1555 loss.item()=171159.5 train_time:870774ms step_avg:781.66ms
step:1115/1555 loss.item()=180931.578125 train_time:871906ms step_avg:781.98ms
step:1116/1555 loss.item()=171142.09375 train_time:873037ms step_avg:782.29ms
step:1117/1555 loss.item()=173980.5625 train_time:874159ms step_avg:782.60ms
step:1118/1555 loss.item()=169957.828125 train_time:875292ms step_avg:782.91ms
step:1119/1555 loss.item()=168727.609375 train_time:876410ms step_avg:783.21ms
step:1120/1555 loss.item()=177609.375 train_time:877534ms step_avg:783.51ms
step:1121/1555 loss.item()=169628.75 train_time:878660ms step_avg:783.82ms
step:1122/1555 loss.item()=168436.703125 train_time:879788ms step_avg:784.12ms
step:1123/1555 loss.item()=167949.828125 train_time:880909ms step_avg:784.42ms
step:1124/1555 loss.item()=173999.546875 train_time:882033ms step_avg:784.73ms
step:1125/1555 loss.item()=173825.640625 train_time:883161ms step_avg:785.03ms
step:1126/1555 loss.item()=170928.46875 train_time:884293ms step_avg:785.34ms
step:1127/1555 loss.item()=169493.75 train_time:885412ms step_avg:785.64ms
step:1128/1555 loss.item()=166885.90625 train_time:886534ms step_avg:785.93ms
step:1129/1555 loss.item()=167322.359375 train_time:887658ms step_avg:786.23ms
step:1130/1555 loss.item()=165720.390625 train_time:888792ms step_avg:786.54ms
step:1131/1555 loss.item()=170316.796875 train_time:889917ms step_avg:786.84ms
step:1132/1555 loss.item()=174128.65625 train_time:891052ms step_avg:787.15ms
step:1133/1555 loss.item()=173732.3125 train_time:892260ms step_avg:787.52ms
step:1134/1555 loss.item()=171012.328125 train_time:893391ms step_avg:787.82ms
step:1135/1555 loss.item()=175090.625 train_time:894515ms step_avg:788.12ms
step:1136/1555 loss.item()=169360.09375 train_time:895649ms step_avg:788.42ms
step:1137/1555 loss.item()=171707.3125 train_time:896792ms step_avg:788.74ms
step:1138/1555 loss.item()=165979.765625 train_time:897932ms step_avg:789.04ms
step:1139/1555 loss.item()=166888.609375 train_time:899484ms step_avg:789.71ms
step:1140/1555 loss.item()=175522.0625 train_time:900614ms step_avg:790.01ms
step:1141/1555 loss.item()=171523.125 train_time:901745ms step_avg:790.31ms
step:1142/1555 loss.item()=170479.65625 train_time:902876ms step_avg:790.61ms
step:1143/1555 loss.item()=172090.140625 train_time:904011ms step_avg:790.91ms
step:1144/1555 loss.item()=176105.734375 train_time:905135ms step_avg:791.20ms
step:1145/1555 loss.item()=170411.40625 train_time:906266ms step_avg:791.50ms
step:1146/1555 loss.item()=166738.640625 train_time:907395ms step_avg:791.79ms
step:1147/1555 loss.item()=171858.65625 train_time:908533ms step_avg:792.09ms
step:1148/1555 loss.item()=171319.59375 train_time:909669ms step_avg:792.39ms
step:1149/1555 loss.item()=175767.46875 train_time:910790ms step_avg:792.68ms
step:1150/1555 loss.item()=171525.65625 train_time:911916ms step_avg:792.97ms
step:1151/1555 loss.item()=171778.96875 train_time:913048ms step_avg:793.26ms
step:1152/1555 loss.item()=166870.125 train_time:914174ms step_avg:793.55ms
step:1153/1555 loss.item()=163434.53125 train_time:915301ms step_avg:793.84ms
step:1154/1555 loss.item()=164352.90625 train_time:916432ms step_avg:794.14ms
step:1155/1555 loss.item()=168294.4375 train_time:917556ms step_avg:794.42ms
step:1156/1555 loss.item()=171452.265625 train_time:918688ms step_avg:794.71ms
step:1157/1555 loss.item()=165476.5625 train_time:919816ms step_avg:795.00ms
step:1158/1555 loss.item()=167664.90625 train_time:920955ms step_avg:795.30ms
step:1159/1555 loss.item()=171268.09375 train_time:922085ms step_avg:795.59ms
step:1160/1555 loss.item()=179738.03125 train_time:923213ms step_avg:795.87ms
step:1161/1555 loss.item()=162406.96875 train_time:924341ms step_avg:796.16ms
step:1162/1555 loss.item()=169221.90625 train_time:925473ms step_avg:796.45ms
step:1163/1555 loss.item()=171099.046875 train_time:926598ms step_avg:796.73ms
step:1164/1555 loss.item()=168515.484375 train_time:927732ms step_avg:797.02ms
step:1165/1555 loss.item()=175944.6875 train_time:928857ms step_avg:797.30ms
step:1166/1555 loss.item()=170632.109375 train_time:929991ms step_avg:797.59ms
step:1167/1555 loss.item()=168728.546875 train_time:931112ms step_avg:797.87ms
step:1168/1555 loss.item()=172931.0625 train_time:932241ms step_avg:798.15ms
step:1169/1555 loss.item()=175727.390625 train_time:933369ms step_avg:798.43ms
step:1170/1555 loss.item()=169043.46875 train_time:934496ms step_avg:798.71ms
step:1171/1555 loss.item()=174173.34375 train_time:935629ms step_avg:799.00ms
step:1172/1555 loss.item()=166524.875 train_time:936758ms step_avg:799.28ms
step:1173/1555 loss.item()=170139.21875 train_time:937887ms step_avg:799.56ms
step:1174/1555 loss.item()=168535.3125 train_time:939015ms step_avg:799.84ms
step:1175/1555 loss.item()=170116.671875 train_time:940140ms step_avg:800.12ms
step:1176/1555 loss.item()=169570.125 train_time:941272ms step_avg:800.40ms
step:1177/1555 loss.item()=166358.125 train_time:942392ms step_avg:800.67ms
step:1178/1555 loss.item()=173351.8125 train_time:943514ms step_avg:800.95ms
step:1179/1555 loss.item()=175077.03125 train_time:944640ms step_avg:801.22ms
step:1180/1555 loss.item()=170874.875 train_time:945772ms step_avg:801.50ms
step:1181/1555 loss.item()=172781.21875 train_time:946892ms step_avg:801.77ms
step:1182/1555 loss.item()=170628.21875 train_time:948018ms step_avg:802.05ms
step:1183/1555 loss.item()=169574.28125 train_time:949146ms step_avg:802.32ms
step:1184/1555 loss.item()=166957.609375 train_time:950274ms step_avg:802.60ms
step:1185/1555 loss.item()=175083.4375 train_time:951392ms step_avg:802.86ms
step:1186/1555 loss.item()=168779.28125 train_time:952516ms step_avg:803.13ms
step:1187/1555 loss.item()=174869.203125 train_time:953647ms step_avg:803.41ms
step:1188/1555 loss.item()=176005.21875 train_time:954775ms step_avg:803.68ms
step:1189/1555 loss.item()=173107.9375 train_time:955910ms step_avg:803.96ms
step:1190/1555 loss.item()=170615.21875 train_time:957037ms step_avg:804.23ms
step:1191/1555 loss.item()=171102.28125 train_time:958167ms step_avg:804.51ms
step:1192/1555 loss.item()=166355.234375 train_time:959297ms step_avg:804.78ms
step:1193/1555 loss.item()=166184.40625 train_time:960427ms step_avg:805.05ms
step:1194/1555 loss.item()=167365.546875 train_time:961556ms step_avg:805.32ms
step:1195/1555 loss.item()=173158.53125 train_time:962679ms step_avg:805.59ms
step:1196/1555 loss.item()=169180.3125 train_time:963801ms step_avg:805.85ms
step:1197/1555 loss.item()=170059.625 train_time:964936ms step_avg:806.13ms
step:1198/1555 loss.item()=171839.46875 train_time:966064ms step_avg:806.40ms
step:1199/1555 loss.item()=165213.9375 train_time:967190ms step_avg:806.66ms
step:1200/1555 loss.item()=169041.0625 train_time:968316ms step_avg:806.93ms
step:1201/1555 loss.item()=168626.28125 train_time:969443ms step_avg:807.20ms
step:1202/1555 loss.item()=173133.8125 train_time:970765ms step_avg:807.62ms
step:1203/1555 loss.item()=165033.984375 train_time:971894ms step_avg:807.89ms
step:1204/1555 loss.item()=166239.25 train_time:973016ms step_avg:808.15ms
step:1205/1555 loss.item()=168000.0 train_time:974134ms step_avg:808.41ms
step:1206/1555 loss.item()=167173.71875 train_time:975255ms step_avg:808.67ms
step:1207/1555 loss.item()=173830.625 train_time:976416ms step_avg:808.96ms
step:1208/1555 loss.item()=167386.859375 train_time:977548ms step_avg:809.23ms
step:1209/1555 loss.item()=171653.265625 train_time:978669ms step_avg:809.49ms
step:1210/1555 loss.item()=168545.6875 train_time:979794ms step_avg:809.75ms
step:1211/1555 loss.item()=164312.25 train_time:980902ms step_avg:809.99ms
step:1212/1555 loss.item()=167060.4375 train_time:982029ms step_avg:810.26ms
step:1213/1555 loss.item()=167747.03125 train_time:983152ms step_avg:810.51ms
step:1214/1555 loss.item()=169904.0625 train_time:984275ms step_avg:810.77ms
step:1215/1555 loss.item()=164289.890625 train_time:985402ms step_avg:811.03ms
step:1216/1555 loss.item()=177535.5 train_time:986536ms step_avg:811.30ms
step:1217/1555 loss.item()=167838.84375 train_time:987663ms step_avg:811.56ms
step:1218/1555 loss.item()=167894.5625 train_time:988795ms step_avg:811.82ms
step:1219/1555 loss.item()=168515.390625 train_time:989914ms step_avg:812.07ms
step:1220/1555 loss.item()=166929.234375 train_time:991034ms step_avg:812.32ms
step:1221/1555 loss.item()=172769.15625 train_time:992155ms step_avg:812.58ms
step:1222/1555 loss.item()=165942.171875 train_time:993286ms step_avg:812.84ms
step:1223/1555 loss.item()=174127.21875 train_time:994415ms step_avg:813.10ms
step:1224/1555 loss.item()=175842.9375 train_time:995544ms step_avg:813.35ms
step:1225/1555 loss.item()=167587.390625 train_time:996665ms step_avg:813.60ms
step:1226/1555 loss.item()=167332.171875 train_time:997798ms step_avg:813.86ms
step:1227/1555 loss.item()=168349.84375 train_time:998926ms step_avg:814.12ms
step:1228/1555 loss.item()=163523.625 train_time:1000054ms step_avg:814.38ms
step:1229/1555 loss.item()=163322.21875 train_time:1001174ms step_avg:814.63ms
step:1230/1555 loss.item()=171011.890625 train_time:1002309ms step_avg:814.89ms
step:1231/1555 loss.item()=159382.84375 train_time:1003429ms step_avg:815.13ms
step:1232/1555 loss.item()=178991.609375 train_time:1004556ms step_avg:815.39ms
step:1233/1555 loss.item()=170307.3125 train_time:1005697ms step_avg:815.65ms
step:1234/1555 loss.item()=164945.40625 train_time:1006833ms step_avg:815.91ms
step:1235/1555 loss.item()=169387.890625 train_time:1007954ms step_avg:816.16ms
step:1236/1555 loss.item()=168841.3125 train_time:1009077ms step_avg:816.41ms
step:1237/1555 loss.item()=168697.671875 train_time:1010207ms step_avg:816.66ms
step:1238/1555 loss.item()=168827.40625 train_time:1011335ms step_avg:816.91ms
step:1239/1555 loss.item()=171174.1875 train_time:1012452ms step_avg:817.15ms
step:1240/1555 loss.item()=165821.4375 train_time:1013575ms step_avg:817.40ms
step:1241/1555 loss.item()=176869.359375 train_time:1014703ms step_avg:817.65ms
step:1242/1555 loss.item()=167878.921875 train_time:1015833ms step_avg:817.90ms
step:1243/1555 loss.item()=170681.859375 train_time:1016952ms step_avg:818.14ms
step:1244/1555 loss.item()=166338.40625 train_time:1018076ms step_avg:818.39ms
step:1245/1555 loss.item()=158111.8125 train_time:1019211ms step_avg:818.64ms
step:1246/1555 loss.item()=166858.9375 train_time:1020337ms step_avg:818.89ms
step:1247/1555 loss.item()=162352.0625 train_time:1021464ms step_avg:819.14ms
step:1248/1555 loss.item()=163542.859375 train_time:1022593ms step_avg:819.39ms
step:1249/1555 loss.item()=165382.390625 train_time:1023717ms step_avg:819.63ms
step:1250/1555 loss.item()=171177.21875 train_time:1024855ms step_avg:819.88ms
step:1250/1555 starting test-time training...
step:1250/1555 val_step:0/320 val_loss:3.3126 chunk_loss:6920.2429 is_adam_step=False do_muon_ttt=False train_time:1024857ms step_avg:819.89ms
step:1250/1555 val_step:1/320 val_loss:3.3552 chunk_loss:7096.4666 is_adam_step=True do_muon_ttt=False train_time:1024857ms step_avg:819.89ms
step:1250/1555 val_step:2/320 val_loss:3.4014 chunk_loss:7283.7496 is_adam_step=False do_muon_ttt=False train_time:1024857ms step_avg:819.89ms
step:1250/1555 val_step:3/320 val_loss:3.3761 chunk_loss:6897.8067 is_adam_step=True do_muon_ttt=False train_time:1024857ms step_avg:819.89ms
step:1250/1555 val_step:4/320 val_loss:3.4031 chunk_loss:7313.0473 is_adam_step=False do_muon_ttt=False train_time:1024857ms step_avg:819.89ms
step:1250/1555 val_step:5/320 val_loss:3.4011 chunk_loss:7049.6086 is_adam_step=True do_muon_ttt=False train_time:1024857ms step_avg:819.89ms
step:1250/1555 val_step:6/320 val_loss:3.3367 chunk_loss:6282.6335 is_adam_step=False do_muon_ttt=False train_time:1024857ms step_avg:819.89ms
step:1250/1555 val_step:7/320 val_loss:3.3688 chunk_loss:7481.3240 is_adam_step=True do_muon_ttt=False train_time:1024857ms step_avg:819.89ms
step:1250/1555 val_step:8/320 val_loss:3.3810 chunk_loss:7249.7193 is_adam_step=False do_muon_ttt=False train_time:1024857ms step_avg:819.89ms
step:1250/1555 val_step:9/320 val_loss:3.4016 chunk_loss:7481.5627 is_adam_step=True do_muon_ttt=False train_time:1024857ms step_avg:819.89ms
step:1250/1555 val_step:10/320 val_loss:3.4089 chunk_loss:7268.1679 is_adam_step=False do_muon_ttt=False train_time:1024857ms step_avg:819.89ms
step:1250/1555 val_step:11/320 val_loss:3.3971 chunk_loss:6818.3401 is_adam_step=True do_muon_ttt=False train_time:1024857ms step_avg:819.89ms
step:1250/1555 val_step:12/320 val_loss:3.4085 chunk_loss:7356.1296 is_adam_step=False do_muon_ttt=False train_time:1024857ms step_avg:819.89ms
step:1250/1555 val_step:13/320 val_loss:3.4123 chunk_loss:7179.6469 is_adam_step=True do_muon_ttt=False train_time:1024857ms step_avg:819.89ms
step:1250/1555 val_step:14/320 val_loss:3.4149 chunk_loss:7173.1842 is_adam_step=False do_muon_ttt=False train_time:1024857ms step_avg:819.89ms
step:1250/1555 val_step:15/320 val_loss:3.4194 chunk_loss:7243.1312 is_adam_step=True do_muon_ttt=False train_time:1024857ms step_avg:819.89ms
step:1250/1555 val_step:16/320 val_loss:3.4129 chunk_loss:6868.5041 is_adam_step=False do_muon_ttt=False train_time:1024857ms step_avg:819.89ms
step:1250/1555 val_step:17/320 val_loss:3.4343 chunk_loss:7880.1657 is_adam_step=True do_muon_ttt=False train_time:1024857ms step_avg:819.89ms
step:1250/1555 val_step:18/320 val_loss:3.4297 chunk_loss:6952.8123 is_adam_step=False do_muon_ttt=False train_time:1024857ms step_avg:819.89ms
step:1250/1555 val_step:19/320 val_loss:3.4346 chunk_loss:7307.3160 is_adam_step=True do_muon_ttt=False train_time:1024857ms step_avg:819.89ms
step:1250/1555 val_step:20/320 val_loss:3.4377 chunk_loss:7269.1468 is_adam_step=False do_muon_ttt=False train_time:1024857ms step_avg:819.89ms
step:1250/1555 val_step:21/320 val_loss:3.4490 chunk_loss:7679.7812 is_adam_step=True do_muon_ttt=False train_time:1024857ms step_avg:819.89ms
step:1250/1555 val_step:22/320 val_loss:3.4499 chunk_loss:7209.8108 is_adam_step=False do_muon_ttt=False train_time:1024857ms step_avg:819.89ms
step:1250/1555 val_step:23/320 val_loss:3.4598 chunk_loss:7646.5856 is_adam_step=True do_muon_ttt=False train_time:1024857ms step_avg:819.89ms
step:1250/1555 val_step:24/320 val_loss:3.4629 chunk_loss:7314.3320 is_adam_step=False do_muon_ttt=False train_time:1024857ms step_avg:819.89ms
step:1250/1555 val_step:25/320 val_loss:3.4614 chunk_loss:7110.3086 is_adam_step=True do_muon_ttt=False train_time:1024857ms step_avg:819.89ms
step:1250/1555 val_step:26/320 val_loss:3.4764 chunk_loss:8059.4945 is_adam_step=False do_muon_ttt=False train_time:1024857ms step_avg:819.89ms
step:1250/1555 val_step:27/320 val_loss:3.4878 chunk_loss:7882.1897 is_adam_step=True do_muon_ttt=False train_time:1024857ms step_avg:819.89ms
step:1250/1555 val_step:28/320 val_loss:3.4849 chunk_loss:7096.0421 is_adam_step=False do_muon_ttt=False train_time:1024857ms step_avg:819.89ms
step:1250/1555 val_step:29/320 val_loss:3.4775 chunk_loss:6786.2555 is_adam_step=True do_muon_ttt=False train_time:1024857ms step_avg:819.89ms
step:1250/1555 val_step:30/320 val_loss:3.4778 chunk_loss:7279.0797 is_adam_step=False do_muon_ttt=False train_time:1024857ms step_avg:819.89ms
step:1250/1555 val_step:31/320 val_loss:3.4778 chunk_loss:7195.8194 is_adam_step=True do_muon_ttt=False train_time:1024857ms step_avg:819.89ms
step:1250/1555 val_step:32/320 val_loss:3.4761 chunk_loss:7120.8341 is_adam_step=False do_muon_ttt=False train_time:1024857ms step_avg:819.89ms
step:1250/1555 val_step:33/320 val_loss:3.4791 chunk_loss:7439.9943 is_adam_step=True do_muon_ttt=False train_time:1024857ms step_avg:819.89ms
step:1250/1555 val_step:34/320 val_loss:3.4822 chunk_loss:7456.3507 is_adam_step=False do_muon_ttt=False train_time:1024857ms step_avg:819.89ms
step:1250/1555 val_step:35/320 val_loss:3.4831 chunk_loss:7275.6607 is_adam_step=True do_muon_ttt=False train_time:1024857ms step_avg:819.89ms
step:1250/1555 val_step:36/320 val_loss:3.4859 chunk_loss:7503.8109 is_adam_step=False do_muon_ttt=False train_time:1024857ms step_avg:819.89ms
step:1250/1555 val_step:37/320 val_loss:3.4899 chunk_loss:7509.0149 is_adam_step=True do_muon_ttt=False train_time:1024857ms step_avg:819.89ms
step:1250/1555 val_step:38/320 val_loss:3.4844 chunk_loss:6798.9245 is_adam_step=False do_muon_ttt=False train_time:1024857ms step_avg:819.89ms
step:1250/1555 val_step:39/320 val_loss:3.4898 chunk_loss:7741.6240 is_adam_step=True do_muon_ttt=False train_time:1024857ms step_avg:819.89ms
step:1250/1555 val_step:40/320 val_loss:3.4957 chunk_loss:7733.9050 is_adam_step=False do_muon_ttt=False train_time:1024857ms step_avg:819.89ms
step:1250/1555 val_step:41/320 val_loss:3.5043 chunk_loss:8015.3991 is_adam_step=True do_muon_ttt=False train_time:1024857ms step_avg:819.89ms
step:1250/1555 val_step:42/320 val_loss:3.5057 chunk_loss:7398.0263 is_adam_step=False do_muon_ttt=False train_time:1024857ms step_avg:819.89ms
step:1250/1555 val_step:43/320 val_loss:3.5089 chunk_loss:7552.0753 is_adam_step=True do_muon_ttt=False train_time:1024857ms step_avg:819.89ms
step:1250/1555 val_step:44/320 val_loss:3.5164 chunk_loss:7972.3432 is_adam_step=False do_muon_ttt=False train_time:1024857ms step_avg:819.89ms
step:1250/1555 val_step:45/320 val_loss:3.5184 chunk_loss:7454.8800 is_adam_step=True do_muon_ttt=False train_time:1024857ms step_avg:819.89ms
step:1250/1555 val_step:46/320 val_loss:3.5206 chunk_loss:7523.7736 is_adam_step=False do_muon_ttt=False train_time:1024857ms step_avg:819.89ms
step:1250/1555 val_step:47/320 val_loss:3.5226 chunk_loss:7525.1081 is_adam_step=True do_muon_ttt=False train_time:1024857ms step_avg:819.89ms
step:1250/1555 val_step:48/320 val_loss:3.5227 chunk_loss:7298.7021 is_adam_step=False do_muon_ttt=False train_time:1024857ms step_avg:819.89ms
step:1250/1555 val_step:49/320 val_loss:3.5226 chunk_loss:7276.5935 is_adam_step=True do_muon_ttt=False train_time:1024857ms step_avg:819.89ms
step:1250/1555 val_step:50/320 val_loss:3.5231 chunk_loss:7366.4563 is_adam_step=False do_muon_ttt=False train_time:1024857ms step_avg:819.89ms
step:1250/1555 val_step:51/320 val_loss:3.5228 chunk_loss:7285.5862 is_adam_step=True do_muon_ttt=False train_time:1024857ms step_avg:819.89ms
step:1250/1555 val_step:52/320 val_loss:3.5258 chunk_loss:7626.3794 is_adam_step=False do_muon_ttt=False train_time:1024857ms step_avg:819.89ms
step:1250/1555 val_step:53/320 val_loss:3.5270 chunk_loss:7425.3352 is_adam_step=True do_muon_ttt=False train_time:1024857ms step_avg:819.89ms
step:1250/1555 val_step:54/320 val_loss:3.5251 chunk_loss:7149.3597 is_adam_step=False do_muon_ttt=False train_time:1024857ms step_avg:819.89ms
step:1250/1555 val_step:55/320 val_loss:3.5256 chunk_loss:7370.2653 is_adam_step=True do_muon_ttt=False train_time:1024857ms step_avg:819.89ms
step:1250/1555 val_step:56/320 val_loss:3.5254 chunk_loss:7278.0076 is_adam_step=False do_muon_ttt=False train_time:1024857ms step_avg:819.89ms
step:1250/1555 val_step:57/320 val_loss:3.5251 chunk_loss:7359.3052 is_adam_step=True do_muon_ttt=False train_time:1024857ms step_avg:819.89ms
step:1250/1555 val_step:58/320 val_loss:3.5262 chunk_loss:7421.7181 is_adam_step=False do_muon_ttt=False train_time:1024857ms step_avg:819.89ms
step:1250/1555 val_step:59/320 val_loss:3.5290 chunk_loss:7628.0658 is_adam_step=True do_muon_ttt=False train_time:1024857ms step_avg:819.89ms
step:1250/1555 val_step:60/320 val_loss:3.5287 chunk_loss:7254.9610 is_adam_step=False do_muon_ttt=False train_time:1024857ms step_avg:819.89ms
step:1250/1555 val_step:61/320 val_loss:3.5297 chunk_loss:7427.4280 is_adam_step=True do_muon_ttt=False train_time:1024857ms step_avg:819.89ms
step:1250/1555 val_step:62/320 val_loss:3.5306 chunk_loss:7403.4294 is_adam_step=False do_muon_ttt=False train_time:1024857ms step_avg:819.89ms
step:1250/1555 val_step:63/320 val_loss:3.5319 chunk_loss:7486.2228 is_adam_step=True do_muon_ttt=False train_time:1024857ms step_avg:819.89ms
step:1250/1555 val_step:64/320 val_loss:3.5351 chunk_loss:7748.6319 is_adam_step=False do_muon_ttt=False train_time:1024857ms step_avg:819.89ms
step:1250/1555 val_step:65/320 val_loss:3.5376 chunk_loss:7679.4669 is_adam_step=True do_muon_ttt=False train_time:1024857ms step_avg:819.89ms
step:1250/1555 val_step:66/320 val_loss:3.5420 chunk_loss:7949.4701 is_adam_step=False do_muon_ttt=False train_time:1024857ms step_avg:819.89ms
step:1250/1555 val_step:67/320 val_loss:3.5435 chunk_loss:7561.3419 is_adam_step=True do_muon_ttt=False train_time:1024857ms step_avg:819.89ms
step:1250/1555 val_step:68/320 val_loss:3.5432 chunk_loss:7281.5626 is_adam_step=False do_muon_ttt=False train_time:1024857ms step_avg:819.89ms
step:1250/1555 val_step:69/320 val_loss:3.5448 chunk_loss:7548.5423 is_adam_step=True do_muon_ttt=False train_time:1024857ms step_avg:819.89ms
step:1250/1555 val_step:70/320 val_loss:3.5444 chunk_loss:7288.4760 is_adam_step=False do_muon_ttt=False train_time:1024857ms step_avg:819.89ms
step:1250/1555 val_step:71/320 val_loss:3.5429 chunk_loss:7093.3725 is_adam_step=True do_muon_ttt=False train_time:1024857ms step_avg:819.89ms
step:1250/1555 val_step:72/320 val_loss:3.5418 chunk_loss:7166.4576 is_adam_step=False do_muon_ttt=False train_time:1024857ms step_avg:819.89ms
step:1250/1555 val_step:73/320 val_loss:3.5427 chunk_loss:7533.0480 is_adam_step=True do_muon_ttt=False train_time:1024857ms step_avg:819.89ms
step:1250/1555 val_step:74/320 val_loss:3.5463 chunk_loss:7913.4589 is_adam_step=False do_muon_ttt=False train_time:1024857ms step_avg:819.89ms
step:1250/1555 val_step:75/320 val_loss:3.5473 chunk_loss:7497.1292 is_adam_step=True do_muon_ttt=False train_time:1024857ms step_avg:819.89ms
step:1250/1555 val_step:76/320 val_loss:3.5474 chunk_loss:7361.1759 is_adam_step=False do_muon_ttt=False train_time:1024857ms step_avg:819.89ms
step:1250/1555 val_step:77/320 val_loss:3.5498 chunk_loss:7757.9100 is_adam_step=True do_muon_ttt=False train_time:1024857ms step_avg:819.89ms
step:1250/1555 val_step:78/320 val_loss:3.5489 chunk_loss:7187.4439 is_adam_step=False do_muon_ttt=False train_time:1024857ms step_avg:819.89ms
step:1250/1555 val_step:79/320 val_loss:3.5477 chunk_loss:7168.9696 is_adam_step=True do_muon_ttt=False train_time:1024857ms step_avg:819.89ms
step:1250/1555 val_step:80/320 val_loss:3.5471 chunk_loss:7264.7621 is_adam_step=False do_muon_ttt=False train_time:1024857ms step_avg:819.89ms
step:1250/1555 val_step:81/320 val_loss:3.5457 chunk_loss:7136.8475 is_adam_step=True do_muon_ttt=False train_time:1024857ms step_avg:819.89ms
step:1250/1555 val_step:82/320 val_loss:3.5467 chunk_loss:7509.1795 is_adam_step=False do_muon_ttt=False train_time:1024857ms step_avg:819.89ms
step:1250/1555 val_step:83/320 val_loss:3.5449 chunk_loss:7056.0315 is_adam_step=True do_muon_ttt=False train_time:1024857ms step_avg:819.89ms
step:1250/1555 val_step:84/320 val_loss:3.5462 chunk_loss:7565.0032 is_adam_step=False do_muon_ttt=False train_time:1024857ms step_avg:819.89ms
step:1250/1555 val_step:85/320 val_loss:3.5466 chunk_loss:7409.9843 is_adam_step=True do_muon_ttt=False train_time:1024857ms step_avg:819.89ms
step:1250/1555 val_step:86/320 val_loss:3.5472 chunk_loss:7458.9547 is_adam_step=False do_muon_ttt=False train_time:1024857ms step_avg:819.89ms
step:1250/1555 val_step:87/320 val_loss:3.5475 chunk_loss:7384.5788 is_adam_step=True do_muon_ttt=False train_time:1024857ms step_avg:819.89ms
step:1250/1555 val_step:88/320 val_loss:3.5481 chunk_loss:7459.9427 is_adam_step=False do_muon_ttt=False train_time:1024857ms step_avg:819.89ms
step:1250/1555 val_step:89/320 val_loss:3.5495 chunk_loss:7584.7344 is_adam_step=True do_muon_ttt=False train_time:1024857ms step_avg:819.89ms
step:1250/1555 val_step:90/320 val_loss:3.5487 chunk_loss:7203.9702 is_adam_step=False do_muon_ttt=False train_time:1024857ms step_avg:819.89ms
step:1250/1555 val_step:91/320 val_loss:3.5480 chunk_loss:7242.9381 is_adam_step=True do_muon_ttt=False train_time:1024857ms step_avg:819.89ms
step:1250/1555 val_step:92/320 val_loss:3.5498 chunk_loss:7714.6573 is_adam_step=False do_muon_ttt=False train_time:1024857ms step_avg:819.89ms
step:1250/1555 val_step:93/320 val_loss:3.5511 chunk_loss:7580.9082 is_adam_step=True do_muon_ttt=False train_time:1024857ms step_avg:819.89ms
step:1250/1555 val_step:94/320 val_loss:3.5524 chunk_loss:7611.0127 is_adam_step=False do_muon_ttt=False train_time:1024857ms step_avg:819.89ms
step:1250/1555 val_step:95/320 val_loss:3.5532 chunk_loss:7484.9679 is_adam_step=True do_muon_ttt=False train_time:1024857ms step_avg:819.89ms
step:1250/1555 val_step:96/320 val_loss:3.5549 chunk_loss:7669.3342 is_adam_step=False do_muon_ttt=False train_time:1024857ms step_avg:819.89ms
step:1250/1555 val_step:97/320 val_loss:3.5590 chunk_loss:8191.0197 is_adam_step=True do_muon_ttt=False train_time:1024857ms step_avg:819.89ms
step:1250/1555 val_step:98/320 val_loss:3.5600 chunk_loss:7550.0875 is_adam_step=False do_muon_ttt=False train_time:1024857ms step_avg:819.89ms
step:1250/1555 val_step:99/320 val_loss:3.5606 chunk_loss:7494.1439 is_adam_step=True do_muon_ttt=False train_time:1024857ms step_avg:819.89ms
step:1250/1555 val_step:100/320 val_loss:3.5609 chunk_loss:7419.5789 is_adam_step=False do_muon_ttt=False train_time:1024857ms step_avg:819.89ms
step:1250/1555 val_step:101/320 val_loss:3.5606 chunk_loss:7287.2165 is_adam_step=True do_muon_ttt=False train_time:1024857ms step_avg:819.89ms
step:1250/1555 val_step:102/320 val_loss:3.5619 chunk_loss:7637.9482 is_adam_step=False do_muon_ttt=False train_time:1024857ms step_avg:819.89ms
step:1250/1555 val_step:103/320 val_loss:3.5642 chunk_loss:7872.7385 is_adam_step=True do_muon_ttt=False train_time:1024857ms step_avg:819.89ms
step:1250/1555 val_step:104/320 val_loss:3.5642 chunk_loss:7407.0222 is_adam_step=False do_muon_ttt=False train_time:1024857ms step_avg:819.89ms
step:1250/1555 val_step:105/320 val_loss:3.5641 chunk_loss:7377.3635 is_adam_step=True do_muon_ttt=False train_time:1024857ms step_avg:819.89ms
step:1250/1555 val_step:106/320 val_loss:3.5622 chunk_loss:6969.7267 is_adam_step=False do_muon_ttt=False train_time:1024857ms step_avg:819.89ms
step:1250/1555 val_step:107/320 val_loss:3.5620 chunk_loss:7297.0537 is_adam_step=True do_muon_ttt=False train_time:1024857ms step_avg:819.89ms
step:1250/1555 val_step:108/320 val_loss:3.5617 chunk_loss:7314.4176 is_adam_step=False do_muon_ttt=False train_time:1024857ms step_avg:819.89ms
step:1250/1555 val_step:109/320 val_loss:3.5617 chunk_loss:7409.0242 is_adam_step=True do_muon_ttt=False train_time:1024857ms step_avg:819.89ms
step:1250/1555 val_step:110/320 val_loss:3.5619 chunk_loss:7429.0311 is_adam_step=False do_muon_ttt=False train_time:1024857ms step_avg:819.89ms
step:1250/1555 val_step:111/320 val_loss:3.5634 chunk_loss:7749.5269 is_adam_step=True do_muon_ttt=False train_time:1024857ms step_avg:819.89ms
step:1250/1555 val_step:112/320 val_loss:3.5633 chunk_loss:7351.2982 is_adam_step=False do_muon_ttt=False train_time:1024857ms step_avg:819.89ms
step:1250/1555 val_step:113/320 val_loss:3.5621 chunk_loss:7091.5073 is_adam_step=True do_muon_ttt=False train_time:1024857ms step_avg:819.89ms
step:1250/1555 val_step:114/320 val_loss:3.5609 chunk_loss:7092.7831 is_adam_step=False do_muon_ttt=False train_time:1024857ms step_avg:819.89ms
step:1250/1555 val_step:115/320 val_loss:3.5599 chunk_loss:7144.0320 is_adam_step=True do_muon_ttt=False train_time:1024857ms step_avg:819.89ms
step:1250/1555 val_step:116/320 val_loss:3.5597 chunk_loss:7343.3049 is_adam_step=False do_muon_ttt=False train_time:1024857ms step_avg:819.89ms
step:1250/1555 val_step:117/320 val_loss:3.5603 chunk_loss:7529.3415 is_adam_step=True do_muon_ttt=False train_time:1024857ms step_avg:819.89ms
step:1250/1555 val_step:118/320 val_loss:3.5612 chunk_loss:7593.2476 is_adam_step=False do_muon_ttt=False train_time:1024857ms step_avg:819.89ms
step:1250/1555 val_step:119/320 val_loss:3.5608 chunk_loss:7271.0589 is_adam_step=True do_muon_ttt=False train_time:1024857ms step_avg:819.89ms
step:1250/1555 val_step:120/320 val_loss:3.5613 chunk_loss:7481.7725 is_adam_step=False do_muon_ttt=False train_time:1024857ms step_avg:819.89ms
step:1250/1555 val_step:121/320 val_loss:3.5609 chunk_loss:7268.7226 is_adam_step=True do_muon_ttt=False train_time:1024857ms step_avg:819.89ms
step:1250/1555 val_step:122/320 val_loss:3.5609 chunk_loss:7373.4546 is_adam_step=False do_muon_ttt=False train_time:1024857ms step_avg:819.89ms
step:1250/1555 val_step:123/320 val_loss:3.5602 chunk_loss:7231.9251 is_adam_step=True do_muon_ttt=False train_time:1024857ms step_avg:819.89ms
step:1250/1555 val_step:124/320 val_loss:3.5605 chunk_loss:7454.4420 is_adam_step=False do_muon_ttt=False train_time:1024857ms step_avg:819.89ms
step:1250/1555 val_step:125/320 val_loss:3.5611 chunk_loss:7524.4806 is_adam_step=True do_muon_ttt=False train_time:1024857ms step_avg:819.89ms
step:1250/1555 val_step:126/320 val_loss:3.5595 chunk_loss:6961.8947 is_adam_step=False do_muon_ttt=False train_time:1024857ms step_avg:819.89ms
step:1250/1555 val_step:127/320 val_loss:3.5600 chunk_loss:7496.7456 is_adam_step=True do_muon_ttt=False train_time:1024857ms step_avg:819.89ms
step:1250/1555 val_step:128/320 val_loss:3.5594 chunk_loss:7235.8788 is_adam_step=False do_muon_ttt=False train_time:1024857ms step_avg:819.89ms
step:1250/1555 val_step:129/320 val_loss:3.5581 chunk_loss:7051.9931 is_adam_step=True do_muon_ttt=False train_time:1024857ms step_avg:819.89ms
step:1250/1555 val_step:130/320 val_loss:3.5585 chunk_loss:7470.7663 is_adam_step=False do_muon_ttt=False train_time:1024857ms step_avg:819.89ms
step:1250/1555 val_step:131/320 val_loss:3.5582 chunk_loss:7315.5656 is_adam_step=True do_muon_ttt=False train_time:1024857ms step_avg:819.89ms
step:1250/1555 val_step:132/320 val_loss:3.5601 chunk_loss:7874.9277 is_adam_step=False do_muon_ttt=False train_time:1024857ms step_avg:819.89ms
step:1250/1555 val_step:133/320 val_loss:3.5616 chunk_loss:7765.7948 is_adam_step=True do_muon_ttt=False train_time:1024857ms step_avg:819.89ms
step:1250/1555 val_step:134/320 val_loss:3.5592 chunk_loss:6773.6936 is_adam_step=False do_muon_ttt=False train_time:1024857ms step_avg:819.89ms
step:1250/1555 val_step:135/320 val_loss:3.5586 chunk_loss:7235.4667 is_adam_step=True do_muon_ttt=False train_time:1024857ms step_avg:819.89ms
step:1250/1555 val_step:136/320 val_loss:3.5591 chunk_loss:7489.2573 is_adam_step=False do_muon_ttt=False train_time:1024857ms step_avg:819.89ms
step:1250/1555 val_step:137/320 val_loss:3.5597 chunk_loss:7525.9434 is_adam_step=True do_muon_ttt=False train_time:1024857ms step_avg:819.89ms
step:1250/1555 val_step:138/320 val_loss:3.5615 chunk_loss:7898.7218 is_adam_step=False do_muon_ttt=False train_time:1024857ms step_avg:819.89ms
step:1250/1555 val_step:139/320 val_loss:3.5619 chunk_loss:7480.7541 is_adam_step=True do_muon_ttt=False train_time:1024857ms step_avg:819.89ms
step:1250/1555 val_step:140/320 val_loss:3.5620 chunk_loss:7400.8055 is_adam_step=False do_muon_ttt=False train_time:1024857ms step_avg:819.89ms
step:1250/1555 val_step:141/320 val_loss:3.5620 chunk_loss:7374.2216 is_adam_step=True do_muon_ttt=False train_time:1024857ms step_avg:819.89ms
step:1250/1555 val_step:142/320 val_loss:3.5625 chunk_loss:7504.4959 is_adam_step=False do_muon_ttt=False train_time:1024857ms step_avg:819.89ms
step:1250/1555 val_step:143/320 val_loss:3.5638 chunk_loss:7783.5952 is_adam_step=True do_muon_ttt=False train_time:1024857ms step_avg:819.89ms
step:1250/1555 val_step:144/320 val_loss:3.5647 chunk_loss:7638.2100 is_adam_step=False do_muon_ttt=False train_time:1024857ms step_avg:819.89ms
step:1250/1555 val_step:145/320 val_loss:3.5641 chunk_loss:7233.8192 is_adam_step=True do_muon_ttt=False train_time:1024857ms step_avg:819.89ms
step:1250/1555 val_step:146/320 val_loss:3.5644 chunk_loss:7458.5933 is_adam_step=False do_muon_ttt=False train_time:1024857ms step_avg:819.89ms
step:1250/1555 val_step:147/320 val_loss:3.5651 chunk_loss:7553.6689 is_adam_step=True do_muon_ttt=False train_time:1024857ms step_avg:819.89ms
step:1250/1555 val_step:148/320 val_loss:3.5660 chunk_loss:7689.1415 is_adam_step=False do_muon_ttt=False train_time:1024857ms step_avg:819.89ms
step:1250/1555 val_step:149/320 val_loss:3.5650 chunk_loss:7108.5249 is_adam_step=True do_muon_ttt=False train_time:1024857ms step_avg:819.89ms
step:1250/1555 val_step:150/320 val_loss:3.5644 chunk_loss:7166.7756 is_adam_step=False do_muon_ttt=False train_time:1024857ms step_avg:819.89ms
step:1250/1555 val_step:151/320 val_loss:3.5646 chunk_loss:7433.7953 is_adam_step=True do_muon_ttt=False train_time:1024857ms step_avg:819.89ms
step:1250/1555 val_step:152/320 val_loss:3.5636 chunk_loss:7063.6371 is_adam_step=False do_muon_ttt=False train_time:1024857ms step_avg:819.89ms
step:1250/1555 val_step:153/320 val_loss:3.5629 chunk_loss:7137.3669 is_adam_step=True do_muon_ttt=False train_time:1024857ms step_avg:819.89ms
step:1250/1555 val_step:154/320 val_loss:3.5626 chunk_loss:7280.7017 is_adam_step=False do_muon_ttt=False train_time:1024857ms step_avg:819.89ms
step:1250/1555 val_step:155/320 val_loss:3.5629 chunk_loss:7439.4251 is_adam_step=True do_muon_ttt=False train_time:1024857ms step_avg:819.89ms
step:1250/1555 val_step:156/320 val_loss:3.5625 chunk_loss:7247.7332 is_adam_step=False do_muon_ttt=False train_time:1024857ms step_avg:819.89ms
step:1250/1555 val_step:157/320 val_loss:3.5626 chunk_loss:7427.8121 is_adam_step=True do_muon_ttt=False train_time:1024857ms step_avg:819.89ms
step:1250/1555 val_step:158/320 val_loss:3.5625 chunk_loss:7355.4910 is_adam_step=False do_muon_ttt=False train_time:1024857ms step_avg:819.89ms
step:1250/1555 val_step:159/320 val_loss:3.5624 chunk_loss:7329.8941 is_adam_step=True do_muon_ttt=False train_time:1024857ms step_avg:819.89ms
step:1250/1555 val_step:160/320 val_loss:3.5633 chunk_loss:7713.9624 is_adam_step=False do_muon_ttt=False train_time:1024857ms step_avg:819.89ms
step:1250/1555 val_step:161/320 val_loss:3.5631 chunk_loss:7297.7010 is_adam_step=True do_muon_ttt=False train_time:1024857ms step_avg:819.89ms
step:1250/1555 val_step:162/320 val_loss:3.5634 chunk_loss:7464.6171 is_adam_step=False do_muon_ttt=False train_time:1024857ms step_avg:819.89ms
step:1250/1555 val_step:163/320 val_loss:3.5625 chunk_loss:7109.3298 is_adam_step=True do_muon_ttt=False train_time:1024857ms step_avg:819.89ms
step:1250/1555 val_step:164/320 val_loss:3.5623 chunk_loss:7282.3914 is_adam_step=False do_muon_ttt=False train_time:1024857ms step_avg:819.89ms
step:1250/1555 val_step:165/320 val_loss:3.5655 chunk_loss:8513.3046 is_adam_step=True do_muon_ttt=False train_time:1024857ms step_avg:819.89ms
step:1250/1555 val_step:166/320 val_loss:3.5662 chunk_loss:7656.3150 is_adam_step=False do_muon_ttt=False train_time:1024857ms step_avg:819.89ms
step:1250/1555 val_step:167/320 val_loss:3.5666 chunk_loss:7550.4061 is_adam_step=True do_muon_ttt=False train_time:1024857ms step_avg:819.89ms
step:1250/1555 val_step:168/320 val_loss:3.5663 chunk_loss:7299.7314 is_adam_step=False do_muon_ttt=False train_time:1024857ms step_avg:819.89ms
step:1250/1555 val_step:169/320 val_loss:3.5663 chunk_loss:7409.3292 is_adam_step=True do_muon_ttt=False train_time:1024857ms step_avg:819.89ms
step:1250/1555 val_step:170/320 val_loss:3.5659 chunk_loss:7253.0403 is_adam_step=False do_muon_ttt=False train_time:1024857ms step_avg:819.89ms
step:1250/1555 val_step:171/320 val_loss:3.5648 chunk_loss:6933.1743 is_adam_step=True do_muon_ttt=False train_time:1024857ms step_avg:819.89ms
step:1250/1555 val_step:172/320 val_loss:3.5645 chunk_loss:7323.4522 is_adam_step=False do_muon_ttt=False train_time:1024857ms step_avg:819.89ms
step:1250/1555 val_step:173/320 val_loss:3.5639 chunk_loss:7181.8280 is_adam_step=True do_muon_ttt=False train_time:1024857ms step_avg:819.89ms
step:1250/1555 val_step:174/320 val_loss:3.5652 chunk_loss:7838.6641 is_adam_step=False do_muon_ttt=False train_time:1024857ms step_avg:819.89ms
step:1250/1555 val_step:175/320 val_loss:3.5650 chunk_loss:7299.6542 is_adam_step=True do_muon_ttt=False train_time:1024857ms step_avg:819.89ms
step:1250/1555 val_step:176/320 val_loss:3.5650 chunk_loss:7427.4468 is_adam_step=False do_muon_ttt=False train_time:1024857ms step_avg:819.89ms
step:1250/1555 val_step:177/320 val_loss:3.5636 chunk_loss:6862.0982 is_adam_step=True do_muon_ttt=False train_time:1024857ms step_avg:819.89ms
step:1250/1555 val_step:178/320 val_loss:3.5635 chunk_loss:7340.8900 is_adam_step=False do_muon_ttt=False train_time:1024857ms step_avg:819.89ms
step:1250/1555 val_step:179/320 val_loss:3.5634 chunk_loss:7343.5197 is_adam_step=True do_muon_ttt=False train_time:1024857ms step_avg:819.89ms
step:1250/1555 val_step:180/320 val_loss:3.5626 chunk_loss:7076.6240 is_adam_step=False do_muon_ttt=False train_time:1024857ms step_avg:819.89ms
step:1250/1555 val_step:181/320 val_loss:3.5630 chunk_loss:7527.5109 is_adam_step=True do_muon_ttt=False train_time:1024857ms step_avg:819.89ms
step:1250/1555 val_step:182/320 val_loss:3.5613 chunk_loss:6738.3066 is_adam_step=False do_muon_ttt=False train_time:1024857ms step_avg:819.89ms
step:1250/1555 val_step:183/320 val_loss:3.5620 chunk_loss:7753.0476 is_adam_step=True do_muon_ttt=False train_time:1024857ms step_avg:819.89ms
step:1250/1555 val_step:184/320 val_loss:3.5608 chunk_loss:6936.8180 is_adam_step=False do_muon_ttt=False train_time:1024857ms step_avg:819.89ms
step:1250/1555 val_step:185/320 val_loss:3.5586 chunk_loss:6552.3265 is_adam_step=True do_muon_ttt=False train_time:1024857ms step_avg:819.89ms
step:1250/1555 val_step:186/320 val_loss:3.5580 chunk_loss:7146.0500 is_adam_step=False do_muon_ttt=False train_time:1024857ms step_avg:819.89ms
step:1250/1555 val_step:187/320 val_loss:3.5575 chunk_loss:7152.1277 is_adam_step=True do_muon_ttt=False train_time:1024857ms step_avg:819.89ms
step:1250/1555 val_step:188/320 val_loss:3.5580 chunk_loss:7597.8209 is_adam_step=False do_muon_ttt=False train_time:1024857ms step_avg:819.89ms
step:1250/1555 val_step:189/320 val_loss:3.5566 chunk_loss:6812.8855 is_adam_step=True do_muon_ttt=False train_time:1024857ms step_avg:819.89ms
step:1250/1555 val_step:190/320 val_loss:3.5563 chunk_loss:7231.5966 is_adam_step=False do_muon_ttt=False train_time:1024857ms step_avg:819.89ms
step:1250/1555 val_step:191/320 val_loss:3.5558 chunk_loss:7141.0614 is_adam_step=True do_muon_ttt=False train_time:1024857ms step_avg:819.89ms
step:1250/1555 val_step:192/320 val_loss:3.5554 chunk_loss:7255.8672 is_adam_step=False do_muon_ttt=False train_time:1024857ms step_avg:819.89ms
step:1250/1555 val_step:193/320 val_loss:3.5555 chunk_loss:7411.4452 is_adam_step=True do_muon_ttt=False train_time:1024857ms step_avg:819.89ms
step:1250/1555 val_step:194/320 val_loss:3.5560 chunk_loss:7563.7533 is_adam_step=False do_muon_ttt=False train_time:1024857ms step_avg:819.89ms
step:1250/1555 val_step:195/320 val_loss:3.5550 chunk_loss:6969.5887 is_adam_step=True do_muon_ttt=False train_time:1024857ms step_avg:819.89ms
step:1250/1555 val_step:196/320 val_loss:3.5545 chunk_loss:7198.1010 is_adam_step=False do_muon_ttt=False train_time:1024857ms step_avg:819.89ms
step:1250/1555 val_step:197/320 val_loss:3.5546 chunk_loss:7411.9685 is_adam_step=True do_muon_ttt=False train_time:1024857ms step_avg:819.89ms
step:1250/1555 val_step:198/320 val_loss:3.5549 chunk_loss:7479.9479 is_adam_step=False do_muon_ttt=False train_time:1024857ms step_avg:819.89ms
step:1250/1555 val_step:199/320 val_loss:3.5542 chunk_loss:7071.3773 is_adam_step=True do_muon_ttt=False train_time:1024857ms step_avg:819.89ms
step:1250/1555 val_step:200/320 val_loss:3.5535 chunk_loss:7100.9272 is_adam_step=False do_muon_ttt=False train_time:1024857ms step_avg:819.89ms
step:1250/1555 val_step:201/320 val_loss:3.5514 chunk_loss:6578.6425 is_adam_step=True do_muon_ttt=False train_time:1024857ms step_avg:819.89ms
step:1250/1555 val_step:202/320 val_loss:3.5523 chunk_loss:7742.2607 is_adam_step=False do_muon_ttt=False train_time:1024857ms step_avg:819.89ms
step:1250/1555 val_step:203/320 val_loss:3.5512 chunk_loss:6932.0451 is_adam_step=True do_muon_ttt=False train_time:1024857ms step_avg:819.89ms
step:1250/1555 val_step:204/320 val_loss:3.5506 chunk_loss:7102.0773 is_adam_step=False do_muon_ttt=False train_time:1024857ms step_avg:819.89ms
step:1250/1555 val_step:205/320 val_loss:3.5509 chunk_loss:7462.5460 is_adam_step=True do_muon_ttt=False train_time:1024857ms step_avg:819.89ms
step:1250/1555 val_step:206/320 val_loss:3.5503 chunk_loss:7159.6358 is_adam_step=False do_muon_ttt=False train_time:1024857ms step_avg:819.89ms
step:1250/1555 val_step:207/320 val_loss:3.5502 chunk_loss:7282.8276 is_adam_step=True do_muon_ttt=False train_time:1024857ms step_avg:819.89ms
step:1250/1555 val_step:208/320 val_loss:3.5488 chunk_loss:6773.5910 is_adam_step=False do_muon_ttt=False train_time:1024857ms step_avg:819.89ms
step:1250/1555 val_step:209/320 val_loss:3.5491 chunk_loss:7448.0543 is_adam_step=True do_muon_ttt=False train_time:1024857ms step_avg:819.89ms
step:1250/1555 val_step:210/320 val_loss:3.5476 chunk_loss:6779.4838 is_adam_step=False do_muon_ttt=False train_time:1024857ms step_avg:819.89ms
step:1250/1555 val_step:211/320 val_loss:3.5469 chunk_loss:6998.4237 is_adam_step=True do_muon_ttt=False train_time:1024857ms step_avg:819.89ms
step:1250/1555 val_step:212/320 val_loss:3.5482 chunk_loss:7926.3258 is_adam_step=False do_muon_ttt=False train_time:1024857ms step_avg:819.89ms
step:1250/1555 val_step:213/320 val_loss:3.5479 chunk_loss:7190.4538 is_adam_step=True do_muon_ttt=False train_time:1024857ms step_avg:819.89ms
step:1250/1555 val_step:214/320 val_loss:3.5486 chunk_loss:7625.3875 is_adam_step=False do_muon_ttt=False train_time:1024857ms step_avg:819.89ms
step:1250/1555 val_step:215/320 val_loss:3.5473 chunk_loss:6831.9956 is_adam_step=True do_muon_ttt=False train_time:1024857ms step_avg:819.89ms
step:1250/1555 val_step:216/320 val_loss:3.5470 chunk_loss:7180.3051 is_adam_step=False do_muon_ttt=False train_time:1024857ms step_avg:819.89ms
step:1250/1555 val_step:217/320 val_loss:3.5474 chunk_loss:7560.7211 is_adam_step=True do_muon_ttt=False train_time:1024857ms step_avg:819.89ms
step:1250/1555 val_step:218/320 val_loss:3.5473 chunk_loss:7253.2073 is_adam_step=False do_muon_ttt=False train_time:1024857ms step_avg:819.89ms
step:1250/1555 val_step:219/320 val_loss:3.5474 chunk_loss:7388.9934 is_adam_step=True do_muon_ttt=False train_time:1024857ms step_avg:819.89ms
step:1250/1555 val_step:220/320 val_loss:3.5472 chunk_loss:7238.6269 is_adam_step=False do_muon_ttt=False train_time:1024857ms step_avg:819.89ms
step:1250/1555 val_step:221/320 val_loss:3.5469 chunk_loss:7216.4196 is_adam_step=True do_muon_ttt=False train_time:1024857ms step_avg:819.89ms
step:1250/1555 val_step:222/320 val_loss:3.5468 chunk_loss:7332.4823 is_adam_step=False do_muon_ttt=False train_time:1024857ms step_avg:819.89ms
step:1250/1555 val_step:223/320 val_loss:3.5465 chunk_loss:7226.5346 is_adam_step=True do_muon_ttt=False train_time:1024857ms step_avg:819.89ms
step:1250/1555 val_step:224/320 val_loss:3.5457 chunk_loss:6974.3748 is_adam_step=False do_muon_ttt=False train_time:1024857ms step_avg:819.89ms
step:1250/1555 val_step:225/320 val_loss:3.5447 chunk_loss:6956.9521 is_adam_step=True do_muon_ttt=False train_time:1024857ms step_avg:819.89ms
step:1250/1555 val_step:226/320 val_loss:3.5440 chunk_loss:7030.9364 is_adam_step=False do_muon_ttt=False train_time:1024857ms step_avg:819.89ms
step:1250/1555 val_step:227/320 val_loss:3.5441 chunk_loss:7356.6995 is_adam_step=True do_muon_ttt=False train_time:1024857ms step_avg:819.89ms
step:1250/1555 val_step:228/320 val_loss:3.5440 chunk_loss:7324.4444 is_adam_step=False do_muon_ttt=False train_time:1024857ms step_avg:819.89ms
step:1250/1555 val_step:229/320 val_loss:3.5443 chunk_loss:7508.4027 is_adam_step=True do_muon_ttt=False train_time:1024857ms step_avg:819.89ms
step:1250/1555 val_step:230/320 val_loss:3.5442 chunk_loss:7326.4666 is_adam_step=False do_muon_ttt=False train_time:1024857ms step_avg:819.89ms
step:1250/1555 val_step:231/320 val_loss:3.5437 chunk_loss:7080.6591 is_adam_step=True do_muon_ttt=False train_time:1024857ms step_avg:819.89ms
step:1250/1555 val_step:232/320 val_loss:3.5440 chunk_loss:7441.2854 is_adam_step=False do_muon_ttt=False train_time:1024857ms step_avg:819.89ms
step:1250/1555 val_step:233/320 val_loss:3.5442 chunk_loss:7488.1814 is_adam_step=True do_muon_ttt=False train_time:1024857ms step_avg:819.89ms
step:1250/1555 val_step:234/320 val_loss:3.5438 chunk_loss:7177.8392 is_adam_step=False do_muon_ttt=False train_time:1024857ms step_avg:819.89ms
step:1250/1555 val_step:235/320 val_loss:3.5436 chunk_loss:7276.6716 is_adam_step=True do_muon_ttt=False train_time:1024857ms step_avg:819.89ms
step:1250/1555 val_step:236/320 val_loss:3.5435 chunk_loss:7308.0936 is_adam_step=False do_muon_ttt=False train_time:1024857ms step_avg:819.89ms
step:1250/1555 val_step:237/320 val_loss:3.5431 chunk_loss:7193.6718 is_adam_step=True do_muon_ttt=False train_time:1024857ms step_avg:819.89ms
step:1250/1555 val_step:238/320 val_loss:3.5428 chunk_loss:7157.7838 is_adam_step=False do_muon_ttt=False train_time:1024857ms step_avg:819.89ms
step:1250/1555 val_step:239/320 val_loss:3.5423 chunk_loss:7078.6100 is_adam_step=True do_muon_ttt=False train_time:1024857ms step_avg:819.89ms
step:1250/1555 val_step:240/320 val_loss:3.5419 chunk_loss:7137.4372 is_adam_step=False do_muon_ttt=False train_time:1024857ms step_avg:819.89ms
step:1250/1555 val_step:241/320 val_loss:3.5418 chunk_loss:7304.9179 is_adam_step=True do_muon_ttt=False train_time:1024857ms step_avg:819.89ms
step:1250/1555 val_step:242/320 val_loss:3.5427 chunk_loss:7803.9850 is_adam_step=False do_muon_ttt=False train_time:1024857ms step_avg:819.89ms
step:1250/1555 val_step:243/320 val_loss:3.5423 chunk_loss:7127.1776 is_adam_step=True do_muon_ttt=False train_time:1024857ms step_avg:819.89ms
step:1250/1555 val_step:244/320 val_loss:3.5425 chunk_loss:7436.1823 is_adam_step=False do_muon_ttt=False train_time:1024857ms step_avg:819.89ms
step:1250/1555 val_step:245/320 val_loss:3.5425 chunk_loss:7346.6224 is_adam_step=True do_muon_ttt=False train_time:1024857ms step_avg:819.89ms
step:1250/1555 val_step:246/320 val_loss:3.5426 chunk_loss:7363.6840 is_adam_step=False do_muon_ttt=False train_time:1024857ms step_avg:819.89ms
step:1250/1555 val_step:247/320 val_loss:3.5423 chunk_loss:7212.0506 is_adam_step=True do_muon_ttt=False train_time:1024857ms step_avg:819.89ms
step:1250/1555 val_step:248/320 val_loss:3.5420 chunk_loss:7143.5752 is_adam_step=False do_muon_ttt=False train_time:1024857ms step_avg:819.89ms
step:1250/1555 val_step:249/320 val_loss:3.5430 chunk_loss:7854.1560 is_adam_step=True do_muon_ttt=False train_time:1024857ms step_avg:819.89ms
step:1250/1555 val_step:250/320 val_loss:3.5428 chunk_loss:7233.8900 is_adam_step=False do_muon_ttt=False train_time:1024857ms step_avg:819.89ms
step:1250/1555 val_step:251/320 val_loss:3.5428 chunk_loss:7296.4922 is_adam_step=True do_muon_ttt=False train_time:1024857ms step_avg:819.89ms
step:1250/1555 val_step:252/320 val_loss:3.5430 chunk_loss:7461.2255 is_adam_step=False do_muon_ttt=False train_time:1024857ms step_avg:819.89ms
step:1250/1555 val_step:253/320 val_loss:3.5426 chunk_loss:7095.5654 is_adam_step=True do_muon_ttt=False train_time:1024857ms step_avg:819.89ms
step:1250/1555 val_step:254/320 val_loss:3.5427 chunk_loss:7399.5352 is_adam_step=False do_muon_ttt=False train_time:1024857ms step_avg:819.89ms
step:1250/1555 val_step:255/320 val_loss:3.5427 chunk_loss:7347.9039 is_adam_step=True do_muon_ttt=False train_time:1024857ms step_avg:819.89ms
step:1250/1555 val_step:256/320 val_loss:3.5425 chunk_loss:7209.4016 is_adam_step=False do_muon_ttt=False train_time:1024857ms step_avg:819.89ms
step:1250/1555 val_step:257/320 val_loss:3.5433 chunk_loss:7795.0869 is_adam_step=True do_muon_ttt=False train_time:1024857ms step_avg:819.89ms
step:1250/1555 val_step:258/320 val_loss:3.5425 chunk_loss:6895.0360 is_adam_step=False do_muon_ttt=False train_time:1024857ms step_avg:819.89ms
step:1250/1555 val_step:259/320 val_loss:3.5424 chunk_loss:7284.6327 is_adam_step=True do_muon_ttt=False train_time:1024857ms step_avg:819.89ms
step:1250/1555 val_step:260/320 val_loss:3.5420 chunk_loss:7129.4164 is_adam_step=False do_muon_ttt=False train_time:1024857ms step_avg:819.89ms
step:1250/1555 val_step:261/320 val_loss:3.5419 chunk_loss:7286.3029 is_adam_step=True do_muon_ttt=False train_time:1024857ms step_avg:819.89ms
step:1250/1555 val_step:262/320 val_loss:3.5419 chunk_loss:7326.3246 is_adam_step=False do_muon_ttt=False train_time:1024857ms step_avg:819.89ms
step:1250/1555 val_step:263/320 val_loss:3.5414 chunk_loss:7042.6962 is_adam_step=True do_muon_ttt=False train_time:1024857ms step_avg:819.89ms
step:1250/1555 val_step:264/320 val_loss:3.5415 chunk_loss:7393.5434 is_adam_step=False do_muon_ttt=False train_time:1024857ms step_avg:819.89ms
step:1250/1555 val_step:265/320 val_loss:3.5409 chunk_loss:7003.8315 is_adam_step=True do_muon_ttt=False train_time:1024857ms step_avg:819.89ms
step:1250/1555 val_step:266/320 val_loss:3.5409 chunk_loss:7368.6518 is_adam_step=False do_muon_ttt=False train_time:1024857ms step_avg:819.89ms
step:1250/1555 val_step:267/320 val_loss:3.5401 chunk_loss:6905.7599 is_adam_step=True do_muon_ttt=False train_time:1024857ms step_avg:819.89ms
step:1250/1555 val_step:268/320 val_loss:3.5395 chunk_loss:6988.4730 is_adam_step=False do_muon_ttt=False train_time:1024857ms step_avg:819.89ms
step:1250/1555 val_step:269/320 val_loss:3.5390 chunk_loss:7098.1142 is_adam_step=True do_muon_ttt=False train_time:1024857ms step_avg:819.89ms
step:1250/1555 val_step:270/320 val_loss:3.5384 chunk_loss:7001.8422 is_adam_step=False do_muon_ttt=False train_time:1024857ms step_avg:819.89ms
step:1250/1555 val_step:271/320 val_loss:3.5375 chunk_loss:6804.3427 is_adam_step=True do_muon_ttt=False train_time:1024857ms step_avg:819.89ms
step:1250/1555 val_step:272/320 val_loss:3.5366 chunk_loss:6843.7057 is_adam_step=False do_muon_ttt=False train_time:1024857ms step_avg:819.89ms
step:1250/1555 val_step:273/320 val_loss:3.5364 chunk_loss:7274.4065 is_adam_step=True do_muon_ttt=False train_time:1024857ms step_avg:819.89ms
step:1250/1555 val_step:274/320 val_loss:3.5362 chunk_loss:7229.4806 is_adam_step=False do_muon_ttt=False train_time:1024857ms step_avg:819.89ms
step:1250/1555 val_step:275/320 val_loss:3.5365 chunk_loss:7529.9810 is_adam_step=True do_muon_ttt=False train_time:1024857ms step_avg:819.89ms
step:1250/1555 val_step:276/320 val_loss:3.5359 chunk_loss:6924.8933 is_adam_step=False do_muon_ttt=False train_time:1024857ms step_avg:819.89ms
step:1250/1555 val_step:277/320 val_loss:3.5350 chunk_loss:6809.0208 is_adam_step=True do_muon_ttt=False train_time:1024857ms step_avg:819.89ms
step:1250/1555 val_step:278/320 val_loss:3.5347 chunk_loss:7147.8352 is_adam_step=False do_muon_ttt=False train_time:1024857ms step_avg:819.89ms
step:1250/1555 val_step:279/320 val_loss:3.5349 chunk_loss:7460.5515 is_adam_step=True do_muon_ttt=False train_time:1024857ms step_avg:819.89ms
step:1250/1555 val_step:280/320 val_loss:3.5348 chunk_loss:7230.4065 is_adam_step=False do_muon_ttt=False train_time:1024857ms step_avg:819.89ms
step:1250/1555 val_step:281/320 val_loss:3.5342 chunk_loss:7013.7908 is_adam_step=True do_muon_ttt=False train_time:1024857ms step_avg:819.89ms
step:1250/1555 val_step:282/320 val_loss:3.5339 chunk_loss:7132.3866 is_adam_step=False do_muon_ttt=False train_time:1024857ms step_avg:819.89ms
step:1250/1555 val_step:283/320 val_loss:3.5335 chunk_loss:7060.6745 is_adam_step=True do_muon_ttt=False train_time:1024857ms step_avg:819.89ms
step:1250/1555 val_step:284/320 val_loss:3.5337 chunk_loss:7445.3675 is_adam_step=False do_muon_ttt=False train_time:1024857ms step_avg:819.89ms
step:1250/1555 val_step:285/320 val_loss:3.5328 chunk_loss:6838.4125 is_adam_step=True do_muon_ttt=False train_time:1024857ms step_avg:819.89ms
step:1250/1555 val_step:286/320 val_loss:3.5323 chunk_loss:7010.1841 is_adam_step=False do_muon_ttt=False train_time:1024857ms step_avg:819.89ms
step:1250/1555 val_step:287/320 val_loss:3.5324 chunk_loss:7395.1056 is_adam_step=True do_muon_ttt=False train_time:1024857ms step_avg:819.89ms
step:1250/1555 val_step:288/320 val_loss:3.5321 chunk_loss:7115.6508 is_adam_step=False do_muon_ttt=False train_time:1024857ms step_avg:819.89ms
step:1250/1555 val_step:289/320 val_loss:3.5324 chunk_loss:7458.9104 is_adam_step=True do_muon_ttt=False train_time:1024857ms step_avg:819.89ms
step:1250/1555 val_step:290/320 val_loss:3.5326 chunk_loss:7463.0201 is_adam_step=False do_muon_ttt=False train_time:1024857ms step_avg:819.89ms
step:1250/1555 val_step:291/320 val_loss:3.5323 chunk_loss:7176.8401 is_adam_step=True do_muon_ttt=False train_time:1024857ms step_avg:819.89ms
step:1250/1555 val_step:292/320 val_loss:3.5317 chunk_loss:6892.7163 is_adam_step=False do_muon_ttt=False train_time:1024857ms step_avg:819.89ms
step:1250/1555 val_step:293/320 val_loss:3.5313 chunk_loss:7083.5063 is_adam_step=True do_muon_ttt=False train_time:1024857ms step_avg:819.89ms
step:1250/1555 val_step:294/320 val_loss:3.5313 chunk_loss:7292.2799 is_adam_step=False do_muon_ttt=False train_time:1024857ms step_avg:819.89ms
step:1250/1555 val_step:295/320 val_loss:3.5314 chunk_loss:7328.8965 is_adam_step=True do_muon_ttt=False train_time:1024857ms step_avg:819.89ms
step:1250/1555 val_step:296/320 val_loss:3.5313 chunk_loss:7245.9485 is_adam_step=False do_muon_ttt=False train_time:1024857ms step_avg:819.89ms
step:1250/1555 val_step:297/320 val_loss:3.5305 chunk_loss:6811.9928 is_adam_step=True do_muon_ttt=False train_time:1024857ms step_avg:819.89ms
step:1250/1555 val_step:298/320 val_loss:3.5299 chunk_loss:6992.8180 is_adam_step=False do_muon_ttt=False train_time:1024857ms step_avg:819.89ms
step:1250/1555 val_step:299/320 val_loss:3.5296 chunk_loss:7084.5533 is_adam_step=True do_muon_ttt=False train_time:1024857ms step_avg:819.89ms
step:1250/1555 val_step:300/320 val_loss:3.5290 chunk_loss:6978.1043 is_adam_step=False do_muon_ttt=False train_time:1024857ms step_avg:819.89ms
step:1250/1555 val_step:301/320 val_loss:3.5285 chunk_loss:6975.1638 is_adam_step=True do_muon_ttt=False train_time:1024857ms step_avg:819.89ms
step:1250/1555 val_step:302/320 val_loss:3.5282 chunk_loss:7107.6286 is_adam_step=False do_muon_ttt=False train_time:1024857ms step_avg:819.89ms
step:1250/1555 val_step:303/320 val_loss:3.5284 chunk_loss:7416.0587 is_adam_step=True do_muon_ttt=False train_time:1024857ms step_avg:819.89ms
step:1250/1555 val_step:304/320 val_loss:3.5272 chunk_loss:6625.1467 is_adam_step=False do_muon_ttt=False train_time:1024857ms step_avg:819.89ms
step:1250/1555 val_step:305/320 val_loss:3.5269 chunk_loss:7068.0137 is_adam_step=True do_muon_ttt=False train_time:1024857ms step_avg:819.89ms
step:1250/1555 val_step:306/320 val_loss:3.5266 chunk_loss:7155.9268 is_adam_step=False do_muon_ttt=False train_time:1024857ms step_avg:819.89ms
step:1250/1555 val_step:307/320 val_loss:3.5264 chunk_loss:7137.6664 is_adam_step=True do_muon_ttt=False train_time:1024857ms step_avg:819.89ms
step:1250/1555 val_step:308/320 val_loss:3.5263 chunk_loss:7205.0622 is_adam_step=False do_muon_ttt=False train_time:1024857ms step_avg:819.89ms
step:1250/1555 val_step:309/320 val_loss:3.5261 chunk_loss:7216.2236 is_adam_step=True do_muon_ttt=False train_time:1024857ms step_avg:819.89ms
step:1250/1555 val_step:310/320 val_loss:3.5255 chunk_loss:6932.7200 is_adam_step=False do_muon_ttt=False train_time:1024857ms step_avg:819.89ms
step:1250/1555 val_step:311/320 val_loss:3.5257 chunk_loss:7417.8789 is_adam_step=True do_muon_ttt=False train_time:1024857ms step_avg:819.89ms
step:1250/1555 val_step:312/320 val_loss:3.5257 chunk_loss:7242.0841 is_adam_step=False do_muon_ttt=False train_time:1024857ms step_avg:819.89ms
step:1250/1555 val_step:313/320 val_loss:3.5256 chunk_loss:7281.7119 is_adam_step=True do_muon_ttt=False train_time:1024857ms step_avg:819.89ms
step:1250/1555 val_step:314/320 val_loss:3.5258 chunk_loss:7401.2517 is_adam_step=False do_muon_ttt=False train_time:1024857ms step_avg:819.89ms
step:1250/1555 val_step:315/320 val_loss:3.5258 chunk_loss:7310.6745 is_adam_step=True do_muon_ttt=False train_time:1024857ms step_avg:819.89ms
step:1250/1555 val_step:316/320 val_loss:3.5254 chunk_loss:7067.1596 is_adam_step=False do_muon_ttt=False train_time:1024857ms step_avg:819.89ms
step:1250/1555 val_step:317/320 val_loss:3.5252 chunk_loss:7150.2384 is_adam_step=True do_muon_ttt=False train_time:1024857ms step_avg:819.89ms
step:1250/1555 val_step:318/320 val_loss:3.5253 chunk_loss:7335.8404 is_adam_step=False do_muon_ttt=False train_time:1024857ms step_avg:819.89ms
step:1250/1555 val_step:319/320 val_loss:3.5250 chunk_loss:7086.7132 is_adam_step=True do_muon_ttt=False train_time:1024857ms step_avg:819.89ms
step:1250/1555 val_loss:3.5250 train_time:1024857ms step_avg:819.89ms
step:1251/1555 loss.item()=166275.34375 train_time:1026000ms step_avg:820.14ms
step:1252/1555 loss.item()=175788.375 train_time:1027123ms step_avg:820.39ms
step:1253/1555 loss.item()=168592.671875 train_time:1028243ms step_avg:820.62ms
step:1254/1555 loss.item()=173004.953125 train_time:1029362ms step_avg:820.86ms
step:1255/1555 loss.item()=165114.4375 train_time:1030476ms step_avg:821.10ms
step:1256/1555 loss.item()=164046.1875 train_time:1031595ms step_avg:821.33ms
step:1257/1555 loss.item()=172602.09375 train_time:1032716ms step_avg:821.57ms
step:1258/1555 loss.item()=166044.09375 train_time:1033836ms step_avg:821.81ms
step:1259/1555 loss.item()=173854.515625 train_time:1034957ms step_avg:822.05ms
step:1260/1555 loss.item()=167356.046875 train_time:1036084ms step_avg:822.29ms
step:1261/1555 loss.item()=168966.40625 train_time:1037206ms step_avg:822.53ms
step:1262/1555 loss.item()=165812.0625 train_time:1038327ms step_avg:822.76ms
step:1263/1555 loss.item()=169393.6875 train_time:1039446ms step_avg:823.00ms
step:1264/1555 loss.item()=171909.53125 train_time:1040568ms step_avg:823.23ms
step:1265/1555 loss.item()=172200.265625 train_time:1041688ms step_avg:823.47ms
step:1266/1555 loss.item()=168999.921875 train_time:1042810ms step_avg:823.70ms
step:1267/1555 loss.item()=161518.40625 train_time:1043930ms step_avg:823.94ms
step:1268/1555 loss.item()=170185.703125 train_time:1045106ms step_avg:824.22ms
step:1269/1555 loss.item()=167596.828125 train_time:1046228ms step_avg:824.45ms
step:1270/1555 loss.item()=163625.296875 train_time:1047354ms step_avg:824.69ms
step:1271/1555 loss.item()=162469.4375 train_time:1048483ms step_avg:824.93ms
step:1272/1555 loss.item()=162082.1875 train_time:1049609ms step_avg:825.16ms
step:1273/1555 loss.item()=169631.65625 train_time:1050726ms step_avg:825.39ms
step:1274/1555 loss.item()=156284.90625 train_time:1051842ms step_avg:825.62ms
step:1275/1555 loss.item()=171931.5625 train_time:1052961ms step_avg:825.85ms
step:1276/1555 loss.item()=168162.125 train_time:1054084ms step_avg:826.09ms
step:1277/1555 loss.item()=163530.78125 train_time:1055202ms step_avg:826.31ms
step:1278/1555 loss.item()=167550.28125 train_time:1056325ms step_avg:826.55ms
step:1279/1555 loss.item()=168871.9375 train_time:1057445ms step_avg:826.78ms
step:1280/1555 loss.item()=165347.90625 train_time:1058770ms step_avg:827.16ms
step:1281/1555 loss.item()=158618.96875 train_time:1059887ms step_avg:827.39ms
step:1282/1555 loss.item()=163303.0625 train_time:1061010ms step_avg:827.62ms
step:1283/1555 loss.item()=168440.953125 train_time:1062124ms step_avg:827.84ms
step:1284/1555 loss.item()=170306.375 train_time:1063247ms step_avg:828.07ms
step:1285/1555 loss.item()=171883.34375 train_time:1064364ms step_avg:828.30ms
step:1286/1555 loss.item()=166856.65625 train_time:1065486ms step_avg:828.53ms
step:1287/1555 loss.item()=172776.6875 train_time:1066605ms step_avg:828.75ms
step:1288/1555 loss.item()=163374.125 train_time:1067727ms step_avg:828.98ms
step:1289/1555 loss.item()=167815.21875 train_time:1068844ms step_avg:829.20ms
step:1290/1555 loss.item()=162368.25 train_time:1069966ms step_avg:829.43ms
step:1291/1555 loss.item()=167132.09375 train_time:1071085ms step_avg:829.66ms
step:1292/1555 loss.item()=173377.921875 train_time:1072208ms step_avg:829.88ms
step:1293/1555 loss.item()=166958.46875 train_time:1073326ms step_avg:830.10ms
step:1294/1555 loss.item()=168204.796875 train_time:1074448ms step_avg:830.33ms
step:1295/1555 loss.item()=166865.328125 train_time:1075571ms step_avg:830.56ms
step:1296/1555 loss.item()=167839.03125 train_time:1076694ms step_avg:830.78ms
step:1297/1555 loss.item()=166353.328125 train_time:1077820ms step_avg:831.01ms
step:1298/1555 loss.item()=160596.53125 train_time:1078942ms step_avg:831.23ms
step:1299/1555 loss.item()=168002.6875 train_time:1080063ms step_avg:831.46ms
step:1300/1555 loss.item()=165157.03125 train_time:1081186ms step_avg:831.68ms
step:1301/1555 loss.item()=166166.375 train_time:1082304ms step_avg:831.90ms
step:1302/1555 loss.item()=175243.5625 train_time:1083431ms step_avg:832.13ms
step:1303/1555 loss.item()=167538.15625 train_time:1084556ms step_avg:832.35ms
step:1304/1555 loss.item()=164368.09375 train_time:1085686ms step_avg:832.58ms
step:1305/1555 loss.item()=170598.625 train_time:1086809ms step_avg:832.80ms
step:1306/1555 loss.item()=159098.296875 train_time:1087936ms step_avg:833.03ms
step:1307/1555 loss.item()=169192.28125 train_time:1089064ms step_avg:833.25ms
step:1308/1555 loss.item()=177859.609375 train_time:1090191ms step_avg:833.48ms
step:1309/1555 loss.item()=163722.28125 train_time:1091325ms step_avg:833.71ms
step:1310/1555 loss.item()=171024.34375 train_time:1092455ms step_avg:833.94ms
step:1311/1555 loss.item()=161479.796875 train_time:1093589ms step_avg:834.16ms
step:1312/1555 loss.item()=167737.46875 train_time:1094716ms step_avg:834.39ms
step:1313/1555 loss.item()=173604.546875 train_time:1095843ms step_avg:834.61ms
step:1314/1555 loss.item()=162761.75 train_time:1096971ms step_avg:834.83ms
step:1315/1555 loss.item()=167818.09375 train_time:1098190ms step_avg:835.13ms
step:1316/1555 loss.item()=165040.5625 train_time:1099324ms step_avg:835.35ms
step:1317/1555 loss.item()=167666.28125 train_time:1100451ms step_avg:835.57ms
step:1318/1555 loss.item()=167527.34375 train_time:1101586ms step_avg:835.80ms
step:1319/1555 loss.item()=172388.578125 train_time:1102711ms step_avg:836.02ms
step:1320/1555 loss.item()=161990.0625 train_time:1103844ms step_avg:836.25ms
step:1321/1555 loss.item()=168846.84375 train_time:1104968ms step_avg:836.46ms
step:1322/1555 loss.item()=165417.296875 train_time:1106102ms step_avg:836.69ms
step:1323/1555 loss.item()=161312.625 train_time:1107230ms step_avg:836.91ms
step:1324/1555 loss.item()=169367.65625 train_time:1108364ms step_avg:837.13ms
step:1325/1555 loss.item()=168849.90625 train_time:1109489ms step_avg:837.35ms
step:1326/1555 loss.item()=167666.6875 train_time:1110624ms step_avg:837.57ms
step:1327/1555 loss.item()=163393.421875 train_time:1111749ms step_avg:837.79ms
step:1328/1555 loss.item()=165960.6875 train_time:1112887ms step_avg:838.02ms
step:1329/1555 loss.item()=169659.015625 train_time:1114008ms step_avg:838.23ms
step:1330/1555 loss.item()=164593.8125 train_time:1115131ms step_avg:838.44ms
step:1331/1555 loss.item()=172717.625 train_time:1116281ms step_avg:838.68ms
step:1332/1555 loss.item()=166234.03125 train_time:1117408ms step_avg:838.89ms
step:1333/1555 loss.item()=164015.375 train_time:1118534ms step_avg:839.11ms
step:1334/1555 loss.item()=167254.015625 train_time:1119661ms step_avg:839.33ms
step:1335/1555 loss.item()=168166.34375 train_time:1120787ms step_avg:839.54ms
step:1336/1555 loss.item()=166965.734375 train_time:1121910ms step_avg:839.75ms
step:1337/1555 loss.item()=158168.28125 train_time:1123040ms step_avg:839.97ms
step:1338/1555 loss.item()=165827.234375 train_time:1124170ms step_avg:840.19ms
step:1339/1555 loss.item()=164067.34375 train_time:1125315ms step_avg:840.41ms
step:1340/1555 loss.item()=164505.359375 train_time:1126447ms step_avg:840.63ms
step:1341/1555 loss.item()=168366.28125 train_time:1127570ms step_avg:840.84ms
step:1342/1555 loss.item()=166433.765625 train_time:1128697ms step_avg:841.06ms
step:1343/1555 loss.item()=177989.25 train_time:1129824ms step_avg:841.27ms
step:1344/1555 loss.item()=174082.828125 train_time:1130970ms step_avg:841.50ms
step:1345/1555 loss.item()=165983.4375 train_time:1132100ms step_avg:841.71ms
step:1346/1555 loss.item()=165996.234375 train_time:1133230ms step_avg:841.92ms
step:1347/1555 loss.item()=167108.34375 train_time:1134352ms step_avg:842.13ms
step:1348/1555 loss.item()=167831.640625 train_time:1135485ms step_avg:842.35ms
step:1349/1555 loss.item()=164823.6875 train_time:1136601ms step_avg:842.55ms
step:1350/1555 loss.item()=166492.1875 train_time:1137750ms step_avg:842.78ms
step:1351/1555 loss.item()=161634.59375 train_time:1139258ms step_avg:843.27ms
step:1352/1555 loss.item()=168473.5625 train_time:1140373ms step_avg:843.47ms
step:1353/1555 loss.item()=167398.53125 train_time:1141501ms step_avg:843.68ms
step:1354/1555 loss.item()=165221.890625 train_time:1142627ms step_avg:843.89ms
step:1355/1555 loss.item()=170768.09375 train_time:1143750ms step_avg:844.10ms
step:1356/1555 loss.item()=163961.9375 train_time:1144888ms step_avg:844.31ms
step:1357/1555 loss.item()=165887.625 train_time:1146016ms step_avg:844.52ms
step:1358/1555 loss.item()=165705.53125 train_time:1147153ms step_avg:844.74ms
step:1359/1555 loss.item()=161804.53125 train_time:1148291ms step_avg:844.95ms
step:1360/1555 loss.item()=167520.90625 train_time:1149431ms step_avg:845.17ms
step:1361/1555 loss.item()=166920.21875 train_time:1150564ms step_avg:845.38ms
step:1362/1555 loss.item()=167841.203125 train_time:1151688ms step_avg:845.59ms
step:1363/1555 loss.item()=167399.40625 train_time:1152809ms step_avg:845.79ms
step:1364/1555 loss.item()=162486.34375 train_time:1153934ms step_avg:845.99ms
step:1365/1555 loss.item()=173017.9375 train_time:1155066ms step_avg:846.20ms
step:1366/1555 loss.item()=167393.78125 train_time:1156191ms step_avg:846.41ms
step:1367/1555 loss.item()=164790.296875 train_time:1157324ms step_avg:846.62ms
step:1368/1555 loss.item()=169036.953125 train_time:1158451ms step_avg:846.82ms
step:1369/1555 loss.item()=160810.125 train_time:1159579ms step_avg:847.03ms
step:1370/1555 loss.item()=169611.625 train_time:1160714ms step_avg:847.24ms
step:1371/1555 loss.item()=168246.84375 train_time:1161850ms step_avg:847.45ms
step:1372/1555 loss.item()=163810.9375 train_time:1162975ms step_avg:847.65ms
step:1373/1555 loss.item()=159223.78125 train_time:1164108ms step_avg:847.86ms
step:1374/1555 loss.item()=163912.40625 train_time:1165242ms step_avg:848.07ms
step:1375/1555 loss.item()=161923.15625 train_time:1166369ms step_avg:848.27ms
step:1376/1555 loss.item()=169438.34375 train_time:1167504ms step_avg:848.48ms
step:1377/1555 loss.item()=167560.453125 train_time:1168639ms step_avg:848.68ms
step:1378/1555 loss.item()=156783.875 train_time:1169773ms step_avg:848.89ms
step:1379/1555 loss.item()=163407.40625 train_time:1170907ms step_avg:849.10ms
step:1380/1555 loss.item()=159066.625 train_time:1172035ms step_avg:849.30ms
step:1381/1555 loss.item()=164328.828125 train_time:1173166ms step_avg:849.50ms
step:1382/1555 loss.item()=159481.265625 train_time:1174293ms step_avg:849.71ms
step:1383/1555 loss.item()=161812.546875 train_time:1175429ms step_avg:849.91ms
step:1384/1555 loss.item()=175109.5625 train_time:1176555ms step_avg:850.11ms
step:1385/1555 loss.item()=170367.75 train_time:1177687ms step_avg:850.32ms
step:1386/1555 loss.item()=167069.46875 train_time:1178814ms step_avg:850.52ms
step:1387/1555 loss.item()=168756.8125 train_time:1179950ms step_avg:850.72ms
step:1388/1555 loss.item()=163074.28125 train_time:1181100ms step_avg:850.94ms
step:1389/1555 loss.item()=159503.71875 train_time:1182229ms step_avg:851.14ms
step:1390/1555 loss.item()=158785.8125 train_time:1183368ms step_avg:851.34ms
step:1391/1555 loss.item()=165540.09375 train_time:1184503ms step_avg:851.55ms
step:1392/1555 loss.item()=162893.96875 train_time:1185634ms step_avg:851.75ms
step:1393/1555 loss.item()=161149.546875 train_time:1186767ms step_avg:851.95ms
step:1394/1555 loss.item()=162855.90625 train_time:1187901ms step_avg:852.15ms
step:1395/1555 loss.item()=162801.375 train_time:1189029ms step_avg:852.35ms
step:1396/1555 loss.item()=168532.953125 train_time:1190167ms step_avg:852.56ms
step:1397/1555 loss.item()=156982.1875 train_time:1191300ms step_avg:852.76ms
step:1398/1555 loss.item()=165370.46875 train_time:1192433ms step_avg:852.96ms
step:1399/1555 loss.item()=168655.671875 train_time:1193572ms step_avg:853.16ms
step:1400/1555 loss.item()=157487.15625 train_time:1194713ms step_avg:853.37ms
step:1401/1555 loss.item()=165637.53125 train_time:1196041ms step_avg:853.70ms
step:1402/1555 loss.item()=159257.75 train_time:1197173ms step_avg:853.90ms
step:1403/1555 loss.item()=164485.125 train_time:1198306ms step_avg:854.10ms
step:1404/1555 loss.item()=165908.6875 train_time:1199441ms step_avg:854.30ms
step:1405/1555 loss.item()=163937.96875 train_time:1200587ms step_avg:854.51ms
step:1406/1555 loss.item()=164623.015625 train_time:1201722ms step_avg:854.71ms
step:1407/1555 loss.item()=164977.140625 train_time:1202854ms step_avg:854.91ms
step:1408/1555 loss.item()=167058.59375 train_time:1204003ms step_avg:855.12ms
step:1409/1555 loss.item()=167977.28125 train_time:1205138ms step_avg:855.31ms
step:1410/1555 loss.item()=165289.5 train_time:1206273ms step_avg:855.51ms
step:1411/1555 loss.item()=171102.3125 train_time:1207406ms step_avg:855.71ms
step:1412/1555 loss.item()=162180.671875 train_time:1208533ms step_avg:855.90ms
step:1413/1555 loss.item()=168262.375 train_time:1209672ms step_avg:856.10ms
step:1414/1555 loss.item()=165677.0625 train_time:1210861ms step_avg:856.34ms
step:1415/1555 loss.item()=151719.75 train_time:1211998ms step_avg:856.54ms
step:1416/1555 loss.item()=170488.21875 train_time:1213138ms step_avg:856.74ms
step:1417/1555 loss.item()=164444.65625 train_time:1214270ms step_avg:856.93ms
step:1418/1555 loss.item()=167189.203125 train_time:1215404ms step_avg:857.13ms
step:1419/1555 loss.item()=157847.625 train_time:1216531ms step_avg:857.32ms
step:1420/1555 loss.item()=158643.28125 train_time:1217672ms step_avg:857.52ms
step:1421/1555 loss.item()=163074.25 train_time:1218807ms step_avg:857.71ms
step:1422/1555 loss.item()=161127.40625 train_time:1219938ms step_avg:857.90ms
step:1423/1555 loss.item()=162998.65625 train_time:1221070ms step_avg:858.10ms
step:1424/1555 loss.item()=165105.5625 train_time:1222206ms step_avg:858.29ms
step:1425/1555 loss.item()=163184.46875 train_time:1223331ms step_avg:858.48ms
step:1426/1555 loss.item()=161066.1875 train_time:1224468ms step_avg:858.67ms
step:1427/1555 loss.item()=165494.328125 train_time:1225598ms step_avg:858.86ms
step:1428/1555 loss.item()=164274.625 train_time:1226734ms step_avg:859.06ms
step:1429/1555 loss.item()=162372.234375 train_time:1227869ms step_avg:859.25ms
step:1430/1555 loss.item()=163987.8125 train_time:1229004ms step_avg:859.44ms
step:1431/1555 loss.item()=165465.046875 train_time:1230131ms step_avg:859.63ms
step:1432/1555 loss.item()=165362.921875 train_time:1231273ms step_avg:859.83ms
step:1433/1555 loss.item()=165202.734375 train_time:1232414ms step_avg:860.02ms
step:1434/1555 loss.item()=166172.625 train_time:1233551ms step_avg:860.22ms
step:1435/1555 loss.item()=168312.0625 train_time:1234689ms step_avg:860.41ms
step:1436/1555 loss.item()=165078.40625 train_time:1235825ms step_avg:860.60ms
step:1437/1555 loss.item()=162176.8125 train_time:1236969ms step_avg:860.80ms
step:1438/1555 loss.item()=163979.53125 train_time:1238096ms step_avg:860.98ms
step:1439/1555 loss.item()=162133.875 train_time:1239230ms step_avg:861.17ms
step:1440/1555 loss.item()=160218.359375 train_time:1240364ms step_avg:861.36ms
step:1441/1555 loss.item()=160508.359375 train_time:1241489ms step_avg:861.55ms
step:1442/1555 loss.item()=172206.3125 train_time:1242614ms step_avg:861.73ms
step:1443/1555 loss.item()=161588.46875 train_time:1243748ms step_avg:861.92ms
step:1444/1555 loss.item()=164308.96875 train_time:1244871ms step_avg:862.10ms
step:1445/1555 loss.item()=163323.296875 train_time:1246010ms step_avg:862.29ms
step:1446/1555 loss.item()=158444.8125 train_time:1247188ms step_avg:862.51ms
step:1447/1555 loss.item()=165367.140625 train_time:1248349ms step_avg:862.72ms
step:1448/1555 loss.item()=164279.6875 train_time:1249490ms step_avg:862.91ms
step:1449/1555 loss.item()=161670.5625 train_time:1250612ms step_avg:863.09ms
step:1450/1555 loss.item()=161159.9375 train_time:1251743ms step_avg:863.27ms
step:1451/1555 loss.item()=161597.3125 train_time:1252870ms step_avg:863.45ms
step:1452/1555 loss.item()=161871.171875 train_time:1253993ms step_avg:863.63ms
step:1453/1555 loss.item()=162485.78125 train_time:1255128ms step_avg:863.82ms
step:1454/1555 loss.item()=163865.90625 train_time:1256261ms step_avg:864.00ms
step:1455/1555 loss.item()=163756.96875 train_time:1257389ms step_avg:864.18ms
step:1456/1555 loss.item()=166633.53125 train_time:1258516ms step_avg:864.37ms
step:1457/1555 loss.item()=165310.703125 train_time:1259645ms step_avg:864.55ms
step:1458/1555 loss.item()=163632.09375 train_time:1260774ms step_avg:864.73ms
step:1459/1555 loss.item()=163513.671875 train_time:1261902ms step_avg:864.91ms
step:1460/1555 loss.item()=162058.90625 train_time:1263264ms step_avg:865.25ms
step:1461/1555 loss.item()=165515.59375 train_time:1264394ms step_avg:865.43ms
step:1462/1555 loss.item()=161207.75 train_time:1265534ms step_avg:865.62ms
step:1463/1555 loss.item()=159610.34375 train_time:1266666ms step_avg:865.80ms
step:1464/1555 loss.item()=165607.375 train_time:1267794ms step_avg:865.98ms
step:1465/1555 loss.item()=161211.796875 train_time:1268929ms step_avg:866.16ms
step:1466/1555 loss.item()=164457.25 train_time:1270068ms step_avg:866.35ms
step:1467/1555 loss.item()=162613.453125 train_time:1271203ms step_avg:866.53ms
step:1468/1555 loss.item()=159183.75 train_time:1272336ms step_avg:866.71ms
step:1469/1555 loss.item()=166651.5625 train_time:1273470ms step_avg:866.90ms
step:1470/1555 loss.item()=156889.03125 train_time:1274601ms step_avg:867.08ms
step:1471/1555 loss.item()=158963.828125 train_time:1275731ms step_avg:867.25ms
step:1472/1555 loss.item()=164985.4375 train_time:1276871ms step_avg:867.44ms
step:1473/1555 loss.item()=157233.625 train_time:1278010ms step_avg:867.62ms
step:1474/1555 loss.item()=167329.4375 train_time:1279151ms step_avg:867.81ms
step:1475/1555 loss.item()=165903.078125 train_time:1280286ms step_avg:867.99ms
step:1476/1555 loss.item()=154677.90625 train_time:1281415ms step_avg:868.17ms
step:1477/1555 loss.item()=165400.359375 train_time:1282551ms step_avg:868.35ms
step:1478/1555 loss.item()=168186.671875 train_time:1283691ms step_avg:868.53ms
step:1479/1555 loss.item()=167547.25 train_time:1284824ms step_avg:868.71ms
step:1480/1555 loss.item()=167204.71875 train_time:1285955ms step_avg:868.89ms
step:1481/1555 loss.item()=174410.1875 train_time:1287091ms step_avg:869.07ms
step:1482/1555 loss.item()=160167.6875 train_time:1288228ms step_avg:869.25ms
step:1483/1555 loss.item()=164522.078125 train_time:1289362ms step_avg:869.43ms
step:1484/1555 loss.item()=161150.9375 train_time:1290493ms step_avg:869.60ms
step:1485/1555 loss.item()=159104.625 train_time:1291629ms step_avg:869.78ms
step:1486/1555 loss.item()=170886.90625 train_time:1292763ms step_avg:869.96ms
step:1487/1555 loss.item()=161863.03125 train_time:1293891ms step_avg:870.14ms
step:1488/1555 loss.item()=162319.265625 train_time:1295035ms step_avg:870.32ms
step:1489/1555 loss.item()=160833.6875 train_time:1296169ms step_avg:870.50ms
step:1490/1555 loss.item()=161160.21875 train_time:1297480ms step_avg:870.79ms
step:1491/1555 loss.item()=161093.671875 train_time:1298609ms step_avg:870.97ms
step:1492/1555 loss.item()=158291.265625 train_time:1299737ms step_avg:871.14ms
step:1493/1555 loss.item()=161741.78125 train_time:1300866ms step_avg:871.31ms
step:1494/1555 loss.item()=160113.0625 train_time:1301995ms step_avg:871.48ms
step:1495/1555 loss.item()=163777.921875 train_time:1303127ms step_avg:871.66ms
step:1496/1555 loss.item()=166031.171875 train_time:1304255ms step_avg:871.83ms
step:1497/1555 loss.item()=163269.0 train_time:1305390ms step_avg:872.00ms
step:1498/1555 loss.item()=161520.53125 train_time:1306533ms step_avg:872.18ms
step:1499/1555 loss.item()=168795.171875 train_time:1307670ms step_avg:872.36ms
step:1500/1555 loss.item()=169497.9375 train_time:1308797ms step_avg:872.53ms
step:1500/1555 starting test-time training...
step:1500/1555 val_step:0/320 val_loss:3.2162 chunk_loss:6736.3855 is_adam_step=False do_muon_ttt=False train_time:1308798ms step_avg:872.53ms
step:1500/1555 val_step:1/320 val_loss:3.2530 chunk_loss:6886.7035 is_adam_step=True do_muon_ttt=False train_time:1308798ms step_avg:872.53ms
step:1500/1555 val_step:2/320 val_loss:3.2971 chunk_loss:7069.1428 is_adam_step=False do_muon_ttt=False train_time:1308798ms step_avg:872.53ms
step:1500/1555 val_step:3/320 val_loss:3.2709 chunk_loss:6686.6841 is_adam_step=True do_muon_ttt=False train_time:1308798ms step_avg:872.53ms
step:1500/1555 val_step:4/320 val_loss:3.2928 chunk_loss:7057.7778 is_adam_step=False do_muon_ttt=False train_time:1308798ms step_avg:872.53ms
step:1500/1555 val_step:5/320 val_loss:3.2870 chunk_loss:6796.6443 is_adam_step=True do_muon_ttt=False train_time:1308798ms step_avg:872.53ms
step:1500/1555 val_step:6/320 val_loss:3.2224 chunk_loss:6066.8344 is_adam_step=False do_muon_ttt=False train_time:1308798ms step_avg:872.53ms
step:1500/1555 val_step:7/320 val_loss:3.2523 chunk_loss:7228.7568 is_adam_step=True do_muon_ttt=False train_time:1308798ms step_avg:872.53ms
step:1500/1555 val_step:8/320 val_loss:3.2618 chunk_loss:6992.5573 is_adam_step=False do_muon_ttt=False train_time:1308798ms step_avg:872.53ms
step:1500/1555 val_step:9/320 val_loss:3.2810 chunk_loss:7239.3987 is_adam_step=True do_muon_ttt=False train_time:1308798ms step_avg:872.53ms
step:1500/1555 val_step:10/320 val_loss:3.2854 chunk_loss:6982.2320 is_adam_step=False do_muon_ttt=False train_time:1308798ms step_avg:872.53ms
step:1500/1555 val_step:11/320 val_loss:3.2696 chunk_loss:6494.4381 is_adam_step=True do_muon_ttt=False train_time:1308798ms step_avg:872.53ms
step:1500/1555 val_step:12/320 val_loss:3.2778 chunk_loss:7037.7097 is_adam_step=False do_muon_ttt=False train_time:1308798ms step_avg:872.53ms
step:1500/1555 val_step:13/320 val_loss:3.2783 chunk_loss:6843.6404 is_adam_step=True do_muon_ttt=False train_time:1308798ms step_avg:872.53ms
step:1500/1555 val_step:14/320 val_loss:3.2782 chunk_loss:6840.2357 is_adam_step=False do_muon_ttt=False train_time:1308798ms step_avg:872.53ms
step:1500/1555 val_step:15/320 val_loss:3.2805 chunk_loss:6916.6812 is_adam_step=True do_muon_ttt=False train_time:1308798ms step_avg:872.53ms
step:1500/1555 val_step:16/320 val_loss:3.2716 chunk_loss:6527.7239 is_adam_step=False do_muon_ttt=False train_time:1308798ms step_avg:872.53ms
step:1500/1555 val_step:17/320 val_loss:3.2903 chunk_loss:7522.3106 is_adam_step=True do_muon_ttt=False train_time:1308798ms step_avg:872.53ms
step:1500/1555 val_step:18/320 val_loss:3.2830 chunk_loss:6587.6109 is_adam_step=False do_muon_ttt=False train_time:1308798ms step_avg:872.53ms
step:1500/1555 val_step:19/320 val_loss:3.2857 chunk_loss:6943.0323 is_adam_step=True do_muon_ttt=False train_time:1308798ms step_avg:872.53ms
step:1500/1555 val_step:20/320 val_loss:3.2867 chunk_loss:6903.6406 is_adam_step=False do_muon_ttt=False train_time:1308798ms step_avg:872.53ms
step:1500/1555 val_step:21/320 val_loss:3.2959 chunk_loss:7306.1571 is_adam_step=True do_muon_ttt=False train_time:1308798ms step_avg:872.53ms
step:1500/1555 val_step:22/320 val_loss:3.2949 chunk_loss:6837.3911 is_adam_step=False do_muon_ttt=False train_time:1308798ms step_avg:872.53ms
step:1500/1555 val_step:23/320 val_loss:3.3021 chunk_loss:7219.2962 is_adam_step=True do_muon_ttt=False train_time:1308798ms step_avg:872.53ms
step:1500/1555 val_step:24/320 val_loss:3.3038 chunk_loss:6937.3799 is_adam_step=False do_muon_ttt=False train_time:1308798ms step_avg:872.53ms
step:1500/1555 val_step:25/320 val_loss:3.3001 chunk_loss:6689.7228 is_adam_step=True do_muon_ttt=False train_time:1308798ms step_avg:872.53ms
step:1500/1555 val_step:26/320 val_loss:3.3135 chunk_loss:7671.2026 is_adam_step=False do_muon_ttt=False train_time:1308798ms step_avg:872.53ms
step:1500/1555 val_step:27/320 val_loss:3.3232 chunk_loss:7485.6261 is_adam_step=True do_muon_ttt=False train_time:1308798ms step_avg:872.53ms
step:1500/1555 val_step:28/320 val_loss:3.3187 chunk_loss:6686.5910 is_adam_step=False do_muon_ttt=False train_time:1308798ms step_avg:872.53ms
step:1500/1555 val_step:29/320 val_loss:3.3094 chunk_loss:6349.9173 is_adam_step=True do_muon_ttt=False train_time:1308798ms step_avg:872.53ms
step:1500/1555 val_step:30/320 val_loss:3.3082 chunk_loss:6861.3603 is_adam_step=False do_muon_ttt=False train_time:1308798ms step_avg:872.53ms
step:1500/1555 val_step:31/320 val_loss:3.3071 chunk_loss:6792.4220 is_adam_step=True do_muon_ttt=False train_time:1308798ms step_avg:872.53ms
step:1500/1555 val_step:32/320 val_loss:3.3038 chunk_loss:6677.2206 is_adam_step=False do_muon_ttt=False train_time:1308798ms step_avg:872.53ms
step:1500/1555 val_step:33/320 val_loss:3.3052 chunk_loss:6984.8593 is_adam_step=True do_muon_ttt=False train_time:1308798ms step_avg:872.53ms
step:1500/1555 val_step:34/320 val_loss:3.3065 chunk_loss:6982.3168 is_adam_step=False do_muon_ttt=False train_time:1308798ms step_avg:872.53ms
step:1500/1555 val_step:35/320 val_loss:3.3061 chunk_loss:6837.6311 is_adam_step=True do_muon_ttt=False train_time:1308798ms step_avg:872.53ms
step:1500/1555 val_step:36/320 val_loss:3.3071 chunk_loss:7018.1605 is_adam_step=False do_muon_ttt=False train_time:1308798ms step_avg:872.53ms
step:1500/1555 val_step:37/320 val_loss:3.3097 chunk_loss:7048.1850 is_adam_step=True do_muon_ttt=False train_time:1308798ms step_avg:872.53ms
step:1500/1555 val_step:38/320 val_loss:3.3031 chunk_loss:6350.2361 is_adam_step=False do_muon_ttt=False train_time:1308798ms step_avg:872.53ms
step:1500/1555 val_step:39/320 val_loss:3.3071 chunk_loss:7278.5053 is_adam_step=True do_muon_ttt=False train_time:1308798ms step_avg:872.53ms
step:1500/1555 val_step:40/320 val_loss:3.3116 chunk_loss:7255.6026 is_adam_step=False do_muon_ttt=False train_time:1308798ms step_avg:872.53ms
step:1500/1555 val_step:41/320 val_loss:3.3188 chunk_loss:7536.4304 is_adam_step=True do_muon_ttt=False train_time:1308798ms step_avg:872.53ms
step:1500/1555 val_step:42/320 val_loss:3.3182 chunk_loss:6853.7616 is_adam_step=False do_muon_ttt=False train_time:1308798ms step_avg:872.53ms
step:1500/1555 val_step:43/320 val_loss:3.3200 chunk_loss:7050.4041 is_adam_step=True do_muon_ttt=False train_time:1308798ms step_avg:872.53ms
step:1500/1555 val_step:44/320 val_loss:3.3258 chunk_loss:7446.1967 is_adam_step=False do_muon_ttt=False train_time:1308798ms step_avg:872.53ms
step:1500/1555 val_step:45/320 val_loss:3.3260 chunk_loss:6913.8492 is_adam_step=True do_muon_ttt=False train_time:1308798ms step_avg:872.53ms
step:1500/1555 val_step:46/320 val_loss:3.3266 chunk_loss:6993.6753 is_adam_step=False do_muon_ttt=False train_time:1308798ms step_avg:872.53ms
step:1500/1555 val_step:47/320 val_loss:3.3268 chunk_loss:6959.3030 is_adam_step=True do_muon_ttt=False train_time:1308798ms step_avg:872.53ms
step:1500/1555 val_step:48/320 val_loss:3.3252 chunk_loss:6740.2819 is_adam_step=False do_muon_ttt=False train_time:1308798ms step_avg:872.53ms
step:1500/1555 val_step:49/320 val_loss:3.3233 chunk_loss:6715.0806 is_adam_step=True do_muon_ttt=False train_time:1308798ms step_avg:872.53ms
step:1500/1555 val_step:50/320 val_loss:3.3223 chunk_loss:6815.1701 is_adam_step=False do_muon_ttt=False train_time:1308798ms step_avg:872.53ms
step:1500/1555 val_step:51/320 val_loss:3.3205 chunk_loss:6731.6328 is_adam_step=True do_muon_ttt=False train_time:1308798ms step_avg:872.53ms
step:1500/1555 val_step:52/320 val_loss:3.3219 chunk_loss:7053.0266 is_adam_step=False do_muon_ttt=False train_time:1308798ms step_avg:872.53ms
step:1500/1555 val_step:53/320 val_loss:3.3217 chunk_loss:6875.8305 is_adam_step=True do_muon_ttt=False train_time:1308798ms step_avg:872.53ms
step:1500/1555 val_step:54/320 val_loss:3.3190 chunk_loss:6631.6294 is_adam_step=False do_muon_ttt=False train_time:1308798ms step_avg:872.53ms
step:1500/1555 val_step:55/320 val_loss:3.3186 chunk_loss:6876.5862 is_adam_step=True do_muon_ttt=False train_time:1308798ms step_avg:872.53ms
step:1500/1555 val_step:56/320 val_loss:3.3172 chunk_loss:6715.3293 is_adam_step=False do_muon_ttt=False train_time:1308798ms step_avg:872.53ms
step:1500/1555 val_step:57/320 val_loss:3.3162 chunk_loss:6871.6684 is_adam_step=True do_muon_ttt=False train_time:1308798ms step_avg:872.53ms
step:1500/1555 val_step:58/320 val_loss:3.3159 chunk_loss:6845.7839 is_adam_step=False do_muon_ttt=False train_time:1308798ms step_avg:872.53ms
step:1500/1555 val_step:59/320 val_loss:3.3175 chunk_loss:7066.1935 is_adam_step=True do_muon_ttt=False train_time:1308798ms step_avg:872.53ms
step:1500/1555 val_step:60/320 val_loss:3.3161 chunk_loss:6694.6717 is_adam_step=False do_muon_ttt=False train_time:1308798ms step_avg:872.53ms
step:1500/1555 val_step:61/320 val_loss:3.3158 chunk_loss:6856.3846 is_adam_step=True do_muon_ttt=False train_time:1308798ms step_avg:872.53ms
step:1500/1555 val_step:62/320 val_loss:3.3158 chunk_loss:6856.4376 is_adam_step=False do_muon_ttt=False train_time:1308798ms step_avg:872.53ms
step:1500/1555 val_step:63/320 val_loss:3.3159 chunk_loss:6920.5630 is_adam_step=True do_muon_ttt=False train_time:1308798ms step_avg:872.53ms
step:1500/1555 val_step:64/320 val_loss:3.3181 chunk_loss:7181.3603 is_adam_step=False do_muon_ttt=False train_time:1308798ms step_avg:872.53ms
step:1500/1555 val_step:65/320 val_loss:3.3196 chunk_loss:7120.5583 is_adam_step=True do_muon_ttt=False train_time:1308798ms step_avg:872.53ms
step:1500/1555 val_step:66/320 val_loss:3.3230 chunk_loss:7366.5559 is_adam_step=False do_muon_ttt=False train_time:1308798ms step_avg:872.53ms
step:1500/1555 val_step:67/320 val_loss:3.3235 chunk_loss:6993.7900 is_adam_step=True do_muon_ttt=False train_time:1308798ms step_avg:872.53ms
step:1500/1555 val_step:68/320 val_loss:3.3222 chunk_loss:6703.3421 is_adam_step=False do_muon_ttt=False train_time:1308798ms step_avg:872.53ms
step:1500/1555 val_step:69/320 val_loss:3.3227 chunk_loss:6955.1432 is_adam_step=True do_muon_ttt=False train_time:1308798ms step_avg:872.53ms
step:1500/1555 val_step:70/320 val_loss:3.3214 chunk_loss:6714.2747 is_adam_step=False do_muon_ttt=False train_time:1308798ms step_avg:872.53ms
step:1500/1555 val_step:71/320 val_loss:3.3190 chunk_loss:6522.6649 is_adam_step=True do_muon_ttt=False train_time:1308798ms step_avg:872.53ms
step:1500/1555 val_step:72/320 val_loss:3.3169 chunk_loss:6578.3684 is_adam_step=False do_muon_ttt=False train_time:1308798ms step_avg:872.53ms
step:1500/1555 val_step:73/320 val_loss:3.3171 chunk_loss:6972.3555 is_adam_step=True do_muon_ttt=False train_time:1308798ms step_avg:872.53ms
step:1500/1555 val_step:74/320 val_loss:3.3198 chunk_loss:7325.1689 is_adam_step=False do_muon_ttt=False train_time:1308798ms step_avg:872.53ms
step:1500/1555 val_step:75/320 val_loss:3.3200 chunk_loss:6925.6309 is_adam_step=True do_muon_ttt=False train_time:1308798ms step_avg:872.53ms
step:1500/1555 val_step:76/320 val_loss:3.3193 chunk_loss:6795.5145 is_adam_step=False do_muon_ttt=False train_time:1308798ms step_avg:872.53ms
step:1500/1555 val_step:77/320 val_loss:3.3209 chunk_loss:7165.5413 is_adam_step=True do_muon_ttt=False train_time:1308798ms step_avg:872.53ms
step:1500/1555 val_step:78/320 val_loss:3.3192 chunk_loss:6596.4533 is_adam_step=False do_muon_ttt=False train_time:1308798ms step_avg:872.53ms
step:1500/1555 val_step:79/320 val_loss:3.3171 chunk_loss:6569.8135 is_adam_step=True do_muon_ttt=False train_time:1308798ms step_avg:872.53ms
step:1500/1555 val_step:80/320 val_loss:3.3159 chunk_loss:6701.5854 is_adam_step=False do_muon_ttt=False train_time:1308798ms step_avg:872.53ms
step:1500/1555 val_step:81/320 val_loss:3.3138 chunk_loss:6546.2232 is_adam_step=True do_muon_ttt=False train_time:1308798ms step_avg:872.53ms
step:1500/1555 val_step:82/320 val_loss:3.3141 chunk_loss:6943.4305 is_adam_step=False do_muon_ttt=False train_time:1308798ms step_avg:872.53ms
step:1500/1555 val_step:83/320 val_loss:3.3115 chunk_loss:6439.2449 is_adam_step=True do_muon_ttt=False train_time:1308798ms step_avg:872.53ms
step:1500/1555 val_step:84/320 val_loss:3.3119 chunk_loss:6949.4484 is_adam_step=False do_muon_ttt=False train_time:1308798ms step_avg:872.53ms
step:1500/1555 val_step:85/320 val_loss:3.3116 chunk_loss:6813.7244 is_adam_step=True do_muon_ttt=False train_time:1308798ms step_avg:872.53ms
step:1500/1555 val_step:86/320 val_loss:3.3113 chunk_loss:6844.4095 is_adam_step=False do_muon_ttt=False train_time:1308798ms step_avg:872.53ms
step:1500/1555 val_step:87/320 val_loss:3.3110 chunk_loss:6800.9843 is_adam_step=True do_muon_ttt=False train_time:1308798ms step_avg:872.53ms
step:1500/1555 val_step:88/320 val_loss:3.3108 chunk_loss:6848.3968 is_adam_step=False do_muon_ttt=False train_time:1308798ms step_avg:872.53ms
step:1500/1555 val_step:89/320 val_loss:3.3116 chunk_loss:7005.3704 is_adam_step=True do_muon_ttt=False train_time:1308798ms step_avg:872.53ms
step:1500/1555 val_step:90/320 val_loss:3.3102 chunk_loss:6605.0002 is_adam_step=False do_muon_ttt=False train_time:1308798ms step_avg:872.53ms
step:1500/1555 val_step:91/320 val_loss:3.3091 chunk_loss:6690.8436 is_adam_step=True do_muon_ttt=False train_time:1308798ms step_avg:872.53ms
step:1500/1555 val_step:92/320 val_loss:3.3102 chunk_loss:7112.1137 is_adam_step=False do_muon_ttt=False train_time:1308798ms step_avg:872.53ms
step:1500/1555 val_step:93/320 val_loss:3.3109 chunk_loss:6984.1497 is_adam_step=True do_muon_ttt=False train_time:1308798ms step_avg:872.53ms
step:1500/1555 val_step:94/320 val_loss:3.3118 chunk_loss:7052.4492 is_adam_step=False do_muon_ttt=False train_time:1308798ms step_avg:872.53ms
step:1500/1555 val_step:95/320 val_loss:3.3121 chunk_loss:6919.5046 is_adam_step=True do_muon_ttt=False train_time:1308798ms step_avg:872.53ms
step:1500/1555 val_step:96/320 val_loss:3.3135 chunk_loss:7107.8585 is_adam_step=False do_muon_ttt=False train_time:1308798ms step_avg:872.53ms
step:1500/1555 val_step:97/320 val_loss:3.3172 chunk_loss:7636.9506 is_adam_step=True do_muon_ttt=False train_time:1308798ms step_avg:872.53ms
step:1500/1555 val_step:98/320 val_loss:3.3176 chunk_loss:6945.3443 is_adam_step=False do_muon_ttt=False train_time:1308798ms step_avg:872.53ms
step:1500/1555 val_step:99/320 val_loss:3.3177 chunk_loss:6898.6615 is_adam_step=True do_muon_ttt=False train_time:1308798ms step_avg:872.53ms
step:1500/1555 val_step:100/320 val_loss:3.3175 chunk_loss:6836.8983 is_adam_step=False do_muon_ttt=False train_time:1308798ms step_avg:872.53ms
step:1500/1555 val_step:101/320 val_loss:3.3168 chunk_loss:6725.8118 is_adam_step=True do_muon_ttt=False train_time:1308798ms step_avg:872.53ms
step:1500/1555 val_step:102/320 val_loss:3.3179 chunk_loss:7095.8896 is_adam_step=False do_muon_ttt=False train_time:1308798ms step_avg:872.53ms
step:1500/1555 val_step:103/320 val_loss:3.3199 chunk_loss:7329.4290 is_adam_step=True do_muon_ttt=False train_time:1308798ms step_avg:872.53ms
step:1500/1555 val_step:104/320 val_loss:3.3196 chunk_loss:6858.7926 is_adam_step=False do_muon_ttt=False train_time:1308798ms step_avg:872.53ms
step:1500/1555 val_step:105/320 val_loss:3.3193 chunk_loss:6826.2598 is_adam_step=True do_muon_ttt=False train_time:1308798ms step_avg:872.53ms
step:1500/1555 val_step:106/320 val_loss:3.3171 chunk_loss:6421.0056 is_adam_step=False do_muon_ttt=False train_time:1308798ms step_avg:872.53ms
step:1500/1555 val_step:107/320 val_loss:3.3167 chunk_loss:6753.2145 is_adam_step=True do_muon_ttt=False train_time:1308798ms step_avg:872.53ms
step:1500/1555 val_step:108/320 val_loss:3.3162 chunk_loss:6768.4220 is_adam_step=False do_muon_ttt=False train_time:1308798ms step_avg:872.53ms
step:1500/1555 val_step:109/320 val_loss:3.3159 chunk_loss:6874.2319 is_adam_step=True do_muon_ttt=False train_time:1308798ms step_avg:872.53ms
step:1500/1555 val_step:110/320 val_loss:3.3159 chunk_loss:6899.2885 is_adam_step=False do_muon_ttt=False train_time:1308798ms step_avg:872.53ms
step:1500/1555 val_step:111/320 val_loss:3.3171 chunk_loss:7169.5968 is_adam_step=True do_muon_ttt=False train_time:1308798ms step_avg:872.53ms
step:1500/1555 val_step:112/320 val_loss:3.3167 chunk_loss:6793.3084 is_adam_step=False do_muon_ttt=False train_time:1308798ms step_avg:872.53ms
step:1500/1555 val_step:113/320 val_loss:3.3153 chunk_loss:6550.2343 is_adam_step=True do_muon_ttt=False train_time:1308798ms step_avg:872.53ms
step:1500/1555 val_step:114/320 val_loss:3.3140 chunk_loss:6572.6519 is_adam_step=False do_muon_ttt=False train_time:1308798ms step_avg:872.53ms
step:1500/1555 val_step:115/320 val_loss:3.3128 chunk_loss:6612.4985 is_adam_step=True do_muon_ttt=False train_time:1308798ms step_avg:872.53ms
step:1500/1555 val_step:116/320 val_loss:3.3124 chunk_loss:6800.6657 is_adam_step=False do_muon_ttt=False train_time:1308798ms step_avg:872.53ms
step:1500/1555 val_step:117/320 val_loss:3.3129 chunk_loss:6999.7435 is_adam_step=True do_muon_ttt=False train_time:1308798ms step_avg:872.53ms
step:1500/1555 val_step:118/320 val_loss:3.3136 chunk_loss:7044.8271 is_adam_step=False do_muon_ttt=False train_time:1308798ms step_avg:872.53ms
step:1500/1555 val_step:119/320 val_loss:3.3130 chunk_loss:6735.7013 is_adam_step=True do_muon_ttt=False train_time:1308798ms step_avg:872.53ms
step:1500/1555 val_step:120/320 val_loss:3.3133 chunk_loss:6929.6799 is_adam_step=False do_muon_ttt=False train_time:1308798ms step_avg:872.53ms
step:1500/1555 val_step:121/320 val_loss:3.3127 chunk_loss:6698.4257 is_adam_step=True do_muon_ttt=False train_time:1308798ms step_avg:872.53ms
step:1500/1555 val_step:122/320 val_loss:3.3124 chunk_loss:6825.3335 is_adam_step=False do_muon_ttt=False train_time:1308798ms step_avg:872.53ms
step:1500/1555 val_step:123/320 val_loss:3.3115 chunk_loss:6667.8696 is_adam_step=True do_muon_ttt=False train_time:1308798ms step_avg:872.53ms
step:1500/1555 val_step:124/320 val_loss:3.3115 chunk_loss:6892.8763 is_adam_step=False do_muon_ttt=False train_time:1308798ms step_avg:872.53ms
step:1500/1555 val_step:125/320 val_loss:3.3119 chunk_loss:6990.0661 is_adam_step=True do_muon_ttt=False train_time:1308798ms step_avg:872.53ms
step:1500/1555 val_step:126/320 val_loss:3.3101 chunk_loss:6404.6814 is_adam_step=False do_muon_ttt=False train_time:1308798ms step_avg:872.53ms
step:1500/1555 val_step:127/320 val_loss:3.3103 chunk_loss:6930.4602 is_adam_step=True do_muon_ttt=False train_time:1308798ms step_avg:872.53ms
step:1500/1555 val_step:128/320 val_loss:3.3096 chunk_loss:6713.4016 is_adam_step=False do_muon_ttt=False train_time:1308798ms step_avg:872.53ms
step:1500/1555 val_step:129/320 val_loss:3.3083 chunk_loss:6561.9275 is_adam_step=True do_muon_ttt=False train_time:1308798ms step_avg:872.53ms
step:1500/1555 val_step:130/320 val_loss:3.3086 chunk_loss:6937.3332 is_adam_step=False do_muon_ttt=False train_time:1308798ms step_avg:872.53ms
step:1500/1555 val_step:131/320 val_loss:3.3083 chunk_loss:6811.1330 is_adam_step=True do_muon_ttt=False train_time:1308798ms step_avg:872.53ms
step:1500/1555 val_step:132/320 val_loss:3.3101 chunk_loss:7330.8385 is_adam_step=False do_muon_ttt=False train_time:1308798ms step_avg:872.53ms
step:1500/1555 val_step:133/320 val_loss:3.3114 chunk_loss:7215.6533 is_adam_step=True do_muon_ttt=False train_time:1308798ms step_avg:872.53ms
step:1500/1555 val_step:134/320 val_loss:3.3090 chunk_loss:6260.9606 is_adam_step=False do_muon_ttt=False train_time:1308798ms step_avg:872.53ms
step:1500/1555 val_step:135/320 val_loss:3.3082 chunk_loss:6693.7777 is_adam_step=True do_muon_ttt=False train_time:1308798ms step_avg:872.53ms
step:1500/1555 val_step:136/320 val_loss:3.3087 chunk_loss:6986.1607 is_adam_step=False do_muon_ttt=False train_time:1308798ms step_avg:872.53ms
step:1500/1555 val_step:137/320 val_loss:3.3092 chunk_loss:6995.2280 is_adam_step=True do_muon_ttt=False train_time:1308798ms step_avg:872.53ms
step:1500/1555 val_step:138/320 val_loss:3.3112 chunk_loss:7444.3569 is_adam_step=False do_muon_ttt=False train_time:1308798ms step_avg:872.53ms
step:1500/1555 val_step:139/320 val_loss:3.3116 chunk_loss:6971.5682 is_adam_step=True do_muon_ttt=False train_time:1308798ms step_avg:872.53ms
step:1500/1555 val_step:140/320 val_loss:3.3117 chunk_loss:6894.3336 is_adam_step=False do_muon_ttt=False train_time:1308798ms step_avg:872.53ms
step:1500/1555 val_step:141/320 val_loss:3.3116 chunk_loss:6848.3152 is_adam_step=True do_muon_ttt=False train_time:1308798ms step_avg:872.53ms
step:1500/1555 val_step:142/320 val_loss:3.3122 chunk_loss:7020.6748 is_adam_step=False do_muon_ttt=False train_time:1308798ms step_avg:872.53ms
step:1500/1555 val_step:143/320 val_loss:3.3135 chunk_loss:7287.1376 is_adam_step=True do_muon_ttt=False train_time:1308798ms step_avg:872.53ms
step:1500/1555 val_step:144/320 val_loss:3.3143 chunk_loss:7119.1580 is_adam_step=False do_muon_ttt=False train_time:1308798ms step_avg:872.53ms
step:1500/1555 val_step:145/320 val_loss:3.3138 chunk_loss:6748.5979 is_adam_step=True do_muon_ttt=False train_time:1308798ms step_avg:872.53ms
step:1500/1555 val_step:146/320 val_loss:3.3141 chunk_loss:6960.8190 is_adam_step=False do_muon_ttt=False train_time:1308798ms step_avg:872.53ms
step:1500/1555 val_step:147/320 val_loss:3.3148 chunk_loss:7062.3942 is_adam_step=True do_muon_ttt=False train_time:1308798ms step_avg:872.53ms
step:1500/1555 val_step:148/320 val_loss:3.3159 chunk_loss:7244.4976 is_adam_step=False do_muon_ttt=False train_time:1308798ms step_avg:872.53ms
step:1500/1555 val_step:149/320 val_loss:3.3151 chunk_loss:6636.1192 is_adam_step=True do_muon_ttt=False train_time:1308798ms step_avg:872.53ms
step:1500/1555 val_step:150/320 val_loss:3.3145 chunk_loss:6689.7753 is_adam_step=False do_muon_ttt=False train_time:1308798ms step_avg:872.53ms
step:1500/1555 val_step:151/320 val_loss:3.3148 chunk_loss:6953.2196 is_adam_step=True do_muon_ttt=False train_time:1308798ms step_avg:872.53ms
step:1500/1555 val_step:152/320 val_loss:3.3139 chunk_loss:6589.5087 is_adam_step=False do_muon_ttt=False train_time:1308798ms step_avg:872.53ms
step:1500/1555 val_step:153/320 val_loss:3.3132 chunk_loss:6664.7191 is_adam_step=True do_muon_ttt=False train_time:1308798ms step_avg:872.53ms
step:1500/1555 val_step:154/320 val_loss:3.3131 chunk_loss:6812.2766 is_adam_step=False do_muon_ttt=False train_time:1308798ms step_avg:872.53ms
step:1500/1555 val_step:155/320 val_loss:3.3133 chunk_loss:6937.5602 is_adam_step=True do_muon_ttt=False train_time:1308798ms step_avg:872.53ms
step:1500/1555 val_step:156/320 val_loss:3.3130 chunk_loss:6759.9297 is_adam_step=False do_muon_ttt=False train_time:1308798ms step_avg:872.53ms
step:1500/1555 val_step:157/320 val_loss:3.3131 chunk_loss:6939.1460 is_adam_step=True do_muon_ttt=False train_time:1308798ms step_avg:872.53ms
step:1500/1555 val_step:158/320 val_loss:3.3132 chunk_loss:6877.6931 is_adam_step=False do_muon_ttt=False train_time:1308798ms step_avg:872.53ms
step:1500/1555 val_step:159/320 val_loss:3.3131 chunk_loss:6845.5916 is_adam_step=True do_muon_ttt=False train_time:1308798ms step_avg:872.53ms
step:1500/1555 val_step:160/320 val_loss:3.3140 chunk_loss:7220.1469 is_adam_step=False do_muon_ttt=False train_time:1308798ms step_avg:872.53ms
step:1500/1555 val_step:161/320 val_loss:3.3139 chunk_loss:6833.5522 is_adam_step=True do_muon_ttt=False train_time:1308798ms step_avg:872.53ms
step:1500/1555 val_step:162/320 val_loss:3.3143 chunk_loss:7012.9117 is_adam_step=False do_muon_ttt=False train_time:1308798ms step_avg:872.53ms
step:1500/1555 val_step:163/320 val_loss:3.3135 chunk_loss:6619.4373 is_adam_step=True do_muon_ttt=False train_time:1308798ms step_avg:872.53ms
step:1500/1555 val_step:164/320 val_loss:3.3134 chunk_loss:6822.4562 is_adam_step=False do_muon_ttt=False train_time:1308798ms step_avg:872.53ms
step:1500/1555 val_step:165/320 val_loss:3.3166 chunk_loss:8028.2169 is_adam_step=True do_muon_ttt=False train_time:1308798ms step_avg:872.53ms
step:1500/1555 val_step:166/320 val_loss:3.3175 chunk_loss:7203.1665 is_adam_step=False do_muon_ttt=False train_time:1308798ms step_avg:872.53ms
step:1500/1555 val_step:167/320 val_loss:3.3178 chunk_loss:7066.3433 is_adam_step=True do_muon_ttt=False train_time:1308798ms step_avg:872.53ms
step:1500/1555 val_step:168/320 val_loss:3.3175 chunk_loss:6785.0936 is_adam_step=False do_muon_ttt=False train_time:1308798ms step_avg:872.53ms
step:1500/1555 val_step:169/320 val_loss:3.3175 chunk_loss:6917.0855 is_adam_step=True do_muon_ttt=False train_time:1308798ms step_avg:872.53ms
step:1500/1555 val_step:170/320 val_loss:3.3173 chunk_loss:6789.3415 is_adam_step=False do_muon_ttt=False train_time:1308798ms step_avg:872.53ms
step:1500/1555 val_step:171/320 val_loss:3.3162 chunk_loss:6448.5085 is_adam_step=True do_muon_ttt=False train_time:1308798ms step_avg:872.53ms
step:1500/1555 val_step:172/320 val_loss:3.3159 chunk_loss:6850.1393 is_adam_step=False do_muon_ttt=False train_time:1308798ms step_avg:872.53ms
step:1500/1555 val_step:173/320 val_loss:3.3155 chunk_loss:6725.8988 is_adam_step=True do_muon_ttt=False train_time:1308798ms step_avg:872.53ms
step:1500/1555 val_step:174/320 val_loss:3.3168 chunk_loss:7337.2891 is_adam_step=False do_muon_ttt=False train_time:1308798ms step_avg:872.53ms
step:1500/1555 val_step:175/320 val_loss:3.3166 chunk_loss:6844.5887 is_adam_step=True do_muon_ttt=False train_time:1308798ms step_avg:872.53ms
step:1500/1555 val_step:176/320 val_loss:3.3168 chunk_loss:6961.8709 is_adam_step=False do_muon_ttt=False train_time:1308798ms step_avg:872.53ms
step:1500/1555 val_step:177/320 val_loss:3.3156 chunk_loss:6439.3924 is_adam_step=True do_muon_ttt=False train_time:1308798ms step_avg:872.53ms
step:1500/1555 val_step:178/320 val_loss:3.3157 chunk_loss:6895.8776 is_adam_step=False do_muon_ttt=False train_time:1308798ms step_avg:872.53ms
step:1500/1555 val_step:179/320 val_loss:3.3157 chunk_loss:6891.0544 is_adam_step=True do_muon_ttt=False train_time:1308798ms step_avg:872.53ms
step:1500/1555 val_step:180/320 val_loss:3.3150 chunk_loss:6626.4510 is_adam_step=False do_muon_ttt=False train_time:1308798ms step_avg:872.53ms
step:1500/1555 val_step:181/320 val_loss:3.3155 chunk_loss:7081.2115 is_adam_step=True do_muon_ttt=False train_time:1308798ms step_avg:872.53ms
step:1500/1555 val_step:182/320 val_loss:3.3140 chunk_loss:6294.6049 is_adam_step=False do_muon_ttt=False train_time:1308798ms step_avg:872.53ms
step:1500/1555 val_step:183/320 val_loss:3.3148 chunk_loss:7285.6804 is_adam_step=True do_muon_ttt=False train_time:1308798ms step_avg:872.53ms
step:1500/1555 val_step:184/320 val_loss:3.3137 chunk_loss:6478.6158 is_adam_step=False do_muon_ttt=False train_time:1308798ms step_avg:872.53ms
step:1500/1555 val_step:185/320 val_loss:3.3116 chunk_loss:6089.2894 is_adam_step=True do_muon_ttt=False train_time:1308798ms step_avg:872.53ms
step:1500/1555 val_step:186/320 val_loss:3.3112 chunk_loss:6716.2870 is_adam_step=False do_muon_ttt=False train_time:1308798ms step_avg:872.53ms
step:1500/1555 val_step:187/320 val_loss:3.3105 chunk_loss:6638.3803 is_adam_step=True do_muon_ttt=False train_time:1308798ms step_avg:872.53ms
step:1500/1555 val_step:188/320 val_loss:3.3113 chunk_loss:7159.4000 is_adam_step=False do_muon_ttt=False train_time:1308798ms step_avg:872.53ms
step:1500/1555 val_step:189/320 val_loss:3.3099 chunk_loss:6361.9853 is_adam_step=True do_muon_ttt=False train_time:1308798ms step_avg:872.53ms
step:1500/1555 val_step:190/320 val_loss:3.3098 chunk_loss:6820.1681 is_adam_step=False do_muon_ttt=False train_time:1308798ms step_avg:872.53ms
step:1500/1555 val_step:191/320 val_loss:3.3094 chunk_loss:6690.5505 is_adam_step=True do_muon_ttt=False train_time:1308798ms step_avg:872.53ms
step:1500/1555 val_step:192/320 val_loss:3.3092 chunk_loss:6810.0084 is_adam_step=False do_muon_ttt=False train_time:1308798ms step_avg:872.53ms
step:1500/1555 val_step:193/320 val_loss:3.3094 chunk_loss:6960.5009 is_adam_step=True do_muon_ttt=False train_time:1308798ms step_avg:872.53ms
step:1500/1555 val_step:194/320 val_loss:3.3100 chunk_loss:7093.7451 is_adam_step=False do_muon_ttt=False train_time:1308798ms step_avg:872.53ms
step:1500/1555 val_step:195/320 val_loss:3.3091 chunk_loss:6518.3062 is_adam_step=True do_muon_ttt=False train_time:1308798ms step_avg:872.53ms
step:1500/1555 val_step:196/320 val_loss:3.3088 chunk_loss:6759.3515 is_adam_step=False do_muon_ttt=False train_time:1308798ms step_avg:872.53ms
step:1500/1555 val_step:197/320 val_loss:3.3089 chunk_loss:6961.7318 is_adam_step=True do_muon_ttt=False train_time:1308798ms step_avg:872.53ms
step:1500/1555 val_step:198/320 val_loss:3.3093 chunk_loss:7038.0443 is_adam_step=False do_muon_ttt=False train_time:1308798ms step_avg:872.53ms
step:1500/1555 val_step:199/320 val_loss:3.3087 chunk_loss:6601.4898 is_adam_step=True do_muon_ttt=False train_time:1308798ms step_avg:872.53ms
step:1500/1555 val_step:200/320 val_loss:3.3081 chunk_loss:6646.7853 is_adam_step=False do_muon_ttt=False train_time:1308798ms step_avg:872.53ms
step:1500/1555 val_step:201/320 val_loss:3.3062 chunk_loss:6173.2131 is_adam_step=True do_muon_ttt=False train_time:1308798ms step_avg:872.53ms
step:1500/1555 val_step:202/320 val_loss:3.3072 chunk_loss:7280.4971 is_adam_step=False do_muon_ttt=False train_time:1308798ms step_avg:872.53ms
step:1500/1555 val_step:203/320 val_loss:3.3062 chunk_loss:6496.5962 is_adam_step=True do_muon_ttt=False train_time:1308798ms step_avg:872.53ms
step:1500/1555 val_step:204/320 val_loss:3.3058 chunk_loss:6665.6536 is_adam_step=False do_muon_ttt=False train_time:1308798ms step_avg:872.53ms
step:1500/1555 val_step:205/320 val_loss:3.3062 chunk_loss:7008.5981 is_adam_step=True do_muon_ttt=False train_time:1308798ms step_avg:872.53ms
step:1500/1555 val_step:206/320 val_loss:3.3057 chunk_loss:6724.1031 is_adam_step=False do_muon_ttt=False train_time:1308798ms step_avg:872.53ms
step:1500/1555 val_step:207/320 val_loss:3.3058 chunk_loss:6878.0475 is_adam_step=True do_muon_ttt=False train_time:1308798ms step_avg:872.53ms
step:1500/1555 val_step:208/320 val_loss:3.3047 chunk_loss:6381.8647 is_adam_step=False do_muon_ttt=False train_time:1308798ms step_avg:872.53ms
step:1500/1555 val_step:209/320 val_loss:3.3051 chunk_loss:7021.9442 is_adam_step=True do_muon_ttt=False train_time:1308798ms step_avg:872.53ms
step:1500/1555 val_step:210/320 val_loss:3.3038 chunk_loss:6392.3660 is_adam_step=False do_muon_ttt=False train_time:1308798ms step_avg:872.53ms
step:1500/1555 val_step:211/320 val_loss:3.3032 chunk_loss:6569.4248 is_adam_step=True do_muon_ttt=False train_time:1308798ms step_avg:872.53ms
step:1500/1555 val_step:212/320 val_loss:3.3048 chunk_loss:7514.6832 is_adam_step=False do_muon_ttt=False train_time:1308798ms step_avg:872.53ms
step:1500/1555 val_step:213/320 val_loss:3.3046 chunk_loss:6773.8591 is_adam_step=True do_muon_ttt=False train_time:1308798ms step_avg:872.53ms
step:1500/1555 val_step:214/320 val_loss:3.3054 chunk_loss:7179.1154 is_adam_step=False do_muon_ttt=False train_time:1308798ms step_avg:872.53ms
step:1500/1555 val_step:215/320 val_loss:3.3043 chunk_loss:6423.0630 is_adam_step=True do_muon_ttt=False train_time:1308798ms step_avg:872.53ms
step:1500/1555 val_step:216/320 val_loss:3.3041 chunk_loss:6773.9056 is_adam_step=False do_muon_ttt=False train_time:1308798ms step_avg:872.53ms
step:1500/1555 val_step:217/320 val_loss:3.3048 chunk_loss:7138.5057 is_adam_step=True do_muon_ttt=False train_time:1308798ms step_avg:872.53ms
step:1500/1555 val_step:218/320 val_loss:3.3048 chunk_loss:6831.2018 is_adam_step=False do_muon_ttt=False train_time:1308798ms step_avg:872.53ms
step:1500/1555 val_step:219/320 val_loss:3.3051 chunk_loss:6992.3170 is_adam_step=True do_muon_ttt=False train_time:1308798ms step_avg:872.53ms
step:1500/1555 val_step:220/320 val_loss:3.3050 chunk_loss:6819.1237 is_adam_step=False do_muon_ttt=False train_time:1308798ms step_avg:872.53ms
step:1500/1555 val_step:221/320 val_loss:3.3049 chunk_loss:6805.0278 is_adam_step=True do_muon_ttt=False train_time:1308798ms step_avg:872.53ms
step:1500/1555 val_step:222/320 val_loss:3.3049 chunk_loss:6902.9505 is_adam_step=False do_muon_ttt=False train_time:1308798ms step_avg:872.53ms
step:1500/1555 val_step:223/320 val_loss:3.3048 chunk_loss:6811.3922 is_adam_step=True do_muon_ttt=False train_time:1308798ms step_avg:872.53ms
step:1500/1555 val_step:224/320 val_loss:3.3042 chunk_loss:6586.9447 is_adam_step=False do_muon_ttt=False train_time:1308798ms step_avg:872.53ms
step:1500/1555 val_step:225/320 val_loss:3.3034 chunk_loss:6549.2124 is_adam_step=True do_muon_ttt=False train_time:1308798ms step_avg:872.53ms
step:1500/1555 val_step:226/320 val_loss:3.3029 chunk_loss:6635.7811 is_adam_step=False do_muon_ttt=False train_time:1308798ms step_avg:872.53ms
step:1500/1555 val_step:227/320 val_loss:3.3032 chunk_loss:6977.7437 is_adam_step=True do_muon_ttt=False train_time:1308798ms step_avg:872.53ms
step:1500/1555 val_step:228/320 val_loss:3.3033 chunk_loss:6938.7794 is_adam_step=False do_muon_ttt=False train_time:1308798ms step_avg:872.53ms
step:1500/1555 val_step:229/320 val_loss:3.3038 chunk_loss:7099.1890 is_adam_step=True do_muon_ttt=False train_time:1308798ms step_avg:872.53ms
step:1500/1555 val_step:230/320 val_loss:3.3039 chunk_loss:6947.9957 is_adam_step=False do_muon_ttt=False train_time:1308798ms step_avg:872.53ms
step:1500/1555 val_step:231/320 val_loss:3.3035 chunk_loss:6625.5610 is_adam_step=True do_muon_ttt=False train_time:1308798ms step_avg:872.53ms
step:1500/1555 val_step:232/320 val_loss:3.3038 chunk_loss:7019.0508 is_adam_step=False do_muon_ttt=False train_time:1308798ms step_avg:872.53ms
step:1500/1555 val_step:233/320 val_loss:3.3044 chunk_loss:7144.1802 is_adam_step=True do_muon_ttt=False train_time:1308798ms step_avg:872.53ms
step:1500/1555 val_step:234/320 val_loss:3.3041 chunk_loss:6745.8890 is_adam_step=False do_muon_ttt=False train_time:1308798ms step_avg:872.53ms
step:1500/1555 val_step:235/320 val_loss:3.3040 chunk_loss:6838.8164 is_adam_step=True do_muon_ttt=False train_time:1308798ms step_avg:872.53ms
step:1500/1555 val_step:236/320 val_loss:3.3040 chunk_loss:6916.6615 is_adam_step=False do_muon_ttt=False train_time:1308798ms step_avg:872.53ms
step:1500/1555 val_step:237/320 val_loss:3.3038 chunk_loss:6766.5329 is_adam_step=True do_muon_ttt=False train_time:1308798ms step_avg:872.53ms
step:1500/1555 val_step:238/320 val_loss:3.3036 chunk_loss:6752.7780 is_adam_step=False do_muon_ttt=False train_time:1308798ms step_avg:872.53ms
step:1500/1555 val_step:239/320 val_loss:3.3033 chunk_loss:6680.6012 is_adam_step=True do_muon_ttt=False train_time:1308798ms step_avg:872.53ms
step:1500/1555 val_step:240/320 val_loss:3.3030 chunk_loss:6730.8719 is_adam_step=False do_muon_ttt=False train_time:1308798ms step_avg:872.53ms
step:1500/1555 val_step:241/320 val_loss:3.3031 chunk_loss:6896.3309 is_adam_step=True do_muon_ttt=False train_time:1308798ms step_avg:872.53ms
step:1500/1555 val_step:242/320 val_loss:3.3041 chunk_loss:7389.6870 is_adam_step=False do_muon_ttt=False train_time:1308798ms step_avg:872.53ms
step:1500/1555 val_step:243/320 val_loss:3.3039 chunk_loss:6733.5440 is_adam_step=True do_muon_ttt=False train_time:1308798ms step_avg:872.53ms
step:1500/1555 val_step:244/320 val_loss:3.3042 chunk_loss:7037.6501 is_adam_step=False do_muon_ttt=False train_time:1308798ms step_avg:872.53ms
step:1500/1555 val_step:245/320 val_loss:3.3044 chunk_loss:6963.9727 is_adam_step=True do_muon_ttt=False train_time:1308798ms step_avg:872.53ms
step:1500/1555 val_step:246/320 val_loss:3.3047 chunk_loss:6978.9291 is_adam_step=False do_muon_ttt=False train_time:1308798ms step_avg:872.53ms
step:1500/1555 val_step:247/320 val_loss:3.3047 chunk_loss:6851.3137 is_adam_step=True do_muon_ttt=False train_time:1308798ms step_avg:872.53ms
step:1500/1555 val_step:248/320 val_loss:3.3045 chunk_loss:6744.3643 is_adam_step=False do_muon_ttt=False train_time:1308798ms step_avg:872.53ms
step:1500/1555 val_step:249/320 val_loss:3.3057 chunk_loss:7493.5029 is_adam_step=True do_muon_ttt=False train_time:1308798ms step_avg:872.53ms
step:1500/1555 val_step:250/320 val_loss:3.3057 chunk_loss:6835.1646 is_adam_step=False do_muon_ttt=False train_time:1308798ms step_avg:872.53ms
step:1500/1555 val_step:251/320 val_loss:3.3058 chunk_loss:6883.0811 is_adam_step=True do_muon_ttt=False train_time:1308798ms step_avg:872.53ms
step:1500/1555 val_step:252/320 val_loss:3.3062 chunk_loss:7041.5342 is_adam_step=False do_muon_ttt=False train_time:1308798ms step_avg:872.53ms
step:1500/1555 val_step:253/320 val_loss:3.3059 chunk_loss:6727.8437 is_adam_step=True do_muon_ttt=False train_time:1308798ms step_avg:872.53ms
step:1500/1555 val_step:254/320 val_loss:3.3062 chunk_loss:7019.5630 is_adam_step=False do_muon_ttt=False train_time:1308798ms step_avg:872.53ms
step:1500/1555 val_step:255/320 val_loss:3.3064 chunk_loss:6957.8512 is_adam_step=True do_muon_ttt=False train_time:1308798ms step_avg:872.53ms
step:1500/1555 val_step:256/320 val_loss:3.3064 chunk_loss:6833.7318 is_adam_step=False do_muon_ttt=False train_time:1308798ms step_avg:872.53ms
step:1500/1555 val_step:257/320 val_loss:3.3074 chunk_loss:7417.2412 is_adam_step=True do_muon_ttt=False train_time:1308798ms step_avg:872.53ms
step:1500/1555 val_step:258/320 val_loss:3.3068 chunk_loss:6517.0224 is_adam_step=False do_muon_ttt=False train_time:1308798ms step_avg:872.53ms
step:1500/1555 val_step:259/320 val_loss:3.3069 chunk_loss:6928.6328 is_adam_step=True do_muon_ttt=False train_time:1308798ms step_avg:872.53ms
step:1500/1555 val_step:260/320 val_loss:3.3067 chunk_loss:6736.9818 is_adam_step=False do_muon_ttt=False train_time:1308798ms step_avg:872.53ms
step:1500/1555 val_step:261/320 val_loss:3.3067 chunk_loss:6890.7588 is_adam_step=True do_muon_ttt=False train_time:1308798ms step_avg:872.53ms
step:1500/1555 val_step:262/320 val_loss:3.3069 chunk_loss:6944.1697 is_adam_step=False do_muon_ttt=False train_time:1308798ms step_avg:872.53ms
step:1500/1555 val_step:263/320 val_loss:3.3065 chunk_loss:6683.2093 is_adam_step=True do_muon_ttt=False train_time:1308798ms step_avg:872.53ms
step:1500/1555 val_step:264/320 val_loss:3.3067 chunk_loss:6954.7284 is_adam_step=False do_muon_ttt=False train_time:1308798ms step_avg:872.53ms
step:1500/1555 val_step:265/320 val_loss:3.3062 chunk_loss:6622.9571 is_adam_step=True do_muon_ttt=False train_time:1308798ms step_avg:872.53ms
step:1500/1555 val_step:266/320 val_loss:3.3064 chunk_loss:6998.9085 is_adam_step=False do_muon_ttt=False train_time:1308798ms step_avg:872.53ms
step:1500/1555 val_step:267/320 val_loss:3.3058 chunk_loss:6509.3888 is_adam_step=True do_muon_ttt=False train_time:1308798ms step_avg:872.53ms
step:1500/1555 val_step:268/320 val_loss:3.3053 chunk_loss:6596.7237 is_adam_step=False do_muon_ttt=False train_time:1308798ms step_avg:872.53ms
step:1500/1555 val_step:269/320 val_loss:3.3050 chunk_loss:6720.6411 is_adam_step=True do_muon_ttt=False train_time:1308798ms step_avg:872.53ms
step:1500/1555 val_step:270/320 val_loss:3.3046 chunk_loss:6627.7133 is_adam_step=False do_muon_ttt=False train_time:1308798ms step_avg:872.53ms
step:1500/1555 val_step:271/320 val_loss:3.3039 chunk_loss:6425.6175 is_adam_step=True do_muon_ttt=False train_time:1308798ms step_avg:872.53ms
step:1500/1555 val_step:272/320 val_loss:3.3031 chunk_loss:6438.7769 is_adam_step=False do_muon_ttt=False train_time:1308798ms step_avg:872.53ms
step:1500/1555 val_step:273/320 val_loss:3.3031 chunk_loss:6894.5606 is_adam_step=True do_muon_ttt=False train_time:1308798ms step_avg:872.53ms
step:1500/1555 val_step:274/320 val_loss:3.3031 chunk_loss:6874.7769 is_adam_step=False do_muon_ttt=False train_time:1308798ms step_avg:872.53ms
step:1500/1555 val_step:275/320 val_loss:3.3036 chunk_loss:7154.5413 is_adam_step=True do_muon_ttt=False train_time:1308798ms step_avg:872.53ms
step:1500/1555 val_step:276/320 val_loss:3.3030 chunk_loss:6533.6924 is_adam_step=False do_muon_ttt=False train_time:1308798ms step_avg:872.53ms
step:1500/1555 val_step:277/320 val_loss:3.3022 chunk_loss:6408.9438 is_adam_step=True do_muon_ttt=False train_time:1308798ms step_avg:872.53ms
step:1500/1555 val_step:278/320 val_loss:3.3021 chunk_loss:6759.2541 is_adam_step=False do_muon_ttt=False train_time:1308798ms step_avg:872.53ms
step:1500/1555 val_step:279/320 val_loss:3.3025 chunk_loss:7087.9756 is_adam_step=True do_muon_ttt=False train_time:1308798ms step_avg:872.53ms
step:1500/1555 val_step:280/320 val_loss:3.3025 chunk_loss:6848.8493 is_adam_step=False do_muon_ttt=False train_time:1308798ms step_avg:872.53ms
step:1500/1555 val_step:281/320 val_loss:3.3022 chunk_loss:6651.9834 is_adam_step=True do_muon_ttt=False train_time:1308798ms step_avg:872.53ms
step:1500/1555 val_step:282/320 val_loss:3.3020 chunk_loss:6752.2528 is_adam_step=False do_muon_ttt=False train_time:1308798ms step_avg:872.53ms
step:1500/1555 val_step:283/320 val_loss:3.3017 chunk_loss:6707.1681 is_adam_step=True do_muon_ttt=False train_time:1308798ms step_avg:872.53ms
step:1500/1555 val_step:284/320 val_loss:3.3021 chunk_loss:7080.0116 is_adam_step=False do_muon_ttt=False train_time:1308798ms step_avg:872.53ms
step:1500/1555 val_step:285/320 val_loss:3.3014 chunk_loss:6477.9600 is_adam_step=True do_muon_ttt=False train_time:1308798ms step_avg:872.53ms
step:1500/1555 val_step:286/320 val_loss:3.3011 chunk_loss:6643.4412 is_adam_step=False do_muon_ttt=False train_time:1308798ms step_avg:872.53ms
step:1500/1555 val_step:287/320 val_loss:3.3014 chunk_loss:7038.2859 is_adam_step=True do_muon_ttt=False train_time:1308798ms step_avg:872.53ms
step:1500/1555 val_step:288/320 val_loss:3.3012 chunk_loss:6720.9822 is_adam_step=False do_muon_ttt=False train_time:1308798ms step_avg:872.53ms
step:1500/1555 val_step:289/320 val_loss:3.3016 chunk_loss:7090.2866 is_adam_step=True do_muon_ttt=False train_time:1308798ms step_avg:872.53ms
step:1500/1555 val_step:290/320 val_loss:3.3020 chunk_loss:7104.3450 is_adam_step=False do_muon_ttt=False train_time:1308798ms step_avg:872.53ms
step:1500/1555 val_step:291/320 val_loss:3.3019 chunk_loss:6799.3153 is_adam_step=True do_muon_ttt=False train_time:1308798ms step_avg:872.53ms
step:1500/1555 val_step:292/320 val_loss:3.3014 chunk_loss:6523.3141 is_adam_step=False do_muon_ttt=False train_time:1308798ms step_avg:872.53ms
step:1500/1555 val_step:293/320 val_loss:3.3012 chunk_loss:6719.6572 is_adam_step=True do_muon_ttt=False train_time:1308798ms step_avg:872.53ms
step:1500/1555 val_step:294/320 val_loss:3.3014 chunk_loss:6935.5160 is_adam_step=False do_muon_ttt=False train_time:1308798ms step_avg:872.53ms
step:1500/1555 val_step:295/320 val_loss:3.3016 chunk_loss:6960.1809 is_adam_step=True do_muon_ttt=False train_time:1308798ms step_avg:872.53ms
step:1500/1555 val_step:296/320 val_loss:3.3017 chunk_loss:6883.4154 is_adam_step=False do_muon_ttt=False train_time:1308798ms step_avg:872.53ms
step:1500/1555 val_step:297/320 val_loss:3.3010 chunk_loss:6428.0832 is_adam_step=True do_muon_ttt=False train_time:1308798ms step_avg:872.53ms
step:1500/1555 val_step:298/320 val_loss:3.3006 chunk_loss:6620.6658 is_adam_step=False do_muon_ttt=False train_time:1308798ms step_avg:872.53ms
step:1500/1555 val_step:299/320 val_loss:3.3004 chunk_loss:6715.3767 is_adam_step=True do_muon_ttt=False train_time:1308798ms step_avg:872.53ms
step:1500/1555 val_step:300/320 val_loss:3.3001 chunk_loss:6638.9518 is_adam_step=False do_muon_ttt=False train_time:1308798ms step_avg:872.53ms
step:1500/1555 val_step:301/320 val_loss:3.2998 chunk_loss:6630.1704 is_adam_step=True do_muon_ttt=False train_time:1308798ms step_avg:872.53ms
step:1500/1555 val_step:302/320 val_loss:3.2996 chunk_loss:6735.0653 is_adam_step=False do_muon_ttt=False train_time:1308798ms step_avg:872.53ms
step:1500/1555 val_step:303/320 val_loss:3.3000 chunk_loss:7094.8360 is_adam_step=True do_muon_ttt=False train_time:1308798ms step_avg:872.53ms
step:1500/1555 val_step:304/320 val_loss:3.2990 chunk_loss:6272.2287 is_adam_step=False do_muon_ttt=False train_time:1308798ms step_avg:872.53ms
step:1500/1555 val_step:305/320 val_loss:3.2988 chunk_loss:6722.6377 is_adam_step=True do_muon_ttt=False train_time:1308798ms step_avg:872.53ms
step:1500/1555 val_step:306/320 val_loss:3.2988 chunk_loss:6800.5995 is_adam_step=False do_muon_ttt=False train_time:1308798ms step_avg:872.53ms
step:1500/1555 val_step:307/320 val_loss:3.2987 chunk_loss:6766.6676 is_adam_step=True do_muon_ttt=False train_time:1308798ms step_avg:872.53ms
step:1500/1555 val_step:308/320 val_loss:3.2987 chunk_loss:6856.6878 is_adam_step=False do_muon_ttt=False train_time:1308798ms step_avg:872.53ms
step:1500/1555 val_step:309/320 val_loss:3.2987 chunk_loss:6856.8008 is_adam_step=True do_muon_ttt=False train_time:1308798ms step_avg:872.53ms
step:1500/1555 val_step:310/320 val_loss:3.2983 chunk_loss:6559.2936 is_adam_step=False do_muon_ttt=False train_time:1308798ms step_avg:872.53ms
step:1500/1555 val_step:311/320 val_loss:3.2986 chunk_loss:7058.6852 is_adam_step=True do_muon_ttt=False train_time:1308798ms step_avg:872.53ms
step:1500/1555 val_step:312/320 val_loss:3.2987 chunk_loss:6887.3857 is_adam_step=False do_muon_ttt=False train_time:1308798ms step_avg:872.53ms
step:1500/1555 val_step:313/320 val_loss:3.2988 chunk_loss:6934.1960 is_adam_step=True do_muon_ttt=False train_time:1308798ms step_avg:872.53ms
step:1500/1555 val_step:314/320 val_loss:3.2991 chunk_loss:7027.8987 is_adam_step=False do_muon_ttt=False train_time:1308798ms step_avg:872.53ms
step:1500/1555 val_step:315/320 val_loss:3.2993 chunk_loss:6957.5744 is_adam_step=True do_muon_ttt=False train_time:1308798ms step_avg:872.53ms
step:1500/1555 val_step:316/320 val_loss:3.2991 chunk_loss:6704.0363 is_adam_step=False do_muon_ttt=False train_time:1308798ms step_avg:872.53ms
step:1500/1555 val_step:317/320 val_loss:3.2990 chunk_loss:6772.8231 is_adam_step=True do_muon_ttt=False train_time:1308798ms step_avg:872.53ms
step:1500/1555 val_step:318/320 val_loss:3.2993 chunk_loss:6998.6937 is_adam_step=False do_muon_ttt=False train_time:1308798ms step_avg:872.53ms
step:1500/1555 val_step:319/320 val_loss:3.2991 chunk_loss:6727.7585 is_adam_step=True do_muon_ttt=False train_time:1308798ms step_avg:872.53ms
step:1500/1555 val_loss:3.2991 train_time:1308798ms step_avg:872.53ms
step:1501/1555 loss.item()=167462.1875 train_time:1309903ms step_avg:872.69ms
step:1502/1555 loss.item()=167065.609375 train_time:1311025ms step_avg:872.85ms
step:1503/1555 loss.item()=159013.546875 train_time:1312137ms step_avg:873.01ms
step:1504/1555 loss.item()=157841.21875 train_time:1313253ms step_avg:873.17ms
step:1505/1555 loss.item()=157202.078125 train_time:1314363ms step_avg:873.33ms
step:1506/1555 loss.item()=168531.84375 train_time:1315482ms step_avg:873.49ms
step:1507/1555 loss.item()=167037.65625 train_time:1316598ms step_avg:873.65ms
step:1508/1555 loss.item()=170880.40625 train_time:1317920ms step_avg:873.95ms
step:1509/1555 loss.item()=165141.46875 train_time:1319036ms step_avg:874.11ms
step:1510/1555 loss.item()=162715.453125 train_time:1320147ms step_avg:874.27ms
step:1511/1555 loss.item()=168158.875 train_time:1321260ms step_avg:874.43ms
step:1512/1555 loss.item()=164130.375 train_time:1322382ms step_avg:874.59ms
step:1513/1555 loss.item()=163921.234375 train_time:1323498ms step_avg:874.75ms
step:1514/1555 loss.item()=156653.15625 train_time:1324614ms step_avg:874.91ms
step:1515/1555 loss.item()=159003.5625 train_time:1325726ms step_avg:875.07ms
step:1516/1555 loss.item()=163791.59375 train_time:1358012ms step_avg:895.79ms
step:1517/1555 loss.item()=162948.796875 train_time:1359124ms step_avg:895.93ms
step:1518/1555 loss.item()=162373.90625 train_time:1360314ms step_avg:896.12ms
step:1519/1555 loss.item()=159681.9375 train_time:1361440ms step_avg:896.27ms
step:1520/1555 loss.item()=164519.25 train_time:1362575ms step_avg:896.43ms
step:1521/1555 loss.item()=157715.96875 train_time:1363727ms step_avg:896.60ms
step:1522/1555 loss.item()=160145.796875 train_time:1364849ms step_avg:896.75ms
step:1523/1555 loss.item()=166482.578125 train_time:1365966ms step_avg:896.89ms
step:1524/1555 loss.item()=157153.0 train_time:1367085ms step_avg:897.04ms
step:1525/1555 loss.item()=162882.46875 train_time:1368206ms step_avg:897.18ms
step:1526/1555 loss.item()=157089.71875 train_time:1369331ms step_avg:897.33ms
step:1527/1555 loss.item()=164522.46875 train_time:1370456ms step_avg:897.48ms
step:1528/1555 loss.item()=167556.125 train_time:1371586ms step_avg:897.63ms
step:1529/1555 loss.item()=165625.890625 train_time:1372704ms step_avg:897.78ms
step:1530/1555 loss.item()=159410.84375 train_time:1373826ms step_avg:897.93ms
step:1531/1555 loss.item()=168832.296875 train_time:1374944ms step_avg:898.07ms
step:1532/1555 loss.item()=172298.78125 train_time:1376070ms step_avg:898.22ms
step:1533/1555 loss.item()=156429.578125 train_time:1377186ms step_avg:898.36ms
step:1534/1555 loss.item()=159137.59375 train_time:1378306ms step_avg:898.50ms
step:1535/1555 loss.item()=158611.8125 train_time:1379424ms step_avg:898.65ms
step:1536/1555 loss.item()=162469.78125 train_time:1380549ms step_avg:898.79ms
step:1537/1555 loss.item()=163358.703125 train_time:1381680ms step_avg:898.95ms
step:1538/1555 loss.item()=157097.875 train_time:1382805ms step_avg:899.09ms
step:1539/1555 loss.item()=161128.53125 train_time:1383925ms step_avg:899.24ms
step:1540/1555 loss.item()=169013.421875 train_time:1385045ms step_avg:899.38ms
step:1541/1555 loss.item()=170344.3125 train_time:1386163ms step_avg:899.52ms
step:1542/1555 loss.item()=160758.484375 train_time:1387290ms step_avg:899.67ms
step:1543/1555 loss.item()=160510.578125 train_time:1388416ms step_avg:899.82ms
step:1544/1555 loss.item()=161837.078125 train_time:1389547ms step_avg:899.97ms
step:1545/1555 loss.item()=158091.78125 train_time:1390665ms step_avg:900.11ms
step:1546/1555 loss.item()=166244.578125 train_time:1391791ms step_avg:900.25ms
step:1547/1555 loss.item()=166551.828125 train_time:1392929ms step_avg:900.41ms
step:1548/1555 loss.item()=164150.390625 train_time:1394051ms step_avg:900.55ms
step:1549/1555 loss.item()=158008.0625 train_time:1395180ms step_avg:900.70ms
step:1550/1555 loss.item()=161914.65625 train_time:1396310ms step_avg:900.85ms
step:1551/1555 loss.item()=164735.625 train_time:1397441ms step_avg:900.99ms
step:1552/1555 loss.item()=162662.328125 train_time:1398568ms step_avg:901.14ms
step:1553/1555 loss.item()=159257.5 train_time:1399694ms step_avg:901.28ms
step:1554/1555 loss.item()=162780.09375 train_time:1400828ms step_avg:901.43ms
step:1555/1555 loss.item()=166208.0 train_time:1401953ms step_avg:901.58ms
step:1555/1555 starting test-time training...
step:1555/1555 val_step:0/320 val_loss:3.2040 chunk_loss:6716.0364 is_adam_step=True do_muon_ttt=False train_time:1401954ms step_avg:901.58ms
step:1555/1555 val_step:1/320 val_loss:3.2426 chunk_loss:6870.1969 is_adam_step=False do_muon_ttt=False train_time:1401954ms step_avg:901.58ms
step:1555/1555 val_step:2/320 val_loss:3.2859 chunk_loss:7047.8745 is_adam_step=True do_muon_ttt=False train_time:1401954ms step_avg:901.58ms
step:1555/1555 val_step:3/320 val_loss:3.2584 chunk_loss:6657.9962 is_adam_step=False do_muon_ttt=False train_time:1401954ms step_avg:901.58ms
step:1555/1555 val_step:4/320 val_loss:3.2797 chunk_loss:7033.0929 is_adam_step=True do_muon_ttt=False train_time:1401954ms step_avg:901.58ms
step:1555/1555 val_step:5/320 val_loss:3.2740 chunk_loss:6772.0948 is_adam_step=False do_muon_ttt=False train_time:1401954ms step_avg:901.58ms
step:1555/1555 val_step:6/320 val_loss:3.2068 chunk_loss:6045.5590 is_adam_step=True do_muon_ttt=False train_time:1401954ms step_avg:901.58ms
step:1555/1555 val_step:7/320 val_loss:3.2368 chunk_loss:7198.3121 is_adam_step=False do_muon_ttt=False train_time:1401954ms step_avg:901.58ms
step:1555/1555 val_step:8/320 val_loss:3.2465 chunk_loss:6962.1498 is_adam_step=True do_muon_ttt=False train_time:1401954ms step_avg:901.58ms
step:1555/1555 val_step:9/320 val_loss:3.2656 chunk_loss:7206.5857 is_adam_step=False do_muon_ttt=False train_time:1401954ms step_avg:901.58ms
step:1555/1555 val_step:10/320 val_loss:3.2698 chunk_loss:6951.6659 is_adam_step=True do_muon_ttt=False train_time:1401954ms step_avg:901.58ms
step:1555/1555 val_step:11/320 val_loss:3.2540 chunk_loss:6464.4091 is_adam_step=False do_muon_ttt=False train_time:1401954ms step_avg:901.58ms
step:1555/1555 val_step:12/320 val_loss:3.2625 chunk_loss:7012.7020 is_adam_step=True do_muon_ttt=False train_time:1401954ms step_avg:901.58ms
step:1555/1555 val_step:13/320 val_loss:3.2633 chunk_loss:6809.4870 is_adam_step=False do_muon_ttt=False train_time:1401954ms step_avg:901.58ms
step:1555/1555 val_step:14/320 val_loss:3.2627 chunk_loss:6813.9343 is_adam_step=True do_muon_ttt=False train_time:1401954ms step_avg:901.58ms
step:1555/1555 val_step:15/320 val_loss:3.2646 chunk_loss:6880.0758 is_adam_step=False do_muon_ttt=False train_time:1401954ms step_avg:901.58ms
step:1555/1555 val_step:16/320 val_loss:3.2560 chunk_loss:6501.7353 is_adam_step=True do_muon_ttt=False train_time:1401954ms step_avg:901.58ms
step:1555/1555 val_step:17/320 val_loss:3.2746 chunk_loss:7487.5794 is_adam_step=False do_muon_ttt=False train_time:1401954ms step_avg:901.58ms
step:1555/1555 val_step:18/320 val_loss:3.2677 chunk_loss:6557.8178 is_adam_step=True do_muon_ttt=False train_time:1401954ms step_avg:901.58ms
step:1555/1555 val_step:19/320 val_loss:3.2704 chunk_loss:6911.2734 is_adam_step=False do_muon_ttt=False train_time:1401954ms step_avg:901.58ms
step:1555/1555 val_step:20/320 val_loss:3.2714 chunk_loss:6868.4995 is_adam_step=True do_muon_ttt=False train_time:1401954ms step_avg:901.58ms
step:1555/1555 val_step:21/320 val_loss:3.2806 chunk_loss:7272.7190 is_adam_step=False do_muon_ttt=False train_time:1401954ms step_avg:901.58ms
step:1555/1555 val_step:22/320 val_loss:3.2795 chunk_loss:6803.0714 is_adam_step=True do_muon_ttt=False train_time:1401954ms step_avg:901.58ms
step:1555/1555 val_step:23/320 val_loss:3.2869 chunk_loss:7185.4655 is_adam_step=False do_muon_ttt=False train_time:1401954ms step_avg:901.58ms
step:1555/1555 val_step:24/320 val_loss:3.2886 chunk_loss:6905.0352 is_adam_step=True do_muon_ttt=False train_time:1401954ms step_avg:901.58ms
step:1555/1555 val_step:25/320 val_loss:3.2850 chunk_loss:6653.3856 is_adam_step=False do_muon_ttt=False train_time:1401954ms step_avg:901.58ms
step:1555/1555 val_step:26/320 val_loss:3.2976 chunk_loss:7633.9256 is_adam_step=True do_muon_ttt=False train_time:1401954ms step_avg:901.58ms
step:1555/1555 val_step:27/320 val_loss:3.3071 chunk_loss:7440.9415 is_adam_step=False do_muon_ttt=False train_time:1401954ms step_avg:901.58ms
step:1555/1555 val_step:28/320 val_loss:3.3026 chunk_loss:6644.9585 is_adam_step=True do_muon_ttt=False train_time:1401954ms step_avg:901.58ms
step:1555/1555 val_step:29/320 val_loss:3.2934 chunk_loss:6314.6559 is_adam_step=False do_muon_ttt=False train_time:1401954ms step_avg:901.58ms
step:1555/1555 val_step:30/320 val_loss:3.2922 chunk_loss:6828.3521 is_adam_step=True do_muon_ttt=False train_time:1401954ms step_avg:901.58ms
step:1555/1555 val_step:31/320 val_loss:3.2912 chunk_loss:6762.0800 is_adam_step=False do_muon_ttt=False train_time:1401954ms step_avg:901.58ms
step:1555/1555 val_step:32/320 val_loss:3.2880 chunk_loss:6649.7515 is_adam_step=True do_muon_ttt=False train_time:1401954ms step_avg:901.58ms
step:1555/1555 val_step:33/320 val_loss:3.2893 chunk_loss:6949.7785 is_adam_step=False do_muon_ttt=False train_time:1401954ms step_avg:901.58ms
step:1555/1555 val_step:34/320 val_loss:3.2906 chunk_loss:6951.9468 is_adam_step=True do_muon_ttt=False train_time:1401954ms step_avg:901.58ms
step:1555/1555 val_step:35/320 val_loss:3.2902 chunk_loss:6799.5262 is_adam_step=False do_muon_ttt=False train_time:1401954ms step_avg:901.58ms
step:1555/1555 val_step:36/320 val_loss:3.2907 chunk_loss:6970.9569 is_adam_step=True do_muon_ttt=False train_time:1401954ms step_avg:901.58ms
step:1555/1555 val_step:37/320 val_loss:3.2933 chunk_loss:7009.0901 is_adam_step=False do_muon_ttt=False train_time:1401954ms step_avg:901.58ms
step:1555/1555 val_step:38/320 val_loss:3.2866 chunk_loss:6314.1413 is_adam_step=True do_muon_ttt=False train_time:1401954ms step_avg:901.58ms
step:1555/1555 val_step:39/320 val_loss:3.2901 chunk_loss:7233.3724 is_adam_step=False do_muon_ttt=False train_time:1401954ms step_avg:901.58ms
step:1555/1555 val_step:40/320 val_loss:3.2948 chunk_loss:7217.7335 is_adam_step=True do_muon_ttt=False train_time:1401954ms step_avg:901.58ms
step:1555/1555 val_step:41/320 val_loss:3.3019 chunk_loss:7497.4575 is_adam_step=False do_muon_ttt=False train_time:1401954ms step_avg:901.58ms
step:1555/1555 val_step:42/320 val_loss:3.3012 chunk_loss:6817.9566 is_adam_step=True do_muon_ttt=False train_time:1401954ms step_avg:901.58ms
step:1555/1555 val_step:43/320 val_loss:3.3028 chunk_loss:7010.1524 is_adam_step=False do_muon_ttt=False train_time:1401954ms step_avg:901.58ms
step:1555/1555 val_step:44/320 val_loss:3.3086 chunk_loss:7411.5633 is_adam_step=True do_muon_ttt=False train_time:1401954ms step_avg:901.58ms
step:1555/1555 val_step:45/320 val_loss:3.3088 chunk_loss:6876.2628 is_adam_step=False do_muon_ttt=False train_time:1401954ms step_avg:901.58ms
step:1555/1555 val_step:46/320 val_loss:3.3094 chunk_loss:6950.9002 is_adam_step=True do_muon_ttt=False train_time:1401954ms step_avg:901.58ms
step:1555/1555 val_step:47/320 val_loss:3.3095 chunk_loss:6919.2253 is_adam_step=False do_muon_ttt=False train_time:1401954ms step_avg:901.58ms
step:1555/1555 val_step:48/320 val_loss:3.3079 chunk_loss:6711.7491 is_adam_step=True do_muon_ttt=False train_time:1401954ms step_avg:901.58ms
step:1555/1555 val_step:49/320 val_loss:3.3061 chunk_loss:6676.7660 is_adam_step=False do_muon_ttt=False train_time:1401954ms step_avg:901.58ms
step:1555/1555 val_step:50/320 val_loss:3.3050 chunk_loss:6772.4258 is_adam_step=True do_muon_ttt=False train_time:1401954ms step_avg:901.58ms
step:1555/1555 val_step:51/320 val_loss:3.3030 chunk_loss:6684.6526 is_adam_step=False do_muon_ttt=False train_time:1401954ms step_avg:901.58ms
step:1555/1555 val_step:52/320 val_loss:3.3044 chunk_loss:7016.4132 is_adam_step=True do_muon_ttt=False train_time:1401954ms step_avg:901.58ms
step:1555/1555 val_step:53/320 val_loss:3.3042 chunk_loss:6840.9559 is_adam_step=False do_muon_ttt=False train_time:1401954ms step_avg:901.58ms
step:1555/1555 val_step:54/320 val_loss:3.3014 chunk_loss:6600.0615 is_adam_step=True do_muon_ttt=False train_time:1401954ms step_avg:901.58ms
step:1555/1555 val_step:55/320 val_loss:3.3009 chunk_loss:6840.0420 is_adam_step=False do_muon_ttt=False train_time:1401954ms step_avg:901.58ms
step:1555/1555 val_step:56/320 val_loss:3.2995 chunk_loss:6679.8624 is_adam_step=True do_muon_ttt=False train_time:1401954ms step_avg:901.58ms
step:1555/1555 val_step:57/320 val_loss:3.2983 chunk_loss:6833.7930 is_adam_step=False do_muon_ttt=False train_time:1401954ms step_avg:901.58ms
step:1555/1555 val_step:58/320 val_loss:3.2981 chunk_loss:6810.1313 is_adam_step=True do_muon_ttt=False train_time:1401954ms step_avg:901.58ms
step:1555/1555 val_step:59/320 val_loss:3.2998 chunk_loss:7034.0934 is_adam_step=False do_muon_ttt=False train_time:1401954ms step_avg:901.58ms
step:1555/1555 val_step:60/320 val_loss:3.2983 chunk_loss:6661.4255 is_adam_step=True do_muon_ttt=False train_time:1401954ms step_avg:901.58ms
step:1555/1555 val_step:61/320 val_loss:3.2980 chunk_loss:6824.3162 is_adam_step=False do_muon_ttt=False train_time:1401954ms step_avg:901.58ms
step:1555/1555 val_step:62/320 val_loss:3.2980 chunk_loss:6820.7951 is_adam_step=True do_muon_ttt=False train_time:1401954ms step_avg:901.58ms
step:1555/1555 val_step:63/320 val_loss:3.2979 chunk_loss:6880.3802 is_adam_step=False do_muon_ttt=False train_time:1401954ms step_avg:901.58ms
step:1555/1555 val_step:64/320 val_loss:3.3001 chunk_loss:7148.5647 is_adam_step=True do_muon_ttt=False train_time:1401954ms step_avg:901.58ms
step:1555/1555 val_step:65/320 val_loss:3.3017 chunk_loss:7097.4132 is_adam_step=False do_muon_ttt=False train_time:1401954ms step_avg:901.58ms
step:1555/1555 val_step:66/320 val_loss:3.3052 chunk_loss:7337.3978 is_adam_step=True do_muon_ttt=False train_time:1401954ms step_avg:901.58ms
step:1555/1555 val_step:67/320 val_loss:3.3057 chunk_loss:6964.2450 is_adam_step=False do_muon_ttt=False train_time:1401954ms step_avg:901.58ms
step:1555/1555 val_step:68/320 val_loss:3.3044 chunk_loss:6674.4073 is_adam_step=True do_muon_ttt=False train_time:1401954ms step_avg:901.58ms
step:1555/1555 val_step:69/320 val_loss:3.3050 chunk_loss:6927.0129 is_adam_step=False do_muon_ttt=False train_time:1401954ms step_avg:901.58ms
step:1555/1555 val_step:70/320 val_loss:3.3037 chunk_loss:6680.1443 is_adam_step=True do_muon_ttt=False train_time:1401954ms step_avg:901.58ms
step:1555/1555 val_step:71/320 val_loss:3.3014 chunk_loss:6493.5020 is_adam_step=False do_muon_ttt=False train_time:1401954ms step_avg:901.58ms
step:1555/1555 val_step:72/320 val_loss:3.2993 chunk_loss:6542.6081 is_adam_step=True do_muon_ttt=False train_time:1401954ms step_avg:901.58ms
step:1555/1555 val_step:73/320 val_loss:3.2995 chunk_loss:6933.3686 is_adam_step=False do_muon_ttt=False train_time:1401954ms step_avg:901.58ms
step:1555/1555 val_step:74/320 val_loss:3.3022 chunk_loss:7299.8231 is_adam_step=True do_muon_ttt=False train_time:1401954ms step_avg:901.58ms
step:1555/1555 val_step:75/320 val_loss:3.3024 chunk_loss:6883.7551 is_adam_step=False do_muon_ttt=False train_time:1401954ms step_avg:901.58ms
step:1555/1555 val_step:76/320 val_loss:3.3017 chunk_loss:6764.0654 is_adam_step=True do_muon_ttt=False train_time:1401954ms step_avg:901.58ms
step:1555/1555 val_step:77/320 val_loss:3.3032 chunk_loss:7131.0621 is_adam_step=False do_muon_ttt=False train_time:1401954ms step_avg:901.58ms
step:1555/1555 val_step:78/320 val_loss:3.3015 chunk_loss:6564.1376 is_adam_step=True do_muon_ttt=False train_time:1401954ms step_avg:901.58ms
step:1555/1555 val_step:79/320 val_loss:3.2993 chunk_loss:6531.5102 is_adam_step=False do_muon_ttt=False train_time:1401954ms step_avg:901.58ms
step:1555/1555 val_step:80/320 val_loss:3.2980 chunk_loss:6669.1380 is_adam_step=True do_muon_ttt=False train_time:1401954ms step_avg:901.58ms
step:1555/1555 val_step:81/320 val_loss:3.2959 chunk_loss:6513.6375 is_adam_step=False do_muon_ttt=False train_time:1401954ms step_avg:901.58ms
step:1555/1555 val_step:82/320 val_loss:3.2962 chunk_loss:6914.1668 is_adam_step=True do_muon_ttt=False train_time:1401954ms step_avg:901.58ms
step:1555/1555 val_step:83/320 val_loss:3.2936 chunk_loss:6406.1883 is_adam_step=False do_muon_ttt=False train_time:1401954ms step_avg:901.58ms
step:1555/1555 val_step:84/320 val_loss:3.2940 chunk_loss:6918.7583 is_adam_step=True do_muon_ttt=False train_time:1401954ms step_avg:901.58ms
step:1555/1555 val_step:85/320 val_loss:3.2937 chunk_loss:6785.9784 is_adam_step=False do_muon_ttt=False train_time:1401954ms step_avg:901.58ms
step:1555/1555 val_step:86/320 val_loss:3.2935 chunk_loss:6809.6958 is_adam_step=True do_muon_ttt=False train_time:1401954ms step_avg:901.58ms
step:1555/1555 val_step:87/320 val_loss:3.2933 chunk_loss:6773.7081 is_adam_step=False do_muon_ttt=False train_time:1401954ms step_avg:901.58ms
step:1555/1555 val_step:88/320 val_loss:3.2931 chunk_loss:6820.8181 is_adam_step=True do_muon_ttt=False train_time:1401954ms step_avg:901.58ms
step:1555/1555 val_step:89/320 val_loss:3.2939 chunk_loss:6976.2290 is_adam_step=False do_muon_ttt=False train_time:1401954ms step_avg:901.58ms
step:1555/1555 val_step:90/320 val_loss:3.2924 chunk_loss:6573.6482 is_adam_step=True do_muon_ttt=False train_time:1401954ms step_avg:901.58ms
step:1555/1555 val_step:91/320 val_loss:3.2913 chunk_loss:6655.6814 is_adam_step=False do_muon_ttt=False train_time:1401954ms step_avg:901.58ms
step:1555/1555 val_step:92/320 val_loss:3.2925 chunk_loss:7079.4050 is_adam_step=True do_muon_ttt=False train_time:1401954ms step_avg:901.58ms
step:1555/1555 val_step:93/320 val_loss:3.2931 chunk_loss:6954.1584 is_adam_step=False do_muon_ttt=False train_time:1401954ms step_avg:901.58ms
step:1555/1555 val_step:94/320 val_loss:3.2940 chunk_loss:7026.8700 is_adam_step=True do_muon_ttt=False train_time:1401954ms step_avg:901.58ms
step:1555/1555 val_step:95/320 val_loss:3.2944 chunk_loss:6895.1860 is_adam_step=False do_muon_ttt=False train_time:1401954ms step_avg:901.58ms
step:1555/1555 val_step:96/320 val_loss:3.2958 chunk_loss:7083.7064 is_adam_step=True do_muon_ttt=False train_time:1401954ms step_avg:901.58ms
step:1555/1555 val_step:97/320 val_loss:3.2995 chunk_loss:7610.8530 is_adam_step=False do_muon_ttt=False train_time:1401954ms step_avg:901.58ms
step:1555/1555 val_step:98/320 val_loss:3.3000 chunk_loss:6920.3611 is_adam_step=True do_muon_ttt=False train_time:1401954ms step_avg:901.58ms
step:1555/1555 val_step:99/320 val_loss:3.3001 chunk_loss:6876.0701 is_adam_step=False do_muon_ttt=False train_time:1401954ms step_avg:901.58ms
step:1555/1555 val_step:100/320 val_loss:3.3000 chunk_loss:6805.5558 is_adam_step=True do_muon_ttt=False train_time:1401954ms step_avg:901.58ms
step:1555/1555 val_step:101/320 val_loss:3.2993 chunk_loss:6697.4595 is_adam_step=False do_muon_ttt=False train_time:1401954ms step_avg:901.58ms
step:1555/1555 val_step:102/320 val_loss:3.3005 chunk_loss:7071.3339 is_adam_step=True do_muon_ttt=False train_time:1401954ms step_avg:901.58ms
step:1555/1555 val_step:103/320 val_loss:3.3024 chunk_loss:7296.8437 is_adam_step=False do_muon_ttt=False train_time:1401954ms step_avg:901.58ms
step:1555/1555 val_step:104/320 val_loss:3.3022 chunk_loss:6827.7077 is_adam_step=True do_muon_ttt=False train_time:1401954ms step_avg:901.58ms
step:1555/1555 val_step:105/320 val_loss:3.3019 chunk_loss:6794.3405 is_adam_step=False do_muon_ttt=False train_time:1401954ms step_avg:901.58ms
step:1555/1555 val_step:106/320 val_loss:3.2997 chunk_loss:6389.5894 is_adam_step=True do_muon_ttt=False train_time:1401954ms step_avg:901.58ms
step:1555/1555 val_step:107/320 val_loss:3.2992 chunk_loss:6722.7614 is_adam_step=False do_muon_ttt=False train_time:1401954ms step_avg:901.58ms
step:1555/1555 val_step:108/320 val_loss:3.2987 chunk_loss:6738.3817 is_adam_step=True do_muon_ttt=False train_time:1401954ms step_avg:901.58ms
step:1555/1555 val_step:109/320 val_loss:3.2985 chunk_loss:6851.5681 is_adam_step=False do_muon_ttt=False train_time:1401954ms step_avg:901.58ms
step:1555/1555 val_step:110/320 val_loss:3.2985 chunk_loss:6872.2734 is_adam_step=True do_muon_ttt=False train_time:1401954ms step_avg:901.58ms
step:1555/1555 val_step:111/320 val_loss:3.2997 chunk_loss:7140.7931 is_adam_step=False do_muon_ttt=False train_time:1401954ms step_avg:901.58ms
step:1555/1555 val_step:112/320 val_loss:3.2994 chunk_loss:6765.1736 is_adam_step=True do_muon_ttt=False train_time:1401954ms step_avg:901.58ms
step:1555/1555 val_step:113/320 val_loss:3.2979 chunk_loss:6514.2104 is_adam_step=False do_muon_ttt=False train_time:1401954ms step_avg:901.58ms
step:1555/1555 val_step:114/320 val_loss:3.2966 chunk_loss:6551.3582 is_adam_step=True do_muon_ttt=False train_time:1401954ms step_avg:901.58ms
step:1555/1555 val_step:115/320 val_loss:3.2955 chunk_loss:6589.3784 is_adam_step=False do_muon_ttt=False train_time:1401954ms step_avg:901.58ms
step:1555/1555 val_step:116/320 val_loss:3.2950 chunk_loss:6767.3533 is_adam_step=True do_muon_ttt=False train_time:1401954ms step_avg:901.58ms
step:1555/1555 val_step:117/320 val_loss:3.2954 chunk_loss:6973.7141 is_adam_step=False do_muon_ttt=False train_time:1401954ms step_avg:901.58ms
step:1555/1555 val_step:118/320 val_loss:3.2962 chunk_loss:7024.0087 is_adam_step=True do_muon_ttt=False train_time:1401954ms step_avg:901.58ms
step:1555/1555 val_step:119/320 val_loss:3.2957 chunk_loss:6708.0729 is_adam_step=False do_muon_ttt=False train_time:1401954ms step_avg:901.58ms
step:1555/1555 val_step:120/320 val_loss:3.2959 chunk_loss:6892.6130 is_adam_step=True do_muon_ttt=False train_time:1401954ms step_avg:901.58ms
step:1555/1555 val_step:121/320 val_loss:3.2953 chunk_loss:6675.7911 is_adam_step=False do_muon_ttt=False train_time:1401954ms step_avg:901.58ms
step:1555/1555 val_step:122/320 val_loss:3.2951 chunk_loss:6798.2336 is_adam_step=True do_muon_ttt=False train_time:1401954ms step_avg:901.58ms
step:1555/1555 val_step:123/320 val_loss:3.2941 chunk_loss:6632.2274 is_adam_step=False do_muon_ttt=False train_time:1401954ms step_avg:901.58ms
step:1555/1555 val_step:124/320 val_loss:3.2942 chunk_loss:6868.3980 is_adam_step=True do_muon_ttt=False train_time:1401954ms step_avg:901.58ms
step:1555/1555 val_step:125/320 val_loss:3.2945 chunk_loss:6950.2019 is_adam_step=False do_muon_ttt=False train_time:1401954ms step_avg:901.58ms
step:1555/1555 val_step:126/320 val_loss:3.2927 chunk_loss:6368.8314 is_adam_step=True do_muon_ttt=False train_time:1401954ms step_avg:901.58ms
step:1555/1555 val_step:127/320 val_loss:3.2929 chunk_loss:6899.5409 is_adam_step=False do_muon_ttt=False train_time:1401954ms step_avg:901.58ms
step:1555/1555 val_step:128/320 val_loss:3.2922 chunk_loss:6674.9455 is_adam_step=True do_muon_ttt=False train_time:1401954ms step_avg:901.58ms
step:1555/1555 val_step:129/320 val_loss:3.2909 chunk_loss:6533.1985 is_adam_step=False do_muon_ttt=False train_time:1401954ms step_avg:901.58ms
step:1555/1555 val_step:130/320 val_loss:3.2912 chunk_loss:6908.2963 is_adam_step=True do_muon_ttt=False train_time:1401954ms step_avg:901.58ms
step:1555/1555 val_step:131/320 val_loss:3.2909 chunk_loss:6784.7520 is_adam_step=False do_muon_ttt=False train_time:1401954ms step_avg:901.58ms
step:1555/1555 val_step:132/320 val_loss:3.2927 chunk_loss:7305.9793 is_adam_step=True do_muon_ttt=False train_time:1401954ms step_avg:901.58ms
step:1555/1555 val_step:133/320 val_loss:3.2940 chunk_loss:7189.4962 is_adam_step=False do_muon_ttt=False train_time:1401954ms step_avg:901.58ms
step:1555/1555 val_step:134/320 val_loss:3.2915 chunk_loss:6233.0428 is_adam_step=True do_muon_ttt=False train_time:1401954ms step_avg:901.58ms
step:1555/1555 val_step:135/320 val_loss:3.2907 chunk_loss:6663.5471 is_adam_step=False do_muon_ttt=False train_time:1401954ms step_avg:901.58ms
step:1555/1555 val_step:136/320 val_loss:3.2912 chunk_loss:6957.6295 is_adam_step=True do_muon_ttt=False train_time:1401954ms step_avg:901.58ms
step:1555/1555 val_step:137/320 val_loss:3.2917 chunk_loss:6964.2601 is_adam_step=False do_muon_ttt=False train_time:1401954ms step_avg:901.58ms
step:1555/1555 val_step:138/320 val_loss:3.2938 chunk_loss:7429.4600 is_adam_step=True do_muon_ttt=False train_time:1401954ms step_avg:901.58ms
step:1555/1555 val_step:139/320 val_loss:3.2942 chunk_loss:6944.2627 is_adam_step=False do_muon_ttt=False train_time:1401954ms step_avg:901.58ms
step:1555/1555 val_step:140/320 val_loss:3.2943 chunk_loss:6876.6219 is_adam_step=True do_muon_ttt=False train_time:1401954ms step_avg:901.58ms
step:1555/1555 val_step:141/320 val_loss:3.2943 chunk_loss:6824.8494 is_adam_step=False do_muon_ttt=False train_time:1401954ms step_avg:901.58ms
step:1555/1555 val_step:142/320 val_loss:3.2949 chunk_loss:6997.9983 is_adam_step=True do_muon_ttt=False train_time:1401954ms step_avg:901.58ms
step:1555/1555 val_step:143/320 val_loss:3.2962 chunk_loss:7258.7682 is_adam_step=False do_muon_ttt=False train_time:1401954ms step_avg:901.58ms
step:1555/1555 val_step:144/320 val_loss:3.2970 chunk_loss:7090.4998 is_adam_step=True do_muon_ttt=False train_time:1401954ms step_avg:901.58ms
step:1555/1555 val_step:145/320 val_loss:3.2965 chunk_loss:6719.1019 is_adam_step=False do_muon_ttt=False train_time:1401954ms step_avg:901.58ms
step:1555/1555 val_step:146/320 val_loss:3.2968 chunk_loss:6933.3829 is_adam_step=True do_muon_ttt=False train_time:1401954ms step_avg:901.58ms
step:1555/1555 val_step:147/320 val_loss:3.2975 chunk_loss:7027.9011 is_adam_step=False do_muon_ttt=False train_time:1401954ms step_avg:901.58ms
step:1555/1555 val_step:148/320 val_loss:3.2986 chunk_loss:7215.9743 is_adam_step=True do_muon_ttt=False train_time:1401954ms step_avg:901.58ms
step:1555/1555 val_step:149/320 val_loss:3.2977 chunk_loss:6612.0652 is_adam_step=False do_muon_ttt=False train_time:1401954ms step_avg:901.58ms
step:1555/1555 val_step:150/320 val_loss:3.2972 chunk_loss:6666.3293 is_adam_step=True do_muon_ttt=False train_time:1401954ms step_avg:901.58ms
step:1555/1555 val_step:151/320 val_loss:3.2975 chunk_loss:6933.1667 is_adam_step=False do_muon_ttt=False train_time:1401954ms step_avg:901.58ms
step:1555/1555 val_step:152/320 val_loss:3.2966 chunk_loss:6562.7502 is_adam_step=True do_muon_ttt=False train_time:1401954ms step_avg:901.58ms
step:1555/1555 val_step:153/320 val_loss:3.2960 chunk_loss:6634.6750 is_adam_step=False do_muon_ttt=False train_time:1401954ms step_avg:901.58ms
step:1555/1555 val_step:154/320 val_loss:3.2959 chunk_loss:6789.6592 is_adam_step=True do_muon_ttt=False train_time:1401954ms step_avg:901.58ms
step:1555/1555 val_step:155/320 val_loss:3.2961 chunk_loss:6906.9363 is_adam_step=False do_muon_ttt=False train_time:1401954ms step_avg:901.58ms
step:1555/1555 val_step:156/320 val_loss:3.2959 chunk_loss:6735.5827 is_adam_step=True do_muon_ttt=False train_time:1401954ms step_avg:901.58ms
step:1555/1555 val_step:157/320 val_loss:3.2959 chunk_loss:6912.5055 is_adam_step=False do_muon_ttt=False train_time:1401954ms step_avg:901.58ms
step:1555/1555 val_step:158/320 val_loss:3.2960 chunk_loss:6858.4845 is_adam_step=True do_muon_ttt=False train_time:1401954ms step_avg:901.58ms
step:1555/1555 val_step:159/320 val_loss:3.2959 chunk_loss:6821.6199 is_adam_step=False do_muon_ttt=False train_time:1401954ms step_avg:901.58ms
step:1555/1555 val_step:160/320 val_loss:3.2969 chunk_loss:7198.8709 is_adam_step=True do_muon_ttt=False train_time:1401954ms step_avg:901.58ms
step:1555/1555 val_step:161/320 val_loss:3.2968 chunk_loss:6811.0205 is_adam_step=False do_muon_ttt=False train_time:1401954ms step_avg:901.58ms
step:1555/1555 val_step:162/320 val_loss:3.2972 chunk_loss:6988.8165 is_adam_step=True do_muon_ttt=False train_time:1401954ms step_avg:901.58ms
step:1555/1555 val_step:163/320 val_loss:3.2965 chunk_loss:6593.7280 is_adam_step=False do_muon_ttt=False train_time:1401954ms step_avg:901.58ms
step:1555/1555 val_step:164/320 val_loss:3.2963 chunk_loss:6799.4808 is_adam_step=True do_muon_ttt=False train_time:1401954ms step_avg:901.58ms
step:1555/1555 val_step:165/320 val_loss:3.2995 chunk_loss:8004.2137 is_adam_step=False do_muon_ttt=False train_time:1401954ms step_avg:901.58ms
step:1555/1555 val_step:166/320 val_loss:3.3005 chunk_loss:7201.2751 is_adam_step=True do_muon_ttt=False train_time:1401954ms step_avg:901.58ms
step:1555/1555 val_step:167/320 val_loss:3.3009 chunk_loss:7042.7863 is_adam_step=False do_muon_ttt=False train_time:1401954ms step_avg:901.58ms
step:1555/1555 val_step:168/320 val_loss:3.3005 chunk_loss:6757.1827 is_adam_step=True do_muon_ttt=False train_time:1401954ms step_avg:901.58ms
step:1555/1555 val_step:169/320 val_loss:3.3006 chunk_loss:6894.2491 is_adam_step=False do_muon_ttt=False train_time:1401954ms step_avg:901.58ms
step:1555/1555 val_step:170/320 val_loss:3.3004 chunk_loss:6765.0072 is_adam_step=True do_muon_ttt=False train_time:1401954ms step_avg:901.58ms
step:1555/1555 val_step:171/320 val_loss:3.2993 chunk_loss:6424.0410 is_adam_step=False do_muon_ttt=False train_time:1401954ms step_avg:901.58ms
step:1555/1555 val_step:172/320 val_loss:3.2990 chunk_loss:6826.6827 is_adam_step=True do_muon_ttt=False train_time:1401954ms step_avg:901.58ms
step:1555/1555 val_step:173/320 val_loss:3.2985 chunk_loss:6702.6184 is_adam_step=False do_muon_ttt=False train_time:1401954ms step_avg:901.58ms
step:1555/1555 val_step:174/320 val_loss:3.2998 chunk_loss:7314.4435 is_adam_step=True do_muon_ttt=False train_time:1401954ms step_avg:901.58ms
step:1555/1555 val_step:175/320 val_loss:3.2997 chunk_loss:6818.3729 is_adam_step=False do_muon_ttt=False train_time:1401954ms step_avg:901.58ms
step:1555/1555 val_step:176/320 val_loss:3.2999 chunk_loss:6937.3184 is_adam_step=True do_muon_ttt=False train_time:1401954ms step_avg:901.58ms
step:1555/1555 val_step:177/320 val_loss:3.2987 chunk_loss:6419.2173 is_adam_step=False do_muon_ttt=False train_time:1401954ms step_avg:901.58ms
step:1555/1555 val_step:178/320 val_loss:3.2989 chunk_loss:6873.0521 is_adam_step=True do_muon_ttt=False train_time:1401954ms step_avg:901.58ms
step:1555/1555 val_step:179/320 val_loss:3.2988 chunk_loss:6871.5063 is_adam_step=False do_muon_ttt=False train_time:1401954ms step_avg:901.58ms
step:1555/1555 val_step:180/320 val_loss:3.2982 chunk_loss:6608.5630 is_adam_step=True do_muon_ttt=False train_time:1401954ms step_avg:901.58ms
step:1555/1555 val_step:181/320 val_loss:3.2986 chunk_loss:7044.4137 is_adam_step=False do_muon_ttt=False train_time:1401954ms step_avg:901.58ms
step:1555/1555 val_step:182/320 val_loss:3.2972 chunk_loss:6274.5210 is_adam_step=True do_muon_ttt=False train_time:1401954ms step_avg:901.58ms
step:1555/1555 val_step:183/320 val_loss:3.2979 chunk_loss:7253.1540 is_adam_step=False do_muon_ttt=False train_time:1401954ms step_avg:901.58ms
step:1555/1555 val_step:184/320 val_loss:3.2968 chunk_loss:6453.5638 is_adam_step=True do_muon_ttt=False train_time:1401954ms step_avg:901.58ms
step:1555/1555 val_step:185/320 val_loss:3.2946 chunk_loss:6059.6967 is_adam_step=False do_muon_ttt=False train_time:1401954ms step_avg:901.58ms
step:1555/1555 val_step:186/320 val_loss:3.2942 chunk_loss:6693.0105 is_adam_step=True do_muon_ttt=False train_time:1401954ms step_avg:901.58ms
step:1555/1555 val_step:187/320 val_loss:3.2936 chunk_loss:6625.0177 is_adam_step=False do_muon_ttt=False train_time:1401954ms step_avg:901.58ms
step:1555/1555 val_step:188/320 val_loss:3.2943 chunk_loss:7137.4927 is_adam_step=True do_muon_ttt=False train_time:1401954ms step_avg:901.58ms
step:1555/1555 val_step:189/320 val_loss:3.2930 chunk_loss:6337.8352 is_adam_step=False do_muon_ttt=False train_time:1401954ms step_avg:901.58ms
step:1555/1555 val_step:190/320 val_loss:3.2929 chunk_loss:6798.1706 is_adam_step=True do_muon_ttt=False train_time:1401954ms step_avg:901.58ms
step:1555/1555 val_step:191/320 val_loss:3.2925 chunk_loss:6668.7156 is_adam_step=False do_muon_ttt=False train_time:1401954ms step_avg:901.58ms
step:1555/1555 val_step:192/320 val_loss:3.2923 chunk_loss:6787.8182 is_adam_step=True do_muon_ttt=False train_time:1401954ms step_avg:901.58ms
step:1555/1555 val_step:193/320 val_loss:3.2926 chunk_loss:6935.1439 is_adam_step=False do_muon_ttt=False train_time:1401954ms step_avg:901.58ms
step:1555/1555 val_step:194/320 val_loss:3.2932 chunk_loss:7074.9559 is_adam_step=True do_muon_ttt=False train_time:1401954ms step_avg:901.58ms
step:1555/1555 val_step:195/320 val_loss:3.2923 chunk_loss:6496.4333 is_adam_step=False do_muon_ttt=False train_time:1401954ms step_avg:901.58ms
step:1555/1555 val_step:196/320 val_loss:3.2920 chunk_loss:6738.6874 is_adam_step=True do_muon_ttt=False train_time:1401954ms step_avg:901.58ms
step:1555/1555 val_step:197/320 val_loss:3.2920 chunk_loss:6931.6010 is_adam_step=False do_muon_ttt=False train_time:1401954ms step_avg:901.58ms
step:1555/1555 val_step:198/320 val_loss:3.2925 chunk_loss:7015.5356 is_adam_step=True do_muon_ttt=False train_time:1401954ms step_avg:901.58ms
step:1555/1555 val_step:199/320 val_loss:3.2918 chunk_loss:6578.3358 is_adam_step=False do_muon_ttt=False train_time:1401954ms step_avg:901.58ms
step:1555/1555 val_step:200/320 val_loss:3.2913 chunk_loss:6628.5958 is_adam_step=True do_muon_ttt=False train_time:1401954ms step_avg:901.58ms
step:1555/1555 val_step:201/320 val_loss:3.2893 chunk_loss:6142.5692 is_adam_step=False do_muon_ttt=False train_time:1401954ms step_avg:901.58ms
step:1555/1555 val_step:202/320 val_loss:3.2904 chunk_loss:7256.1891 is_adam_step=True do_muon_ttt=False train_time:1401954ms step_avg:901.58ms
step:1555/1555 val_step:203/320 val_loss:3.2895 chunk_loss:6479.2920 is_adam_step=False do_muon_ttt=False train_time:1401954ms step_avg:901.58ms
step:1555/1555 val_step:204/320 val_loss:3.2889 chunk_loss:6638.1664 is_adam_step=True do_muon_ttt=False train_time:1401954ms step_avg:901.58ms
step:1555/1555 val_step:205/320 val_loss:3.2894 chunk_loss:6983.8031 is_adam_step=False do_muon_ttt=False train_time:1401954ms step_avg:901.58ms
step:1555/1555 val_step:206/320 val_loss:3.2889 chunk_loss:6704.6108 is_adam_step=True do_muon_ttt=False train_time:1401954ms step_avg:901.58ms
step:1555/1555 val_step:207/320 val_loss:3.2890 chunk_loss:6854.7625 is_adam_step=False do_muon_ttt=False train_time:1401954ms step_avg:901.58ms
step:1555/1555 val_step:208/320 val_loss:3.2879 chunk_loss:6366.4547 is_adam_step=True do_muon_ttt=False train_time:1401954ms step_avg:901.58ms
step:1555/1555 val_step:209/320 val_loss:3.2883 chunk_loss:6993.9021 is_adam_step=False do_muon_ttt=False train_time:1401954ms step_avg:901.58ms
step:1555/1555 val_step:210/320 val_loss:3.2871 chunk_loss:6368.6672 is_adam_step=True do_muon_ttt=False train_time:1401954ms step_avg:901.58ms
step:1555/1555 val_step:211/320 val_loss:3.2865 chunk_loss:6552.1049 is_adam_step=False do_muon_ttt=False train_time:1401954ms step_avg:901.58ms
step:1555/1555 val_step:212/320 val_loss:3.2881 chunk_loss:7490.4499 is_adam_step=True do_muon_ttt=False train_time:1401954ms step_avg:901.58ms
step:1555/1555 val_step:213/320 val_loss:3.2879 chunk_loss:6747.6618 is_adam_step=False do_muon_ttt=False train_time:1401954ms step_avg:901.58ms
step:1555/1555 val_step:214/320 val_loss:3.2887 chunk_loss:7160.8219 is_adam_step=True do_muon_ttt=False train_time:1401954ms step_avg:901.58ms
step:1555/1555 val_step:215/320 val_loss:3.2876 chunk_loss:6402.0280 is_adam_step=False do_muon_ttt=False train_time:1401954ms step_avg:901.58ms
step:1555/1555 val_step:216/320 val_loss:3.2875 chunk_loss:6752.9446 is_adam_step=True do_muon_ttt=False train_time:1401954ms step_avg:901.58ms
step:1555/1555 val_step:217/320 val_loss:3.2881 chunk_loss:7113.4570 is_adam_step=False do_muon_ttt=False train_time:1401954ms step_avg:901.58ms
step:1555/1555 val_step:218/320 val_loss:3.2881 chunk_loss:6806.6685 is_adam_step=True do_muon_ttt=False train_time:1401954ms step_avg:901.58ms
step:1555/1555 val_step:219/320 val_loss:3.2884 chunk_loss:6972.6007 is_adam_step=False do_muon_ttt=False train_time:1401954ms step_avg:901.58ms
step:1555/1555 val_step:220/320 val_loss:3.2884 chunk_loss:6796.2105 is_adam_step=True do_muon_ttt=False train_time:1401954ms step_avg:901.58ms
step:1555/1555 val_step:221/320 val_loss:3.2882 chunk_loss:6781.6566 is_adam_step=False do_muon_ttt=False train_time:1401954ms step_avg:901.58ms
step:1555/1555 val_step:222/320 val_loss:3.2884 chunk_loss:6886.9657 is_adam_step=True do_muon_ttt=False train_time:1401954ms step_avg:901.58ms
step:1555/1555 val_step:223/320 val_loss:3.2882 chunk_loss:6789.6145 is_adam_step=False do_muon_ttt=False train_time:1401954ms step_avg:901.58ms
step:1555/1555 val_step:224/320 val_loss:3.2876 chunk_loss:6566.7440 is_adam_step=True do_muon_ttt=False train_time:1401954ms step_avg:901.58ms
step:1555/1555 val_step:225/320 val_loss:3.2867 chunk_loss:6505.7680 is_adam_step=False do_muon_ttt=False train_time:1401954ms step_avg:901.58ms
step:1555/1555 val_step:226/320 val_loss:3.2862 chunk_loss:6603.6697 is_adam_step=True do_muon_ttt=False train_time:1401954ms step_avg:901.58ms
step:1555/1555 val_step:227/320 val_loss:3.2864 chunk_loss:6958.3918 is_adam_step=False do_muon_ttt=False train_time:1401954ms step_avg:901.58ms
step:1555/1555 val_step:228/320 val_loss:3.2866 chunk_loss:6914.8133 is_adam_step=True do_muon_ttt=False train_time:1401954ms step_avg:901.58ms
step:1555/1555 val_step:229/320 val_loss:3.2871 chunk_loss:7073.5399 is_adam_step=False do_muon_ttt=False train_time:1401954ms step_avg:901.58ms
step:1555/1555 val_step:230/320 val_loss:3.2872 chunk_loss:6927.7592 is_adam_step=True do_muon_ttt=False train_time:1401954ms step_avg:901.58ms
step:1555/1555 val_step:231/320 val_loss:3.2868 chunk_loss:6598.4720 is_adam_step=False do_muon_ttt=False train_time:1401954ms step_avg:901.58ms
step:1555/1555 val_step:232/320 val_loss:3.2872 chunk_loss:6995.7644 is_adam_step=True do_muon_ttt=False train_time:1401954ms step_avg:901.58ms
step:1555/1555 val_step:233/320 val_loss:3.2877 chunk_loss:7118.1573 is_adam_step=False do_muon_ttt=False train_time:1401954ms step_avg:901.58ms
step:1555/1555 val_step:234/320 val_loss:3.2874 chunk_loss:6721.1775 is_adam_step=True do_muon_ttt=False train_time:1401954ms step_avg:901.58ms
step:1555/1555 val_step:235/320 val_loss:3.2872 chunk_loss:6811.6332 is_adam_step=False do_muon_ttt=False train_time:1401954ms step_avg:901.58ms
step:1555/1555 val_step:236/320 val_loss:3.2873 chunk_loss:6896.2481 is_adam_step=True do_muon_ttt=False train_time:1401954ms step_avg:901.58ms
step:1555/1555 val_step:237/320 val_loss:3.2870 chunk_loss:6742.8526 is_adam_step=False do_muon_ttt=False train_time:1401954ms step_avg:901.58ms
step:1555/1555 val_step:238/320 val_loss:3.2868 chunk_loss:6727.7186 is_adam_step=True do_muon_ttt=False train_time:1401954ms step_avg:901.58ms
step:1555/1555 val_step:239/320 val_loss:3.2865 chunk_loss:6660.7611 is_adam_step=False do_muon_ttt=False train_time:1401954ms step_avg:901.58ms
step:1555/1555 val_step:240/320 val_loss:3.2863 chunk_loss:6706.6433 is_adam_step=True do_muon_ttt=False train_time:1401954ms step_avg:901.58ms
step:1555/1555 val_step:241/320 val_loss:3.2862 chunk_loss:6869.9431 is_adam_step=False do_muon_ttt=False train_time:1401954ms step_avg:901.58ms
step:1555/1555 val_step:242/320 val_loss:3.2871 chunk_loss:7356.8677 is_adam_step=True do_muon_ttt=False train_time:1401954ms step_avg:901.58ms
step:1555/1555 val_step:243/320 val_loss:3.2869 chunk_loss:6706.7317 is_adam_step=False do_muon_ttt=False train_time:1401954ms step_avg:901.58ms
step:1555/1555 val_step:244/320 val_loss:3.2873 chunk_loss:7009.7859 is_adam_step=True do_muon_ttt=False train_time:1401954ms step_avg:901.58ms
step:1555/1555 val_step:245/320 val_loss:3.2875 chunk_loss:6942.7940 is_adam_step=False do_muon_ttt=False train_time:1401954ms step_avg:901.58ms
step:1555/1555 val_step:246/320 val_loss:3.2877 chunk_loss:6957.3252 is_adam_step=True do_muon_ttt=False train_time:1401954ms step_avg:901.58ms
step:1555/1555 val_step:247/320 val_loss:3.2877 chunk_loss:6836.2495 is_adam_step=False do_muon_ttt=False train_time:1401954ms step_avg:901.58ms
step:1555/1555 val_step:248/320 val_loss:3.2875 chunk_loss:6723.9225 is_adam_step=True do_muon_ttt=False train_time:1401954ms step_avg:901.58ms
step:1555/1555 val_step:249/320 val_loss:3.2888 chunk_loss:7473.9065 is_adam_step=False do_muon_ttt=False train_time:1401954ms step_avg:901.58ms
step:1555/1555 val_step:250/320 val_loss:3.2888 chunk_loss:6817.2504 is_adam_step=True do_muon_ttt=False train_time:1401954ms step_avg:901.58ms
step:1555/1555 val_step:251/320 val_loss:3.2889 chunk_loss:6860.6496 is_adam_step=False do_muon_ttt=False train_time:1401954ms step_avg:901.58ms
step:1555/1555 val_step:252/320 val_loss:3.2893 chunk_loss:7012.0075 is_adam_step=True do_muon_ttt=False train_time:1401954ms step_avg:901.58ms
step:1555/1555 val_step:253/320 val_loss:3.2891 chunk_loss:6706.5363 is_adam_step=False do_muon_ttt=False train_time:1401954ms step_avg:901.58ms
step:1555/1555 val_step:254/320 val_loss:3.2894 chunk_loss:7004.7477 is_adam_step=True do_muon_ttt=False train_time:1401954ms step_avg:901.58ms
step:1555/1555 val_step:255/320 val_loss:3.2896 chunk_loss:6933.8102 is_adam_step=False do_muon_ttt=False train_time:1401954ms step_avg:901.58ms
step:1555/1555 val_step:256/320 val_loss:3.2895 chunk_loss:6815.2051 is_adam_step=True do_muon_ttt=False train_time:1401954ms step_avg:901.58ms
step:1555/1555 val_step:257/320 val_loss:3.2905 chunk_loss:7399.2675 is_adam_step=False do_muon_ttt=False train_time:1401954ms step_avg:901.58ms
step:1555/1555 val_step:258/320 val_loss:3.2899 chunk_loss:6497.4730 is_adam_step=True do_muon_ttt=False train_time:1401954ms step_avg:901.58ms
step:1555/1555 val_step:259/320 val_loss:3.2900 chunk_loss:6903.5515 is_adam_step=False do_muon_ttt=False train_time:1401954ms step_avg:901.58ms
step:1555/1555 val_step:260/320 val_loss:3.2898 chunk_loss:6713.2184 is_adam_step=True do_muon_ttt=False train_time:1401954ms step_avg:901.58ms
step:1555/1555 val_step:261/320 val_loss:3.2899 chunk_loss:6867.7016 is_adam_step=False do_muon_ttt=False train_time:1401954ms step_avg:901.58ms
step:1555/1555 val_step:262/320 val_loss:3.2901 chunk_loss:6923.3550 is_adam_step=True do_muon_ttt=False train_time:1401954ms step_avg:901.58ms
step:1555/1555 val_step:263/320 val_loss:3.2897 chunk_loss:6662.3861 is_adam_step=False do_muon_ttt=False train_time:1401954ms step_avg:901.58ms
step:1555/1555 val_step:264/320 val_loss:3.2899 chunk_loss:6934.9987 is_adam_step=True do_muon_ttt=False train_time:1401954ms step_avg:901.58ms
step:1555/1555 val_step:265/320 val_loss:3.2895 chunk_loss:6603.0971 is_adam_step=False do_muon_ttt=False train_time:1401954ms step_avg:901.58ms
step:1555/1555 val_step:266/320 val_loss:3.2896 chunk_loss:6979.7585 is_adam_step=True do_muon_ttt=False train_time:1401954ms step_avg:901.58ms
step:1555/1555 val_step:267/320 val_loss:3.2890 chunk_loss:6486.7383 is_adam_step=False do_muon_ttt=False train_time:1401954ms step_avg:901.58ms
step:1555/1555 val_step:268/320 val_loss:3.2885 chunk_loss:6573.2793 is_adam_step=True do_muon_ttt=False train_time:1401954ms step_avg:901.58ms
step:1555/1555 val_step:269/320 val_loss:3.2883 chunk_loss:6705.1392 is_adam_step=False do_muon_ttt=False train_time:1401954ms step_avg:901.58ms
step:1555/1555 val_step:270/320 val_loss:3.2879 chunk_loss:6605.9970 is_adam_step=True do_muon_ttt=False train_time:1401954ms step_avg:901.58ms
step:1555/1555 val_step:271/320 val_loss:3.2871 chunk_loss:6404.8791 is_adam_step=False do_muon_ttt=False train_time:1401954ms step_avg:901.58ms
step:1555/1555 val_step:272/320 val_loss:3.2864 chunk_loss:6420.3551 is_adam_step=True do_muon_ttt=False train_time:1401954ms step_avg:901.58ms
step:1555/1555 val_step:273/320 val_loss:3.2864 chunk_loss:6873.2967 is_adam_step=False do_muon_ttt=False train_time:1401954ms step_avg:901.58ms
step:1555/1555 val_step:274/320 val_loss:3.2864 chunk_loss:6855.3972 is_adam_step=True do_muon_ttt=False train_time:1401954ms step_avg:901.58ms
step:1555/1555 val_step:275/320 val_loss:3.2869 chunk_loss:7129.6219 is_adam_step=False do_muon_ttt=False train_time:1401954ms step_avg:901.58ms
step:1555/1555 val_step:276/320 val_loss:3.2864 chunk_loss:6516.2192 is_adam_step=True do_muon_ttt=False train_time:1401954ms step_avg:901.58ms
step:1555/1555 val_step:277/320 val_loss:3.2856 chunk_loss:6383.9276 is_adam_step=False do_muon_ttt=False train_time:1401954ms step_avg:901.58ms
step:1555/1555 val_step:278/320 val_loss:3.2854 chunk_loss:6741.6975 is_adam_step=True do_muon_ttt=False train_time:1401954ms step_avg:901.58ms
step:1555/1555 val_step:279/320 val_loss:3.2859 chunk_loss:7065.0416 is_adam_step=False do_muon_ttt=False train_time:1401954ms step_avg:901.58ms
step:1555/1555 val_step:280/320 val_loss:3.2859 chunk_loss:6826.1058 is_adam_step=True do_muon_ttt=False train_time:1401954ms step_avg:901.58ms
step:1555/1555 val_step:281/320 val_loss:3.2856 chunk_loss:6633.3866 is_adam_step=False do_muon_ttt=False train_time:1401954ms step_avg:901.58ms
step:1555/1555 val_step:282/320 val_loss:3.2854 chunk_loss:6728.7211 is_adam_step=True do_muon_ttt=False train_time:1401954ms step_avg:901.58ms
step:1555/1555 val_step:283/320 val_loss:3.2852 chunk_loss:6688.4138 is_adam_step=False do_muon_ttt=False train_time:1401954ms step_avg:901.58ms
step:1555/1555 val_step:284/320 val_loss:3.2855 chunk_loss:7064.7187 is_adam_step=True do_muon_ttt=False train_time:1401954ms step_avg:901.58ms
step:1555/1555 val_step:285/320 val_loss:3.2849 chunk_loss:6464.4353 is_adam_step=False do_muon_ttt=False train_time:1401954ms step_avg:901.58ms
step:1555/1555 val_step:286/320 val_loss:3.2846 chunk_loss:6627.1784 is_adam_step=True do_muon_ttt=False train_time:1401954ms step_avg:901.58ms
step:1555/1555 val_step:287/320 val_loss:3.2849 chunk_loss:7020.2399 is_adam_step=False do_muon_ttt=False train_time:1401954ms step_avg:901.58ms
step:1555/1555 val_step:288/320 val_loss:3.2847 chunk_loss:6699.2161 is_adam_step=True do_muon_ttt=False train_time:1401954ms step_avg:901.58ms
step:1555/1555 val_step:289/320 val_loss:3.2851 chunk_loss:7070.0280 is_adam_step=False do_muon_ttt=False train_time:1401954ms step_avg:901.58ms
step:1555/1555 val_step:290/320 val_loss:3.2855 chunk_loss:7097.1986 is_adam_step=True do_muon_ttt=False train_time:1401954ms step_avg:901.58ms
step:1555/1555 val_step:291/320 val_loss:3.2855 chunk_loss:6782.6140 is_adam_step=False do_muon_ttt=False train_time:1401954ms step_avg:901.58ms
step:1555/1555 val_step:292/320 val_loss:3.2850 chunk_loss:6498.2051 is_adam_step=True do_muon_ttt=False train_time:1401954ms step_avg:901.58ms
step:1555/1555 val_step:293/320 val_loss:3.2848 chunk_loss:6703.3039 is_adam_step=False do_muon_ttt=False train_time:1401954ms step_avg:901.58ms
step:1555/1555 val_step:294/320 val_loss:3.2850 chunk_loss:6913.6473 is_adam_step=True do_muon_ttt=False train_time:1401954ms step_avg:901.58ms
step:1555/1555 val_step:295/320 val_loss:3.2853 chunk_loss:6945.6057 is_adam_step=False do_muon_ttt=False train_time:1401954ms step_avg:901.58ms
step:1555/1555 val_step:296/320 val_loss:3.2853 chunk_loss:6864.0944 is_adam_step=True do_muon_ttt=False train_time:1401954ms step_avg:901.58ms
step:1555/1555 val_step:297/320 val_loss:3.2847 chunk_loss:6408.6365 is_adam_step=False do_muon_ttt=False train_time:1401954ms step_avg:901.58ms
step:1555/1555 val_step:298/320 val_loss:3.2843 chunk_loss:6607.8407 is_adam_step=True do_muon_ttt=False train_time:1401954ms step_avg:901.58ms
step:1555/1555 val_step:299/320 val_loss:3.2842 chunk_loss:6697.3790 is_adam_step=False do_muon_ttt=False train_time:1401954ms step_avg:901.58ms
step:1555/1555 val_step:300/320 val_loss:3.2838 chunk_loss:6623.1487 is_adam_step=True do_muon_ttt=False train_time:1401954ms step_avg:901.58ms
step:1555/1555 val_step:301/320 val_loss:3.2835 chunk_loss:6613.1807 is_adam_step=False do_muon_ttt=False train_time:1401954ms step_avg:901.58ms
step:1555/1555 val_step:302/320 val_loss:3.2833 chunk_loss:6715.4699 is_adam_step=True do_muon_ttt=False train_time:1401954ms step_avg:901.58ms
step:1555/1555 val_step:303/320 val_loss:3.2837 chunk_loss:7070.1072 is_adam_step=False do_muon_ttt=False train_time:1401954ms step_avg:901.58ms
step:1555/1555 val_step:304/320 val_loss:3.2828 chunk_loss:6251.2031 is_adam_step=True do_muon_ttt=False train_time:1401954ms step_avg:901.58ms
step:1555/1555 val_step:305/320 val_loss:3.2826 chunk_loss:6703.4789 is_adam_step=False do_muon_ttt=False train_time:1401954ms step_avg:901.58ms
step:1555/1555 val_step:306/320 val_loss:3.2826 chunk_loss:6782.0222 is_adam_step=True do_muon_ttt=False train_time:1401954ms step_avg:901.58ms
step:1555/1555 val_step:307/320 val_loss:3.2825 chunk_loss:6748.1596 is_adam_step=False do_muon_ttt=False train_time:1401954ms step_avg:901.58ms
step:1555/1555 val_step:308/320 val_loss:3.2826 chunk_loss:6837.2783 is_adam_step=True do_muon_ttt=False train_time:1401954ms step_avg:901.58ms
step:1555/1555 val_step:309/320 val_loss:3.2825 chunk_loss:6828.8731 is_adam_step=False do_muon_ttt=False train_time:1401954ms step_avg:901.58ms
step:1555/1555 val_step:310/320 val_loss:3.2821 chunk_loss:6539.0116 is_adam_step=True do_muon_ttt=False train_time:1401954ms step_avg:901.58ms
step:1555/1555 val_step:311/320 val_loss:3.2825 chunk_loss:7036.9977 is_adam_step=False do_muon_ttt=False train_time:1401954ms step_avg:901.58ms
step:1555/1555 val_step:312/320 val_loss:3.2826 chunk_loss:6862.6157 is_adam_step=True do_muon_ttt=False train_time:1401954ms step_avg:901.58ms
step:1555/1555 val_step:313/320 val_loss:3.2827 chunk_loss:6913.1371 is_adam_step=False do_muon_ttt=False train_time:1401954ms step_avg:901.58ms
step:1555/1555 val_step:314/320 val_loss:3.2830 chunk_loss:7008.7491 is_adam_step=True do_muon_ttt=False train_time:1401954ms step_avg:901.58ms
step:1555/1555 val_step:315/320 val_loss:3.2832 chunk_loss:6942.1711 is_adam_step=False do_muon_ttt=False train_time:1401954ms step_avg:901.58ms
step:1555/1555 val_step:316/320 val_loss:3.2830 chunk_loss:6681.8485 is_adam_step=True do_muon_ttt=False train_time:1401954ms step_avg:901.58ms
step:1555/1555 val_step:317/320 val_loss:3.2830 chunk_loss:6754.0055 is_adam_step=False do_muon_ttt=False train_time:1401954ms step_avg:901.58ms
step:1555/1555 val_step:318/320 val_loss:3.2832 chunk_loss:6979.3022 is_adam_step=True do_muon_ttt=False train_time:1401954ms step_avg:901.58ms
step:1555/1555 val_step:319/320 val_loss:3.2830 chunk_loss:6708.0760 is_adam_step=False do_muon_ttt=False train_time:1401954ms step_avg:901.58ms
step:1555/1555 val_loss:3.2830 train_time:1401954ms step_avg:901.58ms
peak memory allocated: 32552 MiB reserved: 32820 MiB
